"../../../Engine/Content/EngineResources/GradientTexture0.uasset" 0
"../../../Engine/Content/EngineResources/GradientTexture0.uexp" 1
"../../../Engine/Content/EngineResources/Black.uasset" 2
"../../../Engine/Content/EngineResources/Black.uexp" 3
"../../../Engine/Content/EditorResources/S_Actor.ubulk" 4
"../../../Engine/Content/EditorResources/S_Actor.uasset" 5
"../../../Engine/Content/EditorResources/S_Actor.uexp" 6
"../../../Engine/Content/EditorResources/S_Trigger.ubulk" 7
"../../../Engine/Content/EditorResources/S_Trigger.uasset" 8
"../../../Engine/Content/EditorResources/S_Trigger.uexp" 9
"../../../Engine/Content/EditorResources/S_BoxReflectionCapture.uasset" 10
"../../../Engine/Content/EditorResources/S_BoxReflectionCapture.uexp" 11
"../../../Engine/Content/EditorResources/S_TriggerBox.uasset" 12
"../../../Engine/Content/EditorResources/S_TriggerBox.uexp" 13
"../../../Engine/Content/EditorResources/S_TriggerCapsule.uasset" 14
"../../../Engine/Content/EditorResources/S_TriggerCapsule.uexp" 15
"../../../Engine/Content/EditorResources/S_TriggerSphere.uasset" 16
"../../../Engine/Content/EditorResources/S_TriggerSphere.uexp" 17
"../../../Engine/Content/EngineMeshes/Sphere.ubulk" 18
"../../../Engine/Content/EngineMeshes/Sphere.uasset" 19
"../../../Engine/Content/EngineMeshes/Sphere.uexp" 20
"../../../Engine/Content/EngineResources/DefaultTextureCube.uasset" 21
"../../../Engine/Content/EngineResources/DefaultTextureCube.uexp" 22
"../../../Engine/Content/VREditor/TransformGizmo/Xray.uasset" 23
"../../../Engine/Content/VREditor/TransformGizmo/Xray.uexp" 24
"../../../Engine/Content/VREditor/TransformGizmo/Main.uasset" 25
"../../../Engine/Content/VREditor/TransformGizmo/Main.uexp" 26
"../../../Engine/Content/VREditor/TransformGizmo/SM_Sequencer_Node.ubulk" 27
"../../../Engine/Content/VREditor/TransformGizmo/SM_Sequencer_Node.uasset" 28
"../../../Engine/Content/VREditor/TransformGizmo/SM_Sequencer_Node.uexp" 29
"../../../Engine/Content/EditorResources/S_Solver.ubulk" 30
"../../../Engine/Content/EditorResources/S_Solver.uasset" 31
"../../../Engine/Content/EditorResources/S_Solver.uexp" 32
"../../../Engine/Content/EditorMaterials/Camera/CineMat.uasset" 33
"../../../Engine/Content/EditorMaterials/Camera/CineMat.uexp" 34
"../../../Engine/Content/EditorMaterials/Camera/MI_CineMat_Rig.uasset" 35
"../../../Engine/Content/EditorMaterials/Camera/MI_CineMat_Rig.uexp" 36
"../../../Engine/Content/EditorMeshes/Camera/SM_CraneRig_Base.ubulk" 37
"../../../Engine/Content/EditorMeshes/Camera/SM_CraneRig_Base.uasset" 38
"../../../Engine/Content/EditorMeshes/Camera/SM_CraneRig_Base.uexp" 39
"../../../Engine/Content/EditorMeshes/Camera/SM_CraneRig_Arm.ubulk" 40
"../../../Engine/Content/EditorMeshes/Camera/SM_CraneRig_Arm.uasset" 41
"../../../Engine/Content/EditorMeshes/Camera/SM_CraneRig_Arm.uexp" 42
"../../../Engine/Content/EditorMeshes/Camera/SM_CraneRig_Mount.ubulk" 43
"../../../Engine/Content/EditorMeshes/Camera/SM_CraneRig_Mount.uasset" 44
"../../../Engine/Content/EditorMeshes/Camera/SM_CraneRig_Mount.uexp" 45
"../../../Engine/Content/EditorMeshes/Camera/SM_CraneRig_Body.ubulk" 46
"../../../Engine/Content/EditorMeshes/Camera/SM_CraneRig_Body.uasset" 47
"../../../Engine/Content/EditorMeshes/Camera/SM_CraneRig_Body.uexp" 48
"../../../Engine/Content/EditorMeshes/Camera/SM_RailRig_Track.ubulk" 49
"../../../Engine/Content/EditorMeshes/Camera/SM_RailRig_Track.uasset" 50
"../../../Engine/Content/EditorMeshes/Camera/SM_RailRig_Track.uexp" 51
"../../../Engine/Content/EditorMeshes/Camera/SM_RailRig_Mount.ubulk" 52
"../../../Engine/Content/EditorMeshes/Camera/SM_RailRig_Mount.uasset" 53
"../../../Engine/Content/EditorMeshes/Camera/SM_RailRig_Mount.uexp" 54
"../../../Engine/Content/EditorLandscapeResources/SplineEditorMeshMat.uasset" 55
"../../../Engine/Content/EditorLandscapeResources/SplineEditorMeshMat.uexp" 56
"../../../Engine/Content/EditorLandscapeResources/SplineEditorMesh.ubulk" 57
"../../../Engine/Content/EditorLandscapeResources/SplineEditorMesh.uasset" 58
"../../../Engine/Content/EditorLandscapeResources/SplineEditorMesh.uexp" 59
"C:/Users/conor/OneDrive/Desktop/Documents/GitHub/3D-Platformer-Semester-2/3DPlatformer/Content/Meshes/LeafPile/LeafPile.ubulk" 60
"C:/Users/conor/OneDrive/Desktop/Documents/GitHub/3D-Platformer-Semester-2/3DPlatformer/Content/Meshes/LeafPile/LeafPile.uasset" 61
"C:/Users/conor/OneDrive/Desktop/Documents/GitHub/3D-Platformer-Semester-2/3DPlatformer/Content/Meshes/LeafPile/LeafPile.uexp" 62
"../../../Engine/Plugins/NNE/NNEDenoiser/Content/NNE_oidn2-3-0_rt_hdr_calb_cnrm_large__dyn__fp16_opset11_ForwardAlpha.uasset" 63
"../../../Engine/Plugins/NNE/NNEDenoiser/Content/NNE_oidn2-3-0_rt_hdr_calb_cnrm_large__dyn__fp16_opset11_ForwardAlpha.uexp" 64
"../../../Engine/Plugins/NNE/NNEDenoiser/Content/NNE_oidn2-3-0_rt_hdr_calb_cnrm_large__dyn__fp16_opset11_DenoiseAlpha.uasset" 65
"../../../Engine/Plugins/NNE/NNEDenoiser/Content/NNE_oidn2-3-0_rt_hdr_calb_cnrm_large__dyn__fp16_opset11_DenoiseAlpha.uexp" 66
"../../../Engine/Plugins/NNE/NNEDenoiser/Content/NNE_oidn2-3-0_rt_hdr_alb_nrm__dyn__fp16_opset11_ForwardAlpha.uasset" 67
"../../../Engine/Plugins/NNE/NNEDenoiser/Content/NNE_oidn2-3-0_rt_hdr_alb_nrm__dyn__fp16_opset11_ForwardAlpha.uexp" 68
"../../../Engine/Plugins/NNE/NNEDenoiser/Content/NNE_oidn2-3-0_rt_hdr_alb_nrm__dyn__fp16_opset11_DenoiseAlpha.uasset" 69
"../../../Engine/Plugins/NNE/NNEDenoiser/Content/NNE_oidn2-3-0_rt_hdr_alb_nrm__dyn__fp16_opset11_DenoiseAlpha.uexp" 70
"../../../Engine/Plugins/NNE/NNEDenoiser/Content/NNE_oidn2-3-0_rt_hdr_alb_nrm_small__dyn__fp16_opset11_ForwardAlpha.uasset" 71
"../../../Engine/Plugins/NNE/NNEDenoiser/Content/NNE_oidn2-3-0_rt_hdr_alb_nrm_small__dyn__fp16_opset11_ForwardAlpha.uexp" 72
"../../../Engine/Plugins/NNE/NNEDenoiser/Content/NNE_oidn2-3-0_rt_hdr_alb_nrm_small__dyn__fp16_opset11_DenoiseAlpha.uasset" 73
"../../../Engine/Plugins/NNE/NNEDenoiser/Content/NNE_oidn2-3-0_rt_hdr_alb_nrm_small__dyn__fp16_opset11_DenoiseAlpha.uexp" 74
"../../../Engine/Plugins/NNE/NNEDenoiser/Content/NNEDTOM_Output_Default.uasset" 75
"../../../Engine/Plugins/NNE/NNEDenoiser/Content/NNEDTOM_Output_Default.uexp" 76
"../../../Engine/Plugins/NNE/NNEDenoiser/Content/NNEDTOM_Output_Alpha.uasset" 77
"../../../Engine/Plugins/NNE/NNEDenoiser/Content/NNEDTOM_Output_Alpha.uexp" 78
"../../../Engine/Plugins/NNE/NNEDenoiser/Content/NNEDTIM_ColorAlbedoNormal_Default.uasset" 79
"../../../Engine/Plugins/NNE/NNEDenoiser/Content/NNEDTIM_ColorAlbedoNormal_Default.uexp" 80
"../../../Engine/Plugins/NNE/NNEDenoiser/Content/NNEDTIM_ColorAlbedoNormal_Alpha.uasset" 81
"../../../Engine/Plugins/NNE/NNEDenoiser/Content/NNEDTIM_ColorAlbedoNormal_Alpha.uexp" 82
"../../../Engine/Plugins/NNE/NNEDenoiser/Content/NNEDOM_Output_Default.uasset" 83
"../../../Engine/Plugins/NNE/NNEDenoiser/Content/NNEDOM_Output_Default.uexp" 84
"../../../Engine/Plugins/NNE/NNEDenoiser/Content/NNEDOM_Output_Alpha.uasset" 85
"../../../Engine/Plugins/NNE/NNEDenoiser/Content/NNEDOM_Output_Alpha.uexp" 86
"../../../Engine/Plugins/NNE/NNEDenoiser/Content/NNEDIM_HighQuality_Default.uasset" 87
"../../../Engine/Plugins/NNE/NNEDenoiser/Content/NNEDIM_HighQuality_Default.uexp" 88
"../../../Engine/Plugins/NNE/NNEDenoiser/Content/NNEDIM_HighQuality_Alpha.uasset" 89
"../../../Engine/Plugins/NNE/NNEDenoiser/Content/NNEDIM_HighQuality_Alpha.uexp" 90
"../../../Engine/Plugins/NNE/NNEDenoiser/Content/NNEDIM_ColorAlbedoNormal_Default.uasset" 91
"../../../Engine/Plugins/NNE/NNEDenoiser/Content/NNEDIM_ColorAlbedoNormal_Default.uexp" 92
"../../../Engine/Plugins/NNE/NNEDenoiser/Content/NNEDIM_ColorAlbedoNormal_Alpha.uasset" 93
"../../../Engine/Plugins/NNE/NNEDenoiser/Content/NNEDIM_ColorAlbedoNormal_Alpha.uexp" 94
"../../../Engine/Content/EngineMaterials/T_Default_Material_Grid_M.ubulk" 95
"../../../Engine/Content/EngineMaterials/T_Default_Material_Grid_M.uasset" 96
"../../../Engine/Content/EngineMaterials/T_Default_Material_Grid_M.uexp" 97
"../../../Engine/Content/Functions/Engine_MaterialFunctions01/Opacity/CameraDepthFade.uasset" 98
"../../../Engine/Content/Functions/Engine_MaterialFunctions01/Opacity/CameraDepthFade.uexp" 99
"../../../Engine/Content/EngineMaterials/T_Default_Material_Grid_N.ubulk" 100
"../../../Engine/Content/EngineMaterials/T_Default_Material_Grid_N.uasset" 101
"../../../Engine/Content/EngineMaterials/T_Default_Material_Grid_N.uexp" 102
"../../../Engine/Content/EngineMaterials/WorldGridMaterial.uasset" 103
"../../../Engine/Content/EngineMaterials/WorldGridMaterial.uexp" 104
"../../../Engine/Plugins/Media/MediaPlate/Content/SM_MediaPlateScreen.ubulk" 105
"../../../Engine/Plugins/Media/MediaPlate/Content/SM_MediaPlateScreen.uasset" 106
"../../../Engine/Plugins/Media/MediaPlate/Content/SM_MediaPlateScreen.uexp" 107
"../../../Engine/Content/Functions/Engine_MaterialFunctions02/WorldPositionOffset/CameraOffset.uasset" 108
"../../../Engine/Content/Functions/Engine_MaterialFunctions02/WorldPositionOffset/CameraOffset.uexp" 109
"../../../Engine/Plugins/Animation/ControlRig/Content/M_Manip.uasset" 110
"../../../Engine/Plugins/Animation/ControlRig/Content/M_Manip.uexp" 111
"../../../Engine/Plugins/2D/Paper2D/Content/PlaceholderTextures/DummySpriteTexture.ubulk" 112
"../../../Engine/Plugins/2D/Paper2D/Content/PlaceholderTextures/DummySpriteTexture.uasset" 113
"../../../Engine/Plugins/2D/Paper2D/Content/PlaceholderTextures/DummySpriteTexture.uexp" 114
"../../../Engine/Plugins/2D/Paper2D/Content/DefaultSpriteMaterial.uasset" 115
"../../../Engine/Plugins/2D/Paper2D/Content/DefaultSpriteMaterial.uexp" 116
"../../../Engine/Plugins/2D/Paper2D/Content/OpaqueUnlitSpriteMaterial.uasset" 117
"../../../Engine/Plugins/2D/Paper2D/Content/OpaqueUnlitSpriteMaterial.uexp" 118
"../../../Engine/Plugins/2D/Paper2D/Content/MaskedUnlitSpriteMaterial.uasset" 119
"../../../Engine/Plugins/2D/Paper2D/Content/MaskedUnlitSpriteMaterial.uexp" 120
"../../../Engine/Plugins/2D/Paper2D/Content/DummySprite.uasset" 121
"../../../Engine/Plugins/2D/Paper2D/Content/DummySprite.uexp" 122
"../../../Engine/Plugins/2D/Paper2D/Content/DefaultPaperTerrainMaterial.uasset" 123
"../../../Engine/Plugins/2D/Paper2D/Content/DefaultPaperTerrainMaterial.uexp" 124
"../../../Engine/Content/Animation/DefaultVariableFrameStrippingSettings.uasset" 125
"../../../Engine/Content/Animation/DefaultVariableFrameStrippingSettings.uexp" 126
"../../../Engine/Content/Animation/DefaultAnimCurveCompressionSettings.uasset" 127
"../../../Engine/Content/Animation/DefaultAnimCurveCompressionSettings.uexp" 128
"../../../Engine/Content/Animation/DefaultAnimBoneCompressionSettings.uasset" 129
"../../../Engine/Content/Animation/DefaultAnimBoneCompressionSettings.uexp" 130
"C:/Users/conor/OneDrive/Desktop/Documents/GitHub/3D-Platformer-Semester-2/3DPlatformer/Content/Characters/Mannequins/Meshes/SK_Mannequin.uasset" 131
"C:/Users/conor/OneDrive/Desktop/Documents/GitHub/3D-Platformer-Semester-2/3DPlatformer/Content/Characters/Mannequins/Meshes/SK_Mannequin.uexp" 132
"C:/Users/conor/OneDrive/Desktop/Documents/GitHub/3D-Platformer-Semester-2/3DPlatformer/Content/Characters/Mannequins/Anims/Pistol/MF_Pistol_Idle_ADS.uasset" 133
"C:/Users/conor/OneDrive/Desktop/Documents/GitHub/3D-Platformer-Semester-2/3DPlatformer/Content/Characters/Mannequins/Anims/Pistol/MF_Pistol_Idle_ADS.uexp" 134
"C:/Users/conor/OneDrive/Desktop/Documents/GitHub/3D-Platformer-Semester-2/3DPlatformer/Content/Characters/Mannequins/Anims/Pistol/Aim/MF_Pistol_Idle_ADS_AO_CD.uasset" 135
"C:/Users/conor/OneDrive/Desktop/Documents/GitHub/3D-Platformer-Semester-2/3DPlatformer/Content/Characters/Mannequins/Anims/Pistol/Aim/MF_Pistol_Idle_ADS_AO_CD.uexp" 136
"../../../Engine/Content/EditorLandscapeResources/WhiteSquareTexture.uasset" 137
"../../../Engine/Content/EditorLandscapeResources/WhiteSquareTexture.uexp" 138
"../../../Engine/Content/EditorLandscapeResources/DefaultAlphaTexture.uasset" 139
"../../../Engine/Content/EditorLandscapeResources/DefaultAlphaTexture.uexp" 140
"../../../Engine/Content/Functions/Engine_MaterialFunctions03/Math/WithinRangeFloat2.uasset" 141
"../../../Engine/Content/Functions/Engine_MaterialFunctions03/Math/WithinRangeFloat2.uexp" 142
"../../../Engine/Content/EditorLandscapeResources/SelectBrushMaterial.uasset" 143
"../../../Engine/Content/EditorLandscapeResources/SelectBrushMaterial.uexp" 144
"../../../Engine/Content/EditorLandscapeResources/SelectBrushMaterial_SelectedRegion.uasset" 145
"../../../Engine/Content/EditorLandscapeResources/SelectBrushMaterial_SelectedRegion.uexp" 146
"../../../Engine/Content/EditorLandscapeResources/SelectBrushMaterial_Selected.uasset" 147
"../../../Engine/Content/EditorLandscapeResources/SelectBrushMaterial_Selected.uexp" 148
"../../../Engine/Content/Functions/Engine_MaterialFunctions02/Utility/MakeFloat3.uasset" 149
"../../../Engine/Content/Functions/Engine_MaterialFunctions02/Utility/MakeFloat3.uexp" 150
"../../../Engine/Content/EditorLandscapeResources/MaskBrushMaterial.uasset" 151
"../../../Engine/Content/EditorLandscapeResources/MaskBrushMaterial.uexp" 152
"../../../Engine/Content/EditorLandscapeResources/MaskBrushMaterial_MaskedRegion.uasset" 153
"../../../Engine/Content/EditorLandscapeResources/MaskBrushMaterial_MaskedRegion.uexp" 154
"../../../Engine/Content/EditorLandscapeResources/LayerVisMaterial.uasset" 155
"../../../Engine/Content/EditorLandscapeResources/LayerVisMaterial.uexp" 156
"../../../Engine/Content/Functions/Engine_MaterialFunctions02/Utility/BreakOutFloat2Components.uasset" 157
"../../../Engine/Content/Functions/Engine_MaterialFunctions02/Utility/BreakOutFloat2Components.uexp" 158
"../../../Engine/Content/Functions/Engine_MaterialFunctions02/WorldPositionOffset/LocalPosition.uasset" 159
"../../../Engine/Content/Functions/Engine_MaterialFunctions02/WorldPositionOffset/LocalPosition.uexp" 160
"../../../Engine/Content/EngineMaterials/DefaultDiffuse.ubulk" 161
"../../../Engine/Content/EngineMaterials/DefaultDiffuse.uasset" 162
"../../../Engine/Content/EngineMaterials/DefaultDiffuse.uexp" 163
"../../../Engine/Content/Functions/Engine_MaterialFunctions01/Texturing/ScaleUVsByCenter.uasset" 164
"../../../Engine/Content/Functions/Engine_MaterialFunctions01/Texturing/ScaleUVsByCenter.uexp" 165
"../../../Engine/Content/Functions/Engine_MaterialFunctions01/Texturing/TextureCropping.uasset" 166
"../../../Engine/Content/Functions/Engine_MaterialFunctions01/Texturing/TextureCropping.uexp" 167
"../../../Engine/Content/Functions/Engine_MaterialFunctions02/ExampleContent/DebugNumberStrip.uasset" 168
"../../../Engine/Content/Functions/Engine_MaterialFunctions02/ExampleContent/DebugNumberStrip.uexp" 169
"../../../Engine/Content/Functions/Engine_MaterialFunctions01/Debug/DebugIntValues.uasset" 170
"../../../Engine/Content/Functions/Engine_MaterialFunctions01/Debug/DebugIntValues.uexp" 171
"../../../Engine/Content/EditorLandscapeResources/LandscapeLayerUsageMaterial.uasset" 172
"../../../Engine/Content/EditorLandscapeResources/LandscapeLayerUsageMaterial.uexp" 173
"../../../Engine/Content/EditorLandscapeResources/LandscapeDirtyMaterial.uasset" 174
"../../../Engine/Content/EditorLandscapeResources/LandscapeDirtyMaterial.uexp" 175
"../../../Engine/Content/EditorLandscapeResources/ColorMaskBrushMaterial.uasset" 176
"../../../Engine/Content/EditorLandscapeResources/ColorMaskBrushMaterial.uexp" 177
"../../../Engine/Content/EditorLandscapeResources/ColorMaskBrushMaterial_MaskedRegion.uasset" 178
"../../../Engine/Content/EditorLandscapeResources/ColorMaskBrushMaterial_MaskedRegion.uexp" 179
"../../../Engine/Content/EngineMaterials/DefaultMaterial.uasset" 180
"../../../Engine/Content/EngineMaterials/DefaultMaterial.uexp" 181
"../../../Engine/Content/BasicShapes/Cylinder.ubulk" 182
"../../../Engine/Content/BasicShapes/Cylinder.uasset" 183
"../../../Engine/Content/BasicShapes/Cylinder.uexp" 184
"C:/Users/conor/OneDrive/Desktop/Documents/GitHub/3D-Platformer-Semester-2/3DPlatformer/Content/Characters/Mannequins/Anims/Rifle/MF_Rifle_Idle_ADS.uasset" 185
"C:/Users/conor/OneDrive/Desktop/Documents/GitHub/3D-Platformer-Semester-2/3DPlatformer/Content/Characters/Mannequins/Anims/Rifle/MF_Rifle_Idle_ADS.uexp" 186
"C:/Users/conor/OneDrive/Desktop/Documents/GitHub/3D-Platformer-Semester-2/3DPlatformer/Content/Characters/Mannequins/Anims/Rifle/AIM/MM_Rifle_Idle_ADS_AO_CU.uasset" 187
"C:/Users/conor/OneDrive/Desktop/Documents/GitHub/3D-Platformer-Semester-2/3DPlatformer/Content/Characters/Mannequins/Anims/Rifle/AIM/MM_Rifle_Idle_ADS_AO_CU.uexp" 188
"C:/Users/conor/OneDrive/Desktop/Documents/GitHub/3D-Platformer-Semester-2/3DPlatformer/Content/LevelPrototyping/Materials/M_FlatCol.uasset" 189
"C:/Users/conor/OneDrive/Desktop/Documents/GitHub/3D-Platformer-Semester-2/3DPlatformer/Content/LevelPrototyping/Materials/M_FlatCol.uexp" 190
"C:/Users/conor/OneDrive/Desktop/Documents/GitHub/3D-Platformer-Semester-2/3DPlatformer/Content/LevelPrototyping/Materials/MI_DefaultColorway.uasset" 191
"C:/Users/conor/OneDrive/Desktop/Documents/GitHub/3D-Platformer-Semester-2/3DPlatformer/Content/LevelPrototyping/Materials/MI_DefaultColorway.uexp" 192
"C:/Users/conor/OneDrive/Desktop/Documents/GitHub/3D-Platformer-Semester-2/3DPlatformer/Content/ThirdPerson/MI_ThirdPersonColWay.uasset" 193
"C:/Users/conor/OneDrive/Desktop/Documents/GitHub/3D-Platformer-Semester-2/3DPlatformer/Content/ThirdPerson/MI_ThirdPersonColWay.uexp" 194
"C:/Users/conor/OneDrive/Desktop/Documents/GitHub/3D-Platformer-Semester-2/3DPlatformer/Content/SwingingAxeObstacle/AxeHandleTexture.uasset" 195
"C:/Users/conor/OneDrive/Desktop/Documents/GitHub/3D-Platformer-Semester-2/3DPlatformer/Content/SwingingAxeObstacle/AxeHandleTexture.uexp" 196
"C:/Users/conor/OneDrive/Desktop/Documents/GitHub/3D-Platformer-Semester-2/3DPlatformer/Content/SwingingAxeObstacle/AxeHandleTexture_Mat.uasset" 197
"C:/Users/conor/OneDrive/Desktop/Documents/GitHub/3D-Platformer-Semester-2/3DPlatformer/Content/SwingingAxeObstacle/AxeHandleTexture_Mat.uexp" 198
"C:/Users/conor/OneDrive/Desktop/Documents/GitHub/3D-Platformer-Semester-2/3DPlatformer/Content/SwingingAxeObstacle/pCylinder2.ubulk" 199
"C:/Users/conor/OneDrive/Desktop/Documents/GitHub/3D-Platformer-Semester-2/3DPlatformer/Content/SwingingAxeObstacle/pCylinder2.uasset" 200
"C:/Users/conor/OneDrive/Desktop/Documents/GitHub/3D-Platformer-Semester-2/3DPlatformer/Content/SwingingAxeObstacle/pCylinder2.uexp" 201
"C:/Users/conor/OneDrive/Desktop/Documents/GitHub/3D-Platformer-Semester-2/3DPlatformer/Content/SwingingAxeObstacle/AxeHeadTexture.uasset" 202
"C:/Users/conor/OneDrive/Desktop/Documents/GitHub/3D-Platformer-Semester-2/3DPlatformer/Content/SwingingAxeObstacle/AxeHeadTexture.uexp" 203
"C:/Users/conor/OneDrive/Desktop/Documents/GitHub/3D-Platformer-Semester-2/3DPlatformer/Content/SwingingAxeObstacle/AxeHeadTexture_Mat.uasset" 204
"C:/Users/conor/OneDrive/Desktop/Documents/GitHub/3D-Platformer-Semester-2/3DPlatformer/Content/SwingingAxeObstacle/AxeHeadTexture_Mat.uexp" 205
"C:/Users/conor/OneDrive/Desktop/Documents/GitHub/3D-Platformer-Semester-2/3DPlatformer/Content/SwingingAxeObstacle/pCube1.ubulk" 206
"C:/Users/conor/OneDrive/Desktop/Documents/GitHub/3D-Platformer-Semester-2/3DPlatformer/Content/SwingingAxeObstacle/pCube1.uasset" 207
"C:/Users/conor/OneDrive/Desktop/Documents/GitHub/3D-Platformer-Semester-2/3DPlatformer/Content/SwingingAxeObstacle/pCube1.uexp" 208
"../../../Engine/Plugins/VirtualProduction/CameraCalibrationCore/Content/Materials/M_DefaultOddSquare.uasset" 209
"../../../Engine/Plugins/VirtualProduction/CameraCalibrationCore/Content/Materials/M_DefaultOddSquare.uexp" 210
"../../../Engine/Plugins/VirtualProduction/CameraCalibrationCore/Content/Materials/M_DefaultEvenSquare.uasset" 211
"../../../Engine/Plugins/VirtualProduction/CameraCalibrationCore/Content/Materials/M_DefaultEvenSquare.uexp" 212
"../../../Engine/Plugins/Runtime/HairStrands/Content/Materials/HairMeshesDefaultMaterial.uasset" 213
"../../../Engine/Plugins/Runtime/HairStrands/Content/Materials/HairMeshesDefaultMaterial.uexp" 214
"C:/Users/conor/OneDrive/Desktop/Documents/GitHub/3D-Platformer-Semester-2/3DPlatformer/Content/Characters/Mannequins/Anims/Rifle/AIM/MM_Rifle_Idle_ADS_AO_CD.uasset" 215
"C:/Users/conor/OneDrive/Desktop/Documents/GitHub/3D-Platformer-Semester-2/3DPlatformer/Content/Characters/Mannequins/Anims/Rifle/AIM/MM_Rifle_Idle_ADS_AO_CD.uexp" 216
"../../../Engine/Plugins/Runtime/HairStrands/Content/Materials/HairDefaultMaterial.uasset" 217
"../../../Engine/Plugins/Runtime/HairStrands/Content/Materials/HairDefaultMaterial.uexp" 218
"../../../Engine/Content/Functions/Engine_MaterialFunctions02/Utility/MakeFloat2.uasset" 219
"../../../Engine/Content/Functions/Engine_MaterialFunctions02/Utility/MakeFloat2.uexp" 220
"../../../Engine/Content/EngineMaterials/HairDebugColor.uasset" 221
"../../../Engine/Content/EngineMaterials/HairDebugColor.uexp" 222
"../../../Engine/Content/EngineMaterials/HairColorMap.uasset" 223
"../../../Engine/Content/EngineMaterials/HairColorMap.uexp" 224
"../../../Engine/Plugins/Runtime/HairStrands/Content/Materials/HairGroupColors.uasset" 225
"../../../Engine/Plugins/Runtime/HairStrands/Content/Materials/HairGroupColors.uexp" 226
"../../../Engine/Plugins/Runtime/HairStrands/Content/Materials/HairDebugMaterial.uasset" 227
"../../../Engine/Plugins/Runtime/HairStrands/Content/Materials/HairDebugMaterial.uexp" 228
"../../../Engine/Plugins/Runtime/HairStrands/Content/Materials/HairCardsDefaultMaterial.uasset" 229
"../../../Engine/Plugins/Runtime/HairStrands/Content/Materials/HairCardsDefaultMaterial.uexp" 230
"../../../Engine/Plugins/Runtime/AudioWidgets/Content/Resources/ScrubHandleDown_Clamped.uasset" 231
"../../../Engine/Plugins/Runtime/AudioWidgets/Content/Resources/ScrubHandleDown_Clamped.uexp" 232
"../../../Engine/Plugins/Interchange/Runtime/Content/Pipelines/DefaultTexturePipeline.uasset" 233
"../../../Engine/Plugins/Interchange/Runtime/Content/Pipelines/DefaultTexturePipeline.uexp" 234
"../../../Engine/Plugins/Interchange/Runtime/Content/Pipelines/DefaultSceneLevelPipeline.uasset" 235
"../../../Engine/Plugins/Interchange/Runtime/Content/Pipelines/DefaultSceneLevelPipeline.uexp" 236
"../../../Engine/Plugins/Interchange/Runtime/Content/Pipelines/DefaultSceneAssetsPipeline.uasset" 237
"../../../Engine/Plugins/Interchange/Runtime/Content/Pipelines/DefaultSceneAssetsPipeline.uexp" 238
"../../../Engine/Plugins/Interchange/Runtime/Content/Pipelines/DefaultMaterialXPipeline.uasset" 239
"../../../Engine/Plugins/Interchange/Runtime/Content/Pipelines/DefaultMaterialXPipeline.uexp" 240
"../../../Engine/Plugins/Interchange/Runtime/Content/Pipelines/DefaultMaterialPipeline.uasset" 241
"../../../Engine/Plugins/Interchange/Runtime/Content/Pipelines/DefaultMaterialPipeline.uexp" 242
"../../../Engine/Plugins/Interchange/Runtime/Content/Pipelines/DefaultGLTFSceneAssetsPipeline.uasset" 243
"../../../Engine/Plugins/Interchange/Runtime/Content/Pipelines/DefaultGLTFSceneAssetsPipeline.uexp" 244
"../../../Engine/Plugins/Interchange/Runtime/Content/Pipelines/DefaultGLTFPipeline.uasset" 245
"../../../Engine/Plugins/Interchange/Runtime/Content/Pipelines/DefaultGLTFPipeline.uexp" 246
"../../../Engine/Plugins/Interchange/Runtime/Content/Pipelines/DefaultGLTFAssetsPipeline.uasset" 247
"../../../Engine/Plugins/Interchange/Runtime/Content/Pipelines/DefaultGLTFAssetsPipeline.uexp" 248
"../../../Engine/Plugins/Interchange/Runtime/Content/Pipelines/DefaultAssetsPipeline.uasset" 249
"../../../Engine/Plugins/Interchange/Runtime/Content/Pipelines/DefaultAssetsPipeline.uexp" 250
"../../../Engine/Plugins/Interchange/Assets/Content/Functions/MX_UsdPreviewSurface.uasset" 251
"../../../Engine/Plugins/Interchange/Assets/Content/Functions/MX_UsdPreviewSurface.uexp" 252
"../../../Engine/Plugins/Interchange/Assets/Content/Functions/MX_UniformEDF.uasset" 253
"../../../Engine/Plugins/Interchange/Assets/Content/Functions/MX_UniformEDF.uexp" 254
"../../../Engine/Plugins/Interchange/Assets/Content/Functions/MX_TranslucentBSDF.uasset" 255
"../../../Engine/Plugins/Interchange/Assets/Content/Functions/MX_TranslucentBSDF.uexp" 256
"../../../Engine/Plugins/Interchange/Assets/Content/Functions/MX_ThinFilmBSDF.uasset" 257
"../../../Engine/Plugins/Interchange/Assets/Content/Functions/MX_ThinFilmBSDF.uexp" 258
"../../../Engine/Plugins/Interchange/Assets/Content/Functions/MX_SurfaceUnlit.uasset" 259
"../../../Engine/Plugins/Interchange/Assets/Content/Functions/MX_SurfaceUnlit.uexp" 260
"../../../Engine/Plugins/Interchange/Assets/Content/Functions/MX_Surface.uasset" 261
"../../../Engine/Plugins/Interchange/Assets/Content/Functions/MX_Surface.uexp" 262
"../../../Engine/Plugins/Interchange/Assets/Content/Functions/MX_SubsurfaceBSDF.uasset" 263
"../../../Engine/Plugins/Interchange/Assets/Content/Functions/MX_SubsurfaceBSDF.uexp" 264
"../../../Engine/Plugins/Interchange/Assets/Content/Functions/MX_SheenBSDF.uasset" 265
"../../../Engine/Plugins/Interchange/Assets/Content/Functions/MX_SheenBSDF.uexp" 266
"../../../Engine/Plugins/Interchange/Assets/Content/Functions/MX_OrenNayarBSDF.uasset" 267
"../../../Engine/Plugins/Interchange/Assets/Content/Functions/MX_OrenNayarBSDF.uexp" 268
"../../../Engine/Plugins/Interchange/Assets/Content/Functions/MF_IridescenceNoLUT.uasset" 269
"../../../Engine/Plugins/Interchange/Assets/Content/Functions/MF_IridescenceNoLUT.uexp" 270
"../../../Engine/Plugins/Interchange/Assets/Content/Functions/MX_StandardSurface.uasset" 271
"../../../Engine/Plugins/Interchange/Assets/Content/Functions/MX_StandardSurface.uexp" 272
"../../../Engine/Plugins/Interchange/Assets/Content/Functions/MX_TransmissionSurface.uasset" 273
"../../../Engine/Plugins/Interchange/Assets/Content/Functions/MX_TransmissionSurface.uexp" 274
"../../../Engine/Plugins/Interchange/Assets/Content/Functions/MX_OpenPBR_Translucent.uasset" 275
"../../../Engine/Plugins/Interchange/Assets/Content/Functions/MX_OpenPBR_Translucent.uexp" 276
"../../../Engine/Plugins/Interchange/Assets/Content/Functions/MX_OpenPBR_Opaque.uasset" 277
"../../../Engine/Plugins/Interchange/Assets/Content/Functions/MX_OpenPBR_Opaque.uexp" 278
"../../../Engine/Plugins/Interchange/Assets/Content/Functions/MX_MeasuredEDF.uasset" 279
"../../../Engine/Plugins/Interchange/Assets/Content/Functions/MX_MeasuredEDF.uexp" 280
"../../../Engine/Plugins/Interchange/Assets/Content/Functions/MX_GeneralizedSchlickBSDF.uasset" 281
"../../../Engine/Plugins/Interchange/Assets/Content/Functions/MX_GeneralizedSchlickBSDF.uexp" 282
"../../../Engine/Plugins/Interchange/Assets/Content/Functions/MX_Displacement.uasset" 283
"../../../Engine/Plugins/Interchange/Assets/Content/Functions/MX_Displacement.uexp" 284
"../../../Engine/Plugins/Interchange/Assets/Content/Functions/MX_DielectricBSDF.uasset" 285
"../../../Engine/Plugins/Interchange/Assets/Content/Functions/MX_DielectricBSDF.uexp" 286
"../../../Engine/Plugins/Interchange/Assets/Content/Functions/MX_ConicalEDF.uasset" 287
"../../../Engine/Plugins/Interchange/Assets/Content/Functions/MX_ConicalEDF.uexp" 288
"../../../Engine/Plugins/Interchange/Assets/Content/Functions/MX_ConductorBSDF.uasset" 289
"../../../Engine/Plugins/Interchange/Assets/Content/Functions/MX_ConductorBSDF.uexp" 290
"../../../Engine/Plugins/Interchange/Assets/Content/Functions/MX_BurleyDiffuseBSDF.uasset" 291
"../../../Engine/Plugins/Interchange/Assets/Content/Functions/MX_BurleyDiffuseBSDF.uexp" 292
"../../../Engine/Plugins/Interchange/Assets/Content/Functions/MX_AnisotropicVDF.uasset" 293
"../../../Engine/Plugins/Interchange/Assets/Content/Functions/MX_AnisotropicVDF.uexp" 294
"../../../Engine/Plugins/Interchange/Assets/Content/Functions/MX_AbsorptionVDF.uasset" 295
"../../../Engine/Plugins/Interchange/Assets/Content/Functions/MX_AbsorptionVDF.uexp" 296
"../../../Engine/Content/Functions/Engine_MaterialFunctions02/Utility/VectorLength.uasset" 297
"../../../Engine/Content/Functions/Engine_MaterialFunctions02/Utility/VectorLength.uexp" 298
"../../../Engine/Content/Functions/Engine_MaterialFunctions02/Utility/BreakOutFloat3Components.uasset" 299
"../../../Engine/Content/Functions/Engine_MaterialFunctions02/Utility/BreakOutFloat3Components.uexp" 300
"../../../Engine/Content/Functions/Engine_MaterialFunctions02/WorldPositionOffset/ObjectScale.uasset" 301
"../../../Engine/Content/Functions/Engine_MaterialFunctions02/WorldPositionOffset/ObjectScale.uexp" 302
"../../../Engine/Content/Functions/Engine_MaterialFunctions02/SafeNormalize.uasset" 303
"../../../Engine/Content/Functions/Engine_MaterialFunctions02/SafeNormalize.uexp" 304
"../../../Engine/Plugins/Editor/SpeedTreeImporter/Content/SpeedTree9/UnpackInteger3.uasset" 305
"../../../Engine/Plugins/Editor/SpeedTreeImporter/Content/SpeedTree9/UnpackInteger3.uexp" 306
"../../../Engine/Plugins/Editor/SpeedTreeImporter/Content/SpeedTree9/UnpackDirection.uasset" 307
"../../../Engine/Plugins/Editor/SpeedTreeImporter/Content/SpeedTree9/UnpackDirection.uexp" 308
"../../../Engine/Plugins/Editor/SpeedTreeImporter/Content/SpeedTree9/game_wind_noise.ubulk" 309
"../../../Engine/Plugins/Editor/SpeedTreeImporter/Content/SpeedTree9/game_wind_noise.uasset" 310
"../../../Engine/Plugins/Editor/SpeedTreeImporter/Content/SpeedTree9/game_wind_noise.uexp" 311
"../../../Engine/Plugins/Editor/SpeedTreeImporter/Content/SpeedTree9/SpeedTreeWindMotion.uasset" 312
"../../../Engine/Plugins/Editor/SpeedTreeImporter/Content/SpeedTree9/SpeedTreeWindMotion.uexp" 313
"../../../Engine/Plugins/Editor/SpeedTreeImporter/Content/SpeedTree9/SpeedTreeBranchMotion.uasset" 314
"../../../Engine/Plugins/Editor/SpeedTreeImporter/Content/SpeedTree9/SpeedTreeBranchMotion.uexp" 315
"../../../Engine/Content/Functions/Engine_MaterialFunctions02/ObjectLocalBounds.uasset" 316
"../../../Engine/Content/Functions/Engine_MaterialFunctions02/ObjectLocalBounds.uexp" 317
"../../../Engine/Content/Functions/Engine_MaterialFunctions02/UVs/BoundingBoxBased_0-1_UVW.uasset" 318
"../../../Engine/Content/Functions/Engine_MaterialFunctions02/UVs/BoundingBoxBased_0-1_UVW.uexp" 319
"../../../Engine/Plugins/Editor/SpeedTreeImporter/Content/SpeedTree9/SpeedTreeWind.uasset" 320
"../../../Engine/Plugins/Editor/SpeedTreeImporter/Content/SpeedTree9/SpeedTreeWind.uexp" 321
"../../../Engine/Plugins/Editor/SpeedTreeImporter/Content/SpeedTree9/SpeedTreeCameraFacing.uasset" 322
"../../../Engine/Plugins/Editor/SpeedTreeImporter/Content/SpeedTree9/SpeedTreeCameraFacing.uexp" 323
"../../../Engine/Plugins/Editor/SpeedTreeImporter/Content/SpeedTree9/EmptyNormal.uasset" 324
"../../../Engine/Plugins/Editor/SpeedTreeImporter/Content/SpeedTree9/EmptyNormal.uexp" 325
"../../../Engine/Plugins/Editor/SpeedTreeImporter/Content/SpeedTree9/Empty.uasset" 326
"../../../Engine/Plugins/Editor/SpeedTreeImporter/Content/SpeedTree9/Empty.uexp" 327
"../../../Engine/Plugins/Editor/SpeedTreeImporter/Content/SpeedTree9/SpeedTreeMaster.uasset" 328
"../../../Engine/Plugins/Editor/SpeedTreeImporter/Content/SpeedTree9/SpeedTreeMaster.uexp" 329
"../../../Engine/Plugins/Editor/SpeedTreeImporter/Content/SpeedTree9/SpeedTreeBillboard.uasset" 330
"../../../Engine/Plugins/Editor/SpeedTreeImporter/Content/SpeedTree9/SpeedTreeBillboard.uexp" 331
"../../../Engine/Plugins/Editor/SpeedTreeImporter/Content/SpeedTree9/SpeedTreeBillboardMaster.uasset" 332
"../../../Engine/Plugins/Editor/SpeedTreeImporter/Content/SpeedTree9/SpeedTreeBillboardMaster.uexp" 333
"../../../Engine/Plugins/Animation/ControlRig/Content/Controls/ControlRig_Wedge_solid.ubulk" 334
"../../../Engine/Plugins/Animation/ControlRig/Content/Controls/ControlRig_Wedge_solid.uasset" 335
"../../../Engine/Plugins/Animation/ControlRig/Content/Controls/ControlRig_Wedge_solid.uexp" 336
"../../../Engine/Plugins/Animation/ControlRig/Content/Controls/ControlRig_Wedge_3mm.ubulk" 337
"../../../Engine/Plugins/Animation/ControlRig/Content/Controls/ControlRig_Wedge_3mm.uasset" 338
"../../../Engine/Plugins/Animation/ControlRig/Content/Controls/ControlRig_Wedge_3mm.uexp" 339
"../../../Engine/Plugins/Animation/ControlRig/Content/Controls/ControlRig_Wedge_1mm.ubulk" 340
"../../../Engine/Plugins/Animation/ControlRig/Content/Controls/ControlRig_Wedge_1mm.uasset" 341
"../../../Engine/Plugins/Animation/ControlRig/Content/Controls/ControlRig_Wedge_1mm.uexp" 342
"../../../Engine/Plugins/Animation/ControlRig/Content/Controls/ControlRig_Triangle_solid.ubulk" 343
"../../../Engine/Plugins/Animation/ControlRig/Content/Controls/ControlRig_Triangle_solid.uasset" 344
"../../../Engine/Plugins/Animation/ControlRig/Content/Controls/ControlRig_Triangle_solid.uexp" 345
"../../../Engine/Plugins/Animation/ControlRig/Content/Controls/ControlRig_Triangle_3mm.ubulk" 346
"../../../Engine/Plugins/Animation/ControlRig/Content/Controls/ControlRig_Triangle_3mm.uasset" 347
"../../../Engine/Plugins/Animation/ControlRig/Content/Controls/ControlRig_Triangle_3mm.uexp" 348
"../../../Engine/Plugins/Animation/ControlRig/Content/Controls/ControlRig_Triangle_1mm.ubulk" 349
"../../../Engine/Plugins/Animation/ControlRig/Content/Controls/ControlRig_Triangle_1mm.uasset" 350
"../../../Engine/Plugins/Animation/ControlRig/Content/Controls/ControlRig_Triangle_1mm.uexp" 351
"../../../Engine/Plugins/Animation/ControlRig/Content/Controls/ControlRig_Star4_solid.ubulk" 352
"../../../Engine/Plugins/Animation/ControlRig/Content/Controls/ControlRig_Star4_solid.uasset" 353
"../../../Engine/Plugins/Animation/ControlRig/Content/Controls/ControlRig_Star4_solid.uexp" 354
"../../../Engine/Plugins/Animation/ControlRig/Content/Controls/ControlRig_Star4_3mm.ubulk" 355
"../../../Engine/Plugins/Animation/ControlRig/Content/Controls/ControlRig_Star4_3mm.uasset" 356
"../../../Engine/Plugins/Animation/ControlRig/Content/Controls/ControlRig_Star4_3mm.uexp" 357
"../../../Engine/Plugins/Animation/ControlRig/Content/Controls/ControlRig_Star4_1mm.ubulk" 358
"../../../Engine/Plugins/Animation/ControlRig/Content/Controls/ControlRig_Star4_1mm.uasset" 359
"../../../Engine/Plugins/Animation/ControlRig/Content/Controls/ControlRig_Star4_1mm.uexp" 360
"../../../Engine/Plugins/Animation/ControlRig/Content/Controls/ControlRig_Square_solid.ubulk" 361
"../../../Engine/Plugins/Animation/ControlRig/Content/Controls/ControlRig_Square_solid.uasset" 362
"../../../Engine/Plugins/Animation/ControlRig/Content/Controls/ControlRig_Square_solid.uexp" 363
"../../../Engine/Plugins/Animation/ControlRig/Content/Controls/ControlRig_Square_3mm.ubulk" 364
"../../../Engine/Plugins/Animation/ControlRig/Content/Controls/ControlRig_Square_3mm.uasset" 365
"../../../Engine/Plugins/Animation/ControlRig/Content/Controls/ControlRig_Square_3mm.uexp" 366
"../../../Engine/Plugins/Animation/ControlRig/Content/Controls/ControlRig_Square_1mm.ubulk" 367
"../../../Engine/Plugins/Animation/ControlRig/Content/Controls/ControlRig_Square_1mm.uasset" 368
"../../../Engine/Plugins/Animation/ControlRig/Content/Controls/ControlRig_Square_1mm.uexp" 369
"../../../Engine/Plugins/Animation/ControlRig/Content/Controls/ControlRig_Sphere_solid.ubulk" 370
"../../../Engine/Plugins/Animation/ControlRig/Content/Controls/ControlRig_Sphere_solid.uasset" 371
"../../../Engine/Plugins/Animation/ControlRig/Content/Controls/ControlRig_Sphere_solid.uexp" 372
"../../../Engine/Plugins/Animation/ControlRig/Content/Controls/ControlRig_Sphere_3mm.ubulk" 373
"../../../Engine/Plugins/Animation/ControlRig/Content/Controls/ControlRig_Sphere_3mm.uasset" 374
"../../../Engine/Plugins/Animation/ControlRig/Content/Controls/ControlRig_Sphere_3mm.uexp" 375
"../../../Engine/Plugins/Animation/ControlRig/Content/Controls/ControlRig_Sphere_1mm.ubulk" 376
"../../../Engine/Plugins/Animation/ControlRig/Content/Controls/ControlRig_Sphere_1mm.uasset" 377
"../../../Engine/Plugins/Animation/ControlRig/Content/Controls/ControlRig_Sphere_1mm.uexp" 378
"../../../Engine/Plugins/Animation/ControlRig/Content/Controls/ControlRig_RoundedTriangle_solid.ubulk" 379
"../../../Engine/Plugins/Animation/ControlRig/Content/Controls/ControlRig_RoundedTriangle_solid.uasset" 380
"../../../Engine/Plugins/Animation/ControlRig/Content/Controls/ControlRig_RoundedTriangle_solid.uexp" 381
"../../../Engine/Plugins/Animation/ControlRig/Content/Controls/ControlRig_RoundedTriangle_3mm.ubulk" 382
"../../../Engine/Plugins/Animation/ControlRig/Content/Controls/ControlRig_RoundedTriangle_3mm.uasset" 383
"../../../Engine/Plugins/Animation/ControlRig/Content/Controls/ControlRig_RoundedTriangle_3mm.uexp" 384
"../../../Engine/Plugins/Animation/ControlRig/Content/Controls/ControlRig_RoundedTriangle_1mm.ubulk" 385
"../../../Engine/Plugins/Animation/ControlRig/Content/Controls/ControlRig_RoundedTriangle_1mm.uasset" 386
"../../../Engine/Plugins/Animation/ControlRig/Content/Controls/ControlRig_RoundedTriangle_1mm.uexp" 387
"../../../Engine/Plugins/Animation/ControlRig/Content/Controls/ControlRig_RoundedSquare_solid.ubulk" 388
"../../../Engine/Plugins/Animation/ControlRig/Content/Controls/ControlRig_RoundedSquare_solid.uasset" 389
"../../../Engine/Plugins/Animation/ControlRig/Content/Controls/ControlRig_RoundedSquare_solid.uexp" 390
"../../../Engine/Plugins/Animation/ControlRig/Content/Controls/ControlRig_RoundedSquare_3mm.ubulk" 391
"../../../Engine/Plugins/Animation/ControlRig/Content/Controls/ControlRig_RoundedSquare_3mm.uasset" 392
"../../../Engine/Plugins/Animation/ControlRig/Content/Controls/ControlRig_RoundedSquare_3mm.uexp" 393
"../../../Engine/Plugins/Animation/ControlRig/Content/Controls/ControlRig_RoundedSquare_1mm.ubulk" 394
"../../../Engine/Plugins/Animation/ControlRig/Content/Controls/ControlRig_RoundedSquare_1mm.uasset" 395
"../../../Engine/Plugins/Animation/ControlRig/Content/Controls/ControlRig_RoundedSquare_1mm.uexp" 396
"../../../Engine/Plugins/Animation/ControlRig/Content/Controls/ControlRig_QuarterCircle_solid.ubulk" 397
"../../../Engine/Plugins/Animation/ControlRig/Content/Controls/ControlRig_QuarterCircle_solid.uasset" 398
"../../../Engine/Plugins/Animation/ControlRig/Content/Controls/ControlRig_QuarterCircle_solid.uexp" 399
"../../../Engine/Plugins/Animation/ControlRig/Content/Controls/ControlRig_QuarterCircle_3mm.ubulk" 400
"../../../Engine/Plugins/Animation/ControlRig/Content/Controls/ControlRig_QuarterCircle_3mm.uasset" 401
"../../../Engine/Plugins/Animation/ControlRig/Content/Controls/ControlRig_QuarterCircle_3mm.uexp" 402
"../../../Engine/Plugins/Animation/ControlRig/Content/Controls/ControlRig_QuarterCircle_1mm.ubulk" 403
"../../../Engine/Plugins/Animation/ControlRig/Content/Controls/ControlRig_QuarterCircle_1mm.uasset" 404
"../../../Engine/Plugins/Animation/ControlRig/Content/Controls/ControlRig_QuarterCircle_1mm.uexp" 405
"../../../Engine/Plugins/Animation/ControlRig/Content/Controls/ControlRig_Pyramid_solid.ubulk" 406
"../../../Engine/Plugins/Animation/ControlRig/Content/Controls/ControlRig_Pyramid_solid.uasset" 407
"../../../Engine/Plugins/Animation/ControlRig/Content/Controls/ControlRig_Pyramid_solid.uexp" 408
"../../../Engine/Plugins/Animation/ControlRig/Content/Controls/ControlRig_Pyramid_3mm.ubulk" 409
"../../../Engine/Plugins/Animation/ControlRig/Content/Controls/ControlRig_Pyramid_3mm.uasset" 410
"../../../Engine/Plugins/Animation/ControlRig/Content/Controls/ControlRig_Pyramid_3mm.uexp" 411
"../../../Engine/Plugins/Animation/ControlRig/Content/Controls/ControlRig_Pyramid_1mm.ubulk" 412
"../../../Engine/Plugins/Animation/ControlRig/Content/Controls/ControlRig_Pyramid_1mm.uasset" 413
"../../../Engine/Plugins/Animation/ControlRig/Content/Controls/ControlRig_Pyramid_1mm.uexp" 414
"../../../Engine/Plugins/Animation/ControlRig/Content/Controls/ControlRig_Octagon_solid.ubulk" 415
"../../../Engine/Plugins/Animation/ControlRig/Content/Controls/ControlRig_Octagon_solid.uasset" 416
"../../../Engine/Plugins/Animation/ControlRig/Content/Controls/ControlRig_Octagon_solid.uexp" 417
"../../../Engine/Plugins/Animation/ControlRig/Content/Controls/ControlRig_Octagon_3mm.ubulk" 418
"../../../Engine/Plugins/Animation/ControlRig/Content/Controls/ControlRig_Octagon_3mm.uasset" 419
"../../../Engine/Plugins/Animation/ControlRig/Content/Controls/ControlRig_Octagon_3mm.uexp" 420
"../../../Engine/Plugins/Animation/ControlRig/Content/Controls/ControlRig_Octagon_1mm.ubulk" 421
"../../../Engine/Plugins/Animation/ControlRig/Content/Controls/ControlRig_Octagon_1mm.uasset" 422
"../../../Engine/Plugins/Animation/ControlRig/Content/Controls/ControlRig_Octagon_1mm.uexp" 423
"../../../Engine/Plugins/Animation/ControlRig/Content/Controls/ControlRig_Hexagon_solid.ubulk" 424
"../../../Engine/Plugins/Animation/ControlRig/Content/Controls/ControlRig_Hexagon_solid.uasset" 425
"../../../Engine/Plugins/Animation/ControlRig/Content/Controls/ControlRig_Hexagon_solid.uexp" 426
"../../../Engine/Plugins/Animation/ControlRig/Content/Controls/ControlRig_Hexagon_3mm.ubulk" 427
"../../../Engine/Plugins/Animation/ControlRig/Content/Controls/ControlRig_Hexagon_3mm.uasset" 428
"../../../Engine/Plugins/Animation/ControlRig/Content/Controls/ControlRig_Hexagon_3mm.uexp" 429
"../../../Engine/Plugins/Animation/ControlRig/Content/Controls/ControlRig_Hexagon_1mm.ubulk" 430
"../../../Engine/Plugins/Animation/ControlRig/Content/Controls/ControlRig_Hexagon_1mm.uasset" 431
"../../../Engine/Plugins/Animation/ControlRig/Content/Controls/ControlRig_Hexagon_1mm.uexp" 432
"../../../Engine/Plugins/Animation/ControlRig/Content/Controls/ControlRig_HalfCircle_solid.ubulk" 433
"../../../Engine/Plugins/Animation/ControlRig/Content/Controls/ControlRig_HalfCircle_solid.uasset" 434
"../../../Engine/Plugins/Animation/ControlRig/Content/Controls/ControlRig_HalfCircle_solid.uexp" 435
"../../../Engine/Plugins/Animation/ControlRig/Content/Controls/ControlRig_HalfCircle_3mm.ubulk" 436
"../../../Engine/Plugins/Animation/ControlRig/Content/Controls/ControlRig_HalfCircle_3mm.uasset" 437
"../../../Engine/Plugins/Animation/ControlRig/Content/Controls/ControlRig_HalfCircle_3mm.uexp" 438
"../../../Engine/Plugins/Animation/ControlRig/Content/Controls/ControlRig_HalfCircle_1mm.ubulk" 439
"../../../Engine/Plugins/Animation/ControlRig/Content/Controls/ControlRig_HalfCircle_1mm.uasset" 440
"../../../Engine/Plugins/Animation/ControlRig/Content/Controls/ControlRig_HalfCircle_1mm.uexp" 441
"../../../Engine/Plugins/Animation/ControlRig/Content/Controls/ControlRig_Diamond_solid.ubulk" 442
"../../../Engine/Plugins/Animation/ControlRig/Content/Controls/ControlRig_Diamond_solid.uasset" 443
"../../../Engine/Plugins/Animation/ControlRig/Content/Controls/ControlRig_Diamond_solid.uexp" 444
"../../../Engine/Plugins/Animation/ControlRig/Content/Controls/ControlRig_Diamond_3mm.ubulk" 445
"../../../Engine/Plugins/Animation/ControlRig/Content/Controls/ControlRig_Diamond_3mm.uasset" 446
"../../../Engine/Plugins/Animation/ControlRig/Content/Controls/ControlRig_Diamond_3mm.uexp" 447
"../../../Engine/Plugins/Animation/ControlRig/Content/Controls/ControlRig_Diamond_1mm.ubulk" 448
"../../../Engine/Plugins/Animation/ControlRig/Content/Controls/ControlRig_Diamond_1mm.uasset" 449
"../../../Engine/Plugins/Animation/ControlRig/Content/Controls/ControlRig_Diamond_1mm.uexp" 450
"../../../Engine/Plugins/Animation/ControlRig/Content/Controls/ControlRig_Circle_solid.ubulk" 451
"../../../Engine/Plugins/Animation/ControlRig/Content/Controls/ControlRig_Circle_solid.uasset" 452
"../../../Engine/Plugins/Animation/ControlRig/Content/Controls/ControlRig_Circle_solid.uexp" 453
"../../../Engine/Plugins/Animation/ControlRig/Content/Controls/ControlRig_Circle_3mm.ubulk" 454
"../../../Engine/Plugins/Animation/ControlRig/Content/Controls/ControlRig_Circle_3mm.uasset" 455
"../../../Engine/Plugins/Animation/ControlRig/Content/Controls/ControlRig_Circle_3mm.uexp" 456
"../../../Engine/Plugins/Animation/ControlRig/Content/Controls/ControlRig_Circle_1mm.ubulk" 457
"../../../Engine/Plugins/Animation/ControlRig/Content/Controls/ControlRig_Circle_1mm.uasset" 458
"../../../Engine/Plugins/Animation/ControlRig/Content/Controls/ControlRig_Circle_1mm.uexp" 459
"../../../Engine/Plugins/Animation/ControlRig/Content/Controls/ControlRig_Box_solid.ubulk" 460
"../../../Engine/Plugins/Animation/ControlRig/Content/Controls/ControlRig_Box_solid.uasset" 461
"../../../Engine/Plugins/Animation/ControlRig/Content/Controls/ControlRig_Box_solid.uexp" 462
"../../../Engine/Plugins/Animation/ControlRig/Content/Controls/ControlRig_Box_3mm.ubulk" 463
"../../../Engine/Plugins/Animation/ControlRig/Content/Controls/ControlRig_Box_3mm.uasset" 464
"../../../Engine/Plugins/Animation/ControlRig/Content/Controls/ControlRig_Box_3mm.uexp" 465
"../../../Engine/Plugins/Animation/ControlRig/Content/Controls/ControlRig_Box_1mm.ubulk" 466
"../../../Engine/Plugins/Animation/ControlRig/Content/Controls/ControlRig_Box_1mm.uasset" 467
"../../../Engine/Plugins/Animation/ControlRig/Content/Controls/ControlRig_Box_1mm.uexp" 468
"../../../Engine/Plugins/Animation/ControlRig/Content/Controls/ControlRig_Arrow_solid.ubulk" 469
"../../../Engine/Plugins/Animation/ControlRig/Content/Controls/ControlRig_Arrow_solid.uasset" 470
"../../../Engine/Plugins/Animation/ControlRig/Content/Controls/ControlRig_Arrow_solid.uexp" 471
"../../../Engine/Plugins/Animation/ControlRig/Content/Controls/ControlRig_Arrow_3mm.ubulk" 472
"../../../Engine/Plugins/Animation/ControlRig/Content/Controls/ControlRig_Arrow_3mm.uasset" 473
"../../../Engine/Plugins/Animation/ControlRig/Content/Controls/ControlRig_Arrow_3mm.uexp" 474
"../../../Engine/Plugins/Animation/ControlRig/Content/Controls/ControlRig_Arrow_1mm.ubulk" 475
"../../../Engine/Plugins/Animation/ControlRig/Content/Controls/ControlRig_Arrow_1mm.uasset" 476
"../../../Engine/Plugins/Animation/ControlRig/Content/Controls/ControlRig_Arrow_1mm.uexp" 477
"../../../Engine/Plugins/Animation/ControlRig/Content/Controls/ControlRig_Arrow4_solid.ubulk" 478
"../../../Engine/Plugins/Animation/ControlRig/Content/Controls/ControlRig_Arrow4_solid.uasset" 479
"../../../Engine/Plugins/Animation/ControlRig/Content/Controls/ControlRig_Arrow4_solid.uexp" 480
"../../../Engine/Plugins/Animation/ControlRig/Content/Controls/ControlRig_Arrow4_3mm.ubulk" 481
"../../../Engine/Plugins/Animation/ControlRig/Content/Controls/ControlRig_Arrow4_3mm.uasset" 482
"../../../Engine/Plugins/Animation/ControlRig/Content/Controls/ControlRig_Arrow4_3mm.uexp" 483
"../../../Engine/Plugins/Animation/ControlRig/Content/Controls/ControlRig_Arrow4_1mm.ubulk" 484
"../../../Engine/Plugins/Animation/ControlRig/Content/Controls/ControlRig_Arrow4_1mm.uasset" 485
"../../../Engine/Plugins/Animation/ControlRig/Content/Controls/ControlRig_Arrow4_1mm.uexp" 486
"../../../Engine/Plugins/Animation/ControlRig/Content/Controls/ControlRig_Arrow2_solid.ubulk" 487
"../../../Engine/Plugins/Animation/ControlRig/Content/Controls/ControlRig_Arrow2_solid.uasset" 488
"../../../Engine/Plugins/Animation/ControlRig/Content/Controls/ControlRig_Arrow2_solid.uexp" 489
"../../../Engine/Plugins/Animation/ControlRig/Content/Controls/ControlRig_Arrow2_3mm.ubulk" 490
"../../../Engine/Plugins/Animation/ControlRig/Content/Controls/ControlRig_Arrow2_3mm.uasset" 491
"../../../Engine/Plugins/Animation/ControlRig/Content/Controls/ControlRig_Arrow2_3mm.uexp" 492
"../../../Engine/Plugins/Animation/ControlRig/Content/Controls/ControlRig_Arrow2_1mm.ubulk" 493
"../../../Engine/Plugins/Animation/ControlRig/Content/Controls/ControlRig_Arrow2_1mm.uasset" 494
"../../../Engine/Plugins/Animation/ControlRig/Content/Controls/ControlRig_Arrow2_1mm.uexp" 495
"../../../Engine/Plugins/Animation/ControlRig/Content/Controls/ControlRigXRayMaterial.uasset" 496
"../../../Engine/Plugins/Animation/ControlRig/Content/Controls/ControlRigXRayMaterial.uexp" 497
"../../../Engine/Plugins/Animation/ControlRig/Content/Controls/ControlRigGizmoMaterial.uasset" 498
"../../../Engine/Plugins/Animation/ControlRig/Content/Controls/ControlRigGizmoMaterial.uexp" 499
"../../../Engine/Content/VREditor/Sounds/UI/Drop_Item_From_ContentBrowser.ubulk" 500
"../../../Engine/Content/VREditor/Sounds/UI/Drop_Item_From_ContentBrowser.uasset" 501
"../../../Engine/Content/VREditor/Sounds/UI/Drop_Item_From_ContentBrowser.uexp" 502
"../../../Engine/Content/VREditor/LaserPointer/VR_LaserPower_01.ubulk" 503
"../../../Engine/Content/VREditor/LaserPointer/VR_LaserPower_01.uasset" 504
"../../../Engine/Content/VREditor/LaserPointer/VR_LaserPower_01.uexp" 505
"../../../Engine/Content/VREditor/TransformGizmo/TransformGizmoMaterial.uasset" 506
"../../../Engine/Content/VREditor/TransformGizmo/TransformGizmoMaterial.uexp" 507
"../../../Engine/Content/VREditor/TransformGizmo/TransformGizmoMaterial_Inst.uasset" 508
"../../../Engine/Content/VREditor/TransformGizmo/TransformGizmoMaterial_Inst.uexp" 509
"../../../Engine/Content/VREditor/TransformGizmo/TranslucentTransformGizmoMaterial.uasset" 510
"../../../Engine/Content/VREditor/TransformGizmo/TranslucentTransformGizmoMaterial.uexp" 511
"../../../Engine/Content/VREditor/TransformGizmo/TranslucentTransformGizmoMaterial_Inst.uasset" 512
"../../../Engine/Content/VREditor/TransformGizmo/TranslucentTransformGizmoMaterial_Inst.uexp" 513
"../../../Engine/Content/Functions/Engine_MaterialFunctions02/Math/Transform3x3Matrix.uasset" 514
"../../../Engine/Content/Functions/Engine_MaterialFunctions02/Math/Transform3x3Matrix.uexp" 515
"../../../Engine/Content/Functions/Engine_MaterialFunctions02/SplitComponents.uasset" 516
"../../../Engine/Content/Functions/Engine_MaterialFunctions02/SplitComponents.uexp" 517
"../../../Engine/Content/VREditor/SnapGrid/SnapGridMaterial.uasset" 518
"../../../Engine/Content/VREditor/SnapGrid/SnapGridMaterial.uexp" 519
"../../../Engine/Content/VREditor/SnapGrid/SnapGridPlaneMesh.ubulk" 520
"../../../Engine/Content/VREditor/SnapGrid/SnapGridPlaneMesh.uasset" 521
"../../../Engine/Content/VREditor/SnapGrid/SnapGridPlaneMesh.uexp" 522
"../../../Engine/Content/VREditor/Sounds/UI/Gizmo_Handle_Clicked.ubulk" 523
"../../../Engine/Content/VREditor/Sounds/UI/Gizmo_Handle_Clicked.uasset" 524
"../../../Engine/Content/VREditor/Sounds/UI/Gizmo_Handle_Clicked.uexp" 525
"../../../Engine/Content/VREditor/Sounds/UI/Object_PickUp.ubulk" 526
"../../../Engine/Content/VREditor/Sounds/UI/Object_PickUp.uasset" 527
"../../../Engine/Content/VREditor/Sounds/UI/Object_PickUp.uexp" 528
"../../../Engine/Content/VREditor/Sounds/UI/Object_Snaps_To_Another_Actor.ubulk" 529
"../../../Engine/Content/VREditor/Sounds/UI/Object_Snaps_To_Another_Actor.uasset" 530
"../../../Engine/Content/VREditor/Sounds/UI/Object_Snaps_To_Another_Actor.uexp" 531
"../../../Engine/Content/VREditor/Sounds/UI/Object_Snaps_To_Grid.ubulk" 532
"../../../Engine/Content/VREditor/Sounds/UI/Object_Snaps_To_Grid.uasset" 533
"../../../Engine/Content/VREditor/Sounds/UI/Object_Snaps_To_Grid.uexp" 534
"../../../Engine/Content/VREditor/Sounds/UI/Scaling_Down.ubulk" 535
"../../../Engine/Content/VREditor/Sounds/UI/Scaling_Down.uasset" 536
"../../../Engine/Content/VREditor/Sounds/UI/Scaling_Down.uexp" 537
"../../../Engine/Content/VREditor/Sounds/UI/Scaling_Up.ubulk" 538
"../../../Engine/Content/VREditor/Sounds/UI/Scaling_Up.uasset" 539
"../../../Engine/Content/VREditor/Sounds/UI/Scaling_Up.uexp" 540
"../../../Engine/Content/VREditor/Sounds/UI/Selection_Changes.ubulk" 541
"../../../Engine/Content/VREditor/Sounds/UI/Selection_Changes.uasset" 542
"../../../Engine/Content/VREditor/Sounds/UI/Selection_Changes.uexp" 543
"../../../Engine/Content/VREditor/TransformGizmo/PlaneTranslationHandle.ubulk" 544
"../../../Engine/Content/VREditor/TransformGizmo/PlaneTranslationHandle.uasset" 545
"../../../Engine/Content/VREditor/TransformGizmo/PlaneTranslationHandle.uexp" 546
"../../../Engine/Content/VREditor/TransformGizmo/RotationHandleFull.ubulk" 547
"../../../Engine/Content/VREditor/TransformGizmo/RotationHandleFull.uasset" 548
"../../../Engine/Content/VREditor/TransformGizmo/RotationHandleFull.uexp" 549
"../../../Engine/Content/VREditor/TransformGizmo/RotationHandleIndicator.ubulk" 550
"../../../Engine/Content/VREditor/TransformGizmo/RotationHandleIndicator.uasset" 551
"../../../Engine/Content/VREditor/TransformGizmo/RotationHandleIndicator.uexp" 552
"../../../Engine/Content/VREditor/TransformGizmo/RotationHandleQuarter.ubulk" 553
"../../../Engine/Content/VREditor/TransformGizmo/RotationHandleQuarter.uasset" 554
"../../../Engine/Content/VREditor/TransformGizmo/RotationHandleQuarter.uexp" 555
"../../../Engine/Content/VREditor/TransformGizmo/StartRotationHandleIndicator.ubulk" 556
"../../../Engine/Content/VREditor/TransformGizmo/StartRotationHandleIndicator.uasset" 557
"../../../Engine/Content/VREditor/TransformGizmo/StartRotationHandleIndicator.uexp" 558
"../../../Engine/Content/VREditor/TransformGizmo/TransformGizmoFreeRotation.ubulk" 559
"../../../Engine/Content/VREditor/TransformGizmo/TransformGizmoFreeRotation.uasset" 560
"../../../Engine/Content/VREditor/TransformGizmo/TransformGizmoFreeRotation.uexp" 561
"../../../Engine/Content/VREditor/TransformGizmo/TranslateArrowHandle.ubulk" 562
"../../../Engine/Content/VREditor/TransformGizmo/TranslateArrowHandle.uasset" 563
"../../../Engine/Content/VREditor/TransformGizmo/TranslateArrowHandle.uexp" 564
"../../../Engine/Content/VREditor/TransformGizmo/UniformScaleHandle.ubulk" 565
"../../../Engine/Content/VREditor/TransformGizmo/UniformScaleHandle.uasset" 566
"../../../Engine/Content/VREditor/TransformGizmo/UniformScaleHandle.uexp" 567
"../../../Engine/Content/MapTemplates/SM_Template_Map_Floor.ubulk" 568
"../../../Engine/Content/MapTemplates/SM_Template_Map_Floor.uasset" 569
"../../../Engine/Content/MapTemplates/SM_Template_Map_Floor.uexp" 570
"../../../Engine/Content/EngineSounds/Master.uasset" 571
"../../../Engine/Content/EngineSounds/Master.uexp" 572
"../../../Engine/Content/EngineSky/T_Sky_Stars.ubulk" 573
"../../../Engine/Content/EngineSky/T_Sky_Stars.uasset" 574
"../../../Engine/Content/EngineSky/T_Sky_Stars.uexp" 575
"../../../Engine/Content/EngineSky/T_Sky_Clouds_M.ubulk" 576
"../../../Engine/Content/EngineSky/T_Sky_Clouds_M.uasset" 577
"../../../Engine/Content/EngineSky/T_Sky_Clouds_M.uexp" 578
"../../../Engine/Content/EngineSky/T_Sky_Blue.ubulk" 579
"../../../Engine/Content/EngineSky/T_Sky_Blue.uasset" 580
"../../../Engine/Content/EngineSky/T_Sky_Blue.uexp" 581
"../../../Engine/Content/EngineSky/M_Sky_Panning_Clouds2.uasset" 582
"../../../Engine/Content/EngineSky/M_Sky_Panning_Clouds2.uexp" 583
"../../../Engine/Content/EngineSky/SM_SkySphere.ubulk" 584
"../../../Engine/Content/EngineSky/SM_SkySphere.uasset" 585
"../../../Engine/Content/EngineSky/SM_SkySphere.uexp" 586
"../../../Engine/Content/EngineSky/M_SimpleSkyDome.uasset" 587
"../../../Engine/Content/EngineSky/M_SimpleSkyDome.uexp" 588
"../../../Engine/Content/EngineResources/LandscapeVisibilityLayerInfo.uasset" 589
"../../../Engine/Content/EngineResources/LandscapeVisibilityLayerInfo.uexp" 590
"C:/Users/conor/OneDrive/Desktop/Documents/GitHub/3D-Platformer-Semester-2/3DPlatformer/Content/Animations/AI/Rat/RatWalking_PhysicsAsset.uasset" 591
"C:/Users/conor/OneDrive/Desktop/Documents/GitHub/3D-Platformer-Semester-2/3DPlatformer/Content/Animations/AI/Rat/RatWalking_PhysicsAsset.uexp" 592
"C:/Users/conor/OneDrive/Desktop/Documents/GitHub/3D-Platformer-Semester-2/3DPlatformer/Content/Animations/AI/Rat/Idle_Skeleton.uasset" 593
"C:/Users/conor/OneDrive/Desktop/Documents/GitHub/3D-Platformer-Semester-2/3DPlatformer/Content/Animations/AI/Rat/Idle_Skeleton.uexp" 594
"C:/Users/conor/OneDrive/Desktop/Documents/GitHub/3D-Platformer-Semester-2/3DPlatformer/Content/Animations/AI/Rat/RatWalking.uasset" 595
"C:/Users/conor/OneDrive/Desktop/Documents/GitHub/3D-Platformer-Semester-2/3DPlatformer/Content/Animations/AI/Rat/RatWalking.uexp" 596
"../../../Engine/Content/EngineResources/WhiteSquareTexture.uasset" 597
"../../../Engine/Content/EngineResources/WhiteSquareTexture.uexp" 598
"../../../Engine/Content/EngineMaterials/Widget3DPassThrough.uasset" 599
"../../../Engine/Content/EngineMaterials/Widget3DPassThrough.uexp" 600
"../../../Engine/Content/EngineMaterials/Widget3DPassThrough_Translucent.uasset" 601
"../../../Engine/Content/EngineMaterials/Widget3DPassThrough_Translucent.uexp" 602
"../../../Engine/Content/EngineMaterials/Widget3DPassThrough_Translucent_OneSided.uasset" 603
"../../../Engine/Content/EngineMaterials/Widget3DPassThrough_Translucent_OneSided.uexp" 604
"../../../Engine/Content/EngineMaterials/Widget3DPassThrough_Opaque.uasset" 605
"../../../Engine/Content/EngineMaterials/Widget3DPassThrough_Opaque.uexp" 606
"../../../Engine/Content/EngineMaterials/Widget3DPassThrough_Opaque_OneSided.uasset" 607
"../../../Engine/Content/EngineMaterials/Widget3DPassThrough_Opaque_OneSided.uexp" 608
"../../../Engine/Content/EngineMaterials/Widget3DPassThrough_Masked_OneSided.uasset" 609
"../../../Engine/Content/EngineMaterials/Widget3DPassThrough_Masked_OneSided.uexp" 610
"../../../Engine/Content/EngineMaterials/Widget3DPassThrough_Masked.uasset" 611
"../../../Engine/Content/EngineMaterials/Widget3DPassThrough_Masked.uexp" 612
"../../../Engine/Content/EngineMaterials/WeightMapPlaceholderTexture.uasset" 613
"../../../Engine/Content/EngineMaterials/WeightMapPlaceholderTexture.uexp" 614
"../../../Engine/Content/EngineMaterials/WeightMapArrayPlaceholderTexture.uasset" 615
"../../../Engine/Content/EngineMaterials/WeightMapArrayPlaceholderTexture.uexp" 616
"../../../Engine/Content/EngineMaterials/RemoveSurfaceMaterial.uasset" 617
"../../../Engine/Content/EngineMaterials/RemoveSurfaceMaterial.uexp" 618
"../../../Engine/Content/EngineMaterials/PreintegratedSkinBRDF.uasset" 619
"../../../Engine/Content/EngineMaterials/PreintegratedSkinBRDF.uexp" 620
"../../../Engine/Content/EngineMaterials/DefaultCalibrationGrayscale.uasset" 621
"../../../Engine/Content/EngineMaterials/DefaultCalibrationGrayscale.uexp" 622
"../../../Engine/Content/EngineMaterials/PPM_DefaultCalibrationGrayscale.uasset" 623
"../../../Engine/Content/EngineMaterials/PPM_DefaultCalibrationGrayscale.uexp" 624
"../../../Engine/Content/EngineMaterials/DefaultCalibrationColor.uasset" 625
"../../../Engine/Content/EngineMaterials/DefaultCalibrationColor.uexp" 626
"../../../Engine/Content/EngineMaterials/PPM_DefaultCalibrationColor.uasset" 627
"../../../Engine/Content/EngineMaterials/PPM_DefaultCalibrationColor.uexp" 628
"../../../Engine/Content/EngineMaterials/PhAT_JointLimitMaterial.uasset" 629
"../../../Engine/Content/EngineMaterials/PhAT_JointLimitMaterial.uexp" 630
"../../../Engine/Content/EngineMaterials/NaniteHiddenSectionMaterial.uasset" 631
"../../../Engine/Content/EngineMaterials/NaniteHiddenSectionMaterial.uexp" 632
"../../../Engine/Content/EngineMaterials/InvalidLightmapSettings.ubulk" 633
"../../../Engine/Content/EngineMaterials/InvalidLightmapSettings.uasset" 634
"../../../Engine/Content/EngineMaterials/InvalidLightmapSettings.uexp" 635
"../../../Engine/Content/EngineMaterials/M_InvalidLightmapSettings.uasset" 636
"../../../Engine/Content/EngineMaterials/M_InvalidLightmapSettings.uexp" 637
"../../../Engine/Content/EngineMaterials/MiniFont.uasset" 638
"../../../Engine/Content/EngineMaterials/MiniFont.uexp" 639
"C:/Users/conor/OneDrive/Desktop/Documents/GitHub/3D-Platformer-Semester-2/3DPlatformer/Content/Characters/Mannequins/Anims/Rifle/AIM/MM_Rifle_Idle_ADS_AO_CC.uasset" 640
"C:/Users/conor/OneDrive/Desktop/Documents/GitHub/3D-Platformer-Semester-2/3DPlatformer/Content/Characters/Mannequins/Anims/Rifle/AIM/MM_Rifle_Idle_ADS_AO_CC.uexp" 641
"C:/Users/conor/OneDrive/Desktop/Documents/GitHub/3D-Platformer-Semester-2/3DPlatformer/Content/Characters/Mannequins/Anims/Pistol/Aim/MF_Pistol_Idle_ADS_AO_CU.uasset" 642
"C:/Users/conor/OneDrive/Desktop/Documents/GitHub/3D-Platformer-Semester-2/3DPlatformer/Content/Characters/Mannequins/Anims/Pistol/Aim/MF_Pistol_Idle_ADS_AO_CU.uexp" 643
"../../../Engine/Content/EngineMaterials/GizmoMaterial.uasset" 644
"../../../Engine/Content/EngineMaterials/GizmoMaterial.uexp" 645
"../../../Engine/Content/EngineMaterials/BaseFlattenDiffuseMap_VT.ubulk" 646
"../../../Engine/Content/EngineMaterials/BaseFlattenDiffuseMap_VT.uasset" 647
"../../../Engine/Content/EngineMaterials/BaseFlattenDiffuseMap_VT.uexp" 648
"../../../Engine/Content/EngineMaterials/BaseFlattenEmissiveMap_VT.ubulk" 649
"../../../Engine/Content/EngineMaterials/BaseFlattenEmissiveMap_VT.uasset" 650
"../../../Engine/Content/EngineMaterials/BaseFlattenEmissiveMap_VT.uexp" 651
"../../../Engine/Content/EngineMaterials/BaseFlattenGrayscaleMap_VT.ubulk" 652
"../../../Engine/Content/EngineMaterials/BaseFlattenGrayscaleMap_VT.uasset" 653
"../../../Engine/Content/EngineMaterials/BaseFlattenGrayscaleMap_VT.uexp" 654
"../../../Engine/Content/EngineMaterials/BaseFlattenLinearColor_VT.ubulk" 655
"../../../Engine/Content/EngineMaterials/BaseFlattenLinearColor_VT.uasset" 656
"../../../Engine/Content/EngineMaterials/BaseFlattenLinearColor_VT.uexp" 657
"../../../Engine/Content/EngineMaterials/BaseFlattenNormalMap_VT.ubulk" 658
"../../../Engine/Content/EngineMaterials/BaseFlattenNormalMap_VT.uasset" 659
"../../../Engine/Content/EngineMaterials/BaseFlattenNormalMap_VT.uexp" 660
"../../../Engine/Content/EngineMaterials/Black_1x1_EXR_Texture_VT.ubulk" 661
"../../../Engine/Content/EngineMaterials/Black_1x1_EXR_Texture_VT.uasset" 662
"../../../Engine/Content/EngineMaterials/Black_1x1_EXR_Texture_VT.uexp" 663
"../../../Engine/Content/EngineMaterials/FlattenMaterial_WS_Normal_VT.uasset" 664
"../../../Engine/Content/EngineMaterials/FlattenMaterial_WS_Normal_VT.uexp" 665
"../../../Engine/Content/EngineMaterials/FlattenMaterial_VT.uasset" 666
"../../../Engine/Content/EngineMaterials/FlattenMaterial_VT.uexp" 667
"../../../Engine/Content/EngineMaterials/BaseFlattenNormalMap.uasset" 668
"../../../Engine/Content/EngineMaterials/BaseFlattenNormalMap.uexp" 669
"../../../Engine/Content/EngineMaterials/BaseFlattenDiffuseMap.uasset" 670
"../../../Engine/Content/EngineMaterials/BaseFlattenDiffuseMap.uexp" 671
"../../../Engine/Content/EngineMaterials/BaseFlattenEmissiveMap.uasset" 672
"../../../Engine/Content/EngineMaterials/BaseFlattenEmissiveMap.uexp" 673
"../../../Engine/Content/EngineMaterials/BaseFlattenGrayscaleMap.uasset" 674
"../../../Engine/Content/EngineMaterials/BaseFlattenGrayscaleMap.uexp" 675
"../../../Engine/Content/EngineMaterials/BaseFlattenLinearColor.uasset" 676
"../../../Engine/Content/EngineMaterials/BaseFlattenLinearColor.uexp" 677
"../../../Engine/Content/Functions/Engine_MaterialFunctions02/PivotPainter2/Black_1x1_EXR_Texture.uasset" 678
"../../../Engine/Content/Functions/Engine_MaterialFunctions02/PivotPainter2/Black_1x1_EXR_Texture.uexp" 679
"../../../Engine/Content/EngineMaterials/FlattenMaterial.uasset" 680
"../../../Engine/Content/EngineMaterials/FlattenMaterial.uexp" 681
"../../../Engine/Content/EngineMaterials/FastBlueNoise_vec2_128x128x64.uasset" 682
"../../../Engine/Content/EngineMaterials/FastBlueNoise_vec2_128x128x64.uexp" 683
"../../../Engine/Content/EngineMaterials/FastBlueNoise_scalar_128x128x8.uasset" 684
"../../../Engine/Content/EngineMaterials/FastBlueNoise_scalar_128x128x8.uexp" 685
"../../../Engine/Content/EngineMaterials/FastBlueNoise_scalar_128x128x64.uasset" 686
"../../../Engine/Content/EngineMaterials/FastBlueNoise_scalar_128x128x64.uexp" 687
"../../../Engine/Content/EngineMaterials/DefaultWhiteGrid_Low.uasset" 688
"../../../Engine/Content/EngineMaterials/DefaultWhiteGrid_Low.uexp" 689
"../../../Engine/Content/EngineMaterials/EmissiveMeshMaterial.uasset" 690
"../../../Engine/Content/EngineMaterials/EmissiveMeshMaterial.uexp" 691
"../../../Engine/Content/EngineFonts/RobotoDistanceField.uasset" 692
"../../../Engine/Content/EngineFonts/RobotoDistanceField.uexp" 693
"../../../Engine/Content/EngineMaterials/DefaultTextMaterialOpaque.uasset" 694
"../../../Engine/Content/EngineMaterials/DefaultTextMaterialOpaque.uexp" 695
"../../../Engine/Content/EngineMaterials/DefaultPostProcessMaterial.uasset" 696
"../../../Engine/Content/EngineMaterials/DefaultPostProcessMaterial.uexp" 697
"../../../Engine/Content/EngineMaterials/DefaultPhysicalMaterial.uasset" 698
"../../../Engine/Content/EngineMaterials/DefaultPhysicalMaterial.uexp" 699
"../../../Engine/Content/EngineMaterials/DefaultLightFunctionMaterial.uasset" 700
"../../../Engine/Content/EngineMaterials/DefaultLightFunctionMaterial.uexp" 701
"../../../Engine/Content/EngineMaterials/DefaultDestructiblePhysicalMaterial.uasset" 702
"../../../Engine/Content/EngineMaterials/DefaultDestructiblePhysicalMaterial.uexp" 703
"../../../Engine/Content/EngineMaterials/DefaultDeferredDecalMaterial.uasset" 704
"../../../Engine/Content/EngineMaterials/DefaultDeferredDecalMaterial.uexp" 705
"../../../Engine/Content/EngineMaterials/DefaultBokeh.uasset" 706
"../../../Engine/Content/EngineMaterials/DefaultBokeh.uexp" 707
"../../../Engine/Content/EngineMaterials/DefaultBloomKernel.uasset" 708
"../../../Engine/Content/EngineMaterials/DefaultBloomKernel.uexp" 709
"../../../Engine/Content/EngineFonts/Faces/DroidSansFallback.uexp" 710
"../../../Engine/Content/EngineFonts/Faces/DroidSansFallback.uasset" 711
"../../../Engine/Content/EngineFonts/Faces/DroidSansFallback.ufont" 712
"../../../Engine/Content/EngineFonts/Faces/RobotoRegular.uexp" 713
"../../../Engine/Content/EngineFonts/Faces/RobotoRegular.uasset" 714
"../../../Engine/Content/EngineFonts/Faces/RobotoRegular.ufont" 715
"../../../Engine/Content/EngineFonts/Faces/RobotoLight.uexp" 716
"../../../Engine/Content/EngineFonts/Faces/RobotoLight.uasset" 717
"../../../Engine/Content/EngineFonts/Faces/RobotoLight.ufont" 718
"../../../Engine/Content/EngineFonts/Faces/RobotoItalic.uexp" 719
"../../../Engine/Content/EngineFonts/Faces/RobotoItalic.uasset" 720
"../../../Engine/Content/EngineFonts/Faces/RobotoItalic.ufont" 721
"../../../Engine/Content/EngineFonts/Faces/RobotoBoldItalic.uexp" 722
"../../../Engine/Content/EngineFonts/Faces/RobotoBoldItalic.uasset" 723
"../../../Engine/Content/EngineFonts/Faces/RobotoBoldItalic.ufont" 724
"../../../Engine/Content/EngineFonts/Faces/RobotoBold.uexp" 725
"../../../Engine/Content/EngineFonts/Faces/RobotoBold.uasset" 726
"../../../Engine/Content/EngineFonts/Faces/RobotoBold.ufont" 727
"../../../Engine/Content/EngineFonts/Roboto.uasset" 728
"../../../Engine/Content/EngineFonts/Roboto.uexp" 729
"../../../Engine/Content/Functions/Engine_MaterialFunctions02/Utility/CameraDirectionVector.uasset" 730
"../../../Engine/Content/Functions/Engine_MaterialFunctions02/Utility/CameraDirectionVector.uexp" 731
"../../../Engine/Content/EngineDebugMaterials/VolumeToRender.uasset" 732
"../../../Engine/Content/EngineDebugMaterials/VolumeToRender.uexp" 733
"../../../Engine/Content/EngineDebugMaterials/M_VolumeRenderSphereTracePP.uasset" 734
"../../../Engine/Content/EngineDebugMaterials/M_VolumeRenderSphereTracePP.uexp" 735
"../../../Engine/Content/EngineDebugMaterials/M_SimpleUnlitTranslucent.uasset" 736
"../../../Engine/Content/EngineDebugMaterials/M_SimpleUnlitTranslucent.uexp" 737
"../../../Engine/Content/EngineDebugMaterials/DebugMeshMaterial.uasset" 738
"../../../Engine/Content/EngineDebugMaterials/DebugMeshMaterial.uexp" 739
"../../../Engine/Content/EngineDebugMaterials/DebugEditorMaterial.uasset" 740
"../../../Engine/Content/EngineDebugMaterials/DebugEditorMaterial.uexp" 741
"../../../Engine/Content/EngineDamageTypes/DmgTypeBP_Environmental.uasset" 742
"../../../Engine/Content/EngineDamageTypes/DmgTypeBP_Environmental.uexp" 743
"C:/Users/conor/OneDrive/Desktop/Documents/GitHub/3D-Platformer-Semester-2/3DPlatformer/Content/Characters/Mannequins/Anims/Pistol/MM_Pistol_Fire.uasset" 744
"C:/Users/conor/OneDrive/Desktop/Documents/GitHub/3D-Platformer-Semester-2/3DPlatformer/Content/Characters/Mannequins/Anims/Pistol/MM_Pistol_Fire.uexp" 745
"../../../Engine/Content/EditorResources/S_Terrain.ubulk" 746
"../../../Engine/Content/EditorResources/S_Terrain.uasset" 747
"../../../Engine/Content/EditorResources/S_Terrain.uexp" 748
"../../../Engine/Content/EditorResources/BSPVertex.uasset" 749
"../../../Engine/Content/EditorResources/BSPVertex.uexp" 750
"../../../Engine/Content/EditorMaterials/PreviewShadowIndicator.ubulk" 751
"../../../Engine/Content/EditorMaterials/PreviewShadowIndicator.uasset" 752
"../../../Engine/Content/EditorMaterials/PreviewShadowIndicator.uexp" 753
"../../../Engine/Content/EditorMaterials/PreviewShadowIndicatorMaterial.uasset" 754
"../../../Engine/Content/EditorMaterials/PreviewShadowIndicatorMaterial.uexp" 755
"../../../Engine/Content/EditorMaterials/PhAT_UnselectedMaterial.uasset" 756
"../../../Engine/Content/EditorMaterials/PhAT_UnselectedMaterial.uexp" 757
"../../../Engine/Content/EditorMaterials/PhAT_NoCollisionMaterial.uasset" 758
"../../../Engine/Content/EditorMaterials/PhAT_NoCollisionMaterial.uexp" 759
"C:/Users/conor/OneDrive/Desktop/Documents/GitHub/3D-Platformer-Semester-2/3DPlatformer/Content/Fab/MoneyCollectible/Black.uasset" 760
"C:/Users/conor/OneDrive/Desktop/Documents/GitHub/3D-Platformer-Semester-2/3DPlatformer/Content/Fab/MoneyCollectible/Black.uexp" 761
"C:/Users/conor/OneDrive/Desktop/Documents/GitHub/3D-Platformer-Semester-2/3DPlatformer/Content/Fab/FBX_format/colormap1.uasset" 762
"C:/Users/conor/OneDrive/Desktop/Documents/GitHub/3D-Platformer-Semester-2/3DPlatformer/Content/Fab/FBX_format/colormap1.uexp" 763
"C:/Users/conor/OneDrive/Desktop/Documents/GitHub/3D-Platformer-Semester-2/3DPlatformer/Content/Fab/FBX_format/sign.ubulk" 764
"C:/Users/conor/OneDrive/Desktop/Documents/GitHub/3D-Platformer-Semester-2/3DPlatformer/Content/Fab/FBX_format/sign.uasset" 765
"C:/Users/conor/OneDrive/Desktop/Documents/GitHub/3D-Platformer-Semester-2/3DPlatformer/Content/Fab/FBX_format/sign.uexp" 766
"C:/Users/conor/OneDrive/Desktop/Documents/GitHub/3D-Platformer-Semester-2/3DPlatformer/Content/Characters/Mannequins/Anims/Pistol/Aim/MF_Pistol_Idle_ADS1.uasset" 767
"C:/Users/conor/OneDrive/Desktop/Documents/GitHub/3D-Platformer-Semester-2/3DPlatformer/Content/Characters/Mannequins/Anims/Pistol/Aim/MF_Pistol_Idle_ADS1.uexp" 768
"../../../Engine/Content/EditorMaterials/ParticleSystems/PSysThumbnail_OOD.ubulk" 769
"../../../Engine/Content/EditorMaterials/ParticleSystems/PSysThumbnail_OOD.uasset" 770
"../../../Engine/Content/EditorMaterials/ParticleSystems/PSysThumbnail_OOD.uexp" 771
"../../../Engine/Content/EditorMaterials/ParticleSystems/PSysThumbnail_NoImage.ubulk" 772
"../../../Engine/Content/EditorMaterials/ParticleSystems/PSysThumbnail_NoImage.uasset" 773
"../../../Engine/Content/EditorMaterials/ParticleSystems/PSysThumbnail_NoImage.uexp" 774
"../../../Engine/Content/EditorMaterials/Dataflow/DataflowVertexMaterial.uasset" 775
"../../../Engine/Content/EditorMaterials/Dataflow/DataflowVertexMaterial.uexp" 776
"../../../Engine/Content/EditorMaterials/Dataflow/DataflowTwoSidedVertexMaterial.uasset" 777
"../../../Engine/Content/EditorMaterials/Dataflow/DataflowTwoSidedVertexMaterial.uexp" 778
"../../../Engine/Plugins/Interchange/Assets/Content/gltf/Textures/T_White_srgb.uasset" 779
"../../../Engine/Plugins/Interchange/Assets/Content/gltf/Textures/T_White_srgb.uexp" 780
"../../../Engine/Plugins/Interchange/Assets/Content/gltf/MaterialFunctions/MF_BaseColor.uasset" 781
"../../../Engine/Plugins/Interchange/Assets/Content/gltf/MaterialFunctions/MF_BaseColor.uexp" 782
"../../../Engine/Plugins/Interchange/Assets/Content/gltf/MaterialFunctions/MF_RotateV2.uasset" 783
"../../../Engine/Plugins/Interchange/Assets/Content/gltf/MaterialFunctions/MF_RotateV2.uexp" 784
"../../../Engine/Plugins/Interchange/Assets/Content/gltf/MaterialFunctions/MF_TransformUVs.uasset" 785
"../../../Engine/Plugins/Interchange/Assets/Content/gltf/MaterialFunctions/MF_TransformUVs.uexp" 786
"../../../Engine/Plugins/Interchange/Assets/Content/gltf/MaterialFunctions/MF_IOR.uasset" 787
"../../../Engine/Plugins/Interchange/Assets/Content/gltf/MaterialFunctions/MF_IOR.uexp" 788
"../../../Engine/Plugins/Interchange/Assets/Content/gltf/MaterialFunctions/MF_Iridescence.uasset" 789
"../../../Engine/Plugins/Interchange/Assets/Content/gltf/MaterialFunctions/MF_Iridescence.uexp" 790
"../../../Engine/Plugins/Interchange/Assets/Content/gltf/Textures/T_White_Linear.uasset" 791
"../../../Engine/Plugins/Interchange/Assets/Content/gltf/Textures/T_White_Linear.uexp" 792
"../../../Engine/Plugins/Interchange/Assets/Content/gltf/MaterialFunctions/MF_MetallicRoughness.uasset" 793
"../../../Engine/Plugins/Interchange/Assets/Content/gltf/MaterialFunctions/MF_MetallicRoughness.uexp" 794
"../../../Engine/Plugins/Interchange/Assets/Content/gltf/MaterialFunctions/MF_RotateNormals_TS.uasset" 795
"../../../Engine/Plugins/Interchange/Assets/Content/gltf/MaterialFunctions/MF_RotateNormals_TS.uexp" 796
"../../../Engine/Plugins/Interchange/Assets/Content/gltf/MaterialFunctions/MF_ScaleNormal.uasset" 797
"../../../Engine/Plugins/Interchange/Assets/Content/gltf/MaterialFunctions/MF_ScaleNormal.uexp" 798
"../../../Engine/Plugins/Interchange/Assets/Content/gltf/Textures/T_Generic_N.uasset" 799
"../../../Engine/Plugins/Interchange/Assets/Content/gltf/Textures/T_Generic_N.uexp" 800
"../../../Engine/Plugins/Interchange/Assets/Content/gltf/MaterialFunctions/MF_Normals.uasset" 801
"../../../Engine/Plugins/Interchange/Assets/Content/gltf/MaterialFunctions/MF_Normals.uexp" 802
"../../../Engine/Plugins/Interchange/Assets/Content/gltf/MaterialFunctions/MF_Occlusion.uasset" 803
"../../../Engine/Plugins/Interchange/Assets/Content/gltf/MaterialFunctions/MF_Occlusion.uexp" 804
"../../../Engine/Plugins/Interchange/Assets/Content/gltf/MaterialFunctions/MF_Specular.uasset" 805
"../../../Engine/Plugins/Interchange/Assets/Content/gltf/MaterialFunctions/MF_Specular.uexp" 806
"../../../Engine/Plugins/Interchange/Assets/Content/gltf/Textures/T_Anisotropy_Direction_Linear.uasset" 807
"../../../Engine/Plugins/Interchange/Assets/Content/gltf/Textures/T_Anisotropy_Direction_Linear.uexp" 808
"../../../Engine/Plugins/Interchange/Assets/Content/gltf/MaterialFunctions/MF_SpecularAnisotropy.uasset" 809
"../../../Engine/Plugins/Interchange/Assets/Content/gltf/MaterialFunctions/MF_SpecularAnisotropy.uexp" 810
"../../../Engine/Plugins/Interchange/Assets/Content/gltf/MaterialFunctions/MF_Emissive.uasset" 811
"../../../Engine/Plugins/Interchange/Assets/Content/gltf/MaterialFunctions/MF_Emissive.uexp" 812
"../../../Engine/Plugins/Interchange/Assets/Content/gltf/MaterialBodies/MF_Default_Body.uasset" 813
"../../../Engine/Plugins/Interchange/Assets/Content/gltf/MaterialBodies/MF_Default_Body.uexp" 814
"../../../Engine/Plugins/Interchange/Assets/Content/gltf/M_Default.uasset" 815
"../../../Engine/Plugins/Interchange/Assets/Content/gltf/M_Default.uexp" 816
"../../../Engine/Plugins/Interchange/Assets/Content/gltf/MaterialInstances/MI_Default_Opaque_DS.uasset" 817
"../../../Engine/Plugins/Interchange/Assets/Content/gltf/MaterialInstances/MI_Default_Opaque_DS.uexp" 818
"C:/Users/conor/OneDrive/Desktop/Documents/GitHub/3D-Platformer-Semester-2/3DPlatformer/Content/trampoline/Materials/metal.uasset" 819
"C:/Users/conor/OneDrive/Desktop/Documents/GitHub/3D-Platformer-Semester-2/3DPlatformer/Content/trampoline/Materials/metal.uexp" 820
"C:/Users/conor/OneDrive/Desktop/Documents/GitHub/3D-Platformer-Semester-2/3DPlatformer/Content/trampoline/StaticMeshes/Object_4.ubulk" 821
"C:/Users/conor/OneDrive/Desktop/Documents/GitHub/3D-Platformer-Semester-2/3DPlatformer/Content/trampoline/StaticMeshes/Object_4.uasset" 822
"C:/Users/conor/OneDrive/Desktop/Documents/GitHub/3D-Platformer-Semester-2/3DPlatformer/Content/trampoline/StaticMeshes/Object_4.uexp" 823
"C:/Users/conor/OneDrive/Desktop/Documents/GitHub/3D-Platformer-Semester-2/3DPlatformer/Content/trampoline/Materials/blue-plastic.uasset" 824
"C:/Users/conor/OneDrive/Desktop/Documents/GitHub/3D-Platformer-Semester-2/3DPlatformer/Content/trampoline/Materials/blue-plastic.uexp" 825
"C:/Users/conor/OneDrive/Desktop/Documents/GitHub/3D-Platformer-Semester-2/3DPlatformer/Content/trampoline/StaticMeshes/Object_3.ubulk" 826
"C:/Users/conor/OneDrive/Desktop/Documents/GitHub/3D-Platformer-Semester-2/3DPlatformer/Content/trampoline/StaticMeshes/Object_3.uasset" 827
"C:/Users/conor/OneDrive/Desktop/Documents/GitHub/3D-Platformer-Semester-2/3DPlatformer/Content/trampoline/StaticMeshes/Object_3.uexp" 828
"C:/Users/conor/OneDrive/Desktop/Documents/GitHub/3D-Platformer-Semester-2/3DPlatformer/Content/trampoline/Materials/black-rubber.uasset" 829
"C:/Users/conor/OneDrive/Desktop/Documents/GitHub/3D-Platformer-Semester-2/3DPlatformer/Content/trampoline/Materials/black-rubber.uexp" 830
"C:/Users/conor/OneDrive/Desktop/Documents/GitHub/3D-Platformer-Semester-2/3DPlatformer/Content/trampoline/StaticMeshes/Object_2.ubulk" 831
"C:/Users/conor/OneDrive/Desktop/Documents/GitHub/3D-Platformer-Semester-2/3DPlatformer/Content/trampoline/StaticMeshes/Object_2.uasset" 832
"C:/Users/conor/OneDrive/Desktop/Documents/GitHub/3D-Platformer-Semester-2/3DPlatformer/Content/trampoline/StaticMeshes/Object_2.uexp" 833
"C:/Users/conor/OneDrive/Desktop/Documents/GitHub/3D-Platformer-Semester-2/3DPlatformer/Content/ThirdPerson/Blueprints/Gooberman_Physics.uasset" 834
"C:/Users/conor/OneDrive/Desktop/Documents/GitHub/3D-Platformer-Semester-2/3DPlatformer/Content/ThirdPerson/Blueprints/Gooberman_Physics.uexp" 835
"C:/Users/conor/OneDrive/Desktop/Documents/GitHub/3D-Platformer-Semester-2/3DPlatformer/Content/Materials/Obstacle/rough-fabric-texture-pattern-background_252591-2336.uasset" 836
"C:/Users/conor/OneDrive/Desktop/Documents/GitHub/3D-Platformer-Semester-2/3DPlatformer/Content/Materials/Obstacle/rough-fabric-texture-pattern-background_252591-2336.uexp" 837
"C:/Users/conor/OneDrive/Desktop/Documents/GitHub/3D-Platformer-Semester-2/3DPlatformer/Content/Materials/Obstacle/Cylinder.uasset" 838
"C:/Users/conor/OneDrive/Desktop/Documents/GitHub/3D-Platformer-Semester-2/3DPlatformer/Content/Materials/Obstacle/Cylinder.uexp" 839
"../../../Engine/Content/VREditor/TransformGizmo/BoundingBoxEdge.ubulk" 840
"../../../Engine/Content/VREditor/TransformGizmo/BoundingBoxEdge.uasset" 841
"../../../Engine/Content/VREditor/TransformGizmo/BoundingBoxEdge.uexp" 842
"../../../Engine/Content/VREditor/TransformGizmo/BoundingBoxCorner.ubulk" 843
"../../../Engine/Content/VREditor/TransformGizmo/BoundingBoxCorner.uasset" 844
"../../../Engine/Content/VREditor/TransformGizmo/BoundingBoxCorner.uexp" 845
"../../../Engine/Content/EngineResources/FilmGrains/Marcie_Grain_v3_128_M2_000.uasset" 846
"../../../Engine/Content/EngineResources/FilmGrains/Marcie_Grain_v3_128_M2_000.uexp" 847
"../../../Engine/Content/EngineResources/Development/ZenLogo_64.uasset" 848
"../../../Engine/Content/EngineResources/Development/ZenLogo_64.uexp" 849
"../../../Engine/Content/EngineMaterials/LTC/Sheen_LTC.uasset" 850
"../../../Engine/Content/EngineMaterials/LTC/Sheen_LTC.uexp" 851
"../../../Engine/Content/EngineMaterials/LTC/GGX_LTCMat.uasset" 852
"../../../Engine/Content/EngineMaterials/LTC/GGX_LTCMat.uexp" 853
"../../../Engine/Content/EngineMaterials/LTC/GGX_LTCAmp.uasset" 854
"../../../Engine/Content/EngineMaterials/LTC/GGX_LTCAmp.uexp" 855
"../../../Engine/Content/EngineMaterials/EnergyConservation/Sheen_Energy.uasset" 856
"../../../Engine/Content/EngineMaterials/EnergyConservation/Sheen_Energy.uexp" 857
"../../../Engine/Content/EngineMaterials/EnergyConservation/SheenLegacy_Energy.uasset" 858
"../../../Engine/Content/EngineMaterials/EnergyConservation/SheenLegacy_Energy.uexp" 859
"../../../Engine/Content/EngineMaterials/EnergyConservation/GGX_TransmissionEnergyArray.uasset" 860
"../../../Engine/Content/EngineMaterials/EnergyConservation/GGX_TransmissionEnergyArray.uexp" 861
"../../../Engine/Content/EngineMaterials/EnergyConservation/GGX_ReflectionEnergy.uasset" 862
"../../../Engine/Content/EngineMaterials/EnergyConservation/GGX_ReflectionEnergy.uexp" 863
"../../../Engine/Content/EngineMaterials/EnergyConservation/Diffuse_Energy.uasset" 864
"../../../Engine/Content/EngineMaterials/EnergyConservation/Diffuse_Energy.uexp" 865
"../../../Engine/Content/EditorResources/SequenceRecorder/RecordingIndicator.uasset" 866
"../../../Engine/Content/EditorResources/SequenceRecorder/RecordingIndicator.uexp" 867
"../../../Engine/Content/EditorResources/SequenceRecorder/Countdown.uasset" 868
"../../../Engine/Content/EditorResources/SequenceRecorder/Countdown.uexp" 869
"C:/Users/conor/OneDrive/Desktop/Documents/GitHub/3D-Platformer-Semester-2/3DPlatformer/Content/Animations/AI/Rat/RatFast_Run_PhysicsAsset.uasset" 870
"C:/Users/conor/OneDrive/Desktop/Documents/GitHub/3D-Platformer-Semester-2/3DPlatformer/Content/Animations/AI/Rat/RatFast_Run_PhysicsAsset.uexp" 871
"C:/Users/conor/OneDrive/Desktop/Documents/GitHub/3D-Platformer-Semester-2/3DPlatformer/Content/Animations/AI/Rat/RatFast_Run.uasset" 872
"C:/Users/conor/OneDrive/Desktop/Documents/GitHub/3D-Platformer-Semester-2/3DPlatformer/Content/Animations/AI/Rat/RatFast_Run.uexp" 873
"C:/Users/conor/OneDrive/Desktop/Documents/GitHub/3D-Platformer-Semester-2/3DPlatformer/Content/Animations/AI/Rat/RatAttack_PhysicsAsset.uasset" 874
"C:/Users/conor/OneDrive/Desktop/Documents/GitHub/3D-Platformer-Semester-2/3DPlatformer/Content/Animations/AI/Rat/RatAttack_PhysicsAsset.uexp" 875
"C:/Users/conor/OneDrive/Desktop/Documents/GitHub/3D-Platformer-Semester-2/3DPlatformer/Content/Animations/AI/Rat/RatAttack.uasset" 876
"C:/Users/conor/OneDrive/Desktop/Documents/GitHub/3D-Platformer-Semester-2/3DPlatformer/Content/Animations/AI/Rat/RatAttack.uexp" 877
"C:/Users/conor/OneDrive/Desktop/Documents/GitHub/3D-Platformer-Semester-2/3DPlatformer/Content/Animations/AI/Rat/Idle_PhysicsAsset.uasset" 878
"C:/Users/conor/OneDrive/Desktop/Documents/GitHub/3D-Platformer-Semester-2/3DPlatformer/Content/Animations/AI/Rat/Idle_PhysicsAsset.uexp" 879
"C:/Users/conor/OneDrive/Desktop/Documents/GitHub/3D-Platformer-Semester-2/3DPlatformer/Content/Animations/AI/Rat/Idle.uasset" 880
"C:/Users/conor/OneDrive/Desktop/Documents/GitHub/3D-Platformer-Semester-2/3DPlatformer/Content/Animations/AI/Rat/Idle.uexp" 881
"../../../Engine/Plugins/Interchange/Assets/Content/Functions/MF_PhongToMetalRoughness.uasset" 882
"../../../Engine/Plugins/Interchange/Assets/Content/Functions/MF_PhongToMetalRoughness.uexp" 883
"C:/Users/conor/OneDrive/Desktop/Documents/GitHub/3D-Platformer-Semester-2/3DPlatformer/Content/Fab/Kitchen/individualsfiles/vert.uasset" 884
"C:/Users/conor/OneDrive/Desktop/Documents/GitHub/3D-Platformer-Semester-2/3DPlatformer/Content/Fab/Kitchen/individualsfiles/vert.uexp" 885
"C:/Users/conor/OneDrive/Desktop/Documents/GitHub/3D-Platformer-Semester-2/3DPlatformer/Content/Fab/Kitchen/individualsfiles/rouge.uasset" 886
"C:/Users/conor/OneDrive/Desktop/Documents/GitHub/3D-Platformer-Semester-2/3DPlatformer/Content/Fab/Kitchen/individualsfiles/rouge.uexp" 887
"C:/Users/conor/OneDrive/Desktop/Documents/GitHub/3D-Platformer-Semester-2/3DPlatformer/Content/Fab/Kitchen/individualsfiles/jauneor.uasset" 888
"C:/Users/conor/OneDrive/Desktop/Documents/GitHub/3D-Platformer-Semester-2/3DPlatformer/Content/Fab/Kitchen/individualsfiles/jauneor.uexp" 889
"C:/Users/conor/OneDrive/Desktop/Documents/GitHub/3D-Platformer-Semester-2/3DPlatformer/Content/Fab/Kitchen/individualsfiles/bleuverre.uasset" 890
"C:/Users/conor/OneDrive/Desktop/Documents/GitHub/3D-Platformer-Semester-2/3DPlatformer/Content/Fab/Kitchen/individualsfiles/bleuverre.uexp" 891
"C:/Users/conor/OneDrive/Desktop/Documents/GitHub/3D-Platformer-Semester-2/3DPlatformer/Content/Fab/Kitchen/individualsfiles/bleuplastic.uasset" 892
"C:/Users/conor/OneDrive/Desktop/Documents/GitHub/3D-Platformer-Semester-2/3DPlatformer/Content/Fab/Kitchen/individualsfiles/bleuplastic.uexp" 893
"C:/Users/conor/OneDrive/Desktop/Documents/GitHub/3D-Platformer-Semester-2/3DPlatformer/Content/Fab/Kitchen/individualsfiles/blancemission.uasset" 894
"C:/Users/conor/OneDrive/Desktop/Documents/GitHub/3D-Platformer-Semester-2/3DPlatformer/Content/Fab/Kitchen/individualsfiles/blancemission.uexp" 895
"C:/Users/conor/OneDrive/Desktop/Documents/GitHub/3D-Platformer-Semester-2/3DPlatformer/Content/Fab/Kitchen/individualsfiles/blanccarreaux.uasset" 896
"C:/Users/conor/OneDrive/Desktop/Documents/GitHub/3D-Platformer-Semester-2/3DPlatformer/Content/Fab/Kitchen/individualsfiles/blanccarreaux.uexp" 897
"C:/Users/conor/OneDrive/Desktop/Documents/GitHub/3D-Platformer-Semester-2/3DPlatformer/Content/Fab/KenneySurvivalPack/FBX_format/colormap.ubulk" 898
"C:/Users/conor/OneDrive/Desktop/Documents/GitHub/3D-Platformer-Semester-2/3DPlatformer/Content/Fab/KenneySurvivalPack/FBX_format/colormap.uasset" 899
"C:/Users/conor/OneDrive/Desktop/Documents/GitHub/3D-Platformer-Semester-2/3DPlatformer/Content/Fab/KenneySurvivalPack/FBX_format/colormap.uexp" 900
"C:/Users/conor/OneDrive/Desktop/Documents/GitHub/3D-Platformer-Semester-2/3DPlatformer/Content/Fab/KenneySurvivalPack/FBX_format/colormap1.uasset" 901
"C:/Users/conor/OneDrive/Desktop/Documents/GitHub/3D-Platformer-Semester-2/3DPlatformer/Content/Fab/KenneySurvivalPack/FBX_format/colormap1.uexp" 902
"C:/Users/conor/OneDrive/Desktop/Documents/GitHub/3D-Platformer-Semester-2/3DPlatformer/Content/Fab/KenneySurvivalPack/FBX_format/chest_Skeleton.uasset" 903
"C:/Users/conor/OneDrive/Desktop/Documents/GitHub/3D-Platformer-Semester-2/3DPlatformer/Content/Fab/KenneySurvivalPack/FBX_format/chest_Skeleton.uexp" 904
"C:/Users/conor/OneDrive/Desktop/Documents/GitHub/3D-Platformer-Semester-2/3DPlatformer/Content/Fab/KenneySurvivalPack/FBX_format/chest_PhysicsAsset.uasset" 905
"C:/Users/conor/OneDrive/Desktop/Documents/GitHub/3D-Platformer-Semester-2/3DPlatformer/Content/Fab/KenneySurvivalPack/FBX_format/chest_PhysicsAsset.uexp" 906
"C:/Users/conor/OneDrive/Desktop/Documents/GitHub/3D-Platformer-Semester-2/3DPlatformer/Content/Fab/KenneySurvivalPack/FBX_format/chest.uasset" 907
"C:/Users/conor/OneDrive/Desktop/Documents/GitHub/3D-Platformer-Semester-2/3DPlatformer/Content/Fab/KenneySurvivalPack/FBX_format/chest.uexp" 908
"C:/Users/conor/OneDrive/Desktop/Documents/GitHub/3D-Platformer-Semester-2/3DPlatformer/Content/Fab/KenneyGraveyardPack/FBX_format/colormap.ubulk" 909
"C:/Users/conor/OneDrive/Desktop/Documents/GitHub/3D-Platformer-Semester-2/3DPlatformer/Content/Fab/KenneyGraveyardPack/FBX_format/colormap.uasset" 910
"C:/Users/conor/OneDrive/Desktop/Documents/GitHub/3D-Platformer-Semester-2/3DPlatformer/Content/Fab/KenneyGraveyardPack/FBX_format/colormap.uexp" 911
"C:/Users/conor/OneDrive/Desktop/Documents/GitHub/3D-Platformer-Semester-2/3DPlatformer/Content/Fab/KenneyGraveyardPack/FBX_format/colormap1.uasset" 912
"C:/Users/conor/OneDrive/Desktop/Documents/GitHub/3D-Platformer-Semester-2/3DPlatformer/Content/Fab/KenneyGraveyardPack/FBX_format/colormap1.uexp" 913
"C:/Users/conor/OneDrive/Desktop/Documents/GitHub/3D-Platformer-Semester-2/3DPlatformer/Content/Fab/KenneyGraveyardPack/FBX_format/crypt-large-door_Skeleton.uasset" 914
"C:/Users/conor/OneDrive/Desktop/Documents/GitHub/3D-Platformer-Semester-2/3DPlatformer/Content/Fab/KenneyGraveyardPack/FBX_format/crypt-large-door_Skeleton.uexp" 915
"C:/Users/conor/OneDrive/Desktop/Documents/GitHub/3D-Platformer-Semester-2/3DPlatformer/Content/Fab/KenneyGraveyardPack/FBX_format/crypt-large-door_PhysicsAsset.uasset" 916
"C:/Users/conor/OneDrive/Desktop/Documents/GitHub/3D-Platformer-Semester-2/3DPlatformer/Content/Fab/KenneyGraveyardPack/FBX_format/crypt-large-door_PhysicsAsset.uexp" 917
"C:/Users/conor/OneDrive/Desktop/Documents/GitHub/3D-Platformer-Semester-2/3DPlatformer/Content/Fab/KenneyGraveyardPack/FBX_format/crypt-large-door.uasset" 918
"C:/Users/conor/OneDrive/Desktop/Documents/GitHub/3D-Platformer-Semester-2/3DPlatformer/Content/Fab/KenneyGraveyardPack/FBX_format/crypt-large-door.uexp" 919
"C:/Users/conor/OneDrive/Desktop/Documents/GitHub/3D-Platformer-Semester-2/3DPlatformer/Content/Fab/KenneyGraveyardPack/FBX_format/crypt-door_Skeleton.uasset" 920
"C:/Users/conor/OneDrive/Desktop/Documents/GitHub/3D-Platformer-Semester-2/3DPlatformer/Content/Fab/KenneyGraveyardPack/FBX_format/crypt-door_Skeleton.uexp" 921
"C:/Users/conor/OneDrive/Desktop/Documents/GitHub/3D-Platformer-Semester-2/3DPlatformer/Content/Fab/KenneyGraveyardPack/FBX_format/crypt-door_PhysicsAsset.uasset" 922
"C:/Users/conor/OneDrive/Desktop/Documents/GitHub/3D-Platformer-Semester-2/3DPlatformer/Content/Fab/KenneyGraveyardPack/FBX_format/crypt-door_PhysicsAsset.uexp" 923
"C:/Users/conor/OneDrive/Desktop/Documents/GitHub/3D-Platformer-Semester-2/3DPlatformer/Content/Fab/KenneyGraveyardPack/FBX_format/crypt-door.uasset" 924
"C:/Users/conor/OneDrive/Desktop/Documents/GitHub/3D-Platformer-Semester-2/3DPlatformer/Content/Fab/KenneyGraveyardPack/FBX_format/crypt-door.uexp" 925
"C:/Users/conor/OneDrive/Desktop/Documents/GitHub/3D-Platformer-Semester-2/3DPlatformer/Content/Fab/KenneyGraveyardPack/FBX_format/character-ghost_Skeleton.uasset" 926
"C:/Users/conor/OneDrive/Desktop/Documents/GitHub/3D-Platformer-Semester-2/3DPlatformer/Content/Fab/KenneyGraveyardPack/FBX_format/character-ghost_Skeleton.uexp" 927
"C:/Users/conor/OneDrive/Desktop/Documents/GitHub/3D-Platformer-Semester-2/3DPlatformer/Content/Fab/KenneyGraveyardPack/FBX_format/character-ghost_PhysicsAsset.uasset" 928
"C:/Users/conor/OneDrive/Desktop/Documents/GitHub/3D-Platformer-Semester-2/3DPlatformer/Content/Fab/KenneyGraveyardPack/FBX_format/character-ghost_PhysicsAsset.uexp" 929
"C:/Users/conor/OneDrive/Desktop/Documents/GitHub/3D-Platformer-Semester-2/3DPlatformer/Content/Fab/KenneyGraveyardPack/FBX_format/character-ghost.uasset" 930
"C:/Users/conor/OneDrive/Desktop/Documents/GitHub/3D-Platformer-Semester-2/3DPlatformer/Content/Fab/KenneyGraveyardPack/FBX_format/character-ghost.uexp" 931
"C:/Users/conor/OneDrive/Desktop/Documents/GitHub/3D-Platformer-Semester-2/3DPlatformer/Content/Characters/Mannequins/Rigs/PA_Mannequin.uasset" 932
"C:/Users/conor/OneDrive/Desktop/Documents/GitHub/3D-Platformer-Semester-2/3DPlatformer/Content/Characters/Mannequins/Rigs/PA_Mannequin.uexp" 933
"C:/Users/conor/OneDrive/Desktop/Documents/GitHub/3D-Platformer-Semester-2/3DPlatformer/Content/Characters/Mannequins/Textures/Manny/T_Manny_02_MRA.ubulk" 934
"C:/Users/conor/OneDrive/Desktop/Documents/GitHub/3D-Platformer-Semester-2/3DPlatformer/Content/Characters/Mannequins/Textures/Manny/T_Manny_02_MRA.uasset" 935
"C:/Users/conor/OneDrive/Desktop/Documents/GitHub/3D-Platformer-Semester-2/3DPlatformer/Content/Characters/Mannequins/Textures/Manny/T_Manny_02_MRA.uexp" 936
"C:/Users/conor/OneDrive/Desktop/Documents/GitHub/3D-Platformer-Semester-2/3DPlatformer/Content/Characters/Mannequins/Textures/Manny/T_Manny_02_D.ubulk" 937
"C:/Users/conor/OneDrive/Desktop/Documents/GitHub/3D-Platformer-Semester-2/3DPlatformer/Content/Characters/Mannequins/Textures/Manny/T_Manny_02_D.uasset" 938
"C:/Users/conor/OneDrive/Desktop/Documents/GitHub/3D-Platformer-Semester-2/3DPlatformer/Content/Characters/Mannequins/Textures/Manny/T_Manny_02_D.uexp" 939
"C:/Users/conor/OneDrive/Desktop/Documents/GitHub/3D-Platformer-Semester-2/3DPlatformer/Content/Characters/Mannequins/Textures/Manny/T_Manny_02_BN.ubulk" 940
"C:/Users/conor/OneDrive/Desktop/Documents/GitHub/3D-Platformer-Semester-2/3DPlatformer/Content/Characters/Mannequins/Textures/Manny/T_Manny_02_BN.uasset" 941
"C:/Users/conor/OneDrive/Desktop/Documents/GitHub/3D-Platformer-Semester-2/3DPlatformer/Content/Characters/Mannequins/Textures/Manny/T_Manny_02_BN.uexp" 942
"C:/Users/conor/OneDrive/Desktop/Documents/GitHub/3D-Platformer-Semester-2/3DPlatformer/Content/Characters/Mannequins/Textures/Manny/T_Manny_01_MRA.ubulk" 943
"C:/Users/conor/OneDrive/Desktop/Documents/GitHub/3D-Platformer-Semester-2/3DPlatformer/Content/Characters/Mannequins/Textures/Manny/T_Manny_01_MRA.uasset" 944
"C:/Users/conor/OneDrive/Desktop/Documents/GitHub/3D-Platformer-Semester-2/3DPlatformer/Content/Characters/Mannequins/Textures/Manny/T_Manny_01_MRA.uexp" 945
"C:/Users/conor/OneDrive/Desktop/Documents/GitHub/3D-Platformer-Semester-2/3DPlatformer/Content/Characters/Mannequins/Textures/Manny/T_Manny_01_D.ubulk" 946
"C:/Users/conor/OneDrive/Desktop/Documents/GitHub/3D-Platformer-Semester-2/3DPlatformer/Content/Characters/Mannequins/Textures/Manny/T_Manny_01_D.uasset" 947
"C:/Users/conor/OneDrive/Desktop/Documents/GitHub/3D-Platformer-Semester-2/3DPlatformer/Content/Characters/Mannequins/Textures/Manny/T_Manny_01_D.uexp" 948
"C:/Users/conor/OneDrive/Desktop/Documents/GitHub/3D-Platformer-Semester-2/3DPlatformer/Content/Characters/Mannequins/Textures/Manny/T_Manny_01_BN.ubulk" 949
"C:/Users/conor/OneDrive/Desktop/Documents/GitHub/3D-Platformer-Semester-2/3DPlatformer/Content/Characters/Mannequins/Textures/Manny/T_Manny_01_BN.uasset" 950
"C:/Users/conor/OneDrive/Desktop/Documents/GitHub/3D-Platformer-Semester-2/3DPlatformer/Content/Characters/Mannequins/Textures/Manny/T_Manny_01_BN.uexp" 951
"C:/Users/conor/OneDrive/Desktop/Documents/GitHub/3D-Platformer-Semester-2/3DPlatformer/Content/Characters/Mannequins/Textures/Shared/T_UE_Logo_M.uasset" 952
"C:/Users/conor/OneDrive/Desktop/Documents/GitHub/3D-Platformer-Semester-2/3DPlatformer/Content/Characters/Mannequins/Textures/Shared/T_UE_Logo_M.uexp" 953
"C:/Users/conor/OneDrive/Desktop/Documents/GitHub/3D-Platformer-Semester-2/3DPlatformer/Content/Characters/Mannequins/Materials/M_Mannequin.uasset" 954
"C:/Users/conor/OneDrive/Desktop/Documents/GitHub/3D-Platformer-Semester-2/3DPlatformer/Content/Characters/Mannequins/Materials/M_Mannequin.uexp" 955
"C:/Users/conor/OneDrive/Desktop/Documents/GitHub/3D-Platformer-Semester-2/3DPlatformer/Content/Characters/Mannequins/Materials/Manny/MI_Manny_01_New.uasset" 956
"C:/Users/conor/OneDrive/Desktop/Documents/GitHub/3D-Platformer-Semester-2/3DPlatformer/Content/Characters/Mannequins/Materials/Manny/MI_Manny_01_New.uexp" 957
"C:/Users/conor/OneDrive/Desktop/Documents/GitHub/3D-Platformer-Semester-2/3DPlatformer/Content/Characters/Mannequins/Materials/Manny/MI_Manny_02_New.uasset" 958
"C:/Users/conor/OneDrive/Desktop/Documents/GitHub/3D-Platformer-Semester-2/3DPlatformer/Content/Characters/Mannequins/Materials/Manny/MI_Manny_02_New.uexp" 959
"C:/Users/conor/OneDrive/Desktop/Documents/GitHub/3D-Platformer-Semester-2/3DPlatformer/Content/Characters/Mannequins/Meshes/SKM_Manny_Simple.uasset" 960
"C:/Users/conor/OneDrive/Desktop/Documents/GitHub/3D-Platformer-Semester-2/3DPlatformer/Content/Characters/Mannequins/Meshes/SKM_Manny_Simple.uexp" 961
"C:/Users/conor/OneDrive/Desktop/Documents/GitHub/3D-Platformer-Semester-2/3DPlatformer/Content/Characters/Mannequins/Meshes/openPBR_shader1.uasset" 962
"C:/Users/conor/OneDrive/Desktop/Documents/GitHub/3D-Platformer-Semester-2/3DPlatformer/Content/Characters/Mannequins/Meshes/openPBR_shader1.uexp" 963
"C:/Users/conor/OneDrive/Desktop/Documents/GitHub/3D-Platformer-Semester-2/3DPlatformer/Content/Characters/Mannequins/Meshes/Gooberman__1__PhysicsAsset.uasset" 964
"C:/Users/conor/OneDrive/Desktop/Documents/GitHub/3D-Platformer-Semester-2/3DPlatformer/Content/Characters/Mannequins/Meshes/Gooberman__1__PhysicsAsset.uexp" 965
"C:/Users/conor/OneDrive/Desktop/Documents/GitHub/3D-Platformer-Semester-2/3DPlatformer/Content/Characters/Mannequins/Meshes/Gooberman__1_.uasset" 966
"C:/Users/conor/OneDrive/Desktop/Documents/GitHub/3D-Platformer-Semester-2/3DPlatformer/Content/Characters/Mannequins/Meshes/Gooberman__1_.uexp" 967
"../../../Engine/Content/Functions/Engine_MaterialFunctions01/Shading/PowerToRoughness.uasset" 968
"../../../Engine/Content/Functions/Engine_MaterialFunctions01/Shading/PowerToRoughness.uexp" 969
"../../../Engine/Content/EngineMaterials/Substrate/GLints/AGlintTex2dArray.uasset" 970
"../../../Engine/Content/EngineMaterials/Substrate/GLints/AGlintTex2dArray.uexp" 971
"../../../Engine/Content/ArtTools/RenderToTexture/Meshes/S_1_Unit_Plane.ubulk" 972
"../../../Engine/Content/ArtTools/RenderToTexture/Meshes/S_1_Unit_Plane.uasset" 973
"../../../Engine/Content/ArtTools/RenderToTexture/Meshes/S_1_Unit_Plane.uexp" 974
"C:/Users/conor/OneDrive/Desktop/Documents/GitHub/3D-Platformer-Semester-2/3DPlatformer/Content/ThirdPerson/Blueprints/Gooberman_Skeleton.uasset" 975
"C:/Users/conor/OneDrive/Desktop/Documents/GitHub/3D-Platformer-Semester-2/3DPlatformer/Content/ThirdPerson/Blueprints/Gooberman_Skeleton.uexp" 976
"C:/Users/conor/OneDrive/Desktop/Documents/GitHub/3D-Platformer-Semester-2/3DPlatformer/Content/ThirdPerson/Blueprints/CharacterAnimations/SuckingWalking_PhysicsAsset.uasset" 977
"C:/Users/conor/OneDrive/Desktop/Documents/GitHub/3D-Platformer-Semester-2/3DPlatformer/Content/ThirdPerson/Blueprints/CharacterAnimations/SuckingWalking_PhysicsAsset.uexp" 978
"C:/Users/conor/OneDrive/Desktop/Documents/GitHub/3D-Platformer-Semester-2/3DPlatformer/Content/ThirdPerson/Blueprints/CharacterAnimations/openPBR_shader1.uasset" 979
"C:/Users/conor/OneDrive/Desktop/Documents/GitHub/3D-Platformer-Semester-2/3DPlatformer/Content/ThirdPerson/Blueprints/CharacterAnimations/openPBR_shader1.uexp" 980
"C:/Users/conor/OneDrive/Desktop/Documents/GitHub/3D-Platformer-Semester-2/3DPlatformer/Content/ThirdPerson/Blueprints/CharacterAnimations/SuckingWalking.uasset" 981
"C:/Users/conor/OneDrive/Desktop/Documents/GitHub/3D-Platformer-Semester-2/3DPlatformer/Content/ThirdPerson/Blueprints/CharacterAnimations/SuckingWalking.uexp" 982
"C:/Users/conor/OneDrive/Desktop/Documents/GitHub/3D-Platformer-Semester-2/3DPlatformer/Content/ThirdPerson/Blueprints/CharacterAnimations/Sucking_PhysicsAsset.uasset" 983
"C:/Users/conor/OneDrive/Desktop/Documents/GitHub/3D-Platformer-Semester-2/3DPlatformer/Content/ThirdPerson/Blueprints/CharacterAnimations/Sucking_PhysicsAsset.uexp" 984
"C:/Users/conor/OneDrive/Desktop/Documents/GitHub/3D-Platformer-Semester-2/3DPlatformer/Content/ThirdPerson/Blueprints/CharacterAnimations/Sucking.uasset" 985
"C:/Users/conor/OneDrive/Desktop/Documents/GitHub/3D-Platformer-Semester-2/3DPlatformer/Content/ThirdPerson/Blueprints/CharacterAnimations/Sucking.uexp" 986
"C:/Users/conor/OneDrive/Desktop/Documents/GitHub/3D-Platformer-Semester-2/3DPlatformer/Content/ThirdPerson/Blueprints/CharacterAnimations/Running_PhysicsAsset.uasset" 987
"C:/Users/conor/OneDrive/Desktop/Documents/GitHub/3D-Platformer-Semester-2/3DPlatformer/Content/ThirdPerson/Blueprints/CharacterAnimations/Running_PhysicsAsset.uexp" 988
"C:/Users/conor/OneDrive/Desktop/Documents/GitHub/3D-Platformer-Semester-2/3DPlatformer/Content/ThirdPerson/Blueprints/CharacterAnimations/Running.uasset" 989
"C:/Users/conor/OneDrive/Desktop/Documents/GitHub/3D-Platformer-Semester-2/3DPlatformer/Content/ThirdPerson/Blueprints/CharacterAnimations/Running.uexp" 990
"C:/Users/conor/OneDrive/Desktop/Documents/GitHub/3D-Platformer-Semester-2/3DPlatformer/Content/ThirdPerson/Blueprints/CharacterAnimations/Jumping_Up_PhysicsAsset.uasset" 991
"C:/Users/conor/OneDrive/Desktop/Documents/GitHub/3D-Platformer-Semester-2/3DPlatformer/Content/ThirdPerson/Blueprints/CharacterAnimations/Jumping_Up_PhysicsAsset.uexp" 992
"C:/Users/conor/OneDrive/Desktop/Documents/GitHub/3D-Platformer-Semester-2/3DPlatformer/Content/ThirdPerson/Blueprints/CharacterAnimations/Jumping_Up.uasset" 993
"C:/Users/conor/OneDrive/Desktop/Documents/GitHub/3D-Platformer-Semester-2/3DPlatformer/Content/ThirdPerson/Blueprints/CharacterAnimations/Jumping_Up.uexp" 994
"C:/Users/conor/OneDrive/Desktop/Documents/GitHub/3D-Platformer-Semester-2/3DPlatformer/Content/ThirdPerson/Blueprints/CharacterAnimations/Idle_PhysicsAsset.uasset" 995
"C:/Users/conor/OneDrive/Desktop/Documents/GitHub/3D-Platformer-Semester-2/3DPlatformer/Content/ThirdPerson/Blueprints/CharacterAnimations/Idle_PhysicsAsset.uexp" 996
"C:/Users/conor/OneDrive/Desktop/Documents/GitHub/3D-Platformer-Semester-2/3DPlatformer/Content/ThirdPerson/Blueprints/CharacterAnimations/Idle.uasset" 997
"C:/Users/conor/OneDrive/Desktop/Documents/GitHub/3D-Platformer-Semester-2/3DPlatformer/Content/ThirdPerson/Blueprints/CharacterAnimations/Idle.uexp" 998
"C:/Users/conor/OneDrive/Desktop/Documents/GitHub/3D-Platformer-Semester-2/3DPlatformer/Content/ThirdPerson/Blueprints/CharacterAnimations/Falling_Idle_PhysicsAsset.uasset" 999
"C:/Users/conor/OneDrive/Desktop/Documents/GitHub/3D-Platformer-Semester-2/3DPlatformer/Content/ThirdPerson/Blueprints/CharacterAnimations/Falling_Idle_PhysicsAsset.uexp" 1000
"C:/Users/conor/OneDrive/Desktop/Documents/GitHub/3D-Platformer-Semester-2/3DPlatformer/Content/ThirdPerson/Blueprints/CharacterAnimations/Falling_Idle.uasset" 1001
"C:/Users/conor/OneDrive/Desktop/Documents/GitHub/3D-Platformer-Semester-2/3DPlatformer/Content/ThirdPerson/Blueprints/CharacterAnimations/Falling_Idle.uexp" 1002
"../../../Engine/Content/EngineMaterials/Substrate/Volume/SubstrateSimpleVolumeLUT3D.uasset" 1003
"../../../Engine/Content/EngineMaterials/Substrate/Volume/SubstrateSimpleVolumeLUT3D.uexp" 1004
"../../../Engine/Content/EngineMaterials/Substrate/Volume/SubstrateSimpleVolumeEnvLUT3D.uasset" 1005
"../../../Engine/Content/EngineMaterials/Substrate/Volume/SubstrateSimpleVolumeEnvLUT3D.uexp" 1006
"../../../Engine/Content/EngineMaterials/Substrate/Glints2/AGlintTex2dArray2.uasset" 1007
"../../../Engine/Content/EngineMaterials/Substrate/Glints2/AGlintTex2dArray2.uexp" 1008
"C:/Users/conor/OneDrive/Desktop/Documents/GitHub/3D-Platformer-Semester-2/3DPlatformer/Content/Characters/Mannequins/Anims/Unarmed/MM_Idle.uasset" 1009
"C:/Users/conor/OneDrive/Desktop/Documents/GitHub/3D-Platformer-Semester-2/3DPlatformer/Content/Characters/Mannequins/Anims/Unarmed/MM_Idle.uexp" 1010
"../../../Engine/Plugins/Animation/ACLPlugin/Content/ACLAnimCurveCompressionSettings.uasset" 1011
"../../../Engine/Plugins/Animation/ACLPlugin/Content/ACLAnimCurveCompressionSettings.uexp" 1012
"C:/Users/conor/OneDrive/Desktop/Documents/GitHub/3D-Platformer-Semester-2/3DPlatformer/Content/Characters/Mannequins/Anims/Unarmed/Walk/MF_Unarmed_Walk_Right.uasset" 1013
"C:/Users/conor/OneDrive/Desktop/Documents/GitHub/3D-Platformer-Semester-2/3DPlatformer/Content/Characters/Mannequins/Anims/Unarmed/Walk/MF_Unarmed_Walk_Right.uexp" 1014
"C:/Users/conor/OneDrive/Desktop/Documents/GitHub/3D-Platformer-Semester-2/3DPlatformer/Content/Characters/Mannequins/Anims/Unarmed/Walk/MF_Unarmed_Walk_Left.uasset" 1015
"C:/Users/conor/OneDrive/Desktop/Documents/GitHub/3D-Platformer-Semester-2/3DPlatformer/Content/Characters/Mannequins/Anims/Unarmed/Walk/MF_Unarmed_Walk_Left.uexp" 1016
"../../../Engine/Content/Animation/DefaultRecorderBoneCompression.uasset" 1017
"../../../Engine/Content/Animation/DefaultRecorderBoneCompression.uexp" 1018
"C:/Users/conor/OneDrive/Desktop/Documents/GitHub/3D-Platformer-Semester-2/3DPlatformer/Content/Characters/Mannequins/Anims/Unarmed/Walk/MF_Unarmed_Walk_Fwd_Right.uasset" 1019
"C:/Users/conor/OneDrive/Desktop/Documents/GitHub/3D-Platformer-Semester-2/3DPlatformer/Content/Characters/Mannequins/Anims/Unarmed/Walk/MF_Unarmed_Walk_Fwd_Right.uexp" 1020
"C:/Users/conor/OneDrive/Desktop/Documents/GitHub/3D-Platformer-Semester-2/3DPlatformer/Content/Characters/Mannequins/Anims/Unarmed/Walk/MF_Unarmed_Walk_Fwd_Left.uasset" 1021
"C:/Users/conor/OneDrive/Desktop/Documents/GitHub/3D-Platformer-Semester-2/3DPlatformer/Content/Characters/Mannequins/Anims/Unarmed/Walk/MF_Unarmed_Walk_Fwd_Left.uexp" 1022
"C:/Users/conor/OneDrive/Desktop/Documents/GitHub/3D-Platformer-Semester-2/3DPlatformer/Content/Characters/Mannequins/Anims/Unarmed/Walk/MF_Unarmed_Walk_Fwd.uasset" 1023
"C:/Users/conor/OneDrive/Desktop/Documents/GitHub/3D-Platformer-Semester-2/3DPlatformer/Content/Characters/Mannequins/Anims/Unarmed/Walk/MF_Unarmed_Walk_Fwd.uexp" 1024
"C:/Users/conor/OneDrive/Desktop/Documents/GitHub/3D-Platformer-Semester-2/3DPlatformer/Content/Characters/Mannequins/Anims/Unarmed/Walk/MF_Unarmed_Walk_Bwd_Right.uasset" 1025
"C:/Users/conor/OneDrive/Desktop/Documents/GitHub/3D-Platformer-Semester-2/3DPlatformer/Content/Characters/Mannequins/Anims/Unarmed/Walk/MF_Unarmed_Walk_Bwd_Right.uexp" 1026
"C:/Users/conor/OneDrive/Desktop/Documents/GitHub/3D-Platformer-Semester-2/3DPlatformer/Content/Characters/Mannequins/Anims/Unarmed/Walk/MF_Unarmed_Walk_Bwd_Left.uasset" 1027
"C:/Users/conor/OneDrive/Desktop/Documents/GitHub/3D-Platformer-Semester-2/3DPlatformer/Content/Characters/Mannequins/Anims/Unarmed/Walk/MF_Unarmed_Walk_Bwd_Left.uexp" 1028
"C:/Users/conor/OneDrive/Desktop/Documents/GitHub/3D-Platformer-Semester-2/3DPlatformer/Content/Characters/Mannequins/Anims/Unarmed/Walk/MF_Unarmed_Walk_Bwd.uasset" 1029
"C:/Users/conor/OneDrive/Desktop/Documents/GitHub/3D-Platformer-Semester-2/3DPlatformer/Content/Characters/Mannequins/Anims/Unarmed/Walk/MF_Unarmed_Walk_Bwd.uexp" 1030
"C:/Users/conor/OneDrive/Desktop/Documents/GitHub/3D-Platformer-Semester-2/3DPlatformer/Content/Characters/Mannequins/Anims/Unarmed/Jog/MF_Unarmed_Jog_Bwd.uasset" 1031
"C:/Users/conor/OneDrive/Desktop/Documents/GitHub/3D-Platformer-Semester-2/3DPlatformer/Content/Characters/Mannequins/Anims/Unarmed/Jog/MF_Unarmed_Jog_Bwd.uexp" 1032
"C:/Users/conor/OneDrive/Desktop/Documents/GitHub/3D-Platformer-Semester-2/3DPlatformer/Content/Characters/Mannequins/Anims/Unarmed/Jog/MF_Unarmed_Jog_Bwd_Left.uasset" 1033
"C:/Users/conor/OneDrive/Desktop/Documents/GitHub/3D-Platformer-Semester-2/3DPlatformer/Content/Characters/Mannequins/Anims/Unarmed/Jog/MF_Unarmed_Jog_Bwd_Left.uexp" 1034
"C:/Users/conor/OneDrive/Desktop/Documents/GitHub/3D-Platformer-Semester-2/3DPlatformer/Content/Characters/Mannequins/Anims/Unarmed/Jog/MF_Unarmed_Jog_Bwd_Right.uasset" 1035
"C:/Users/conor/OneDrive/Desktop/Documents/GitHub/3D-Platformer-Semester-2/3DPlatformer/Content/Characters/Mannequins/Anims/Unarmed/Jog/MF_Unarmed_Jog_Bwd_Right.uexp" 1036
"C:/Users/conor/OneDrive/Desktop/Documents/GitHub/3D-Platformer-Semester-2/3DPlatformer/Content/Characters/Mannequins/Anims/Unarmed/Jog/MF_Unarmed_Jog_Fwd.uasset" 1037
"C:/Users/conor/OneDrive/Desktop/Documents/GitHub/3D-Platformer-Semester-2/3DPlatformer/Content/Characters/Mannequins/Anims/Unarmed/Jog/MF_Unarmed_Jog_Fwd.uexp" 1038
"C:/Users/conor/OneDrive/Desktop/Documents/GitHub/3D-Platformer-Semester-2/3DPlatformer/Content/Characters/Mannequins/Anims/Unarmed/Jog/MF_Unarmed_Jog_Fwd_Left.uasset" 1039
"C:/Users/conor/OneDrive/Desktop/Documents/GitHub/3D-Platformer-Semester-2/3DPlatformer/Content/Characters/Mannequins/Anims/Unarmed/Jog/MF_Unarmed_Jog_Fwd_Left.uexp" 1040
"C:/Users/conor/OneDrive/Desktop/Documents/GitHub/3D-Platformer-Semester-2/3DPlatformer/Content/Characters/Mannequins/Anims/Unarmed/Jog/MF_Unarmed_Jog_Fwd_Right.uasset" 1041
"C:/Users/conor/OneDrive/Desktop/Documents/GitHub/3D-Platformer-Semester-2/3DPlatformer/Content/Characters/Mannequins/Anims/Unarmed/Jog/MF_Unarmed_Jog_Fwd_Right.uexp" 1042
"C:/Users/conor/OneDrive/Desktop/Documents/GitHub/3D-Platformer-Semester-2/3DPlatformer/Content/Characters/Mannequins/Anims/Unarmed/Jog/MF_Unarmed_Jog_Left.uasset" 1043
"C:/Users/conor/OneDrive/Desktop/Documents/GitHub/3D-Platformer-Semester-2/3DPlatformer/Content/Characters/Mannequins/Anims/Unarmed/Jog/MF_Unarmed_Jog_Left.uexp" 1044
"C:/Users/conor/OneDrive/Desktop/Documents/GitHub/3D-Platformer-Semester-2/3DPlatformer/Content/Characters/Mannequins/Anims/Unarmed/Jog/MF_Unarmed_Jog_Right.uasset" 1045
"C:/Users/conor/OneDrive/Desktop/Documents/GitHub/3D-Platformer-Semester-2/3DPlatformer/Content/Characters/Mannequins/Anims/Unarmed/Jog/MF_Unarmed_Jog_Right.uexp" 1046
"C:/Users/conor/OneDrive/Desktop/Documents/GitHub/3D-Platformer-Semester-2/3DPlatformer/Content/Characters/Mannequins/Anims/Unarmed/BS_Idle_Walk_Run.uasset" 1047
"C:/Users/conor/OneDrive/Desktop/Documents/GitHub/3D-Platformer-Semester-2/3DPlatformer/Content/Characters/Mannequins/Anims/Unarmed/BS_Idle_Walk_Run.uexp" 1048
"C:/Users/conor/OneDrive/Desktop/Documents/GitHub/3D-Platformer-Semester-2/3DPlatformer/Content/LevelPrototyping/Interactable/Target/Assets/SM_TargetBaseMesh.ubulk" 1049
"C:/Users/conor/OneDrive/Desktop/Documents/GitHub/3D-Platformer-Semester-2/3DPlatformer/Content/LevelPrototyping/Interactable/Target/Assets/SM_TargetBaseMesh.uasset" 1050
"C:/Users/conor/OneDrive/Desktop/Documents/GitHub/3D-Platformer-Semester-2/3DPlatformer/Content/LevelPrototyping/Interactable/Target/Assets/SM_TargetBaseMesh.uexp" 1051
"../../../Engine/Plugins/FX/Niagara/Content/DefaultAssets/DefaultSpriteMaterial.uasset" 1052
"../../../Engine/Plugins/FX/Niagara/Content/DefaultAssets/DefaultSpriteMaterial.uexp" 1053
"../../../Engine/Content/Functions/Engine_MaterialFunctions01/Gradient/LinearGradient.uasset" 1054
"../../../Engine/Content/Functions/Engine_MaterialFunctions01/Gradient/LinearGradient.uexp" 1055
"C:/Users/conor/OneDrive/Desktop/Documents/GitHub/3D-Platformer-Semester-2/3DPlatformer/Content/LevelPrototyping/Interactable/JumpPad/Assets/Materials/M_GradientGlow.uasset" 1056
"C:/Users/conor/OneDrive/Desktop/Documents/GitHub/3D-Platformer-Semester-2/3DPlatformer/Content/LevelPrototyping/Interactable/JumpPad/Assets/Materials/M_GradientGlow.uexp" 1057
"C:/Users/conor/OneDrive/Desktop/Documents/GitHub/3D-Platformer-Semester-2/3DPlatformer/Content/LevelPrototyping/Interactable/JumpPad/Assets/Meshes/SM_CircularGlow.ubulk" 1058
"C:/Users/conor/OneDrive/Desktop/Documents/GitHub/3D-Platformer-Semester-2/3DPlatformer/Content/LevelPrototyping/Interactable/JumpPad/Assets/Meshes/SM_CircularGlow.uasset" 1059
"C:/Users/conor/OneDrive/Desktop/Documents/GitHub/3D-Platformer-Semester-2/3DPlatformer/Content/LevelPrototyping/Interactable/JumpPad/Assets/Meshes/SM_CircularGlow.uexp" 1060
"C:/Users/conor/OneDrive/Desktop/Documents/GitHub/3D-Platformer-Semester-2/3DPlatformer/Content/LevelPrototyping/Interactable/JumpPad/Assets/Materials/M_SimpleGlow.uasset" 1061
"C:/Users/conor/OneDrive/Desktop/Documents/GitHub/3D-Platformer-Semester-2/3DPlatformer/Content/LevelPrototyping/Interactable/JumpPad/Assets/Materials/M_SimpleGlow.uexp" 1062
"C:/Users/conor/OneDrive/Desktop/Documents/GitHub/3D-Platformer-Semester-2/3DPlatformer/Content/LevelPrototyping/Interactable/JumpPad/Assets/Meshes/SM_CircularBand.ubulk" 1063
"C:/Users/conor/OneDrive/Desktop/Documents/GitHub/3D-Platformer-Semester-2/3DPlatformer/Content/LevelPrototyping/Interactable/JumpPad/Assets/Meshes/SM_CircularBand.uasset" 1064
"C:/Users/conor/OneDrive/Desktop/Documents/GitHub/3D-Platformer-Semester-2/3DPlatformer/Content/LevelPrototyping/Interactable/JumpPad/Assets/Meshes/SM_CircularBand.uexp" 1065
"C:/Users/conor/OneDrive/Desktop/Documents/GitHub/3D-Platformer-Semester-2/3DPlatformer/Content/LevelPrototyping/Interactable/JumpPad/Assets/NS_JumpPad.uasset" 1066
"C:/Users/conor/OneDrive/Desktop/Documents/GitHub/3D-Platformer-Semester-2/3DPlatformer/Content/LevelPrototyping/Interactable/JumpPad/Assets/NS_JumpPad.uexp" 1067
"C:/Users/conor/OneDrive/Desktop/Documents/GitHub/3D-Platformer-Semester-2/3DPlatformer/Content/Fab/Shield/shield/Textures/shield_texture_0.ubulk" 1068
"C:/Users/conor/OneDrive/Desktop/Documents/GitHub/3D-Platformer-Semester-2/3DPlatformer/Content/Fab/Shield/shield/Textures/shield_texture_0.uasset" 1069
"C:/Users/conor/OneDrive/Desktop/Documents/GitHub/3D-Platformer-Semester-2/3DPlatformer/Content/Fab/Shield/shield/Textures/shield_texture_0.uexp" 1070
"C:/Users/conor/OneDrive/Desktop/Documents/GitHub/3D-Platformer-Semester-2/3DPlatformer/Content/Fab/Shield/shield/Textures/shield_texture_1.ubulk" 1071
"C:/Users/conor/OneDrive/Desktop/Documents/GitHub/3D-Platformer-Semester-2/3DPlatformer/Content/Fab/Shield/shield/Textures/shield_texture_1.uasset" 1072
"C:/Users/conor/OneDrive/Desktop/Documents/GitHub/3D-Platformer-Semester-2/3DPlatformer/Content/Fab/Shield/shield/Textures/shield_texture_1.uexp" 1073
"C:/Users/conor/OneDrive/Desktop/Documents/GitHub/3D-Platformer-Semester-2/3DPlatformer/Content/Fab/Shield/shield/Textures/shield_texture_2.ubulk" 1074
"C:/Users/conor/OneDrive/Desktop/Documents/GitHub/3D-Platformer-Semester-2/3DPlatformer/Content/Fab/Shield/shield/Textures/shield_texture_2.uasset" 1075
"C:/Users/conor/OneDrive/Desktop/Documents/GitHub/3D-Platformer-Semester-2/3DPlatformer/Content/Fab/Shield/shield/Textures/shield_texture_2.uexp" 1076
"C:/Users/conor/OneDrive/Desktop/Documents/GitHub/3D-Platformer-Semester-2/3DPlatformer/Content/Fab/Shield/shield/Materials/Material_44.uasset" 1077
"C:/Users/conor/OneDrive/Desktop/Documents/GitHub/3D-Platformer-Semester-2/3DPlatformer/Content/Fab/Shield/shield/Materials/Material_44.uexp" 1078
"C:/Users/conor/OneDrive/Desktop/Documents/GitHub/3D-Platformer-Semester-2/3DPlatformer/Content/Fab/Shield/shield/StaticMeshes/shield.ubulk" 1079
"C:/Users/conor/OneDrive/Desktop/Documents/GitHub/3D-Platformer-Semester-2/3DPlatformer/Content/Fab/Shield/shield/StaticMeshes/shield.uasset" 1080
"C:/Users/conor/OneDrive/Desktop/Documents/GitHub/3D-Platformer-Semester-2/3DPlatformer/Content/Fab/Shield/shield/StaticMeshes/shield.uexp" 1081
"C:/Users/conor/OneDrive/Desktop/Documents/GitHub/3D-Platformer-Semester-2/3DPlatformer/Content/Fab/Mouse_Droid/mouse_droid/Textures/mouse_droid_texture_1.ubulk" 1082
"C:/Users/conor/OneDrive/Desktop/Documents/GitHub/3D-Platformer-Semester-2/3DPlatformer/Content/Fab/Mouse_Droid/mouse_droid/Textures/mouse_droid_texture_1.uasset" 1083
"C:/Users/conor/OneDrive/Desktop/Documents/GitHub/3D-Platformer-Semester-2/3DPlatformer/Content/Fab/Mouse_Droid/mouse_droid/Textures/mouse_droid_texture_1.uexp" 1084
"C:/Users/conor/OneDrive/Desktop/Documents/GitHub/3D-Platformer-Semester-2/3DPlatformer/Content/Fab/Mouse_Droid/mouse_droid/Textures/mouse_droid_texture_2.ubulk" 1085
"C:/Users/conor/OneDrive/Desktop/Documents/GitHub/3D-Platformer-Semester-2/3DPlatformer/Content/Fab/Mouse_Droid/mouse_droid/Textures/mouse_droid_texture_2.uasset" 1086
"C:/Users/conor/OneDrive/Desktop/Documents/GitHub/3D-Platformer-Semester-2/3DPlatformer/Content/Fab/Mouse_Droid/mouse_droid/Textures/mouse_droid_texture_2.uexp" 1087
"C:/Users/conor/OneDrive/Desktop/Documents/GitHub/3D-Platformer-Semester-2/3DPlatformer/Content/Fab/Mouse_Droid/mouse_droid/Materials/myszobot_002.uasset" 1088
"C:/Users/conor/OneDrive/Desktop/Documents/GitHub/3D-Platformer-Semester-2/3DPlatformer/Content/Fab/Mouse_Droid/mouse_droid/Materials/myszobot_002.uexp" 1089
"C:/Users/conor/OneDrive/Desktop/Documents/GitHub/3D-Platformer-Semester-2/3DPlatformer/Content/Fab/Mouse_Droid/mouse_droid/StaticMeshes/mouse_droid.ubulk" 1090
"C:/Users/conor/OneDrive/Desktop/Documents/GitHub/3D-Platformer-Semester-2/3DPlatformer/Content/Fab/Mouse_Droid/mouse_droid/StaticMeshes/mouse_droid.uasset" 1091
"C:/Users/conor/OneDrive/Desktop/Documents/GitHub/3D-Platformer-Semester-2/3DPlatformer/Content/Fab/Mouse_Droid/mouse_droid/StaticMeshes/mouse_droid.uexp" 1092
"../../../Engine/Plugins/Interchange/Assets/Content/gltf/MaterialBodies/MF_Unlit_Body.uasset" 1093
"../../../Engine/Plugins/Interchange/Assets/Content/gltf/MaterialBodies/MF_Unlit_Body.uexp" 1094
"../../../Engine/Plugins/Interchange/Assets/Content/gltf/M_Unlit.uasset" 1095
"../../../Engine/Plugins/Interchange/Assets/Content/gltf/M_Unlit.uexp" 1096
"../../../Engine/Plugins/Interchange/Assets/Content/gltf/MaterialInstances/MI_Unlit_Opaque_DS.uasset" 1097
"../../../Engine/Plugins/Interchange/Assets/Content/gltf/MaterialInstances/MI_Unlit_Opaque_DS.uexp" 1098
"../../../Engine/Plugins/Interchange/Assets/Content/gltf/MaterialInstances/MI_Unlit_Opaque.uasset" 1099
"../../../Engine/Plugins/Interchange/Assets/Content/gltf/MaterialInstances/MI_Unlit_Opaque.uexp" 1100
"../../../Engine/Plugins/Interchange/Assets/Content/gltf/MaterialInstances/MI_Unlit_Mask_DS.uasset" 1101
"../../../Engine/Plugins/Interchange/Assets/Content/gltf/MaterialInstances/MI_Unlit_Mask_DS.uexp" 1102
"../../../Engine/Plugins/Interchange/Assets/Content/gltf/MaterialInstances/MI_Unlit_Mask.uasset" 1103
"../../../Engine/Plugins/Interchange/Assets/Content/gltf/MaterialInstances/MI_Unlit_Mask.uexp" 1104
"../../../Engine/Plugins/Interchange/Assets/Content/gltf/MaterialInstances/MI_Unlit_Blend_DS.uasset" 1105
"../../../Engine/Plugins/Interchange/Assets/Content/gltf/MaterialInstances/MI_Unlit_Blend_DS.uexp" 1106
"../../../Engine/Plugins/Interchange/Assets/Content/gltf/MaterialInstances/MI_Unlit_Blend.uasset" 1107
"../../../Engine/Plugins/Interchange/Assets/Content/gltf/MaterialInstances/MI_Unlit_Blend.uexp" 1108
"../../../Engine/Content/EngineMaterials/Good64x64TilingNoiseHighFreq.uasset" 1109
"../../../Engine/Content/EngineMaterials/Good64x64TilingNoiseHighFreq.uexp" 1110
"../../../Engine/Content/Functions/Engine_MaterialFunctions02/Texturing/ScreenAlignedPixelToPixelUVs.uasset" 1111
"../../../Engine/Content/Functions/Engine_MaterialFunctions02/Texturing/ScreenAlignedPixelToPixelUVs.uexp" 1112
"../../../Engine/Plugins/Interchange/Assets/Content/Utilities/New_LUT.uasset" 1113
"../../../Engine/Plugins/Interchange/Assets/Content/Utilities/New_LUT.uexp" 1114
"../../../Engine/Content/Functions/Engine_MaterialFunctions03/Math/RemapValueRange.uasset" 1115
"../../../Engine/Content/Functions/Engine_MaterialFunctions03/Math/RemapValueRange.uexp" 1116
"../../../Engine/Plugins/Interchange/Assets/Content/Functions/MF_Iridescence.uasset" 1117
"../../../Engine/Plugins/Interchange/Assets/Content/Functions/MF_Iridescence.uexp" 1118
"../../../Engine/Plugins/Interchange/Assets/Content/gltf/MaterialFunctions/MF_Fresnel_DS.uasset" 1119
"../../../Engine/Plugins/Interchange/Assets/Content/gltf/MaterialFunctions/MF_Fresnel_DS.uexp" 1120
"../../../Engine/Plugins/Interchange/Assets/Content/gltf/MaterialFunctions/MF_Temporal_Blur.uasset" 1121
"../../../Engine/Plugins/Interchange/Assets/Content/gltf/MaterialFunctions/MF_Temporal_Blur.uexp" 1122
"../../../Engine/Plugins/Interchange/Assets/Content/gltf/MaterialFunctions/MF_Transmission.uasset" 1123
"../../../Engine/Plugins/Interchange/Assets/Content/gltf/MaterialFunctions/MF_Transmission.uexp" 1124
"../../../Engine/Plugins/Interchange/Assets/Content/gltf/MaterialBodies/MF_Transmission_Body.uasset" 1125
"../../../Engine/Plugins/Interchange/Assets/Content/gltf/MaterialBodies/MF_Transmission_Body.uexp" 1126
"../../../Engine/Plugins/Interchange/Assets/Content/gltf/M_Transmission.uasset" 1127
"../../../Engine/Plugins/Interchange/Assets/Content/gltf/M_Transmission.uexp" 1128
"../../../Engine/Plugins/Interchange/Assets/Content/gltf/MaterialInstances/MI_Transmission_DS.uasset" 1129
"../../../Engine/Plugins/Interchange/Assets/Content/gltf/MaterialInstances/MI_Transmission_DS.uexp" 1130
"../../../Engine/Plugins/Interchange/Assets/Content/gltf/MaterialInstances/MI_Transmission.uasset" 1131
"../../../Engine/Plugins/Interchange/Assets/Content/gltf/MaterialInstances/MI_Transmission.uexp" 1132
"../../../Engine/Content/Functions/Engine_MaterialFunctions02/Math/AddComponents.uasset" 1133
"../../../Engine/Content/Functions/Engine_MaterialFunctions02/Math/AddComponents.uexp" 1134
"../../../Engine/Plugins/Interchange/Assets/Content/gltf/MaterialFunctions/MF_DiffuseSpecGloss.uasset" 1135
"../../../Engine/Plugins/Interchange/Assets/Content/gltf/MaterialFunctions/MF_DiffuseSpecGloss.uexp" 1136
"../../../Engine/Plugins/Interchange/Assets/Content/gltf/MaterialFunctions/MF_MaxComponentValue.uasset" 1137
"../../../Engine/Plugins/Interchange/Assets/Content/gltf/MaterialFunctions/MF_MaxComponentValue.uexp" 1138
"../../../Engine/Plugins/Interchange/Assets/Content/gltf/MaterialFunctions/MF_PerceivedBrightness.uasset" 1139
"../../../Engine/Plugins/Interchange/Assets/Content/gltf/MaterialFunctions/MF_PerceivedBrightness.uexp" 1140
"../../../Engine/Plugins/Interchange/Assets/Content/gltf/MaterialFunctions/MF_SpecGlossToMetalRoughness.uasset" 1141
"../../../Engine/Plugins/Interchange/Assets/Content/gltf/MaterialFunctions/MF_SpecGlossToMetalRoughness.uexp" 1142
"../../../Engine/Plugins/Interchange/Assets/Content/gltf/MaterialBodies/MF_SpecularGlossiness_Body.uasset" 1143
"../../../Engine/Plugins/Interchange/Assets/Content/gltf/MaterialBodies/MF_SpecularGlossiness_Body.uexp" 1144
"../../../Engine/Plugins/Interchange/Assets/Content/gltf/M_SpecularGlossiness.uasset" 1145
"../../../Engine/Plugins/Interchange/Assets/Content/gltf/M_SpecularGlossiness.uexp" 1146
"../../../Engine/Plugins/Interchange/Assets/Content/gltf/MaterialInstances/MI_SpecularGlossiness_Opaque_DS.uasset" 1147
"../../../Engine/Plugins/Interchange/Assets/Content/gltf/MaterialInstances/MI_SpecularGlossiness_Opaque_DS.uexp" 1148
"../../../Engine/Plugins/Interchange/Assets/Content/gltf/MaterialInstances/MI_SpecularGlossiness_Opaque.uasset" 1149
"../../../Engine/Plugins/Interchange/Assets/Content/gltf/MaterialInstances/MI_SpecularGlossiness_Opaque.uexp" 1150
"../../../Engine/Plugins/Interchange/Assets/Content/gltf/MaterialInstances/MI_SpecularGlossiness_Mask.uasset" 1151
"../../../Engine/Plugins/Interchange/Assets/Content/gltf/MaterialInstances/MI_SpecularGlossiness_Mask.uexp" 1152
"../../../Engine/Plugins/Interchange/Assets/Content/gltf/MaterialInstances/MI_SpecularGlossiness_Blend.uasset" 1153
"../../../Engine/Plugins/Interchange/Assets/Content/gltf/MaterialInstances/MI_SpecularGlossiness_Blend.uexp" 1154
"../../../Engine/Plugins/Interchange/Assets/Content/gltf/MaterialFunctions/MF_Sheen.uasset" 1155
"../../../Engine/Plugins/Interchange/Assets/Content/gltf/MaterialFunctions/MF_Sheen.uexp" 1156
"../../../Engine/Plugins/Interchange/Assets/Content/gltf/MaterialBodies/MF_Sheen_Body.uasset" 1157
"../../../Engine/Plugins/Interchange/Assets/Content/gltf/MaterialBodies/MF_Sheen_Body.uexp" 1158
"../../../Engine/Plugins/Interchange/Assets/Content/gltf/M_Sheen.uasset" 1159
"../../../Engine/Plugins/Interchange/Assets/Content/gltf/M_Sheen.uexp" 1160
"../../../Engine/Plugins/Interchange/Assets/Content/gltf/MaterialInstances/MI_Sheen_Opaque_DS.uasset" 1161
"../../../Engine/Plugins/Interchange/Assets/Content/gltf/MaterialInstances/MI_Sheen_Opaque_DS.uexp" 1162
"../../../Engine/Plugins/Interchange/Assets/Content/gltf/MaterialInstances/MI_Sheen_Opaque.uasset" 1163
"../../../Engine/Plugins/Interchange/Assets/Content/gltf/MaterialInstances/MI_Sheen_Opaque.uexp" 1164
"../../../Engine/Plugins/Interchange/Assets/Content/gltf/MaterialInstances/MI_Sheen_Mask_DS.uasset" 1165
"../../../Engine/Plugins/Interchange/Assets/Content/gltf/MaterialInstances/MI_Sheen_Mask_DS.uexp" 1166
"../../../Engine/Plugins/Interchange/Assets/Content/gltf/MaterialInstances/MI_Sheen_Mask.uasset" 1167
"../../../Engine/Plugins/Interchange/Assets/Content/gltf/MaterialInstances/MI_Sheen_Mask.uexp" 1168
"../../../Engine/Plugins/Interchange/Assets/Content/gltf/MaterialInstances/MI_Sheen_Blend_DS.uasset" 1169
"../../../Engine/Plugins/Interchange/Assets/Content/gltf/MaterialInstances/MI_Sheen_Blend_DS.uexp" 1170
"../../../Engine/Plugins/Interchange/Assets/Content/gltf/MaterialInstances/MI_Sheen_Blend.uasset" 1171
"../../../Engine/Plugins/Interchange/Assets/Content/gltf/MaterialInstances/MI_Sheen_Blend.uexp" 1172
"../../../Engine/Plugins/Interchange/Assets/Content/gltf/MaterialInstances/MI_Default_Opaque.uasset" 1173
"../../../Engine/Plugins/Interchange/Assets/Content/gltf/MaterialInstances/MI_Default_Opaque.uexp" 1174
"../../../Engine/Plugins/Interchange/Assets/Content/gltf/MaterialInstances/MI_Default_Mask_DS.uasset" 1175
"../../../Engine/Plugins/Interchange/Assets/Content/gltf/MaterialInstances/MI_Default_Mask_DS.uexp" 1176
"../../../Engine/Plugins/Interchange/Assets/Content/gltf/MaterialInstances/MI_Default_Mask.uasset" 1177
"../../../Engine/Plugins/Interchange/Assets/Content/gltf/MaterialInstances/MI_Default_Mask.uexp" 1178
"../../../Engine/Plugins/Interchange/Assets/Content/gltf/MaterialInstances/MI_Default_Blend.uasset" 1179
"../../../Engine/Plugins/Interchange/Assets/Content/gltf/MaterialInstances/MI_Default_Blend.uexp" 1180
"../../../Engine/Content/Functions/Engine_MaterialFunctions01/Texturing/FlattenNormal.uasset" 1181
"../../../Engine/Content/Functions/Engine_MaterialFunctions01/Texturing/FlattenNormal.uexp" 1182
"../../../Engine/Plugins/Interchange/Assets/Content/gltf/MaterialFunctions/MF_Clearcoat.uasset" 1183
"../../../Engine/Plugins/Interchange/Assets/Content/gltf/MaterialFunctions/MF_Clearcoat.uexp" 1184
"../../../Engine/Plugins/Interchange/Assets/Content/gltf/MaterialBodies/MF_ClearCoat_Body.uasset" 1185
"../../../Engine/Plugins/Interchange/Assets/Content/gltf/MaterialBodies/MF_ClearCoat_Body.uexp" 1186
"../../../Engine/Plugins/Interchange/Assets/Content/gltf/M_ClearCoat.uasset" 1187
"../../../Engine/Plugins/Interchange/Assets/Content/gltf/M_ClearCoat.uexp" 1188
"../../../Engine/Plugins/Interchange/Assets/Content/gltf/MaterialInstances/MI_ClearCoat_Opaque.uasset" 1189
"../../../Engine/Plugins/Interchange/Assets/Content/gltf/MaterialInstances/MI_ClearCoat_Opaque.uexp" 1190
"../../../Engine/Plugins/Interchange/Assets/Content/gltf/MaterialInstances/MI_ClearCoat_Mask_DS.uasset" 1191
"../../../Engine/Plugins/Interchange/Assets/Content/gltf/MaterialInstances/MI_ClearCoat_Mask_DS.uexp" 1192
"../../../Engine/Plugins/Interchange/Assets/Content/gltf/MaterialInstances/MI_ClearCoat_Mask.uasset" 1193
"../../../Engine/Plugins/Interchange/Assets/Content/gltf/MaterialInstances/MI_ClearCoat_Mask.uexp" 1194
"../../../Engine/Plugins/Interchange/Assets/Content/gltf/MaterialInstances/MI_ClearCoat_Blend_DS.uasset" 1195
"../../../Engine/Plugins/Interchange/Assets/Content/gltf/MaterialInstances/MI_ClearCoat_Blend_DS.uexp" 1196
"../../../Engine/Plugins/Interchange/Assets/Content/gltf/MaterialInstances/MI_ClearCoat_Blend.uasset" 1197
"../../../Engine/Plugins/Interchange/Assets/Content/gltf/MaterialInstances/MI_ClearCoat_Blend.uexp" 1198
"C:/Users/conor/OneDrive/Desktop/Documents/GitHub/3D-Platformer-Semester-2/3DPlatformer/Content/LevelPrototyping/Interactable/JumpPad/Assets/Materials/MI_GlowNT.uasset" 1199
"C:/Users/conor/OneDrive/Desktop/Documents/GitHub/3D-Platformer-Semester-2/3DPlatformer/Content/LevelPrototyping/Interactable/JumpPad/Assets/Materials/MI_GlowNT.uexp" 1200
"C:/Users/conor/OneDrive/Desktop/Documents/GitHub/3D-Platformer-Semester-2/3DPlatformer/Content/LevelPrototyping/Interactable/Door/Assets/Meshes/SM_DoorFrame_Edge.ubulk" 1201
"C:/Users/conor/OneDrive/Desktop/Documents/GitHub/3D-Platformer-Semester-2/3DPlatformer/Content/LevelPrototyping/Interactable/Door/Assets/Meshes/SM_DoorFrame_Edge.uasset" 1202
"C:/Users/conor/OneDrive/Desktop/Documents/GitHub/3D-Platformer-Semester-2/3DPlatformer/Content/LevelPrototyping/Interactable/Door/Assets/Meshes/SM_DoorFrame_Edge.uexp" 1203
"C:/Users/conor/OneDrive/Desktop/Documents/GitHub/3D-Platformer-Semester-2/3DPlatformer/Content/LevelPrototyping/Interactable/Door/Assets/Meshes/SM_DoorFrame_Corner.ubulk" 1204
"C:/Users/conor/OneDrive/Desktop/Documents/GitHub/3D-Platformer-Semester-2/3DPlatformer/Content/LevelPrototyping/Interactable/Door/Assets/Meshes/SM_DoorFrame_Corner.uasset" 1205
"C:/Users/conor/OneDrive/Desktop/Documents/GitHub/3D-Platformer-Semester-2/3DPlatformer/Content/LevelPrototyping/Interactable/Door/Assets/Meshes/SM_DoorFrame_Corner.uexp" 1206
"C:/Users/conor/OneDrive/Desktop/Documents/GitHub/3D-Platformer-Semester-2/3DPlatformer/Content/LevelPrototyping/Interactable/Door/Assets/Meshes/SM_Door.ubulk" 1207
"C:/Users/conor/OneDrive/Desktop/Documents/GitHub/3D-Platformer-Semester-2/3DPlatformer/Content/LevelPrototyping/Interactable/Door/Assets/Meshes/SM_Door.uasset" 1208
"C:/Users/conor/OneDrive/Desktop/Documents/GitHub/3D-Platformer-Semester-2/3DPlatformer/Content/LevelPrototyping/Interactable/Door/Assets/Meshes/SM_Door.uexp" 1209
"../../../Engine/Plugins/Interchange/Assets/Content/gltf/MaterialInstances/MI_SpecularGlossiness_Mask_DS.uasset" 1210
"../../../Engine/Plugins/Interchange/Assets/Content/gltf/MaterialInstances/MI_SpecularGlossiness_Mask_DS.uexp" 1211
"C:/Users/conor/OneDrive/Desktop/Documents/GitHub/3D-Platformer-Semester-2/3DPlatformer/Content/Fab/Card/source/spades-A_Cards/Textures/texture166.ubulk" 1212
"C:/Users/conor/OneDrive/Desktop/Documents/GitHub/3D-Platformer-Semester-2/3DPlatformer/Content/Fab/Card/source/spades-A_Cards/Textures/texture166.uasset" 1213
"C:/Users/conor/OneDrive/Desktop/Documents/GitHub/3D-Platformer-Semester-2/3DPlatformer/Content/Fab/Card/source/spades-A_Cards/Textures/texture166.uexp" 1214
"C:/Users/conor/OneDrive/Desktop/Documents/GitHub/3D-Platformer-Semester-2/3DPlatformer/Content/Fab/Card/source/spades-A_Cards/Materials/49.uasset" 1215
"C:/Users/conor/OneDrive/Desktop/Documents/GitHub/3D-Platformer-Semester-2/3DPlatformer/Content/Fab/Card/source/spades-A_Cards/Materials/49.uexp" 1216
"C:/Users/conor/OneDrive/Desktop/Documents/GitHub/3D-Platformer-Semester-2/3DPlatformer/Content/Characters/Mannequins/Anims/Unarmed/Jump/MM_Land.uasset" 1217
"C:/Users/conor/OneDrive/Desktop/Documents/GitHub/3D-Platformer-Semester-2/3DPlatformer/Content/Characters/Mannequins/Anims/Unarmed/Jump/MM_Land.uexp" 1218
"C:/Users/conor/OneDrive/Desktop/Documents/GitHub/3D-Platformer-Semester-2/3DPlatformer/Content/Characters/Mannequins/Anims/Unarmed/Jump/MM_Jump.uasset" 1219
"C:/Users/conor/OneDrive/Desktop/Documents/GitHub/3D-Platformer-Semester-2/3DPlatformer/Content/Characters/Mannequins/Anims/Unarmed/Jump/MM_Jump.uexp" 1220
"C:/Users/conor/OneDrive/Desktop/Documents/GitHub/3D-Platformer-Semester-2/3DPlatformer/Content/Characters/Mannequins/Anims/Unarmed/Jump/MM_Fall_Loop.uasset" 1221
"C:/Users/conor/OneDrive/Desktop/Documents/GitHub/3D-Platformer-Semester-2/3DPlatformer/Content/Characters/Mannequins/Anims/Unarmed/Jump/MM_Fall_Loop.uexp" 1222
"../../../Engine/Plugins/NNE/NNEDenoiser/Content/NNED_Oidn2-3_HighQuality_Alpha.uasset" 1223
"../../../Engine/Plugins/NNE/NNEDenoiser/Content/NNED_Oidn2-3_HighQuality_Alpha.uexp" 1224
"../../../Engine/Plugins/NNE/NNEDenoiser/Content/NNED_Oidn2-3_HighQuality.uasset" 1225
"../../../Engine/Plugins/NNE/NNEDenoiser/Content/NNED_Oidn2-3_HighQuality.uexp" 1226
"../../../Engine/Plugins/NNE/NNEDenoiser/Content/NNED_Oidn2-3_Fast_Alpha.uasset" 1227
"../../../Engine/Plugins/NNE/NNEDenoiser/Content/NNED_Oidn2-3_Fast_Alpha.uexp" 1228
"../../../Engine/Plugins/NNE/NNEDenoiser/Content/NNED_Oidn2-3_Fast.uasset" 1229
"../../../Engine/Plugins/NNE/NNEDenoiser/Content/NNED_Oidn2-3_Fast.uexp" 1230
"../../../Engine/Plugins/NNE/NNEDenoiser/Content/NNED_Oidn2-3_Balanced_Alpha.uasset" 1231
"../../../Engine/Plugins/NNE/NNEDenoiser/Content/NNED_Oidn2-3_Balanced_Alpha.uexp" 1232
"../../../Engine/Plugins/NNE/NNEDenoiser/Content/NNED_Oidn2-3_Balanced.uasset" 1233
"../../../Engine/Plugins/NNE/NNEDenoiser/Content/NNED_Oidn2-3_Balanced.uexp" 1234
"../../../Engine/Plugins/NNE/NNEDenoiser/Content/NNEDT_Oidn2-3_Balanced_Alpha.uasset" 1235
"../../../Engine/Plugins/NNE/NNEDenoiser/Content/NNEDT_Oidn2-3_Balanced_Alpha.uexp" 1236
"../../../Engine/Plugins/NNE/NNEDenoiser/Content/NNEDT_Oidn2-3_Balanced.uasset" 1237
"../../../Engine/Plugins/NNE/NNEDenoiser/Content/NNEDT_Oidn2-3_Balanced.uexp" 1238
"../../../Engine/Plugins/Animation/DeformerGraph/Content/DeformerFunctions/DG_Function_LinearBlendSkin_Morph_Cloth_PositionOnly.uasset" 1239
"../../../Engine/Plugins/Animation/DeformerGraph/Content/DeformerFunctions/DG_Function_LinearBlendSkin_Morph_Cloth_PositionOnly.uexp" 1240
"../../../Engine/Plugins/Animation/DeformerGraph/Content/DeformerFunctions/DG_Function_ComputeNormalsTangents.uasset" 1241
"../../../Engine/Plugins/Animation/DeformerGraph/Content/DeformerFunctions/DG_Function_ComputeNormalsTangents.uexp" 1242
"../../../Engine/Plugins/Animation/DeformerGraph/Content/Deformers/DG_LinearBlendSkin_Morph_Cloth_RecomputeNormals.uasset" 1243
"../../../Engine/Plugins/Animation/DeformerGraph/Content/Deformers/DG_LinearBlendSkin_Morph_Cloth_RecomputeNormals.uexp" 1244
"../../../Engine/Plugins/Animation/DeformerGraph/Content/DeformerFunctions/DG_Function_LinearBlendSkin_Morph_Cloth.uasset" 1245
"../../../Engine/Plugins/Animation/DeformerGraph/Content/DeformerFunctions/DG_Function_LinearBlendSkin_Morph_Cloth.uexp" 1246
"../../../Engine/Plugins/Animation/DeformerGraph/Content/Deformers/DG_LinearBlendSkin_Morph_Cloth.uasset" 1247
"../../../Engine/Plugins/Animation/DeformerGraph/Content/Deformers/DG_LinearBlendSkin_Morph_Cloth.uexp" 1248
"../../../Engine/Plugins/Animation/ControlRig/Content/Controls/DefaultGizmoLibrary.uasset" 1249
"../../../Engine/Plugins/Animation/ControlRig/Content/Controls/DefaultGizmoLibrary.uexp" 1250
"C:/Users/conor/OneDrive/Desktop/Documents/GitHub/3D-Platformer-Semester-2/3DPlatformer/Content/Characters/Mannequins/Rigs/CR_Mannequin_Procedural.uasset" 1251
"C:/Users/conor/OneDrive/Desktop/Documents/GitHub/3D-Platformer-Semester-2/3DPlatformer/Content/Characters/Mannequins/Rigs/CR_Mannequin_Procedural.uexp" 1252
"../../../Engine/Plugins/Animation/ControlRig/Content/Controls/DefaultGizmoLibraryNormalized.uasset" 1253
"../../../Engine/Plugins/Animation/ControlRig/Content/Controls/DefaultGizmoLibraryNormalized.uexp" 1254
"C:/Users/conor/OneDrive/Desktop/Documents/GitHub/3D-Platformer-Semester-2/3DPlatformer/Content/Characters/Mannequins/Rigs/CR_Mannequin_FootIK.uasset" 1255
"C:/Users/conor/OneDrive/Desktop/Documents/GitHub/3D-Platformer-Semester-2/3DPlatformer/Content/Characters/Mannequins/Rigs/CR_Mannequin_FootIK.uexp" 1256
"C:/Users/conor/OneDrive/Desktop/Documents/GitHub/3D-Platformer-Semester-2/3DPlatformer/Content/Characters/Mannequins/Rigs/CR_Mannequin_Body.uasset" 1257
"C:/Users/conor/OneDrive/Desktop/Documents/GitHub/3D-Platformer-Semester-2/3DPlatformer/Content/Characters/Mannequins/Rigs/CR_Mannequin_Body.uexp" 1258
"../../../Engine/Content/BasicShapes/Plane.ubulk" 1259
"../../../Engine/Content/BasicShapes/Plane.uasset" 1260
"../../../Engine/Content/BasicShapes/Plane.uexp" 1261
"../../../Engine/Content/EngineSky/VolumetricClouds/VT_PerlinWorley_Balanced.uasset" 1262
"../../../Engine/Content/EngineSky/VolumetricClouds/VT_PerlinWorley_Balanced.uexp" 1263
"../../../Engine/Content/EngineSky/VolumetricClouds/T_Profile_08.ubulk" 1264
"../../../Engine/Content/EngineSky/VolumetricClouds/T_Profile_08.uasset" 1265
"../../../Engine/Content/EngineSky/VolumetricClouds/T_Profile_08.uexp" 1266
"../../../Engine/Content/EngineSky/VolumetricClouds/T_CloudPattern.ubulk" 1267
"../../../Engine/Content/EngineSky/VolumetricClouds/T_CloudPattern.uasset" 1268
"../../../Engine/Content/EngineSky/VolumetricClouds/T_CloudPattern.uexp" 1269
"../../../Engine/Content/EngineSky/VolumetricClouds/T_CloudMask.ubulk" 1270
"../../../Engine/Content/EngineSky/VolumetricClouds/T_CloudMask.uasset" 1271
"../../../Engine/Content/EngineSky/VolumetricClouds/T_CloudMask.uexp" 1272
"../../../Engine/Content/Functions/Engine_MaterialFunctions02/Utility/BreakOutFloat4Components.uasset" 1273
"../../../Engine/Content/Functions/Engine_MaterialFunctions02/Utility/BreakOutFloat4Components.uexp" 1274
"../../../Engine/Content/Functions/Engine_MaterialFunctions02/Utility/MakeFloat4.uasset" 1275
"../../../Engine/Content/Functions/Engine_MaterialFunctions02/Utility/MakeFloat4.uexp" 1276
"../../../Engine/Content/EngineResources/DefaultVolumeTexture2D.uasset" 1277
"../../../Engine/Content/EngineResources/DefaultVolumeTexture2D.uexp" 1278
"../../../Engine/Content/EngineResources/DefaultVolumeTexture.uasset" 1279
"../../../Engine/Content/EngineResources/DefaultVolumeTexture.uexp" 1280
"../../../Engine/Content/EngineSky/VolumetricClouds/VT_Lightning.uasset" 1281
"../../../Engine/Content/EngineSky/VolumetricClouds/VT_Lightning.uexp" 1282
"../../../Engine/Content/Functions/Engine_MaterialFunctions01/Units/Km-to-Cm.uasset" 1283
"../../../Engine/Content/Functions/Engine_MaterialFunctions01/Units/Km-to-Cm.uexp" 1284
"../../../Engine/Content/EngineSky/VolumetricClouds/m_SimpleVolumetricCloud.uasset" 1285
"../../../Engine/Content/EngineSky/VolumetricClouds/m_SimpleVolumetricCloud.uexp" 1286
"../../../Engine/Content/EngineSky/VolumetricClouds/m_SimpleVolumetricCloud_Inst.uasset" 1287
"../../../Engine/Content/EngineSky/VolumetricClouds/m_SimpleVolumetricCloud_Inst.uexp" 1288
"C:/Users/conor/OneDrive/Desktop/Documents/GitHub/3D-Platformer-Semester-2/3DPlatformer/Content/Materials/Obstacle/Cube.uasset" 1289
"C:/Users/conor/OneDrive/Desktop/Documents/GitHub/3D-Platformer-Semester-2/3DPlatformer/Content/Materials/Obstacle/Cube.uexp" 1290
"C:/Users/conor/OneDrive/Desktop/Documents/GitHub/3D-Platformer-Semester-2/3DPlatformer/Content/Materials/Obstacle/Cube_Mat.uasset" 1291
"C:/Users/conor/OneDrive/Desktop/Documents/GitHub/3D-Platformer-Semester-2/3DPlatformer/Content/Materials/Obstacle/Cube_Mat.uexp" 1292
"../../../Engine/Content/BasicShapes/Cone.ubulk" 1293
"../../../Engine/Content/BasicShapes/Cone.uasset" 1294
"../../../Engine/Content/BasicShapes/Cone.uexp" 1295
"C:/Users/conor/OneDrive/Desktop/Documents/GitHub/3D-Platformer-Semester-2/3DPlatformer/Content/BP_3DPlatformerGameInstance.uasset" 1296
"C:/Users/conor/OneDrive/Desktop/Documents/GitHub/3D-Platformer-Semester-2/3DPlatformer/Content/BP_3DPlatformerGameInstance.uexp" 1297
"C:/Users/conor/OneDrive/Desktop/Documents/GitHub/3D-Platformer-Semester-2/3DPlatformer/Content/Sounds/EnemySound/Vacuum7.ubulk" 1298
"C:/Users/conor/OneDrive/Desktop/Documents/GitHub/3D-Platformer-Semester-2/3DPlatformer/Content/Sounds/EnemySound/Vacuum7.uasset" 1299
"C:/Users/conor/OneDrive/Desktop/Documents/GitHub/3D-Platformer-Semester-2/3DPlatformer/Content/Sounds/EnemySound/Vacuum7.uexp" 1300
"C:/Users/conor/OneDrive/Desktop/Documents/GitHub/3D-Platformer-Semester-2/3DPlatformer/Content/Sounds/EnemySound/Vacuum5.ubulk" 1301
"C:/Users/conor/OneDrive/Desktop/Documents/GitHub/3D-Platformer-Semester-2/3DPlatformer/Content/Sounds/EnemySound/Vacuum5.uasset" 1302
"C:/Users/conor/OneDrive/Desktop/Documents/GitHub/3D-Platformer-Semester-2/3DPlatformer/Content/Sounds/EnemySound/Vacuum5.uexp" 1303
"C:/Users/conor/OneDrive/Desktop/Documents/GitHub/3D-Platformer-Semester-2/3DPlatformer/Content/Sounds/EnemySound/Vacuum4.ubulk" 1304
"C:/Users/conor/OneDrive/Desktop/Documents/GitHub/3D-Platformer-Semester-2/3DPlatformer/Content/Sounds/EnemySound/Vacuum4.uasset" 1305
"C:/Users/conor/OneDrive/Desktop/Documents/GitHub/3D-Platformer-Semester-2/3DPlatformer/Content/Sounds/EnemySound/Vacuum4.uexp" 1306
"C:/Users/conor/OneDrive/Desktop/Documents/GitHub/3D-Platformer-Semester-2/3DPlatformer/Content/Sounds/EnemySound/vacuum3.ubulk" 1307
"C:/Users/conor/OneDrive/Desktop/Documents/GitHub/3D-Platformer-Semester-2/3DPlatformer/Content/Sounds/EnemySound/vacuum3.uasset" 1308
"C:/Users/conor/OneDrive/Desktop/Documents/GitHub/3D-Platformer-Semester-2/3DPlatformer/Content/Sounds/EnemySound/vacuum3.uexp" 1309
"C:/Users/conor/OneDrive/Desktop/Documents/GitHub/3D-Platformer-Semester-2/3DPlatformer/Content/Sounds/EnemySound/Vacuum1.ubulk" 1310
"C:/Users/conor/OneDrive/Desktop/Documents/GitHub/3D-Platformer-Semester-2/3DPlatformer/Content/Sounds/EnemySound/Vacuum1.uasset" 1311
"C:/Users/conor/OneDrive/Desktop/Documents/GitHub/3D-Platformer-Semester-2/3DPlatformer/Content/Sounds/EnemySound/Vacuum1.uexp" 1312
"C:/Users/conor/OneDrive/Desktop/Documents/GitHub/3D-Platformer-Semester-2/3DPlatformer/Content/Sounds/EnemySound/EnemyGetsSucked.uasset" 1313
"C:/Users/conor/OneDrive/Desktop/Documents/GitHub/3D-Platformer-Semester-2/3DPlatformer/Content/Sounds/EnemySound/EnemyGetsSucked.uexp" 1314
"C:/Users/conor/OneDrive/Desktop/Documents/GitHub/3D-Platformer-Semester-2/3DPlatformer/Content/Meshes/LeafPile/Leaves.uasset" 1315
"C:/Users/conor/OneDrive/Desktop/Documents/GitHub/3D-Platformer-Semester-2/3DPlatformer/Content/Meshes/LeafPile/Leaves.uexp" 1316
"C:/Users/conor/OneDrive/Desktop/Documents/GitHub/3D-Platformer-Semester-2/3DPlatformer/Content/Meshes/LeafPile/Leaves_Mat.uasset" 1317
"C:/Users/conor/OneDrive/Desktop/Documents/GitHub/3D-Platformer-Semester-2/3DPlatformer/Content/Meshes/LeafPile/Leaves_Mat.uexp" 1318
"C:/Users/conor/OneDrive/Desktop/Documents/GitHub/3D-Platformer-Semester-2/3DPlatformer/Content/Enemies/BP_StaticVacuumableObject.uasset" 1319
"C:/Users/conor/OneDrive/Desktop/Documents/GitHub/3D-Platformer-Semester-2/3DPlatformer/Content/Enemies/BP_StaticVacuumableObject.uexp" 1320
"C:/Users/conor/OneDrive/Desktop/Documents/GitHub/3D-Platformer-Semester-2/3DPlatformer/Content/Enemies/Rat_Skeleton.uasset" 1321
"C:/Users/conor/OneDrive/Desktop/Documents/GitHub/3D-Platformer-Semester-2/3DPlatformer/Content/Enemies/Rat_Skeleton.uexp" 1322
"C:/Users/conor/OneDrive/Desktop/Documents/GitHub/3D-Platformer-Semester-2/3DPlatformer/Content/Enemies/Rat_PhysicsAsset.uasset" 1323
"C:/Users/conor/OneDrive/Desktop/Documents/GitHub/3D-Platformer-Semester-2/3DPlatformer/Content/Enemies/Rat_PhysicsAsset.uexp" 1324
"C:/Users/conor/OneDrive/Desktop/Documents/GitHub/3D-Platformer-Semester-2/3DPlatformer/Content/Enemies/Rat.uasset" 1325
"C:/Users/conor/OneDrive/Desktop/Documents/GitHub/3D-Platformer-Semester-2/3DPlatformer/Content/Enemies/Rat.uexp" 1326
"../../../Engine/Plugins/Animation/ACLPlugin/Content/ACLAnimBoneCompressionSettings.uasset" 1327
"../../../Engine/Plugins/Animation/ACLPlugin/Content/ACLAnimBoneCompressionSettings.uexp" 1328
"C:/Users/conor/OneDrive/Desktop/Documents/GitHub/3D-Platformer-Semester-2/3DPlatformer/Content/Animations/AI/Rat/RatAttack_Anim.uasset" 1329
"C:/Users/conor/OneDrive/Desktop/Documents/GitHub/3D-Platformer-Semester-2/3DPlatformer/Content/Animations/AI/Rat/RatAttack_Anim.uexp" 1330
"C:/Users/conor/OneDrive/Desktop/Documents/GitHub/3D-Platformer-Semester-2/3DPlatformer/Content/Animations/AI/Rat/RatAttack_Anim_Montage.uasset" 1331
"C:/Users/conor/OneDrive/Desktop/Documents/GitHub/3D-Platformer-Semester-2/3DPlatformer/Content/Animations/AI/Rat/RatAttack_Anim_Montage.uexp" 1332
"C:/Users/conor/OneDrive/Desktop/Documents/GitHub/3D-Platformer-Semester-2/3DPlatformer/Content/Animations/AI/Rat/RatWalking_Anim.uasset" 1333
"C:/Users/conor/OneDrive/Desktop/Documents/GitHub/3D-Platformer-Semester-2/3DPlatformer/Content/Animations/AI/Rat/RatWalking_Anim.uexp" 1334
"C:/Users/conor/OneDrive/Desktop/Documents/GitHub/3D-Platformer-Semester-2/3DPlatformer/Content/Animations/AI/Rat/RatFast_Run_Anim.uasset" 1335
"C:/Users/conor/OneDrive/Desktop/Documents/GitHub/3D-Platformer-Semester-2/3DPlatformer/Content/Animations/AI/Rat/RatFast_Run_Anim.uexp" 1336
"C:/Users/conor/OneDrive/Desktop/Documents/GitHub/3D-Platformer-Semester-2/3DPlatformer/Content/Animations/AI/Rat/Idle_Anim.uasset" 1337
"C:/Users/conor/OneDrive/Desktop/Documents/GitHub/3D-Platformer-Semester-2/3DPlatformer/Content/Animations/AI/Rat/Idle_Anim.uexp" 1338
"C:/Users/conor/OneDrive/Desktop/Documents/GitHub/3D-Platformer-Semester-2/3DPlatformer/Content/Animations/AI/Rat/WalkBlendSpace.uasset" 1339
"C:/Users/conor/OneDrive/Desktop/Documents/GitHub/3D-Platformer-Semester-2/3DPlatformer/Content/Animations/AI/Rat/WalkBlendSpace.uexp" 1340
"C:/Users/conor/OneDrive/Desktop/Documents/GitHub/3D-Platformer-Semester-2/3DPlatformer/Content/Animations/AI/Rat/AP_EnemyAI.uasset" 1341
"C:/Users/conor/OneDrive/Desktop/Documents/GitHub/3D-Platformer-Semester-2/3DPlatformer/Content/Animations/AI/Rat/AP_EnemyAI.uexp" 1342
"C:/Users/conor/OneDrive/Desktop/Documents/GitHub/3D-Platformer-Semester-2/3DPlatformer/Content/Enemies/BP_EnemyAI.uasset" 1343
"C:/Users/conor/OneDrive/Desktop/Documents/GitHub/3D-Platformer-Semester-2/3DPlatformer/Content/Enemies/BP_EnemyAI.uexp" 1344
"C:/Users/conor/OneDrive/Desktop/Documents/GitHub/3D-Platformer-Semester-2/3DPlatformer/Content/ThirdPerson/UI/WB_WinScreen.uasset" 1345
"C:/Users/conor/OneDrive/Desktop/Documents/GitHub/3D-Platformer-Semester-2/3DPlatformer/Content/ThirdPerson/UI/WB_WinScreen.uexp" 1346
"../../../Engine/Content/EngineFonts/Faces/DroidSansMono.uexp" 1347
"../../../Engine/Content/EngineFonts/Faces/DroidSansMono.uasset" 1348
"../../../Engine/Content/EngineFonts/Faces/DroidSansMono.ufont" 1349
"../../../Engine/Content/EngineFonts/DroidSansMono.uasset" 1350
"../../../Engine/Content/EngineFonts/DroidSansMono.uexp" 1351
"C:/Users/conor/OneDrive/Desktop/Documents/GitHub/3D-Platformer-Semester-2/3DPlatformer/Content/ThirdPerson/UI/WB_StandardHUD.uasset" 1352
"C:/Users/conor/OneDrive/Desktop/Documents/GitHub/3D-Platformer-Semester-2/3DPlatformer/Content/ThirdPerson/UI/WB_StandardHUD.uexp" 1353
"C:/Users/conor/OneDrive/Desktop/Documents/GitHub/3D-Platformer-Semester-2/3DPlatformer/Content/ThirdPerson/UI/UIclipboard.uasset" 1354
"C:/Users/conor/OneDrive/Desktop/Documents/GitHub/3D-Platformer-Semester-2/3DPlatformer/Content/ThirdPerson/UI/UIclipboard.uexp" 1355
"C:/Users/conor/OneDrive/Desktop/Documents/GitHub/3D-Platformer-Semester-2/3DPlatformer/Content/Interface_And_Item_Sounds/WAV/Click_02.ubulk" 1356
"C:/Users/conor/OneDrive/Desktop/Documents/GitHub/3D-Platformer-Semester-2/3DPlatformer/Content/Interface_And_Item_Sounds/WAV/Click_02.uasset" 1357
"C:/Users/conor/OneDrive/Desktop/Documents/GitHub/3D-Platformer-Semester-2/3DPlatformer/Content/Interface_And_Item_Sounds/WAV/Click_02.uexp" 1358
"C:/Users/conor/OneDrive/Desktop/Documents/GitHub/3D-Platformer-Semester-2/3DPlatformer/Content/Interface_And_Item_Sounds/WAV/Click_03.ubulk" 1359
"C:/Users/conor/OneDrive/Desktop/Documents/GitHub/3D-Platformer-Semester-2/3DPlatformer/Content/Interface_And_Item_Sounds/WAV/Click_03.uasset" 1360
"C:/Users/conor/OneDrive/Desktop/Documents/GitHub/3D-Platformer-Semester-2/3DPlatformer/Content/Interface_And_Item_Sounds/WAV/Click_03.uexp" 1361
"C:/Users/conor/OneDrive/Desktop/Documents/GitHub/3D-Platformer-Semester-2/3DPlatformer/Content/Interface_And_Item_Sounds/WAV/Click_04.ubulk" 1362
"C:/Users/conor/OneDrive/Desktop/Documents/GitHub/3D-Platformer-Semester-2/3DPlatformer/Content/Interface_And_Item_Sounds/WAV/Click_04.uasset" 1363
"C:/Users/conor/OneDrive/Desktop/Documents/GitHub/3D-Platformer-Semester-2/3DPlatformer/Content/Interface_And_Item_Sounds/WAV/Click_04.uexp" 1364
"C:/Users/conor/OneDrive/Desktop/Documents/GitHub/3D-Platformer-Semester-2/3DPlatformer/Content/Interface_And_Item_Sounds/WAV/Click_06.ubulk" 1365
"C:/Users/conor/OneDrive/Desktop/Documents/GitHub/3D-Platformer-Semester-2/3DPlatformer/Content/Interface_And_Item_Sounds/WAV/Click_06.uasset" 1366
"C:/Users/conor/OneDrive/Desktop/Documents/GitHub/3D-Platformer-Semester-2/3DPlatformer/Content/Interface_And_Item_Sounds/WAV/Click_06.uexp" 1367
"C:/Users/conor/OneDrive/Desktop/Documents/GitHub/3D-Platformer-Semester-2/3DPlatformer/Content/Interface_And_Item_Sounds/WAV/Click_07.ubulk" 1368
"C:/Users/conor/OneDrive/Desktop/Documents/GitHub/3D-Platformer-Semester-2/3DPlatformer/Content/Interface_And_Item_Sounds/WAV/Click_07.uasset" 1369
"C:/Users/conor/OneDrive/Desktop/Documents/GitHub/3D-Platformer-Semester-2/3DPlatformer/Content/Interface_And_Item_Sounds/WAV/Click_07.uexp" 1370
"C:/Users/conor/OneDrive/Desktop/Documents/GitHub/3D-Platformer-Semester-2/3DPlatformer/Content/Interface_And_Item_Sounds/WAV/Click_08.ubulk" 1371
"C:/Users/conor/OneDrive/Desktop/Documents/GitHub/3D-Platformer-Semester-2/3DPlatformer/Content/Interface_And_Item_Sounds/WAV/Click_08.uasset" 1372
"C:/Users/conor/OneDrive/Desktop/Documents/GitHub/3D-Platformer-Semester-2/3DPlatformer/Content/Interface_And_Item_Sounds/WAV/Click_08.uexp" 1373
"C:/Users/conor/OneDrive/Desktop/Documents/GitHub/3D-Platformer-Semester-2/3DPlatformer/Content/Sounds/UI/UIButtonCue.uasset" 1374
"C:/Users/conor/OneDrive/Desktop/Documents/GitHub/3D-Platformer-Semester-2/3DPlatformer/Content/Sounds/UI/UIButtonCue.uexp" 1375
"C:/Users/conor/OneDrive/Desktop/Documents/GitHub/3D-Platformer-Semester-2/3DPlatformer/Content/ThirdPerson/UI/WB_PauseMenu.uasset" 1376
"C:/Users/conor/OneDrive/Desktop/Documents/GitHub/3D-Platformer-Semester-2/3DPlatformer/Content/ThirdPerson/UI/WB_PauseMenu.uexp" 1377
"C:/Users/conor/OneDrive/Desktop/Documents/GitHub/3D-Platformer-Semester-2/3DPlatformer/Content/ThirdPerson/UI/download.uasset" 1378
"C:/Users/conor/OneDrive/Desktop/Documents/GitHub/3D-Platformer-Semester-2/3DPlatformer/Content/ThirdPerson/UI/download.uexp" 1379
"C:/Users/conor/OneDrive/Desktop/Documents/GitHub/3D-Platformer-Semester-2/3DPlatformer/Content/ThirdPerson/UI/WB_MainMenu.uasset" 1380
"C:/Users/conor/OneDrive/Desktop/Documents/GitHub/3D-Platformer-Semester-2/3DPlatformer/Content/ThirdPerson/UI/WB_MainMenu.uexp" 1381
"C:/Users/conor/OneDrive/Desktop/Documents/GitHub/3D-Platformer-Semester-2/3DPlatformer/Content/ThirdPerson/Levels/InputCheckLevel/Images/keyboardicon.uasset" 1382
"C:/Users/conor/OneDrive/Desktop/Documents/GitHub/3D-Platformer-Semester-2/3DPlatformer/Content/ThirdPerson/Levels/InputCheckLevel/Images/keyboardicon.uexp" 1383
"C:/Users/conor/OneDrive/Desktop/Documents/GitHub/3D-Platformer-Semester-2/3DPlatformer/Content/ThirdPerson/Levels/InputCheckLevel/Images/controllericon.uasset" 1384
"C:/Users/conor/OneDrive/Desktop/Documents/GitHub/3D-Platformer-Semester-2/3DPlatformer/Content/ThirdPerson/Levels/InputCheckLevel/Images/controllericon.uexp" 1385
"C:/Users/conor/OneDrive/Desktop/Documents/GitHub/3D-Platformer-Semester-2/3DPlatformer/Content/Interface_And_Item_Sounds/WAV/Futuristic_Click_02.ubulk" 1386
"C:/Users/conor/OneDrive/Desktop/Documents/GitHub/3D-Platformer-Semester-2/3DPlatformer/Content/Interface_And_Item_Sounds/WAV/Futuristic_Click_02.uasset" 1387
"C:/Users/conor/OneDrive/Desktop/Documents/GitHub/3D-Platformer-Semester-2/3DPlatformer/Content/Interface_And_Item_Sounds/WAV/Futuristic_Click_02.uexp" 1388
"C:/Users/conor/OneDrive/Desktop/Documents/GitHub/3D-Platformer-Semester-2/3DPlatformer/Content/Sounds/UI/UIDeviceSelect.uasset" 1389
"C:/Users/conor/OneDrive/Desktop/Documents/GitHub/3D-Platformer-Semester-2/3DPlatformer/Content/Sounds/UI/UIDeviceSelect.uexp" 1390
"C:/Users/conor/OneDrive/Desktop/Documents/GitHub/3D-Platformer-Semester-2/3DPlatformer/Content/ThirdPerson/UI/WB_InputDeviceCheck.uasset" 1391
"C:/Users/conor/OneDrive/Desktop/Documents/GitHub/3D-Platformer-Semester-2/3DPlatformer/Content/ThirdPerson/UI/WB_InputDeviceCheck.uexp" 1392
"C:/Users/conor/OneDrive/Desktop/Documents/GitHub/3D-Platformer-Semester-2/3DPlatformer/Content/ThirdPerson/UI/Xbox_View_button_svg.uasset" 1393
"C:/Users/conor/OneDrive/Desktop/Documents/GitHub/3D-Platformer-Semester-2/3DPlatformer/Content/ThirdPerson/UI/Xbox_View_button_svg.uexp" 1394
"C:/Users/conor/OneDrive/Desktop/Documents/GitHub/3D-Platformer-Semester-2/3DPlatformer/Content/ThirdPerson/UI/WB_DeathHUD.uasset" 1395
"C:/Users/conor/OneDrive/Desktop/Documents/GitHub/3D-Platformer-Semester-2/3DPlatformer/Content/ThirdPerson/UI/WB_DeathHUD.uexp" 1396
"C:/Users/conor/OneDrive/Desktop/Documents/GitHub/3D-Platformer-Semester-2/3DPlatformer/Content/ThirdPerson/UI/Cassette.uasset" 1397
"C:/Users/conor/OneDrive/Desktop/Documents/GitHub/3D-Platformer-Semester-2/3DPlatformer/Content/ThirdPerson/UI/Cassette.uexp" 1398
"C:/Users/conor/OneDrive/Desktop/Documents/GitHub/3D-Platformer-Semester-2/3DPlatformer/Content/ThirdPerson/UI/WB_CassettePlayerMenu.uasset" 1399
"C:/Users/conor/OneDrive/Desktop/Documents/GitHub/3D-Platformer-Semester-2/3DPlatformer/Content/ThirdPerson/UI/WB_CassettePlayerMenu.uexp" 1400
"../../../Engine/Content/BasicShapes/Cube.ubulk" 1401
"../../../Engine/Content/BasicShapes/Cube.uasset" 1402
"../../../Engine/Content/BasicShapes/Cube.uexp" 1403
"../../../Engine/Content/BasicShapes/BasicShapeMaterial.uasset" 1404
"../../../Engine/Content/BasicShapes/BasicShapeMaterial.uexp" 1405
"C:/Users/conor/OneDrive/Desktop/Documents/GitHub/3D-Platformer-Semester-2/3DPlatformer/Content/Fab/KenneyGraveyardPack/FBX_format/coffin.ubulk" 1406
"C:/Users/conor/OneDrive/Desktop/Documents/GitHub/3D-Platformer-Semester-2/3DPlatformer/Content/Fab/KenneyGraveyardPack/FBX_format/coffin.uasset" 1407
"C:/Users/conor/OneDrive/Desktop/Documents/GitHub/3D-Platformer-Semester-2/3DPlatformer/Content/Fab/KenneyGraveyardPack/FBX_format/coffin.uexp" 1408
"C:/Users/conor/OneDrive/Desktop/Documents/GitHub/3D-Platformer-Semester-2/3DPlatformer/Content/Characters/Mannequins/Textures/Quinn/T_Quinn_02_N.ubulk" 1409
"C:/Users/conor/OneDrive/Desktop/Documents/GitHub/3D-Platformer-Semester-2/3DPlatformer/Content/Characters/Mannequins/Textures/Quinn/T_Quinn_02_N.uasset" 1410
"C:/Users/conor/OneDrive/Desktop/Documents/GitHub/3D-Platformer-Semester-2/3DPlatformer/Content/Characters/Mannequins/Textures/Quinn/T_Quinn_02_N.uexp" 1411
"C:/Users/conor/OneDrive/Desktop/Documents/GitHub/3D-Platformer-Semester-2/3DPlatformer/Content/Characters/Mannequins/Textures/Quinn/T_Quinn_02_MRA.ubulk" 1412
"C:/Users/conor/OneDrive/Desktop/Documents/GitHub/3D-Platformer-Semester-2/3DPlatformer/Content/Characters/Mannequins/Textures/Quinn/T_Quinn_02_MRA.uasset" 1413
"C:/Users/conor/OneDrive/Desktop/Documents/GitHub/3D-Platformer-Semester-2/3DPlatformer/Content/Characters/Mannequins/Textures/Quinn/T_Quinn_02_MRA.uexp" 1414
"C:/Users/conor/OneDrive/Desktop/Documents/GitHub/3D-Platformer-Semester-2/3DPlatformer/Content/Characters/Mannequins/Textures/Quinn/T_Quinn_02_D.ubulk" 1415
"C:/Users/conor/OneDrive/Desktop/Documents/GitHub/3D-Platformer-Semester-2/3DPlatformer/Content/Characters/Mannequins/Textures/Quinn/T_Quinn_02_D.uasset" 1416
"C:/Users/conor/OneDrive/Desktop/Documents/GitHub/3D-Platformer-Semester-2/3DPlatformer/Content/Characters/Mannequins/Textures/Quinn/T_Quinn_02_D.uexp" 1417
"C:/Users/conor/OneDrive/Desktop/Documents/GitHub/3D-Platformer-Semester-2/3DPlatformer/Content/Characters/Mannequins/Textures/Quinn/T_Quinn_01_N.ubulk" 1418
"C:/Users/conor/OneDrive/Desktop/Documents/GitHub/3D-Platformer-Semester-2/3DPlatformer/Content/Characters/Mannequins/Textures/Quinn/T_Quinn_01_N.uasset" 1419
"C:/Users/conor/OneDrive/Desktop/Documents/GitHub/3D-Platformer-Semester-2/3DPlatformer/Content/Characters/Mannequins/Textures/Quinn/T_Quinn_01_N.uexp" 1420
"C:/Users/conor/OneDrive/Desktop/Documents/GitHub/3D-Platformer-Semester-2/3DPlatformer/Content/Characters/Mannequins/Textures/Quinn/T_Quinn_01_MRA.ubulk" 1421
"C:/Users/conor/OneDrive/Desktop/Documents/GitHub/3D-Platformer-Semester-2/3DPlatformer/Content/Characters/Mannequins/Textures/Quinn/T_Quinn_01_MRA.uasset" 1422
"C:/Users/conor/OneDrive/Desktop/Documents/GitHub/3D-Platformer-Semester-2/3DPlatformer/Content/Characters/Mannequins/Textures/Quinn/T_Quinn_01_MRA.uexp" 1423
"C:/Users/conor/OneDrive/Desktop/Documents/GitHub/3D-Platformer-Semester-2/3DPlatformer/Content/Characters/Mannequins/Textures/Quinn/T_Quinn_01_D.ubulk" 1424
"C:/Users/conor/OneDrive/Desktop/Documents/GitHub/3D-Platformer-Semester-2/3DPlatformer/Content/Characters/Mannequins/Textures/Quinn/T_Quinn_01_D.uasset" 1425
"C:/Users/conor/OneDrive/Desktop/Documents/GitHub/3D-Platformer-Semester-2/3DPlatformer/Content/Characters/Mannequins/Textures/Quinn/T_Quinn_01_D.uexp" 1426
"C:/Users/conor/OneDrive/Desktop/Documents/GitHub/3D-Platformer-Semester-2/3DPlatformer/Content/Characters/Mannequins/Materials/Quinn/MI_Quinn_01.uasset" 1427
"C:/Users/conor/OneDrive/Desktop/Documents/GitHub/3D-Platformer-Semester-2/3DPlatformer/Content/Characters/Mannequins/Materials/Quinn/MI_Quinn_01.uexp" 1428
"C:/Users/conor/OneDrive/Desktop/Documents/GitHub/3D-Platformer-Semester-2/3DPlatformer/Content/Characters/Mannequins/Materials/Quinn/MI_Quinn_02.uasset" 1429
"C:/Users/conor/OneDrive/Desktop/Documents/GitHub/3D-Platformer-Semester-2/3DPlatformer/Content/Characters/Mannequins/Materials/Quinn/MI_Quinn_02.uexp" 1430
"C:/Users/conor/OneDrive/Desktop/Documents/GitHub/3D-Platformer-Semester-2/3DPlatformer/Content/Characters/Mannequins/Meshes/SKM_Quinn_Simple.uasset" 1431
"C:/Users/conor/OneDrive/Desktop/Documents/GitHub/3D-Platformer-Semester-2/3DPlatformer/Content/Characters/Mannequins/Meshes/SKM_Quinn_Simple.uexp" 1432
"C:/Users/conor/OneDrive/Desktop/Documents/GitHub/3D-Platformer-Semester-2/3DPlatformer/Content/BluePrints/BP_Coffin.uasset" 1433
"C:/Users/conor/OneDrive/Desktop/Documents/GitHub/3D-Platformer-Semester-2/3DPlatformer/Content/BluePrints/BP_Coffin.uexp" 1434
"C:/Users/conor/OneDrive/Desktop/Documents/GitHub/3D-Platformer-Semester-2/3DPlatformer/Content/BluePrints/BP_TutorialBox.uasset" 1435
"C:/Users/conor/OneDrive/Desktop/Documents/GitHub/3D-Platformer-Semester-2/3DPlatformer/Content/BluePrints/BP_TutorialBox.uexp" 1436
"C:/Users/conor/OneDrive/Desktop/Documents/GitHub/3D-Platformer-Semester-2/3DPlatformer/Content/ThirdPerson/Levels/ChaseSceneAssets/Ice.uasset" 1437
"C:/Users/conor/OneDrive/Desktop/Documents/GitHub/3D-Platformer-Semester-2/3DPlatformer/Content/ThirdPerson/Levels/ChaseSceneAssets/Ice.uexp" 1438
"C:/Users/conor/OneDrive/Desktop/Documents/GitHub/3D-Platformer-Semester-2/3DPlatformer/Content/ThirdPerson/Levels/ChaseSceneAssets/Ice_Mat.uasset" 1439
"C:/Users/conor/OneDrive/Desktop/Documents/GitHub/3D-Platformer-Semester-2/3DPlatformer/Content/ThirdPerson/Levels/ChaseSceneAssets/Ice_Mat.uexp" 1440
"C:/Users/conor/OneDrive/Desktop/Documents/GitHub/3D-Platformer-Semester-2/3DPlatformer/Content/ThirdPerson/Levels/ChaseSceneAssets/BP_MovingIce.uasset" 1441
"C:/Users/conor/OneDrive/Desktop/Documents/GitHub/3D-Platformer-Semester-2/3DPlatformer/Content/ThirdPerson/Levels/ChaseSceneAssets/BP_MovingIce.uexp" 1442
"C:/Users/conor/OneDrive/Desktop/Documents/GitHub/3D-Platformer-Semester-2/3DPlatformer/Content/ThirdPerson/Levels/AtticAssets/insulation.uasset" 1443
"C:/Users/conor/OneDrive/Desktop/Documents/GitHub/3D-Platformer-Semester-2/3DPlatformer/Content/ThirdPerson/Levels/AtticAssets/insulation.uexp" 1444
"C:/Users/conor/OneDrive/Desktop/Documents/GitHub/3D-Platformer-Semester-2/3DPlatformer/Content/ThirdPerson/Levels/AtticAssets/insulation_Mat.uasset" 1445
"C:/Users/conor/OneDrive/Desktop/Documents/GitHub/3D-Platformer-Semester-2/3DPlatformer/Content/ThirdPerson/Levels/AtticAssets/insulation_Mat.uexp" 1446
"C:/Users/conor/OneDrive/Desktop/Documents/GitHub/3D-Platformer-Semester-2/3DPlatformer/Content/ThirdPerson/Levels/AtticAssets/BP_AtticInsulation.uasset" 1447
"C:/Users/conor/OneDrive/Desktop/Documents/GitHub/3D-Platformer-Semester-2/3DPlatformer/Content/ThirdPerson/Levels/AtticAssets/BP_AtticInsulation.uexp" 1448
"C:/Users/conor/OneDrive/Desktop/Documents/GitHub/3D-Platformer-Semester-2/3DPlatformer/Content/ThirdPerson/Blueprints/CharacterAnimations/Jumping_Up_Anim.uasset" 1449
"C:/Users/conor/OneDrive/Desktop/Documents/GitHub/3D-Platformer-Semester-2/3DPlatformer/Content/ThirdPerson/Blueprints/CharacterAnimations/Jumping_Up_Anim.uexp" 1450
"C:/Users/conor/OneDrive/Desktop/Documents/GitHub/3D-Platformer-Semester-2/3DPlatformer/Content/ThirdPerson/Blueprints/CharacterAnimations/Falling_Idle_Anim.uasset" 1451
"C:/Users/conor/OneDrive/Desktop/Documents/GitHub/3D-Platformer-Semester-2/3DPlatformer/Content/ThirdPerson/Blueprints/CharacterAnimations/Falling_Idle_Anim.uexp" 1452
"C:/Users/conor/OneDrive/Desktop/Documents/GitHub/3D-Platformer-Semester-2/3DPlatformer/Content/ThirdPerson/Blueprints/CharacterAnimations/Idle_Anim.uasset" 1453
"C:/Users/conor/OneDrive/Desktop/Documents/GitHub/3D-Platformer-Semester-2/3DPlatformer/Content/ThirdPerson/Blueprints/CharacterAnimations/Idle_Anim.uexp" 1454
"C:/Users/conor/OneDrive/Desktop/Documents/GitHub/3D-Platformer-Semester-2/3DPlatformer/Content/ThirdPerson/Blueprints/CharacterAnimations/Running_Anim.uasset" 1455
"C:/Users/conor/OneDrive/Desktop/Documents/GitHub/3D-Platformer-Semester-2/3DPlatformer/Content/ThirdPerson/Blueprints/CharacterAnimations/Running_Anim.uexp" 1456
"C:/Users/conor/OneDrive/Desktop/Documents/GitHub/3D-Platformer-Semester-2/3DPlatformer/Content/ThirdPerson/Blueprints/CharacterAnimations/Gooberman_Skeleton_BlendSpace1D.uasset" 1457
"C:/Users/conor/OneDrive/Desktop/Documents/GitHub/3D-Platformer-Semester-2/3DPlatformer/Content/ThirdPerson/Blueprints/CharacterAnimations/Gooberman_Skeleton_BlendSpace1D.uexp" 1458
"C:/Users/conor/OneDrive/Desktop/Documents/GitHub/3D-Platformer-Semester-2/3DPlatformer/Content/ThirdPerson/Blueprints/CharacterAnimations/Sucking_Anim.uasset" 1459
"C:/Users/conor/OneDrive/Desktop/Documents/GitHub/3D-Platformer-Semester-2/3DPlatformer/Content/ThirdPerson/Blueprints/CharacterAnimations/Sucking_Anim.uexp" 1460
"C:/Users/conor/OneDrive/Desktop/Documents/GitHub/3D-Platformer-Semester-2/3DPlatformer/Content/ThirdPerson/Blueprints/CharacterAnimations/SuckingWalking_Anim.uasset" 1461
"C:/Users/conor/OneDrive/Desktop/Documents/GitHub/3D-Platformer-Semester-2/3DPlatformer/Content/ThirdPerson/Blueprints/CharacterAnimations/SuckingWalking_Anim.uexp" 1462
"C:/Users/conor/OneDrive/Desktop/Documents/GitHub/3D-Platformer-Semester-2/3DPlatformer/Content/ThirdPerson/Blueprints/CharacterAnimations/Gooberman_SuckToSuckWalk.uasset" 1463
"C:/Users/conor/OneDrive/Desktop/Documents/GitHub/3D-Platformer-Semester-2/3DPlatformer/Content/ThirdPerson/Blueprints/CharacterAnimations/Gooberman_SuckToSuckWalk.uexp" 1464
"C:/Users/conor/OneDrive/Desktop/Documents/GitHub/3D-Platformer-Semester-2/3DPlatformer/Content/Sounds/PlayerSound/Step/LeafSteps/Step5.ubulk" 1465
"C:/Users/conor/OneDrive/Desktop/Documents/GitHub/3D-Platformer-Semester-2/3DPlatformer/Content/Sounds/PlayerSound/Step/LeafSteps/Step5.uasset" 1466
"C:/Users/conor/OneDrive/Desktop/Documents/GitHub/3D-Platformer-Semester-2/3DPlatformer/Content/Sounds/PlayerSound/Step/LeafSteps/Step5.uexp" 1467
"C:/Users/conor/OneDrive/Desktop/Documents/GitHub/3D-Platformer-Semester-2/3DPlatformer/Content/Sounds/PlayerSound/Step/LeafSteps/Step4.ubulk" 1468
"C:/Users/conor/OneDrive/Desktop/Documents/GitHub/3D-Platformer-Semester-2/3DPlatformer/Content/Sounds/PlayerSound/Step/LeafSteps/Step4.uasset" 1469
"C:/Users/conor/OneDrive/Desktop/Documents/GitHub/3D-Platformer-Semester-2/3DPlatformer/Content/Sounds/PlayerSound/Step/LeafSteps/Step4.uexp" 1470
"C:/Users/conor/OneDrive/Desktop/Documents/GitHub/3D-Platformer-Semester-2/3DPlatformer/Content/Sounds/PlayerSound/Step/LeafSteps/Step3.ubulk" 1471
"C:/Users/conor/OneDrive/Desktop/Documents/GitHub/3D-Platformer-Semester-2/3DPlatformer/Content/Sounds/PlayerSound/Step/LeafSteps/Step3.uasset" 1472
"C:/Users/conor/OneDrive/Desktop/Documents/GitHub/3D-Platformer-Semester-2/3DPlatformer/Content/Sounds/PlayerSound/Step/LeafSteps/Step3.uexp" 1473
"C:/Users/conor/OneDrive/Desktop/Documents/GitHub/3D-Platformer-Semester-2/3DPlatformer/Content/Sounds/PlayerSound/Step/LeafSteps/Step2.ubulk" 1474
"C:/Users/conor/OneDrive/Desktop/Documents/GitHub/3D-Platformer-Semester-2/3DPlatformer/Content/Sounds/PlayerSound/Step/LeafSteps/Step2.uasset" 1475
"C:/Users/conor/OneDrive/Desktop/Documents/GitHub/3D-Platformer-Semester-2/3DPlatformer/Content/Sounds/PlayerSound/Step/LeafSteps/Step2.uexp" 1476
"C:/Users/conor/OneDrive/Desktop/Documents/GitHub/3D-Platformer-Semester-2/3DPlatformer/Content/Sounds/PlayerSound/Step/LeafSteps/Step1.ubulk" 1477
"C:/Users/conor/OneDrive/Desktop/Documents/GitHub/3D-Platformer-Semester-2/3DPlatformer/Content/Sounds/PlayerSound/Step/LeafSteps/Step1.uasset" 1478
"C:/Users/conor/OneDrive/Desktop/Documents/GitHub/3D-Platformer-Semester-2/3DPlatformer/Content/Sounds/PlayerSound/Step/LeafSteps/Step1.uexp" 1479
"C:/Users/conor/OneDrive/Desktop/Documents/GitHub/3D-Platformer-Semester-2/3DPlatformer/Content/Sounds/PlayerSound/Step/LeafSteps/LeafStep.uasset" 1480
"C:/Users/conor/OneDrive/Desktop/Documents/GitHub/3D-Platformer-Semester-2/3DPlatformer/Content/Sounds/PlayerSound/Step/LeafSteps/LeafStep.uexp" 1481
"C:/Users/conor/OneDrive/Desktop/Documents/GitHub/3D-Platformer-Semester-2/3DPlatformer/Content/Free_Sounds_Pack/wav/Rock_Impact_11.ubulk" 1482
"C:/Users/conor/OneDrive/Desktop/Documents/GitHub/3D-Platformer-Semester-2/3DPlatformer/Content/Free_Sounds_Pack/wav/Rock_Impact_11.uasset" 1483
"C:/Users/conor/OneDrive/Desktop/Documents/GitHub/3D-Platformer-Semester-2/3DPlatformer/Content/Free_Sounds_Pack/wav/Rock_Impact_11.uexp" 1484
"C:/Users/conor/OneDrive/Desktop/Documents/GitHub/3D-Platformer-Semester-2/3DPlatformer/Content/Free_Sounds_Pack/wav/Rock_Impact_37.ubulk" 1485
"C:/Users/conor/OneDrive/Desktop/Documents/GitHub/3D-Platformer-Semester-2/3DPlatformer/Content/Free_Sounds_Pack/wav/Rock_Impact_37.uasset" 1486
"C:/Users/conor/OneDrive/Desktop/Documents/GitHub/3D-Platformer-Semester-2/3DPlatformer/Content/Free_Sounds_Pack/wav/Rock_Impact_37.uexp" 1487
"C:/Users/conor/OneDrive/Desktop/Documents/GitHub/3D-Platformer-Semester-2/3DPlatformer/Content/Free_Sounds_Pack/wav/Punch_2-1.ubulk" 1488
"C:/Users/conor/OneDrive/Desktop/Documents/GitHub/3D-Platformer-Semester-2/3DPlatformer/Content/Free_Sounds_Pack/wav/Punch_2-1.uasset" 1489
"C:/Users/conor/OneDrive/Desktop/Documents/GitHub/3D-Platformer-Semester-2/3DPlatformer/Content/Free_Sounds_Pack/wav/Punch_2-1.uexp" 1490
"C:/Users/conor/OneDrive/Desktop/Documents/GitHub/3D-Platformer-Semester-2/3DPlatformer/Content/Free_Sounds_Pack/wav/Shield_Metal_Impact_1-3.ubulk" 1491
"C:/Users/conor/OneDrive/Desktop/Documents/GitHub/3D-Platformer-Semester-2/3DPlatformer/Content/Free_Sounds_Pack/wav/Shield_Metal_Impact_1-3.uasset" 1492
"C:/Users/conor/OneDrive/Desktop/Documents/GitHub/3D-Platformer-Semester-2/3DPlatformer/Content/Free_Sounds_Pack/wav/Shield_Metal_Impact_1-3.uexp" 1493
"C:/Users/conor/OneDrive/Desktop/Documents/GitHub/3D-Platformer-Semester-2/3DPlatformer/Content/Free_Sounds_Pack/wav/Shield_Wood_Impact_2-1.ubulk" 1494
"C:/Users/conor/OneDrive/Desktop/Documents/GitHub/3D-Platformer-Semester-2/3DPlatformer/Content/Free_Sounds_Pack/wav/Shield_Wood_Impact_2-1.uasset" 1495
"C:/Users/conor/OneDrive/Desktop/Documents/GitHub/3D-Platformer-Semester-2/3DPlatformer/Content/Free_Sounds_Pack/wav/Shield_Wood_Impact_2-1.uexp" 1496
"C:/Users/conor/OneDrive/Desktop/Documents/GitHub/3D-Platformer-Semester-2/3DPlatformer/Content/Sounds/PlayerSound/Step/NormalStep/NormalStepSound.uasset" 1497
"C:/Users/conor/OneDrive/Desktop/Documents/GitHub/3D-Platformer-Semester-2/3DPlatformer/Content/Sounds/PlayerSound/Step/NormalStep/NormalStepSound.uexp" 1498
"C:/Users/conor/OneDrive/Desktop/Documents/GitHub/3D-Platformer-Semester-2/3DPlatformer/Content/ThirdPerson/Blueprints/Gooberman_Skeleton_AnimBlueprint.uasset" 1499
"C:/Users/conor/OneDrive/Desktop/Documents/GitHub/3D-Platformer-Semester-2/3DPlatformer/Content/ThirdPerson/Blueprints/Gooberman_Skeleton_AnimBlueprint.uexp" 1500
"C:/Users/conor/OneDrive/Desktop/Documents/GitHub/3D-Platformer-Semester-2/3DPlatformer/Content/ThirdPerson/Blueprints/openPBR_shader1.uasset" 1501
"C:/Users/conor/OneDrive/Desktop/Documents/GitHub/3D-Platformer-Semester-2/3DPlatformer/Content/ThirdPerson/Blueprints/openPBR_shader1.uexp" 1502
"C:/Users/conor/OneDrive/Desktop/Documents/GitHub/3D-Platformer-Semester-2/3DPlatformer/Content/ThirdPerson/Blueprints/Gooberman_PhysicsAsset.uasset" 1503
"C:/Users/conor/OneDrive/Desktop/Documents/GitHub/3D-Platformer-Semester-2/3DPlatformer/Content/ThirdPerson/Blueprints/Gooberman_PhysicsAsset.uexp" 1504
"C:/Users/conor/OneDrive/Desktop/Documents/GitHub/3D-Platformer-Semester-2/3DPlatformer/Content/ThirdPerson/Blueprints/Gooberman.uasset" 1505
"C:/Users/conor/OneDrive/Desktop/Documents/GitHub/3D-Platformer-Semester-2/3DPlatformer/Content/ThirdPerson/Blueprints/Gooberman.uexp" 1506
"C:/Users/conor/OneDrive/Desktop/Documents/GitHub/3D-Platformer-Semester-2/3DPlatformer/Content/ThirdPerson/Blueprints/Capture.uasset" 1507
"C:/Users/conor/OneDrive/Desktop/Documents/GitHub/3D-Platformer-Semester-2/3DPlatformer/Content/ThirdPerson/Blueprints/Capture.uexp" 1508
"C:/Users/conor/OneDrive/Desktop/Documents/GitHub/3D-Platformer-Semester-2/3DPlatformer/Content/ThirdPerson/Blueprints/CharacterColour.uasset" 1509
"C:/Users/conor/OneDrive/Desktop/Documents/GitHub/3D-Platformer-Semester-2/3DPlatformer/Content/ThirdPerson/Blueprints/CharacterColour.uexp" 1510
"C:/Users/conor/OneDrive/Desktop/Documents/GitHub/3D-Platformer-Semester-2/3DPlatformer/Content/ThirdPerson/Blueprints/ScreenShake/CS_Land.uasset" 1511
"C:/Users/conor/OneDrive/Desktop/Documents/GitHub/3D-Platformer-Semester-2/3DPlatformer/Content/ThirdPerson/Blueprints/ScreenShake/CS_Land.uexp" 1512
"C:/Users/conor/OneDrive/Desktop/Documents/GitHub/3D-Platformer-Semester-2/3DPlatformer/Content/Sounds/PlayerSound/VacuumHumming.ubulk" 1513
"C:/Users/conor/OneDrive/Desktop/Documents/GitHub/3D-Platformer-Semester-2/3DPlatformer/Content/Sounds/PlayerSound/VacuumHumming.uasset" 1514
"C:/Users/conor/OneDrive/Desktop/Documents/GitHub/3D-Platformer-Semester-2/3DPlatformer/Content/Sounds/PlayerSound/VacuumHumming.uexp" 1515
"C:/Users/conor/OneDrive/Desktop/Documents/GitHub/3D-Platformer-Semester-2/3DPlatformer/Content/Sounds/PlayerSound/JumpSounds/playerjump.ubulk" 1516
"C:/Users/conor/OneDrive/Desktop/Documents/GitHub/3D-Platformer-Semester-2/3DPlatformer/Content/Sounds/PlayerSound/JumpSounds/playerjump.uasset" 1517
"C:/Users/conor/OneDrive/Desktop/Documents/GitHub/3D-Platformer-Semester-2/3DPlatformer/Content/Sounds/PlayerSound/JumpSounds/playerjump.uexp" 1518
"C:/Users/conor/OneDrive/Desktop/Documents/GitHub/3D-Platformer-Semester-2/3DPlatformer/Content/Sounds/PlayerSound/JumpSounds/MalikGrunt.ubulk" 1519
"C:/Users/conor/OneDrive/Desktop/Documents/GitHub/3D-Platformer-Semester-2/3DPlatformer/Content/Sounds/PlayerSound/JumpSounds/MalikGrunt.uasset" 1520
"C:/Users/conor/OneDrive/Desktop/Documents/GitHub/3D-Platformer-Semester-2/3DPlatformer/Content/Sounds/PlayerSound/JumpSounds/MalikGrunt.uexp" 1521
"C:/Users/conor/OneDrive/Desktop/Documents/GitHub/3D-Platformer-Semester-2/3DPlatformer/Content/Sounds/PlayerSound/JumpSounds/JoeGrunt3.ubulk" 1522
"C:/Users/conor/OneDrive/Desktop/Documents/GitHub/3D-Platformer-Semester-2/3DPlatformer/Content/Sounds/PlayerSound/JumpSounds/JoeGrunt3.uasset" 1523
"C:/Users/conor/OneDrive/Desktop/Documents/GitHub/3D-Platformer-Semester-2/3DPlatformer/Content/Sounds/PlayerSound/JumpSounds/JoeGrunt3.uexp" 1524
"C:/Users/conor/OneDrive/Desktop/Documents/GitHub/3D-Platformer-Semester-2/3DPlatformer/Content/Sounds/PlayerSound/JumpSounds/JoeGrunt2.ubulk" 1525
"C:/Users/conor/OneDrive/Desktop/Documents/GitHub/3D-Platformer-Semester-2/3DPlatformer/Content/Sounds/PlayerSound/JumpSounds/JoeGrunt2.uasset" 1526
"C:/Users/conor/OneDrive/Desktop/Documents/GitHub/3D-Platformer-Semester-2/3DPlatformer/Content/Sounds/PlayerSound/JumpSounds/JoeGrunt2.uexp" 1527
"C:/Users/conor/OneDrive/Desktop/Documents/GitHub/3D-Platformer-Semester-2/3DPlatformer/Content/Sounds/PlayerSound/JumpSounds/JoeGrunt1.ubulk" 1528
"C:/Users/conor/OneDrive/Desktop/Documents/GitHub/3D-Platformer-Semester-2/3DPlatformer/Content/Sounds/PlayerSound/JumpSounds/JoeGrunt1.uasset" 1529
"C:/Users/conor/OneDrive/Desktop/Documents/GitHub/3D-Platformer-Semester-2/3DPlatformer/Content/Sounds/PlayerSound/JumpSounds/JoeGrunt1.uexp" 1530
"C:/Users/conor/OneDrive/Desktop/Documents/GitHub/3D-Platformer-Semester-2/3DPlatformer/Content/Sounds/PlayerSound/JumpSounds/crimin_grunt.ubulk" 1531
"C:/Users/conor/OneDrive/Desktop/Documents/GitHub/3D-Platformer-Semester-2/3DPlatformer/Content/Sounds/PlayerSound/JumpSounds/crimin_grunt.uasset" 1532
"C:/Users/conor/OneDrive/Desktop/Documents/GitHub/3D-Platformer-Semester-2/3DPlatformer/Content/Sounds/PlayerSound/JumpSounds/crimin_grunt.uexp" 1533
"C:/Users/conor/OneDrive/Desktop/Documents/GitHub/3D-Platformer-Semester-2/3DPlatformer/Content/Sounds/PlayerSound/JumpSounds/EimearGrunt.ubulk" 1534
"C:/Users/conor/OneDrive/Desktop/Documents/GitHub/3D-Platformer-Semester-2/3DPlatformer/Content/Sounds/PlayerSound/JumpSounds/EimearGrunt.uasset" 1535
"C:/Users/conor/OneDrive/Desktop/Documents/GitHub/3D-Platformer-Semester-2/3DPlatformer/Content/Sounds/PlayerSound/JumpSounds/EimearGrunt.uexp" 1536
"C:/Users/conor/OneDrive/Desktop/Documents/GitHub/3D-Platformer-Semester-2/3DPlatformer/Content/Sounds/PlayerSound/JumpSounds/DanielGrunt.ubulk" 1537
"C:/Users/conor/OneDrive/Desktop/Documents/GitHub/3D-Platformer-Semester-2/3DPlatformer/Content/Sounds/PlayerSound/JumpSounds/DanielGrunt.uasset" 1538
"C:/Users/conor/OneDrive/Desktop/Documents/GitHub/3D-Platformer-Semester-2/3DPlatformer/Content/Sounds/PlayerSound/JumpSounds/DanielGrunt.uexp" 1539
"C:/Users/conor/OneDrive/Desktop/Documents/GitHub/3D-Platformer-Semester-2/3DPlatformer/Content/Sounds/PlayerSound/JumpSounds/AlexGrunt3.ubulk" 1540
"C:/Users/conor/OneDrive/Desktop/Documents/GitHub/3D-Platformer-Semester-2/3DPlatformer/Content/Sounds/PlayerSound/JumpSounds/AlexGrunt3.uasset" 1541
"C:/Users/conor/OneDrive/Desktop/Documents/GitHub/3D-Platformer-Semester-2/3DPlatformer/Content/Sounds/PlayerSound/JumpSounds/AlexGrunt3.uexp" 1542
"C:/Users/conor/OneDrive/Desktop/Documents/GitHub/3D-Platformer-Semester-2/3DPlatformer/Content/Sounds/PlayerSound/JumpSounds/AlexGrunt2.ubulk" 1543
"C:/Users/conor/OneDrive/Desktop/Documents/GitHub/3D-Platformer-Semester-2/3DPlatformer/Content/Sounds/PlayerSound/JumpSounds/AlexGrunt2.uasset" 1544
"C:/Users/conor/OneDrive/Desktop/Documents/GitHub/3D-Platformer-Semester-2/3DPlatformer/Content/Sounds/PlayerSound/JumpSounds/AlexGrunt2.uexp" 1545
"C:/Users/conor/OneDrive/Desktop/Documents/GitHub/3D-Platformer-Semester-2/3DPlatformer/Content/Sounds/PlayerSound/JumpSounds/AlexGrunt1.ubulk" 1546
"C:/Users/conor/OneDrive/Desktop/Documents/GitHub/3D-Platformer-Semester-2/3DPlatformer/Content/Sounds/PlayerSound/JumpSounds/AlexGrunt1.uasset" 1547
"C:/Users/conor/OneDrive/Desktop/Documents/GitHub/3D-Platformer-Semester-2/3DPlatformer/Content/Sounds/PlayerSound/JumpSounds/AlexGrunt1.uexp" 1548
"C:/Users/conor/OneDrive/Desktop/Documents/GitHub/3D-Platformer-Semester-2/3DPlatformer/Content/Sounds/PlayerSound/JumpSounds/JumpSound.uasset" 1549
"C:/Users/conor/OneDrive/Desktop/Documents/GitHub/3D-Platformer-Semester-2/3DPlatformer/Content/Sounds/PlayerSound/JumpSounds/JumpSound.uexp" 1550
"C:/Users/conor/OneDrive/Desktop/Documents/GitHub/3D-Platformer-Semester-2/3DPlatformer/Content/Sounds/PlayerSound/Dash/Dash_Sound.ubulk" 1551
"C:/Users/conor/OneDrive/Desktop/Documents/GitHub/3D-Platformer-Semester-2/3DPlatformer/Content/Sounds/PlayerSound/Dash/Dash_Sound.uasset" 1552
"C:/Users/conor/OneDrive/Desktop/Documents/GitHub/3D-Platformer-Semester-2/3DPlatformer/Content/Sounds/PlayerSound/Dash/Dash_Sound.uexp" 1553
"C:/Users/conor/OneDrive/Desktop/Documents/GitHub/3D-Platformer-Semester-2/3DPlatformer/Content/Materials/VacuumWindTexture.uasset" 1554
"C:/Users/conor/OneDrive/Desktop/Documents/GitHub/3D-Platformer-Semester-2/3DPlatformer/Content/Materials/VacuumWindTexture.uexp" 1555
"C:/Users/conor/OneDrive/Desktop/Documents/GitHub/3D-Platformer-Semester-2/3DPlatformer/Content/Materials/VacuumWindTexture_Mat.uasset" 1556
"C:/Users/conor/OneDrive/Desktop/Documents/GitHub/3D-Platformer-Semester-2/3DPlatformer/Content/Materials/VacuumWindTexture_Mat.uexp" 1557
"C:/Users/conor/OneDrive/Desktop/Documents/GitHub/3D-Platformer-Semester-2/3DPlatformer/Content/Input/Actions/IA_MouseLook.uasset" 1558
"C:/Users/conor/OneDrive/Desktop/Documents/GitHub/3D-Platformer-Semester-2/3DPlatformer/Content/Input/Actions/IA_MouseLook.uexp" 1559
"C:/Users/conor/OneDrive/Desktop/Documents/GitHub/3D-Platformer-Semester-2/3DPlatformer/Content/Input/Actions/IA_Look.uasset" 1560
"C:/Users/conor/OneDrive/Desktop/Documents/GitHub/3D-Platformer-Semester-2/3DPlatformer/Content/Input/Actions/IA_Look.uexp" 1561
"C:/Users/conor/OneDrive/Desktop/Documents/GitHub/3D-Platformer-Semester-2/3DPlatformer/Content/Input/Actions/IA_Attack.uasset" 1562
"C:/Users/conor/OneDrive/Desktop/Documents/GitHub/3D-Platformer-Semester-2/3DPlatformer/Content/Input/Actions/IA_Attack.uexp" 1563
"C:/Users/conor/OneDrive/Desktop/Documents/GitHub/3D-Platformer-Semester-2/3DPlatformer/Content/Input/Actions/IA_CameraFix.uasset" 1564
"C:/Users/conor/OneDrive/Desktop/Documents/GitHub/3D-Platformer-Semester-2/3DPlatformer/Content/Input/Actions/IA_CameraFix.uexp" 1565
"C:/Users/conor/OneDrive/Desktop/Documents/GitHub/3D-Platformer-Semester-2/3DPlatformer/Content/Input/Actions/IA_Crouch.uasset" 1566
"C:/Users/conor/OneDrive/Desktop/Documents/GitHub/3D-Platformer-Semester-2/3DPlatformer/Content/Input/Actions/IA_Crouch.uexp" 1567
"C:/Users/conor/OneDrive/Desktop/Documents/GitHub/3D-Platformer-Semester-2/3DPlatformer/Content/Input/Actions/IA_Jump.uasset" 1568
"C:/Users/conor/OneDrive/Desktop/Documents/GitHub/3D-Platformer-Semester-2/3DPlatformer/Content/Input/Actions/IA_Jump.uexp" 1569
"C:/Users/conor/OneDrive/Desktop/Documents/GitHub/3D-Platformer-Semester-2/3DPlatformer/Content/Input/Actions/IA_Move.uasset" 1570
"C:/Users/conor/OneDrive/Desktop/Documents/GitHub/3D-Platformer-Semester-2/3DPlatformer/Content/Input/Actions/IA_Move.uexp" 1571
"C:/Users/conor/OneDrive/Desktop/Documents/GitHub/3D-Platformer-Semester-2/3DPlatformer/Content/Input/Actions/IA_LevelReset.uasset" 1572
"C:/Users/conor/OneDrive/Desktop/Documents/GitHub/3D-Platformer-Semester-2/3DPlatformer/Content/Input/Actions/IA_LevelReset.uexp" 1573
"C:/Users/conor/OneDrive/Desktop/Documents/GitHub/3D-Platformer-Semester-2/3DPlatformer/Content/Input/Actions/IA_Vacuum.uasset" 1574
"C:/Users/conor/OneDrive/Desktop/Documents/GitHub/3D-Platformer-Semester-2/3DPlatformer/Content/Input/Actions/IA_Vacuum.uexp" 1575
"C:/Users/conor/OneDrive/Desktop/Documents/GitHub/3D-Platformer-Semester-2/3DPlatformer/Content/Input/Actions/IA_Pause.uasset" 1576
"C:/Users/conor/OneDrive/Desktop/Documents/GitHub/3D-Platformer-Semester-2/3DPlatformer/Content/Input/Actions/IA_Pause.uexp" 1577
"C:/Users/conor/OneDrive/Desktop/Documents/GitHub/3D-Platformer-Semester-2/3DPlatformer/Content/Input/Touch/BPI_TouchInterface.uasset" 1578
"C:/Users/conor/OneDrive/Desktop/Documents/GitHub/3D-Platformer-Semester-2/3DPlatformer/Content/Input/Touch/BPI_TouchInterface.uexp" 1579
"C:/Users/conor/OneDrive/Desktop/Documents/GitHub/3D-Platformer-Semester-2/3DPlatformer/Content/ThirdPerson/BlobShadow/shadow.uasset" 1580
"C:/Users/conor/OneDrive/Desktop/Documents/GitHub/3D-Platformer-Semester-2/3DPlatformer/Content/ThirdPerson/BlobShadow/shadow.uexp" 1581
"C:/Users/conor/OneDrive/Desktop/Documents/GitHub/3D-Platformer-Semester-2/3DPlatformer/Content/ThirdPerson/BlobShadow/shadow_Mat.uasset" 1582
"C:/Users/conor/OneDrive/Desktop/Documents/GitHub/3D-Platformer-Semester-2/3DPlatformer/Content/ThirdPerson/BlobShadow/shadow_Mat.uexp" 1583
"C:/Users/conor/OneDrive/Desktop/Documents/GitHub/3D-Platformer-Semester-2/3DPlatformer/Content/ThirdPerson/Blueprints/Particles/Land_BurstMaterial.uasset" 1584
"C:/Users/conor/OneDrive/Desktop/Documents/GitHub/3D-Platformer-Semester-2/3DPlatformer/Content/ThirdPerson/Blueprints/Particles/Land_BurstMaterial.uexp" 1585
"C:/Users/conor/OneDrive/Desktop/Documents/GitHub/3D-Platformer-Semester-2/3DPlatformer/Content/ThirdPerson/Blueprints/Particles/Land_Burst_System.uasset" 1586
"C:/Users/conor/OneDrive/Desktop/Documents/GitHub/3D-Platformer-Semester-2/3DPlatformer/Content/ThirdPerson/Blueprints/Particles/Land_Burst_System.uexp" 1587
"C:/Users/conor/OneDrive/Desktop/Documents/GitHub/3D-Platformer-Semester-2/3DPlatformer/Content/ThirdPerson/Blueprints/Particles/BetterVacuum_System.uasset" 1588
"C:/Users/conor/OneDrive/Desktop/Documents/GitHub/3D-Platformer-Semester-2/3DPlatformer/Content/ThirdPerson/Blueprints/Particles/BetterVacuum_System.uexp" 1589
"C:/Users/conor/OneDrive/Desktop/Documents/GitHub/3D-Platformer-Semester-2/3DPlatformer/Content/ThirdPerson/Blueprints/BP_ThirdPersonCharacter.uasset" 1590
"C:/Users/conor/OneDrive/Desktop/Documents/GitHub/3D-Platformer-Semester-2/3DPlatformer/Content/ThirdPerson/Blueprints/BP_ThirdPersonCharacter.uexp" 1591
"C:/Users/conor/OneDrive/Desktop/Documents/GitHub/3D-Platformer-Semester-2/3DPlatformer/Content/BP_DeathBox.uasset" 1592
"C:/Users/conor/OneDrive/Desktop/Documents/GitHub/3D-Platformer-Semester-2/3DPlatformer/Content/BP_DeathBox.uexp" 1593
"../../../Engine/Content/Functions/Engine_MaterialFunctions01/ImageAdjustment/CheapContrast.uasset" 1594
"../../../Engine/Content/Functions/Engine_MaterialFunctions01/ImageAdjustment/CheapContrast.uexp" 1595
"C:/Users/conor/OneDrive/Desktop/Documents/GitHub/3D-Platformer-Semester-2/3DPlatformer/Content/LevelPrototyping/Textures/T_GridChecker_A.ubulk" 1596
"C:/Users/conor/OneDrive/Desktop/Documents/GitHub/3D-Platformer-Semester-2/3DPlatformer/Content/LevelPrototyping/Textures/T_GridChecker_A.uasset" 1597
"C:/Users/conor/OneDrive/Desktop/Documents/GitHub/3D-Platformer-Semester-2/3DPlatformer/Content/LevelPrototyping/Textures/T_GridChecker_A.uexp" 1598
"C:/Users/conor/OneDrive/Desktop/Documents/GitHub/3D-Platformer-Semester-2/3DPlatformer/Content/LevelPrototyping/Materials/MF_ProcGrid.uasset" 1599
"C:/Users/conor/OneDrive/Desktop/Documents/GitHub/3D-Platformer-Semester-2/3DPlatformer/Content/LevelPrototyping/Materials/MF_ProcGrid.uexp" 1600
"C:/Users/conor/OneDrive/Desktop/Documents/GitHub/3D-Platformer-Semester-2/3DPlatformer/Content/LevelPrototyping/Materials/M_PrototypeGrid.uasset" 1601
"C:/Users/conor/OneDrive/Desktop/Documents/GitHub/3D-Platformer-Semester-2/3DPlatformer/Content/LevelPrototyping/Materials/M_PrototypeGrid.uexp" 1602
"C:/Users/conor/OneDrive/Desktop/Documents/GitHub/3D-Platformer-Semester-2/3DPlatformer/Content/LevelPrototyping/Materials/MI_PrototypeGrid_Gray.uasset" 1603
"C:/Users/conor/OneDrive/Desktop/Documents/GitHub/3D-Platformer-Semester-2/3DPlatformer/Content/LevelPrototyping/Materials/MI_PrototypeGrid_Gray.uexp" 1604
"C:/Users/conor/OneDrive/Desktop/Documents/GitHub/3D-Platformer-Semester-2/3DPlatformer/Content/LevelPrototyping/Meshes/SM_Cube.ubulk" 1605
"C:/Users/conor/OneDrive/Desktop/Documents/GitHub/3D-Platformer-Semester-2/3DPlatformer/Content/LevelPrototyping/Meshes/SM_Cube.uasset" 1606
"C:/Users/conor/OneDrive/Desktop/Documents/GitHub/3D-Platformer-Semester-2/3DPlatformer/Content/LevelPrototyping/Meshes/SM_Cube.uexp" 1607
"C:/Users/conor/OneDrive/Desktop/Documents/GitHub/3D-Platformer-Semester-2/3DPlatformer/Content/LevelPrototyping/Meshes/SM_Ramp.ubulk" 1608
"C:/Users/conor/OneDrive/Desktop/Documents/GitHub/3D-Platformer-Semester-2/3DPlatformer/Content/LevelPrototyping/Meshes/SM_Ramp.uasset" 1609
"C:/Users/conor/OneDrive/Desktop/Documents/GitHub/3D-Platformer-Semester-2/3DPlatformer/Content/LevelPrototyping/Meshes/SM_Ramp.uexp" 1610
"C:/Users/conor/OneDrive/Desktop/Documents/GitHub/3D-Platformer-Semester-2/3DPlatformer/Content/LevelPrototyping/Meshes/SM_QuarterCylinder.ubulk" 1611
"C:/Users/conor/OneDrive/Desktop/Documents/GitHub/3D-Platformer-Semester-2/3DPlatformer/Content/LevelPrototyping/Meshes/SM_QuarterCylinder.uasset" 1612
"C:/Users/conor/OneDrive/Desktop/Documents/GitHub/3D-Platformer-Semester-2/3DPlatformer/Content/LevelPrototyping/Meshes/SM_QuarterCylinder.uexp" 1613
"C:/Users/conor/OneDrive/Desktop/Documents/GitHub/3D-Platformer-Semester-2/3DPlatformer/Content/LevelPrototyping/Meshes/SM_Cylinder.ubulk" 1614
"C:/Users/conor/OneDrive/Desktop/Documents/GitHub/3D-Platformer-Semester-2/3DPlatformer/Content/LevelPrototyping/Meshes/SM_Cylinder.uasset" 1615
"C:/Users/conor/OneDrive/Desktop/Documents/GitHub/3D-Platformer-Semester-2/3DPlatformer/Content/LevelPrototyping/Meshes/SM_Cylinder.uexp" 1616
"C:/Users/conor/OneDrive/Desktop/Documents/GitHub/3D-Platformer-Semester-2/3DPlatformer/Content/Materials/RoadRunnerEscapes.uasset" 1617
"C:/Users/conor/OneDrive/Desktop/Documents/GitHub/3D-Platformer-Semester-2/3DPlatformer/Content/Materials/RoadRunnerEscapes.uexp" 1618
"C:/Users/conor/OneDrive/Desktop/Documents/GitHub/3D-Platformer-Semester-2/3DPlatformer/Content/Materials/RoadRunnerEscapes_Mat.uasset" 1619
"C:/Users/conor/OneDrive/Desktop/Documents/GitHub/3D-Platformer-Semester-2/3DPlatformer/Content/Materials/RoadRunnerEscapes_Mat.uexp" 1620
"C:/Users/conor/OneDrive/Desktop/Documents/GitHub/3D-Platformer-Semester-2/3DPlatformer/Content/ThirdPerson/PresentationLevel.uexp" 1621
"C:/Users/conor/OneDrive/Desktop/Documents/GitHub/3D-Platformer-Semester-2/3DPlatformer/Content/ThirdPerson/PresentationLevel.umap" 1622
"C:/Users/conor/OneDrive/Desktop/Documents/GitHub/3D-Platformer-Semester-2/3DPlatformer/Content/Fab/FBX_format/block-grass-low-hexagon.ubulk" 1623
"C:/Users/conor/OneDrive/Desktop/Documents/GitHub/3D-Platformer-Semester-2/3DPlatformer/Content/Fab/FBX_format/block-grass-low-hexagon.uasset" 1624
"C:/Users/conor/OneDrive/Desktop/Documents/GitHub/3D-Platformer-Semester-2/3DPlatformer/Content/Fab/FBX_format/block-grass-low-hexagon.uexp" 1625
"C:/Users/conor/OneDrive/Desktop/Documents/GitHub/3D-Platformer-Semester-2/3DPlatformer/Content/Fab/FBX_format/Textures/colormap.ubulk" 1626
"C:/Users/conor/OneDrive/Desktop/Documents/GitHub/3D-Platformer-Semester-2/3DPlatformer/Content/Fab/FBX_format/Textures/colormap.uasset" 1627
"C:/Users/conor/OneDrive/Desktop/Documents/GitHub/3D-Platformer-Semester-2/3DPlatformer/Content/Fab/FBX_format/Textures/colormap.uexp" 1628
"C:/Users/conor/OneDrive/Desktop/Documents/GitHub/3D-Platformer-Semester-2/3DPlatformer/Content/Fab/FBX_format/Textures/colormap_Mat.uasset" 1629
"C:/Users/conor/OneDrive/Desktop/Documents/GitHub/3D-Platformer-Semester-2/3DPlatformer/Content/Fab/FBX_format/Textures/colormap_Mat.uexp" 1630
"C:/Users/conor/OneDrive/Desktop/Documents/GitHub/3D-Platformer-Semester-2/3DPlatformer/Content/Fab/FBX_format/bench.ubulk" 1631
"C:/Users/conor/OneDrive/Desktop/Documents/GitHub/3D-Platformer-Semester-2/3DPlatformer/Content/Fab/FBX_format/bench.uasset" 1632
"C:/Users/conor/OneDrive/Desktop/Documents/GitHub/3D-Platformer-Semester-2/3DPlatformer/Content/Fab/FBX_format/bench.uexp" 1633
"C:/Users/conor/OneDrive/Desktop/Documents/GitHub/3D-Platformer-Semester-2/3DPlatformer/Content/Fab/FBX_format/brick.ubulk" 1634
"C:/Users/conor/OneDrive/Desktop/Documents/GitHub/3D-Platformer-Semester-2/3DPlatformer/Content/Fab/FBX_format/brick.uasset" 1635
"C:/Users/conor/OneDrive/Desktop/Documents/GitHub/3D-Platformer-Semester-2/3DPlatformer/Content/Fab/FBX_format/brick.uexp" 1636
"C:/Users/conor/OneDrive/Desktop/Documents/GitHub/3D-Platformer-Semester-2/3DPlatformer/Content/Fab/FBX_format/block-grass_big.ubulk" 1637
"C:/Users/conor/OneDrive/Desktop/Documents/GitHub/3D-Platformer-Semester-2/3DPlatformer/Content/Fab/FBX_format/block-grass_big.uasset" 1638
"C:/Users/conor/OneDrive/Desktop/Documents/GitHub/3D-Platformer-Semester-2/3DPlatformer/Content/Fab/FBX_format/block-grass_big.uexp" 1639
"C:/Users/conor/OneDrive/Desktop/Documents/GitHub/3D-Platformer-Semester-2/3DPlatformer/Content/Fab/FBX_format/block-grass-overhang-large-slope-steep.ubulk" 1640
"C:/Users/conor/OneDrive/Desktop/Documents/GitHub/3D-Platformer-Semester-2/3DPlatformer/Content/Fab/FBX_format/block-grass-overhang-large-slope-steep.uasset" 1641
"C:/Users/conor/OneDrive/Desktop/Documents/GitHub/3D-Platformer-Semester-2/3DPlatformer/Content/Fab/FBX_format/block-grass-overhang-large-slope-steep.uexp" 1642
"C:/Users/conor/OneDrive/Desktop/Documents/GitHub/3D-Platformer-Semester-2/3DPlatformer/Content/Fab/FBX_format/block-grass-hexagon.ubulk" 1643
"C:/Users/conor/OneDrive/Desktop/Documents/GitHub/3D-Platformer-Semester-2/3DPlatformer/Content/Fab/FBX_format/block-grass-hexagon.uasset" 1644
"C:/Users/conor/OneDrive/Desktop/Documents/GitHub/3D-Platformer-Semester-2/3DPlatformer/Content/Fab/FBX_format/block-grass-hexagon.uexp" 1645
"C:/Users/conor/OneDrive/Desktop/Documents/GitHub/3D-Platformer-Semester-2/3DPlatformer/Content/Fab/FBX_format/block-grass-edge.ubulk" 1646
"C:/Users/conor/OneDrive/Desktop/Documents/GitHub/3D-Platformer-Semester-2/3DPlatformer/Content/Fab/FBX_format/block-grass-edge.uasset" 1647
"C:/Users/conor/OneDrive/Desktop/Documents/GitHub/3D-Platformer-Semester-2/3DPlatformer/Content/Fab/FBX_format/block-grass-edge.uexp" 1648
"C:/Users/conor/OneDrive/Desktop/Documents/GitHub/3D-Platformer-Semester-2/3DPlatformer/Content/Fab/FBX_format/altar-stone.ubulk" 1649
"C:/Users/conor/OneDrive/Desktop/Documents/GitHub/3D-Platformer-Semester-2/3DPlatformer/Content/Fab/FBX_format/altar-stone.uasset" 1650
"C:/Users/conor/OneDrive/Desktop/Documents/GitHub/3D-Platformer-Semester-2/3DPlatformer/Content/Fab/FBX_format/altar-stone.uexp" 1651
"C:/Users/conor/OneDrive/Desktop/Documents/GitHub/3D-Platformer-Semester-2/3DPlatformer/Content/Fab/FBX_format/block-grass-curve.ubulk" 1652
"C:/Users/conor/OneDrive/Desktop/Documents/GitHub/3D-Platformer-Semester-2/3DPlatformer/Content/Fab/FBX_format/block-grass-curve.uasset" 1653
"C:/Users/conor/OneDrive/Desktop/Documents/GitHub/3D-Platformer-Semester-2/3DPlatformer/Content/Fab/FBX_format/block-grass-curve.uexp" 1654
"C:/Users/conor/OneDrive/Desktop/Documents/GitHub/3D-Platformer-Semester-2/3DPlatformer/Content/Fab/FBX_format/block-grass-curve-low.ubulk" 1655
"C:/Users/conor/OneDrive/Desktop/Documents/GitHub/3D-Platformer-Semester-2/3DPlatformer/Content/Fab/FBX_format/block-grass-curve-low.uasset" 1656
"C:/Users/conor/OneDrive/Desktop/Documents/GitHub/3D-Platformer-Semester-2/3DPlatformer/Content/Fab/FBX_format/block-grass-curve-low.uexp" 1657
"C:/Users/conor/OneDrive/Desktop/Documents/GitHub/3D-Platformer-Semester-2/3DPlatformer/Content/Fab/FBX_format/block-grass-corner-low.ubulk" 1658
"C:/Users/conor/OneDrive/Desktop/Documents/GitHub/3D-Platformer-Semester-2/3DPlatformer/Content/Fab/FBX_format/block-grass-corner-low.uasset" 1659
"C:/Users/conor/OneDrive/Desktop/Documents/GitHub/3D-Platformer-Semester-2/3DPlatformer/Content/Fab/FBX_format/block-grass-corner-low.uexp" 1660
"C:/Users/conor/OneDrive/Desktop/Documents/GitHub/3D-Platformer-Semester-2/3DPlatformer/Content/Fab/FBX_format/barrel.ubulk" 1661
"C:/Users/conor/OneDrive/Desktop/Documents/GitHub/3D-Platformer-Semester-2/3DPlatformer/Content/Fab/FBX_format/barrel.uasset" 1662
"C:/Users/conor/OneDrive/Desktop/Documents/GitHub/3D-Platformer-Semester-2/3DPlatformer/Content/Fab/FBX_format/barrel.uexp" 1663
"C:/Users/conor/OneDrive/Desktop/Documents/GitHub/3D-Platformer-Semester-2/3DPlatformer/Content/Materials/Invisible.uasset" 1664
"C:/Users/conor/OneDrive/Desktop/Documents/GitHub/3D-Platformer-Semester-2/3DPlatformer/Content/Materials/Invisible.uexp" 1665
"C:/Users/conor/OneDrive/Desktop/Documents/GitHub/3D-Platformer-Semester-2/3DPlatformer/Content/ThirdPerson/OutDatedLevel_1.uexp" 1666
"C:/Users/conor/OneDrive/Desktop/Documents/GitHub/3D-Platformer-Semester-2/3DPlatformer/Content/ThirdPerson/OutDatedLevel_1.umap" 1667
"C:/Users/conor/OneDrive/Desktop/Documents/GitHub/3D-Platformer-Semester-2/3DPlatformer/Content/Input/IMC_Default.uasset" 1668
"C:/Users/conor/OneDrive/Desktop/Documents/GitHub/3D-Platformer-Semester-2/3DPlatformer/Content/Input/IMC_Default.uexp" 1669
"C:/Users/conor/OneDrive/Desktop/Documents/GitHub/3D-Platformer-Semester-2/3DPlatformer/Content/Input/IMC_MouseLook.uasset" 1670
"C:/Users/conor/OneDrive/Desktop/Documents/GitHub/3D-Platformer-Semester-2/3DPlatformer/Content/Input/IMC_MouseLook.uexp" 1671
"../../../Engine/Content/MobileResources/HUD/VirtualJoystick_Thumb.uasset" 1672
"../../../Engine/Content/MobileResources/HUD/VirtualJoystick_Thumb.uexp" 1673
"../../../Engine/Content/MobileResources/HUD/VirtualJoystick_Background.uasset" 1674
"../../../Engine/Content/MobileResources/HUD/VirtualJoystick_Background.uexp" 1675
"C:/Users/conor/OneDrive/Desktop/Documents/GitHub/3D-Platformer-Semester-2/3DPlatformer/Content/Input/Touch/UI_Thumbstick.uasset" 1676
"C:/Users/conor/OneDrive/Desktop/Documents/GitHub/3D-Platformer-Semester-2/3DPlatformer/Content/Input/Touch/UI_Thumbstick.uexp" 1677
"C:/Users/conor/OneDrive/Desktop/Documents/GitHub/3D-Platformer-Semester-2/3DPlatformer/Content/Input/Touch/UI_TouchSimple.uasset" 1678
"C:/Users/conor/OneDrive/Desktop/Documents/GitHub/3D-Platformer-Semester-2/3DPlatformer/Content/Input/Touch/UI_TouchSimple.uexp" 1679
"C:/Users/conor/OneDrive/Desktop/Documents/GitHub/3D-Platformer-Semester-2/3DPlatformer/Content/ThirdPerson/Blueprints/BP_ThirdPersonPlayerController.uasset" 1680
"C:/Users/conor/OneDrive/Desktop/Documents/GitHub/3D-Platformer-Semester-2/3DPlatformer/Content/ThirdPerson/Blueprints/BP_ThirdPersonPlayerController.uexp" 1681
"C:/Users/conor/OneDrive/Desktop/Documents/GitHub/3D-Platformer-Semester-2/3DPlatformer/Content/ThirdPerson/Blueprints/BP_ThirdPersonGameMode.uasset" 1682
"C:/Users/conor/OneDrive/Desktop/Documents/GitHub/3D-Platformer-Semester-2/3DPlatformer/Content/ThirdPerson/Blueprints/BP_ThirdPersonGameMode.uexp" 1683
"C:/Users/conor/OneDrive/Desktop/Documents/GitHub/3D-Platformer-Semester-2/3DPlatformer/Content/ThirdPerson/Lvl_ThirdPerson.uexp" 1684
"C:/Users/conor/OneDrive/Desktop/Documents/GitHub/3D-Platformer-Semester-2/3DPlatformer/Content/ThirdPerson/Lvl_ThirdPerson.umap" 1685
"../../../Engine/Content/EngineResources/GrayDarkTextureCube.uasset" 1686
"../../../Engine/Content/EngineResources/GrayDarkTextureCube.uexp" 1687
"C:/Users/conor/OneDrive/Desktop/Documents/GitHub/3D-Platformer-Semester-2/3DPlatformer/Content/Materials/PM_TutorialLevelFloor.uasset" 1688
"C:/Users/conor/OneDrive/Desktop/Documents/GitHub/3D-Platformer-Semester-2/3DPlatformer/Content/Materials/PM_TutorialLevelFloor.uexp" 1689
"C:/Users/conor/OneDrive/Desktop/Documents/GitHub/3D-Platformer-Semester-2/3DPlatformer/Content/Materials/images.uasset" 1690
"C:/Users/conor/OneDrive/Desktop/Documents/GitHub/3D-Platformer-Semester-2/3DPlatformer/Content/Materials/images.uexp" 1691
"C:/Users/conor/OneDrive/Desktop/Documents/GitHub/3D-Platformer-Semester-2/3DPlatformer/Content/Materials/Gass_Mat.uasset" 1692
"C:/Users/conor/OneDrive/Desktop/Documents/GitHub/3D-Platformer-Semester-2/3DPlatformer/Content/Materials/Gass_Mat.uexp" 1693
"C:/Users/conor/OneDrive/Desktop/Documents/GitHub/3D-Platformer-Semester-2/3DPlatformer/Content/Fab/KenneyGraveyardPack/FBX_format/pine.ubulk" 1694
"C:/Users/conor/OneDrive/Desktop/Documents/GitHub/3D-Platformer-Semester-2/3DPlatformer/Content/Fab/KenneyGraveyardPack/FBX_format/pine.uasset" 1695
"C:/Users/conor/OneDrive/Desktop/Documents/GitHub/3D-Platformer-Semester-2/3DPlatformer/Content/Fab/KenneyGraveyardPack/FBX_format/pine.uexp" 1696
"C:/Users/conor/OneDrive/Desktop/Documents/GitHub/3D-Platformer-Semester-2/3DPlatformer/Content/Fab/KenneyGraveyardPack/FBX_format/lightpost-single.ubulk" 1697
"C:/Users/conor/OneDrive/Desktop/Documents/GitHub/3D-Platformer-Semester-2/3DPlatformer/Content/Fab/KenneyGraveyardPack/FBX_format/lightpost-single.uasset" 1698
"C:/Users/conor/OneDrive/Desktop/Documents/GitHub/3D-Platformer-Semester-2/3DPlatformer/Content/Fab/KenneyGraveyardPack/FBX_format/lightpost-single.uexp" 1699
"C:/Users/conor/OneDrive/Desktop/Documents/GitHub/3D-Platformer-Semester-2/3DPlatformer/Content/Fab/KenneySurvivalPack/FBX_format/fence-fortified.ubulk" 1700
"C:/Users/conor/OneDrive/Desktop/Documents/GitHub/3D-Platformer-Semester-2/3DPlatformer/Content/Fab/KenneySurvivalPack/FBX_format/fence-fortified.uasset" 1701
"C:/Users/conor/OneDrive/Desktop/Documents/GitHub/3D-Platformer-Semester-2/3DPlatformer/Content/Fab/KenneySurvivalPack/FBX_format/fence-fortified.uexp" 1702
"C:/Users/conor/OneDrive/Desktop/Documents/GitHub/3D-Platformer-Semester-2/3DPlatformer/Content/Fab/KenneySurvivalPack/FBX_format/rock-b.ubulk" 1703
"C:/Users/conor/OneDrive/Desktop/Documents/GitHub/3D-Platformer-Semester-2/3DPlatformer/Content/Fab/KenneySurvivalPack/FBX_format/rock-b.uasset" 1704
"C:/Users/conor/OneDrive/Desktop/Documents/GitHub/3D-Platformer-Semester-2/3DPlatformer/Content/Fab/KenneySurvivalPack/FBX_format/rock-b.uexp" 1705
"C:/Users/conor/OneDrive/Desktop/Documents/GitHub/3D-Platformer-Semester-2/3DPlatformer/Content/Fab/KenneySurvivalPack/FBX_format/rock-c.ubulk" 1706
"C:/Users/conor/OneDrive/Desktop/Documents/GitHub/3D-Platformer-Semester-2/3DPlatformer/Content/Fab/KenneySurvivalPack/FBX_format/rock-c.uasset" 1707
"C:/Users/conor/OneDrive/Desktop/Documents/GitHub/3D-Platformer-Semester-2/3DPlatformer/Content/Fab/KenneySurvivalPack/FBX_format/rock-c.uexp" 1708
"C:/Users/conor/OneDrive/Desktop/Documents/GitHub/3D-Platformer-Semester-2/3DPlatformer/Content/Fab/Medieval_House_4/medieval_house_5/Textures/medieval_house_5_texture_0.ubulk" 1709
"C:/Users/conor/OneDrive/Desktop/Documents/GitHub/3D-Platformer-Semester-2/3DPlatformer/Content/Fab/Medieval_House_4/medieval_house_5/Textures/medieval_house_5_texture_0.uasset" 1710
"C:/Users/conor/OneDrive/Desktop/Documents/GitHub/3D-Platformer-Semester-2/3DPlatformer/Content/Fab/Medieval_House_4/medieval_house_5/Textures/medieval_house_5_texture_0.uexp" 1711
"C:/Users/conor/OneDrive/Desktop/Documents/GitHub/3D-Platformer-Semester-2/3DPlatformer/Content/Fab/Medieval_House_4/medieval_house_5/Textures/medieval_house_5_texture_1.ubulk" 1712
"C:/Users/conor/OneDrive/Desktop/Documents/GitHub/3D-Platformer-Semester-2/3DPlatformer/Content/Fab/Medieval_House_4/medieval_house_5/Textures/medieval_house_5_texture_1.uasset" 1713
"C:/Users/conor/OneDrive/Desktop/Documents/GitHub/3D-Platformer-Semester-2/3DPlatformer/Content/Fab/Medieval_House_4/medieval_house_5/Textures/medieval_house_5_texture_1.uexp" 1714
"C:/Users/conor/OneDrive/Desktop/Documents/GitHub/3D-Platformer-Semester-2/3DPlatformer/Content/Fab/Medieval_House_4/medieval_house_5/Textures/medieval_house_5_texture_2.ubulk" 1715
"C:/Users/conor/OneDrive/Desktop/Documents/GitHub/3D-Platformer-Semester-2/3DPlatformer/Content/Fab/Medieval_House_4/medieval_house_5/Textures/medieval_house_5_texture_2.uasset" 1716
"C:/Users/conor/OneDrive/Desktop/Documents/GitHub/3D-Platformer-Semester-2/3DPlatformer/Content/Fab/Medieval_House_4/medieval_house_5/Textures/medieval_house_5_texture_2.uexp" 1717
"C:/Users/conor/OneDrive/Desktop/Documents/GitHub/3D-Platformer-Semester-2/3DPlatformer/Content/Fab/Medieval_House_4/medieval_house_5/Materials/Medieval_House_Mat.uasset" 1718
"C:/Users/conor/OneDrive/Desktop/Documents/GitHub/3D-Platformer-Semester-2/3DPlatformer/Content/Fab/Medieval_House_4/medieval_house_5/Materials/Medieval_House_Mat.uexp" 1719
"C:/Users/conor/OneDrive/Desktop/Documents/GitHub/3D-Platformer-Semester-2/3DPlatformer/Content/Fab/Medieval_House_4/medieval_house_5/StaticMeshes/medieval_house_5.ubulk" 1720
"C:/Users/conor/OneDrive/Desktop/Documents/GitHub/3D-Platformer-Semester-2/3DPlatformer/Content/Fab/Medieval_House_4/medieval_house_5/StaticMeshes/medieval_house_5.uasset" 1721
"C:/Users/conor/OneDrive/Desktop/Documents/GitHub/3D-Platformer-Semester-2/3DPlatformer/Content/Fab/Medieval_House_4/medieval_house_5/StaticMeshes/medieval_house_5.uexp" 1722
"C:/Users/conor/OneDrive/Desktop/Documents/GitHub/3D-Platformer-Semester-2/3DPlatformer/Content/Fab/KenneySurvivalPack/FBX_format/tree.ubulk" 1723
"C:/Users/conor/OneDrive/Desktop/Documents/GitHub/3D-Platformer-Semester-2/3DPlatformer/Content/Fab/KenneySurvivalPack/FBX_format/tree.uasset" 1724
"C:/Users/conor/OneDrive/Desktop/Documents/GitHub/3D-Platformer-Semester-2/3DPlatformer/Content/Fab/KenneySurvivalPack/FBX_format/tree.uexp" 1725
"C:/Users/conor/OneDrive/Desktop/Documents/GitHub/3D-Platformer-Semester-2/3DPlatformer/Content/Fab/KenneySurvivalPack/FBX_format/tree-autumn.ubulk" 1726
"C:/Users/conor/OneDrive/Desktop/Documents/GitHub/3D-Platformer-Semester-2/3DPlatformer/Content/Fab/KenneySurvivalPack/FBX_format/tree-autumn.uasset" 1727
"C:/Users/conor/OneDrive/Desktop/Documents/GitHub/3D-Platformer-Semester-2/3DPlatformer/Content/Fab/KenneySurvivalPack/FBX_format/tree-autumn.uexp" 1728
"C:/Users/conor/OneDrive/Desktop/Documents/GitHub/3D-Platformer-Semester-2/3DPlatformer/Content/Fab/Megascans/3D/Ice_Cliff_veipbcmcb/Low/veipbcmcb_tier_3/StaticMeshes/MoreTransparentIce_Mat.uasset" 1729
"C:/Users/conor/OneDrive/Desktop/Documents/GitHub/3D-Platformer-Semester-2/3DPlatformer/Content/Fab/Megascans/3D/Ice_Cliff_veipbcmcb/Low/veipbcmcb_tier_3/StaticMeshes/MoreTransparentIce_Mat.uexp" 1730
"../../../Engine/Plugins/Fab/Content/MaterialFunctions/QMF_Transmission.uasset" 1731
"../../../Engine/Plugins/Fab/Content/MaterialFunctions/QMF_Transmission.uexp" 1732
"../../../Engine/Plugins/Fab/Content/MaterialFunctions/QMF_RoughnessAdjustments.uasset" 1733
"../../../Engine/Plugins/Fab/Content/MaterialFunctions/QMF_RoughnessAdjustments.uexp" 1734
"../../../Engine/Plugins/Fab/Content/MaterialFunctions/QMF_NormalAdjustments.uasset" 1735
"../../../Engine/Plugins/Fab/Content/MaterialFunctions/QMF_NormalAdjustments.uexp" 1736
"../../../Engine/Plugins/Fab/Content/MaterialFunctions/QMF_BaseColorAdjustments.uasset" 1737
"../../../Engine/Plugins/Fab/Content/MaterialFunctions/QMF_BaseColorAdjustments.uexp" 1738
"../../../Engine/Plugins/Fab/Content/MaterialFunctions/QMF_AOAdjustments.uasset" 1739
"../../../Engine/Plugins/Fab/Content/MaterialFunctions/QMF_AOAdjustments.uexp" 1740
"../../../Engine/Plugins/Fab/Content/Textures/Standard/T_DefaultNormal.uasset" 1741
"../../../Engine/Plugins/Fab/Content/Textures/Standard/T_DefaultNormal.uexp" 1742
"../../../Engine/Plugins/Fab/Content/Textures/Standard/T_DefaultMasks.uasset" 1743
"../../../Engine/Plugins/Fab/Content/Textures/Standard/T_DefaultMasks.uexp" 1744
"../../../Engine/Plugins/Fab/Content/Textures/Standard/T_DefaultDisplacement.uasset" 1745
"../../../Engine/Plugins/Fab/Content/Textures/Standard/T_DefaultDisplacement.uexp" 1746
"../../../Engine/Plugins/Fab/Content/Textures/Standard/T_DefaultColor.uasset" 1747
"../../../Engine/Plugins/Fab/Content/Textures/Standard/T_DefaultColor.uexp" 1748
"../../../Engine/Plugins/Fab/Content/Materials/Standard/M_MS_Base_Trm.uasset" 1749
"../../../Engine/Plugins/Fab/Content/Materials/Standard/M_MS_Base_Trm.uexp" 1750
"C:/Users/conor/OneDrive/Desktop/Documents/GitHub/3D-Platformer-Semester-2/3DPlatformer/Content/Fab/Megascans/3D/Ice_Cliff_veipbcmcb/Low/veipbcmcb_tier_3/Textures/T_veipbcmcb_1K_T.ubulk" 1751
"C:/Users/conor/OneDrive/Desktop/Documents/GitHub/3D-Platformer-Semester-2/3DPlatformer/Content/Fab/Megascans/3D/Ice_Cliff_veipbcmcb/Low/veipbcmcb_tier_3/Textures/T_veipbcmcb_1K_T.uasset" 1752
"C:/Users/conor/OneDrive/Desktop/Documents/GitHub/3D-Platformer-Semester-2/3DPlatformer/Content/Fab/Megascans/3D/Ice_Cliff_veipbcmcb/Low/veipbcmcb_tier_3/Textures/T_veipbcmcb_1K_T.uexp" 1753
"C:/Users/conor/OneDrive/Desktop/Documents/GitHub/3D-Platformer-Semester-2/3DPlatformer/Content/Fab/Megascans/3D/Ice_Cliff_veipbcmcb/Low/veipbcmcb_tier_3/Textures/T_veipbcmcb_1K_ORM.ubulk" 1754
"C:/Users/conor/OneDrive/Desktop/Documents/GitHub/3D-Platformer-Semester-2/3DPlatformer/Content/Fab/Megascans/3D/Ice_Cliff_veipbcmcb/Low/veipbcmcb_tier_3/Textures/T_veipbcmcb_1K_ORM.uasset" 1755
"C:/Users/conor/OneDrive/Desktop/Documents/GitHub/3D-Platformer-Semester-2/3DPlatformer/Content/Fab/Megascans/3D/Ice_Cliff_veipbcmcb/Low/veipbcmcb_tier_3/Textures/T_veipbcmcb_1K_ORM.uexp" 1756
"C:/Users/conor/OneDrive/Desktop/Documents/GitHub/3D-Platformer-Semester-2/3DPlatformer/Content/Fab/Megascans/3D/Ice_Cliff_veipbcmcb/Low/veipbcmcb_tier_3/Textures/T_veipbcmcb_1K_N.ubulk" 1757
"C:/Users/conor/OneDrive/Desktop/Documents/GitHub/3D-Platformer-Semester-2/3DPlatformer/Content/Fab/Megascans/3D/Ice_Cliff_veipbcmcb/Low/veipbcmcb_tier_3/Textures/T_veipbcmcb_1K_N.uasset" 1758
"C:/Users/conor/OneDrive/Desktop/Documents/GitHub/3D-Platformer-Semester-2/3DPlatformer/Content/Fab/Megascans/3D/Ice_Cliff_veipbcmcb/Low/veipbcmcb_tier_3/Textures/T_veipbcmcb_1K_N.uexp" 1759
"C:/Users/conor/OneDrive/Desktop/Documents/GitHub/3D-Platformer-Semester-2/3DPlatformer/Content/Fab/Megascans/3D/Ice_Cliff_veipbcmcb/Low/veipbcmcb_tier_3/Textures/T_veipbcmcb_1K_B.ubulk" 1760
"C:/Users/conor/OneDrive/Desktop/Documents/GitHub/3D-Platformer-Semester-2/3DPlatformer/Content/Fab/Megascans/3D/Ice_Cliff_veipbcmcb/Low/veipbcmcb_tier_3/Textures/T_veipbcmcb_1K_B.uasset" 1761
"C:/Users/conor/OneDrive/Desktop/Documents/GitHub/3D-Platformer-Semester-2/3DPlatformer/Content/Fab/Megascans/3D/Ice_Cliff_veipbcmcb/Low/veipbcmcb_tier_3/Textures/T_veipbcmcb_1K_B.uexp" 1762
"C:/Users/conor/OneDrive/Desktop/Documents/GitHub/3D-Platformer-Semester-2/3DPlatformer/Content/Fab/Megascans/3D/Ice_Cliff_veipbcmcb/Low/veipbcmcb_tier_3/Materials/MI_veipbcmcb.uasset" 1763
"C:/Users/conor/OneDrive/Desktop/Documents/GitHub/3D-Platformer-Semester-2/3DPlatformer/Content/Fab/Megascans/3D/Ice_Cliff_veipbcmcb/Low/veipbcmcb_tier_3/Materials/MI_veipbcmcb.uexp" 1764
"C:/Users/conor/OneDrive/Desktop/Documents/GitHub/3D-Platformer-Semester-2/3DPlatformer/Content/Fab/Megascans/3D/Ice_Cliff_veipbcmcb/Low/veipbcmcb_tier_3/StaticMeshes/veipbcmcb_tier_3.ubulk" 1765
"C:/Users/conor/OneDrive/Desktop/Documents/GitHub/3D-Platformer-Semester-2/3DPlatformer/Content/Fab/Megascans/3D/Ice_Cliff_veipbcmcb/Low/veipbcmcb_tier_3/StaticMeshes/veipbcmcb_tier_3.uasset" 1766
"C:/Users/conor/OneDrive/Desktop/Documents/GitHub/3D-Platformer-Semester-2/3DPlatformer/Content/Fab/Megascans/3D/Ice_Cliff_veipbcmcb/Low/veipbcmcb_tier_3/StaticMeshes/veipbcmcb_tier_3.uexp" 1767
"C:/Users/conor/OneDrive/Desktop/Documents/GitHub/3D-Platformer-Semester-2/3DPlatformer/Content/ThirdPerson/EndGameScreen.uexp" 1768
"C:/Users/conor/OneDrive/Desktop/Documents/GitHub/3D-Platformer-Semester-2/3DPlatformer/Content/ThirdPerson/EndGameScreen.umap" 1769
"C:/Users/conor/OneDrive/Desktop/Documents/GitHub/3D-Platformer-Semester-2/3DPlatformer/Content/Free_Sounds_Pack/wav/Cash_Register_1-2.ubulk" 1770
"C:/Users/conor/OneDrive/Desktop/Documents/GitHub/3D-Platformer-Semester-2/3DPlatformer/Content/Free_Sounds_Pack/wav/Cash_Register_1-2.uasset" 1771
"C:/Users/conor/OneDrive/Desktop/Documents/GitHub/3D-Platformer-Semester-2/3DPlatformer/Content/Free_Sounds_Pack/wav/Cash_Register_1-2.uexp" 1772
"C:/Users/conor/OneDrive/Desktop/Documents/GitHub/3D-Platformer-Semester-2/3DPlatformer/Content/Fab/MoneyCollectible/pigskin.uasset" 1773
"C:/Users/conor/OneDrive/Desktop/Documents/GitHub/3D-Platformer-Semester-2/3DPlatformer/Content/Fab/MoneyCollectible/pigskin.uexp" 1774
"C:/Users/conor/OneDrive/Desktop/Documents/GitHub/3D-Platformer-Semester-2/3DPlatformer/Content/Fab/MoneyCollectible/PiggyBankModel.ubulk" 1775
"C:/Users/conor/OneDrive/Desktop/Documents/GitHub/3D-Platformer-Semester-2/3DPlatformer/Content/Fab/MoneyCollectible/PiggyBankModel.uasset" 1776
"C:/Users/conor/OneDrive/Desktop/Documents/GitHub/3D-Platformer-Semester-2/3DPlatformer/Content/Fab/MoneyCollectible/PiggyBankModel.uexp" 1777
"C:/Users/conor/OneDrive/Desktop/Documents/GitHub/3D-Platformer-Semester-2/3DPlatformer/Content/BluePrints/PiggyBank.uasset" 1778
"C:/Users/conor/OneDrive/Desktop/Documents/GitHub/3D-Platformer-Semester-2/3DPlatformer/Content/BluePrints/PiggyBank.uexp" 1779
"C:/Users/conor/OneDrive/Desktop/Documents/GitHub/3D-Platformer-Semester-2/3DPlatformer/Content/BluePrints/BP_LevelentranceBox.uasset" 1780
"C:/Users/conor/OneDrive/Desktop/Documents/GitHub/3D-Platformer-Semester-2/3DPlatformer/Content/BluePrints/BP_LevelentranceBox.uexp" 1781
"C:/Users/conor/OneDrive/Desktop/Documents/GitHub/3D-Platformer-Semester-2/3DPlatformer/Content/Animations/AI/Rat/RatSitting_PhysicsAsset.uasset" 1782
"C:/Users/conor/OneDrive/Desktop/Documents/GitHub/3D-Platformer-Semester-2/3DPlatformer/Content/Animations/AI/Rat/RatSitting_PhysicsAsset.uexp" 1783
"C:/Users/conor/OneDrive/Desktop/Documents/GitHub/3D-Platformer-Semester-2/3DPlatformer/Content/Animations/AI/Rat/RatSitting.uasset" 1784
"C:/Users/conor/OneDrive/Desktop/Documents/GitHub/3D-Platformer-Semester-2/3DPlatformer/Content/Animations/AI/Rat/RatSitting.uexp" 1785
"C:/Users/conor/OneDrive/Desktop/Documents/GitHub/3D-Platformer-Semester-2/3DPlatformer/Content/Animations/AI/Rat/RatSitting_Anim.uasset" 1786
"C:/Users/conor/OneDrive/Desktop/Documents/GitHub/3D-Platformer-Semester-2/3DPlatformer/Content/Animations/AI/Rat/RatSitting_Anim.uexp" 1787
"C:/Users/conor/OneDrive/Desktop/Documents/GitHub/3D-Platformer-Semester-2/3DPlatformer/Content/Fab/KenneyGraveyardPack/FBX_format/candle.ubulk" 1788
"C:/Users/conor/OneDrive/Desktop/Documents/GitHub/3D-Platformer-Semester-2/3DPlatformer/Content/Fab/KenneyGraveyardPack/FBX_format/candle.uasset" 1789
"C:/Users/conor/OneDrive/Desktop/Documents/GitHub/3D-Platformer-Semester-2/3DPlatformer/Content/Fab/KenneyGraveyardPack/FBX_format/candle.uexp" 1790
"C:/Users/conor/OneDrive/Desktop/Documents/GitHub/3D-Platformer-Semester-2/3DPlatformer/Content/Fab/KenneyGraveyardPack/FBX_format/fence.ubulk" 1791
"C:/Users/conor/OneDrive/Desktop/Documents/GitHub/3D-Platformer-Semester-2/3DPlatformer/Content/Fab/KenneyGraveyardPack/FBX_format/fence.uasset" 1792
"C:/Users/conor/OneDrive/Desktop/Documents/GitHub/3D-Platformer-Semester-2/3DPlatformer/Content/Fab/KenneyGraveyardPack/FBX_format/fence.uexp" 1793
"C:/Users/conor/OneDrive/Desktop/Documents/GitHub/3D-Platformer-Semester-2/3DPlatformer/Content/Fab/KenneyGraveyardPack/FBX_format/fence-gate.ubulk" 1794
"C:/Users/conor/OneDrive/Desktop/Documents/GitHub/3D-Platformer-Semester-2/3DPlatformer/Content/Fab/KenneyGraveyardPack/FBX_format/fence-gate.uasset" 1795
"C:/Users/conor/OneDrive/Desktop/Documents/GitHub/3D-Platformer-Semester-2/3DPlatformer/Content/Fab/KenneyGraveyardPack/FBX_format/fence-gate.uexp" 1796
"C:/Users/conor/OneDrive/Desktop/Documents/GitHub/3D-Platformer-Semester-2/3DPlatformer/Content/Fab/KenneyGraveyardPack/FBX_format/grave.ubulk" 1797
"C:/Users/conor/OneDrive/Desktop/Documents/GitHub/3D-Platformer-Semester-2/3DPlatformer/Content/Fab/KenneyGraveyardPack/FBX_format/grave.uasset" 1798
"C:/Users/conor/OneDrive/Desktop/Documents/GitHub/3D-Platformer-Semester-2/3DPlatformer/Content/Fab/KenneyGraveyardPack/FBX_format/grave.uexp" 1799
"C:/Users/conor/OneDrive/Desktop/Documents/GitHub/3D-Platformer-Semester-2/3DPlatformer/Content/Fab/KenneyGraveyardPack/FBX_format/grave-border.ubulk" 1800
"C:/Users/conor/OneDrive/Desktop/Documents/GitHub/3D-Platformer-Semester-2/3DPlatformer/Content/Fab/KenneyGraveyardPack/FBX_format/grave-border.uasset" 1801
"C:/Users/conor/OneDrive/Desktop/Documents/GitHub/3D-Platformer-Semester-2/3DPlatformer/Content/Fab/KenneyGraveyardPack/FBX_format/grave-border.uexp" 1802
"C:/Users/conor/OneDrive/Desktop/Documents/GitHub/3D-Platformer-Semester-2/3DPlatformer/Content/Fab/KenneyGraveyardPack/FBX_format/pine-crooked.ubulk" 1803
"C:/Users/conor/OneDrive/Desktop/Documents/GitHub/3D-Platformer-Semester-2/3DPlatformer/Content/Fab/KenneyGraveyardPack/FBX_format/pine-crooked.uasset" 1804
"C:/Users/conor/OneDrive/Desktop/Documents/GitHub/3D-Platformer-Semester-2/3DPlatformer/Content/Fab/KenneyGraveyardPack/FBX_format/pine-crooked.uexp" 1805
"C:/Users/conor/OneDrive/Desktop/Documents/GitHub/3D-Platformer-Semester-2/3DPlatformer/Content/Fab/KenneyGraveyardPack/FBX_format/pine-fall.ubulk" 1806
"C:/Users/conor/OneDrive/Desktop/Documents/GitHub/3D-Platformer-Semester-2/3DPlatformer/Content/Fab/KenneyGraveyardPack/FBX_format/pine-fall.uasset" 1807
"C:/Users/conor/OneDrive/Desktop/Documents/GitHub/3D-Platformer-Semester-2/3DPlatformer/Content/Fab/KenneyGraveyardPack/FBX_format/pine-fall.uexp" 1808
"C:/Users/conor/OneDrive/Desktop/Documents/GitHub/3D-Platformer-Semester-2/3DPlatformer/Content/Fab/KenneyGraveyardPack/FBX_format/pine-fall-crooked.ubulk" 1809
"C:/Users/conor/OneDrive/Desktop/Documents/GitHub/3D-Platformer-Semester-2/3DPlatformer/Content/Fab/KenneyGraveyardPack/FBX_format/pine-fall-crooked.uasset" 1810
"C:/Users/conor/OneDrive/Desktop/Documents/GitHub/3D-Platformer-Semester-2/3DPlatformer/Content/Fab/KenneyGraveyardPack/FBX_format/pine-fall-crooked.uexp" 1811
"C:/Users/conor/OneDrive/Desktop/Documents/GitHub/3D-Platformer-Semester-2/3DPlatformer/Content/Fab/KenneyGraveyardPack/FBX_format/shovel-dirt.ubulk" 1812
"C:/Users/conor/OneDrive/Desktop/Documents/GitHub/3D-Platformer-Semester-2/3DPlatformer/Content/Fab/KenneyGraveyardPack/FBX_format/shovel-dirt.uasset" 1813
"C:/Users/conor/OneDrive/Desktop/Documents/GitHub/3D-Platformer-Semester-2/3DPlatformer/Content/Fab/KenneyGraveyardPack/FBX_format/shovel-dirt.uexp" 1814
"C:/Users/conor/OneDrive/Desktop/Documents/GitHub/3D-Platformer-Semester-2/3DPlatformer/Content/Fab/KenneyGraveyardPack/FBX_format/trunk-long.ubulk" 1815
"C:/Users/conor/OneDrive/Desktop/Documents/GitHub/3D-Platformer-Semester-2/3DPlatformer/Content/Fab/KenneyGraveyardPack/FBX_format/trunk-long.uasset" 1816
"C:/Users/conor/OneDrive/Desktop/Documents/GitHub/3D-Platformer-Semester-2/3DPlatformer/Content/Fab/KenneyGraveyardPack/FBX_format/trunk-long.uexp" 1817
"C:/Users/conor/OneDrive/Desktop/Documents/GitHub/3D-Platformer-Semester-2/3DPlatformer/Content/Fab/KenneyGraveyardPack/FBX_format/trunk.ubulk" 1818
"C:/Users/conor/OneDrive/Desktop/Documents/GitHub/3D-Platformer-Semester-2/3DPlatformer/Content/Fab/KenneyGraveyardPack/FBX_format/trunk.uasset" 1819
"C:/Users/conor/OneDrive/Desktop/Documents/GitHub/3D-Platformer-Semester-2/3DPlatformer/Content/Fab/KenneyGraveyardPack/FBX_format/trunk.uexp" 1820
"C:/Users/conor/OneDrive/Desktop/Documents/GitHub/3D-Platformer-Semester-2/3DPlatformer/Content/Fab/KenneyGraveyardPack/FBX_format/rocks-tall.ubulk" 1821
"C:/Users/conor/OneDrive/Desktop/Documents/GitHub/3D-Platformer-Semester-2/3DPlatformer/Content/Fab/KenneyGraveyardPack/FBX_format/rocks-tall.uasset" 1822
"C:/Users/conor/OneDrive/Desktop/Documents/GitHub/3D-Platformer-Semester-2/3DPlatformer/Content/Fab/KenneyGraveyardPack/FBX_format/rocks-tall.uexp" 1823
"C:/Users/conor/OneDrive/Desktop/Documents/GitHub/3D-Platformer-Semester-2/3DPlatformer/Content/Fab/KenneyGraveyardPack/FBX_format/crypt-small.ubulk" 1824
"C:/Users/conor/OneDrive/Desktop/Documents/GitHub/3D-Platformer-Semester-2/3DPlatformer/Content/Fab/KenneyGraveyardPack/FBX_format/crypt-small.uasset" 1825
"C:/Users/conor/OneDrive/Desktop/Documents/GitHub/3D-Platformer-Semester-2/3DPlatformer/Content/Fab/KenneyGraveyardPack/FBX_format/crypt-small.uexp" 1826
"C:/Users/conor/OneDrive/Desktop/Documents/GitHub/3D-Platformer-Semester-2/3DPlatformer/Content/Fab/KenneyGraveyardPack/FBX_format/crypt-small-roof.ubulk" 1827
"C:/Users/conor/OneDrive/Desktop/Documents/GitHub/3D-Platformer-Semester-2/3DPlatformer/Content/Fab/KenneyGraveyardPack/FBX_format/crypt-small-roof.uasset" 1828
"C:/Users/conor/OneDrive/Desktop/Documents/GitHub/3D-Platformer-Semester-2/3DPlatformer/Content/Fab/KenneyGraveyardPack/FBX_format/crypt-small-roof.uexp" 1829
"C:/Users/conor/OneDrive/Desktop/Documents/GitHub/3D-Platformer-Semester-2/3DPlatformer/Content/Fab/KenneySurvivalPack/FBX_format/resource-wood.ubulk" 1830
"C:/Users/conor/OneDrive/Desktop/Documents/GitHub/3D-Platformer-Semester-2/3DPlatformer/Content/Fab/KenneySurvivalPack/FBX_format/resource-wood.uasset" 1831
"C:/Users/conor/OneDrive/Desktop/Documents/GitHub/3D-Platformer-Semester-2/3DPlatformer/Content/Fab/KenneySurvivalPack/FBX_format/resource-wood.uexp" 1832
"C:/Users/conor/OneDrive/Desktop/Documents/GitHub/3D-Platformer-Semester-2/3DPlatformer/Content/Fab/KenneySurvivalPack/FBX_format/rock-a.ubulk" 1833
"C:/Users/conor/OneDrive/Desktop/Documents/GitHub/3D-Platformer-Semester-2/3DPlatformer/Content/Fab/KenneySurvivalPack/FBX_format/rock-a.uasset" 1834
"C:/Users/conor/OneDrive/Desktop/Documents/GitHub/3D-Platformer-Semester-2/3DPlatformer/Content/Fab/KenneySurvivalPack/FBX_format/rock-a.uexp" 1835
"C:/Users/conor/OneDrive/Desktop/Documents/GitHub/3D-Platformer-Semester-2/3DPlatformer/Content/Fab/KenneySurvivalPack/FBX_format/signpost-single.ubulk" 1836
"C:/Users/conor/OneDrive/Desktop/Documents/GitHub/3D-Platformer-Semester-2/3DPlatformer/Content/Fab/KenneySurvivalPack/FBX_format/signpost-single.uasset" 1837
"C:/Users/conor/OneDrive/Desktop/Documents/GitHub/3D-Platformer-Semester-2/3DPlatformer/Content/Fab/KenneySurvivalPack/FBX_format/signpost-single.uexp" 1838
"C:/Users/conor/OneDrive/Desktop/Documents/GitHub/3D-Platformer-Semester-2/3DPlatformer/Content/Fab/KenneySurvivalPack/FBX_format/tree-log.ubulk" 1839
"C:/Users/conor/OneDrive/Desktop/Documents/GitHub/3D-Platformer-Semester-2/3DPlatformer/Content/Fab/KenneySurvivalPack/FBX_format/tree-log.uasset" 1840
"C:/Users/conor/OneDrive/Desktop/Documents/GitHub/3D-Platformer-Semester-2/3DPlatformer/Content/Fab/KenneySurvivalPack/FBX_format/tree-log.uexp" 1841
"C:/Users/conor/OneDrive/Desktop/Documents/GitHub/3D-Platformer-Semester-2/3DPlatformer/Content/Fab/KenneySurvivalPack/FBX_format/floor.ubulk" 1842
"C:/Users/conor/OneDrive/Desktop/Documents/GitHub/3D-Platformer-Semester-2/3DPlatformer/Content/Fab/KenneySurvivalPack/FBX_format/floor.uasset" 1843
"C:/Users/conor/OneDrive/Desktop/Documents/GitHub/3D-Platformer-Semester-2/3DPlatformer/Content/Fab/KenneySurvivalPack/FBX_format/floor.uexp" 1844
"C:/Users/conor/OneDrive/Desktop/Documents/GitHub/3D-Platformer-Semester-2/3DPlatformer/Content/Fab/KenneyGraveyardPack/FBX_format/pine_FoliageType.uasset" 1845
"C:/Users/conor/OneDrive/Desktop/Documents/GitHub/3D-Platformer-Semester-2/3DPlatformer/Content/Fab/KenneyGraveyardPack/FBX_format/pine_FoliageType.uexp" 1846
"C:/Users/conor/OneDrive/Desktop/Documents/GitHub/3D-Platformer-Semester-2/3DPlatformer/Content/Free_Sounds_Pack/wav/Ambient_Wind_Loop_1.ubulk" 1847
"C:/Users/conor/OneDrive/Desktop/Documents/GitHub/3D-Platformer-Semester-2/3DPlatformer/Content/Free_Sounds_Pack/wav/Ambient_Wind_Loop_1.uasset" 1848
"C:/Users/conor/OneDrive/Desktop/Documents/GitHub/3D-Platformer-Semester-2/3DPlatformer/Content/Free_Sounds_Pack/wav/Ambient_Wind_Loop_1.uexp" 1849
"C:/Users/conor/OneDrive/Desktop/Documents/GitHub/3D-Platformer-Semester-2/3DPlatformer/Content/ThirdPerson/TutorialLevel.uexp" 1850
"C:/Users/conor/OneDrive/Desktop/Documents/GitHub/3D-Platformer-Semester-2/3DPlatformer/Content/ThirdPerson/TutorialLevel.umap" 1851
"../../../Engine/Content/Maps/Entry_BuiltData.uasset" 1852
"../../../Engine/Content/Maps/Entry_BuiltData.uexp" 1853
"../../../Engine/Content/Maps/Entry.uexp" 1854
"../../../Engine/Content/Maps/Entry.umap" 1855
"C:/Users/conor/OneDrive/Desktop/Documents/GitHub/3D-Platformer-Semester-2/3DPlatformer/Content/ThirdPerson/Levels/MenuScreenLevel.uexp" 1856
"C:/Users/conor/OneDrive/Desktop/Documents/GitHub/3D-Platformer-Semester-2/3DPlatformer/Content/ThirdPerson/Levels/MenuScreenLevel.umap" 1857
"../../../Engine/Content/TemplateResources/M_Template_Master.uasset" 1858
"../../../Engine/Content/TemplateResources/M_Template_Master.uexp" 1859
"../../../Engine/Content/TemplateResources/MI_Template_BaseOrange.uasset" 1860
"../../../Engine/Content/TemplateResources/MI_Template_BaseOrange.uexp" 1861
"../../../Engine/Content/TemplateResources/MI_Template_BaseGray_Metal.uasset" 1862
"../../../Engine/Content/TemplateResources/MI_Template_BaseGray_Metal.uexp" 1863
"../../../Engine/Content/EngineMaterials/DefaultWhiteGrid.ubulk" 1864
"../../../Engine/Content/EngineMaterials/DefaultWhiteGrid.uasset" 1865
"../../../Engine/Content/EngineMaterials/DefaultWhiteGrid.uexp" 1866
"../../../Engine/Content/EngineDebugMaterials/MAT_LevelColorationLitLightmapUV.uasset" 1867
"../../../Engine/Content/EngineDebugMaterials/MAT_LevelColorationLitLightmapUV.uexp" 1868
"../../../Engine/Content/EngineDebugMaterials/M_SimpleOpaque.uasset" 1869
"../../../Engine/Content/EngineDebugMaterials/M_SimpleOpaque.uexp" 1870
"../../../Engine/Content/EditorMaterials/Camera/MI_CineMat_CamViewFinder.uasset" 1871
"../../../Engine/Content/EditorMaterials/Camera/MI_CineMat_CamViewFinder.uexp" 1872
"C:/Users/conor/OneDrive/Desktop/Documents/GitHub/3D-Platformer-Semester-2/3DPlatformer/Content/BP_BounceTriggerForLivingRoomAssets.uasset" 1873
"C:/Users/conor/OneDrive/Desktop/Documents/GitHub/3D-Platformer-Semester-2/3DPlatformer/Content/BP_BounceTriggerForLivingRoomAssets.uexp" 1874
"C:/Users/conor/OneDrive/Desktop/Documents/GitHub/3D-Platformer-Semester-2/3DPlatformer/Content/Fab/Low_Poly_Key/key/Materials/Material_001.uasset" 1875
"C:/Users/conor/OneDrive/Desktop/Documents/GitHub/3D-Platformer-Semester-2/3DPlatformer/Content/Fab/Low_Poly_Key/key/Materials/Material_001.uexp" 1876
"C:/Users/conor/OneDrive/Desktop/Documents/GitHub/3D-Platformer-Semester-2/3DPlatformer/Content/Fab/Low_Poly_Key/key/StaticMeshes/key.ubulk" 1877
"C:/Users/conor/OneDrive/Desktop/Documents/GitHub/3D-Platformer-Semester-2/3DPlatformer/Content/Fab/Low_Poly_Key/key/StaticMeshes/key.uasset" 1878
"C:/Users/conor/OneDrive/Desktop/Documents/GitHub/3D-Platformer-Semester-2/3DPlatformer/Content/Fab/Low_Poly_Key/key/StaticMeshes/key.uexp" 1879
"C:/Users/conor/OneDrive/Desktop/Documents/GitHub/3D-Platformer-Semester-2/3DPlatformer/Content/BluePrints/BP_Key.uasset" 1880
"C:/Users/conor/OneDrive/Desktop/Documents/GitHub/3D-Platformer-Semester-2/3DPlatformer/Content/BluePrints/BP_Key.uexp" 1881
"../../../Engine/Content/EngineResources/DefaultTexture.ubulk" 1882
"../../../Engine/Content/EngineResources/DefaultTexture.uasset" 1883
"../../../Engine/Content/EngineResources/DefaultTexture.uexp" 1884
"C:/Users/conor/OneDrive/Desktop/Documents/GitHub/3D-Platformer-Semester-2/3DPlatformer/Content/Fab/LivingRoom/FBX_files/Material.uasset" 1885
"C:/Users/conor/OneDrive/Desktop/Documents/GitHub/3D-Platformer-Semester-2/3DPlatformer/Content/Fab/LivingRoom/FBX_files/Material.uexp" 1886
"C:/Users/conor/OneDrive/Desktop/Documents/GitHub/3D-Platformer-Semester-2/3DPlatformer/Content/Fab/LivingRoom/FBX_files/Twin_Wardrobe.ubulk" 1887
"C:/Users/conor/OneDrive/Desktop/Documents/GitHub/3D-Platformer-Semester-2/3DPlatformer/Content/Fab/LivingRoom/FBX_files/Twin_Wardrobe.uasset" 1888
"C:/Users/conor/OneDrive/Desktop/Documents/GitHub/3D-Platformer-Semester-2/3DPlatformer/Content/Fab/LivingRoom/FBX_files/Twin_Wardrobe.uexp" 1889
"C:/Users/conor/OneDrive/Desktop/Documents/GitHub/3D-Platformer-Semester-2/3DPlatformer/Content/Fab/LivingRoom/FBX_files/Short_Nightstand.ubulk" 1890
"C:/Users/conor/OneDrive/Desktop/Documents/GitHub/3D-Platformer-Semester-2/3DPlatformer/Content/Fab/LivingRoom/FBX_files/Short_Nightstand.uasset" 1891
"C:/Users/conor/OneDrive/Desktop/Documents/GitHub/3D-Platformer-Semester-2/3DPlatformer/Content/Fab/LivingRoom/FBX_files/Short_Nightstand.uexp" 1892
"C:/Users/conor/OneDrive/Desktop/Documents/GitHub/3D-Platformer-Semester-2/3DPlatformer/Content/Fab/LivingRoom/FBX_files/Round_Table.ubulk" 1893
"C:/Users/conor/OneDrive/Desktop/Documents/GitHub/3D-Platformer-Semester-2/3DPlatformer/Content/Fab/LivingRoom/FBX_files/Round_Table.uasset" 1894
"C:/Users/conor/OneDrive/Desktop/Documents/GitHub/3D-Platformer-Semester-2/3DPlatformer/Content/Fab/LivingRoom/FBX_files/Round_Table.uexp" 1895
"C:/Users/conor/OneDrive/Desktop/Documents/GitHub/3D-Platformer-Semester-2/3DPlatformer/Content/Fab/LivingRoom/FBX_files/Gaming_Screen.ubulk" 1896
"C:/Users/conor/OneDrive/Desktop/Documents/GitHub/3D-Platformer-Semester-2/3DPlatformer/Content/Fab/LivingRoom/FBX_files/Gaming_Screen.uasset" 1897
"C:/Users/conor/OneDrive/Desktop/Documents/GitHub/3D-Platformer-Semester-2/3DPlatformer/Content/Fab/LivingRoom/FBX_files/Gaming_Screen.uexp" 1898
"C:/Users/conor/OneDrive/Desktop/Documents/GitHub/3D-Platformer-Semester-2/3DPlatformer/Content/Fab/LivingRoom/FBX_files/Double_Bed.ubulk" 1899
"C:/Users/conor/OneDrive/Desktop/Documents/GitHub/3D-Platformer-Semester-2/3DPlatformer/Content/Fab/LivingRoom/FBX_files/Double_Bed.uasset" 1900
"C:/Users/conor/OneDrive/Desktop/Documents/GitHub/3D-Platformer-Semester-2/3DPlatformer/Content/Fab/LivingRoom/FBX_files/Double_Bed.uexp" 1901
"C:/Users/conor/OneDrive/Desktop/Documents/GitHub/3D-Platformer-Semester-2/3DPlatformer/Content/Fab/LivingRoom/FBX_files/Dark_Case.ubulk" 1902
"C:/Users/conor/OneDrive/Desktop/Documents/GitHub/3D-Platformer-Semester-2/3DPlatformer/Content/Fab/LivingRoom/FBX_files/Dark_Case.uasset" 1903
"C:/Users/conor/OneDrive/Desktop/Documents/GitHub/3D-Platformer-Semester-2/3DPlatformer/Content/Fab/LivingRoom/FBX_files/Dark_Case.uexp" 1904
"C:/Users/conor/OneDrive/Desktop/Documents/GitHub/3D-Platformer-Semester-2/3DPlatformer/Content/Fab/LivingRoom/FBX_files/Cylinder_Lamp.ubulk" 1905
"C:/Users/conor/OneDrive/Desktop/Documents/GitHub/3D-Platformer-Semester-2/3DPlatformer/Content/Fab/LivingRoom/FBX_files/Cylinder_Lamp.uasset" 1906
"C:/Users/conor/OneDrive/Desktop/Documents/GitHub/3D-Platformer-Semester-2/3DPlatformer/Content/Fab/LivingRoom/FBX_files/Cylinder_Lamp.uexp" 1907
"C:/Users/conor/OneDrive/Desktop/Documents/GitHub/3D-Platformer-Semester-2/3DPlatformer/Content/Fab/LivingRoom/FBX_files/Couch.ubulk" 1908
"C:/Users/conor/OneDrive/Desktop/Documents/GitHub/3D-Platformer-Semester-2/3DPlatformer/Content/Fab/LivingRoom/FBX_files/Couch.uasset" 1909
"C:/Users/conor/OneDrive/Desktop/Documents/GitHub/3D-Platformer-Semester-2/3DPlatformer/Content/Fab/LivingRoom/FBX_files/Couch.uexp" 1910
"C:/Users/conor/OneDrive/Desktop/Documents/GitHub/3D-Platformer-Semester-2/3DPlatformer/Content/Fab/LivingRoom/FBX_files/Armchair.ubulk" 1911
"C:/Users/conor/OneDrive/Desktop/Documents/GitHub/3D-Platformer-Semester-2/3DPlatformer/Content/Fab/LivingRoom/FBX_files/Armchair.uasset" 1912
"C:/Users/conor/OneDrive/Desktop/Documents/GitHub/3D-Platformer-Semester-2/3DPlatformer/Content/Fab/LivingRoom/FBX_files/Armchair.uexp" 1913
"../../../Engine/Plugins/Fab/Content/Materials/Standard/M_MS_Base.uasset" 1914
"../../../Engine/Plugins/Fab/Content/Materials/Standard/M_MS_Base.uexp" 1915
"C:/Users/conor/OneDrive/Desktop/Documents/GitHub/3D-Platformer-Semester-2/3DPlatformer/Content/Fab/Megascans/3D/Saloon_Wooden_Interior_Kit_wbpveaydw/Low/wbpveaydw_tier_3/Textures/T_wbpveaydw_1K_ORM.ubulk" 1916
"C:/Users/conor/OneDrive/Desktop/Documents/GitHub/3D-Platformer-Semester-2/3DPlatformer/Content/Fab/Megascans/3D/Saloon_Wooden_Interior_Kit_wbpveaydw/Low/wbpveaydw_tier_3/Textures/T_wbpveaydw_1K_ORM.uasset" 1917
"C:/Users/conor/OneDrive/Desktop/Documents/GitHub/3D-Platformer-Semester-2/3DPlatformer/Content/Fab/Megascans/3D/Saloon_Wooden_Interior_Kit_wbpveaydw/Low/wbpveaydw_tier_3/Textures/T_wbpveaydw_1K_ORM.uexp" 1918
"C:/Users/conor/OneDrive/Desktop/Documents/GitHub/3D-Platformer-Semester-2/3DPlatformer/Content/Fab/Megascans/3D/Saloon_Wooden_Interior_Kit_wbpveaydw/Low/wbpveaydw_tier_3/Textures/T_wbpveaydw_1K_N.ubulk" 1919
"C:/Users/conor/OneDrive/Desktop/Documents/GitHub/3D-Platformer-Semester-2/3DPlatformer/Content/Fab/Megascans/3D/Saloon_Wooden_Interior_Kit_wbpveaydw/Low/wbpveaydw_tier_3/Textures/T_wbpveaydw_1K_N.uasset" 1920
"C:/Users/conor/OneDrive/Desktop/Documents/GitHub/3D-Platformer-Semester-2/3DPlatformer/Content/Fab/Megascans/3D/Saloon_Wooden_Interior_Kit_wbpveaydw/Low/wbpveaydw_tier_3/Textures/T_wbpveaydw_1K_N.uexp" 1921
"C:/Users/conor/OneDrive/Desktop/Documents/GitHub/3D-Platformer-Semester-2/3DPlatformer/Content/Fab/Megascans/3D/Saloon_Wooden_Interior_Kit_wbpveaydw/Low/wbpveaydw_tier_3/Textures/T_wbpveaydw_1K_B.ubulk" 1922
"C:/Users/conor/OneDrive/Desktop/Documents/GitHub/3D-Platformer-Semester-2/3DPlatformer/Content/Fab/Megascans/3D/Saloon_Wooden_Interior_Kit_wbpveaydw/Low/wbpveaydw_tier_3/Textures/T_wbpveaydw_1K_B.uasset" 1923
"C:/Users/conor/OneDrive/Desktop/Documents/GitHub/3D-Platformer-Semester-2/3DPlatformer/Content/Fab/Megascans/3D/Saloon_Wooden_Interior_Kit_wbpveaydw/Low/wbpveaydw_tier_3/Textures/T_wbpveaydw_1K_B.uexp" 1924
"C:/Users/conor/OneDrive/Desktop/Documents/GitHub/3D-Platformer-Semester-2/3DPlatformer/Content/Fab/Megascans/3D/Saloon_Wooden_Interior_Kit_wbpveaydw/Low/wbpveaydw_tier_3/Materials/MI_wbpveaydw.uasset" 1925
"C:/Users/conor/OneDrive/Desktop/Documents/GitHub/3D-Platformer-Semester-2/3DPlatformer/Content/Fab/Megascans/3D/Saloon_Wooden_Interior_Kit_wbpveaydw/Low/wbpveaydw_tier_3/Materials/MI_wbpveaydw.uexp" 1926
"C:/Users/conor/OneDrive/Desktop/Documents/GitHub/3D-Platformer-Semester-2/3DPlatformer/Content/Fab/Megascans/3D/Saloon_Wooden_Interior_Kit_wbpveaydw/Low/wbpveaydw_tier_3/StaticMeshes/wbpveaydw_LOD0_TIER3_003.ubulk" 1927
"C:/Users/conor/OneDrive/Desktop/Documents/GitHub/3D-Platformer-Semester-2/3DPlatformer/Content/Fab/Megascans/3D/Saloon_Wooden_Interior_Kit_wbpveaydw/Low/wbpveaydw_tier_3/StaticMeshes/wbpveaydw_LOD0_TIER3_003.uasset" 1928
"C:/Users/conor/OneDrive/Desktop/Documents/GitHub/3D-Platformer-Semester-2/3DPlatformer/Content/Fab/Megascans/3D/Saloon_Wooden_Interior_Kit_wbpveaydw/Low/wbpveaydw_tier_3/StaticMeshes/wbpveaydw_LOD0_TIER3_003.uexp" 1929
"C:/Users/conor/OneDrive/Desktop/Documents/GitHub/3D-Platformer-Semester-2/3DPlatformer/Content/Fab/Megascans/3D/Saloon_Wooden_Interior_Kit_wbpveaydw/Low/wbpveaydw_tier_3/StaticMeshes/wbpveaydw_LOD0_TIER3_001.ubulk" 1930
"C:/Users/conor/OneDrive/Desktop/Documents/GitHub/3D-Platformer-Semester-2/3DPlatformer/Content/Fab/Megascans/3D/Saloon_Wooden_Interior_Kit_wbpveaydw/Low/wbpveaydw_tier_3/StaticMeshes/wbpveaydw_LOD0_TIER3_001.uasset" 1931
"C:/Users/conor/OneDrive/Desktop/Documents/GitHub/3D-Platformer-Semester-2/3DPlatformer/Content/Fab/Megascans/3D/Saloon_Wooden_Interior_Kit_wbpveaydw/Low/wbpveaydw_tier_3/StaticMeshes/wbpveaydw_LOD0_TIER3_001.uexp" 1932
"C:/Users/conor/OneDrive/Desktop/Documents/GitHub/3D-Platformer-Semester-2/3DPlatformer/Content/Sounds/House/Retro__Spooky_Soundscape__The_Whispering_Shadows_Dungeon__Clement_Panchout_2016.ubulk" 1933
"C:/Users/conor/OneDrive/Desktop/Documents/GitHub/3D-Platformer-Semester-2/3DPlatformer/Content/Sounds/House/Retro__Spooky_Soundscape__The_Whispering_Shadows_Dungeon__Clement_Panchout_2016.uasset" 1934
"C:/Users/conor/OneDrive/Desktop/Documents/GitHub/3D-Platformer-Semester-2/3DPlatformer/Content/Sounds/House/Retro__Spooky_Soundscape__The_Whispering_Shadows_Dungeon__Clement_Panchout_2016.uexp" 1935
"C:/Users/conor/OneDrive/Desktop/Documents/GitHub/3D-Platformer-Semester-2/3DPlatformer/Content/ThirdPerson/Levels/LivingRoom.uexp" 1936
"C:/Users/conor/OneDrive/Desktop/Documents/GitHub/3D-Platformer-Semester-2/3DPlatformer/Content/ThirdPerson/Levels/LivingRoom.umap" 1937
"C:/Users/conor/OneDrive/Desktop/Documents/GitHub/3D-Platformer-Semester-2/3DPlatformer/Content/Materials/shopping.uasset" 1938
"C:/Users/conor/OneDrive/Desktop/Documents/GitHub/3D-Platformer-Semester-2/3DPlatformer/Content/Materials/shopping.uexp" 1939
"C:/Users/conor/OneDrive/Desktop/Documents/GitHub/3D-Platformer-Semester-2/3DPlatformer/Content/Materials/KitchenWall_Mat.uasset" 1940
"C:/Users/conor/OneDrive/Desktop/Documents/GitHub/3D-Platformer-Semester-2/3DPlatformer/Content/Materials/KitchenWall_Mat.uexp" 1941
"C:/Users/conor/OneDrive/Desktop/Documents/GitHub/3D-Platformer-Semester-2/3DPlatformer/Content/Fab/Kitchen/individualsfiles/bois.uasset" 1942
"C:/Users/conor/OneDrive/Desktop/Documents/GitHub/3D-Platformer-Semester-2/3DPlatformer/Content/Fab/Kitchen/individualsfiles/bois.uexp" 1943
"C:/Users/conor/OneDrive/Desktop/Documents/GitHub/3D-Platformer-Semester-2/3DPlatformer/Content/Fab/Kitchen/individualsfiles/fer.uasset" 1944
"C:/Users/conor/OneDrive/Desktop/Documents/GitHub/3D-Platformer-Semester-2/3DPlatformer/Content/Fab/Kitchen/individualsfiles/fer.uexp" 1945
"C:/Users/conor/OneDrive/Desktop/Documents/GitHub/3D-Platformer-Semester-2/3DPlatformer/Content/Fab/Kitchen/individualsfiles/noircarreaux.uasset" 1946
"C:/Users/conor/OneDrive/Desktop/Documents/GitHub/3D-Platformer-Semester-2/3DPlatformer/Content/Fab/Kitchen/individualsfiles/noircarreaux.uexp" 1947
"C:/Users/conor/OneDrive/Desktop/Documents/GitHub/3D-Platformer-Semester-2/3DPlatformer/Content/Fab/Kitchen/individualsfiles/workplan_002.ubulk" 1948
"C:/Users/conor/OneDrive/Desktop/Documents/GitHub/3D-Platformer-Semester-2/3DPlatformer/Content/Fab/Kitchen/individualsfiles/workplan_002.uasset" 1949
"C:/Users/conor/OneDrive/Desktop/Documents/GitHub/3D-Platformer-Semester-2/3DPlatformer/Content/Fab/Kitchen/individualsfiles/workplan_002.uexp" 1950
"C:/Users/conor/OneDrive/Desktop/Documents/GitHub/3D-Platformer-Semester-2/3DPlatformer/Content/Fab/Kitchen/individualsfiles/workplan_001.ubulk" 1951
"C:/Users/conor/OneDrive/Desktop/Documents/GitHub/3D-Platformer-Semester-2/3DPlatformer/Content/Fab/Kitchen/individualsfiles/workplan_001.uasset" 1952
"C:/Users/conor/OneDrive/Desktop/Documents/GitHub/3D-Platformer-Semester-2/3DPlatformer/Content/Fab/Kitchen/individualsfiles/workplan_001.uexp" 1953
"C:/Users/conor/OneDrive/Desktop/Documents/GitHub/3D-Platformer-Semester-2/3DPlatformer/Content/Fab/Kitchen/individualsfiles/table.ubulk" 1954
"C:/Users/conor/OneDrive/Desktop/Documents/GitHub/3D-Platformer-Semester-2/3DPlatformer/Content/Fab/Kitchen/individualsfiles/table.uasset" 1955
"C:/Users/conor/OneDrive/Desktop/Documents/GitHub/3D-Platformer-Semester-2/3DPlatformer/Content/Fab/Kitchen/individualsfiles/table.uexp" 1956
"C:/Users/conor/OneDrive/Desktop/Documents/GitHub/3D-Platformer-Semester-2/3DPlatformer/Content/Fab/Kitchen/individualsfiles/vertverre.uasset" 1957
"C:/Users/conor/OneDrive/Desktop/Documents/GitHub/3D-Platformer-Semester-2/3DPlatformer/Content/Fab/Kitchen/individualsfiles/vertverre.uexp" 1958
"C:/Users/conor/OneDrive/Desktop/Documents/GitHub/3D-Platformer-Semester-2/3DPlatformer/Content/Fab/Kitchen/individualsfiles/jaune.uasset" 1959
"C:/Users/conor/OneDrive/Desktop/Documents/GitHub/3D-Platformer-Semester-2/3DPlatformer/Content/Fab/Kitchen/individualsfiles/jaune.uexp" 1960
"C:/Users/conor/OneDrive/Desktop/Documents/GitHub/3D-Platformer-Semester-2/3DPlatformer/Content/Fab/Kitchen/individualsfiles/jar_001.ubulk" 1961
"C:/Users/conor/OneDrive/Desktop/Documents/GitHub/3D-Platformer-Semester-2/3DPlatformer/Content/Fab/Kitchen/individualsfiles/jar_001.uasset" 1962
"C:/Users/conor/OneDrive/Desktop/Documents/GitHub/3D-Platformer-Semester-2/3DPlatformer/Content/Fab/Kitchen/individualsfiles/jar_001.uexp" 1963
"C:/Users/conor/OneDrive/Desktop/Documents/GitHub/3D-Platformer-Semester-2/3DPlatformer/Content/Fab/Kitchen/individualsfiles/rougeverre.uasset" 1964
"C:/Users/conor/OneDrive/Desktop/Documents/GitHub/3D-Platformer-Semester-2/3DPlatformer/Content/Fab/Kitchen/individualsfiles/rougeverre.uexp" 1965
"C:/Users/conor/OneDrive/Desktop/Documents/GitHub/3D-Platformer-Semester-2/3DPlatformer/Content/Fab/Kitchen/individualsfiles/jar.ubulk" 1966
"C:/Users/conor/OneDrive/Desktop/Documents/GitHub/3D-Platformer-Semester-2/3DPlatformer/Content/Fab/Kitchen/individualsfiles/jar.uasset" 1967
"C:/Users/conor/OneDrive/Desktop/Documents/GitHub/3D-Platformer-Semester-2/3DPlatformer/Content/Fab/Kitchen/individualsfiles/jar.uexp" 1968
"C:/Users/conor/OneDrive/Desktop/Documents/GitHub/3D-Platformer-Semester-2/3DPlatformer/Content/Fab/Kitchen/individualsfiles/nwar.uasset" 1969
"C:/Users/conor/OneDrive/Desktop/Documents/GitHub/3D-Platformer-Semester-2/3DPlatformer/Content/Fab/Kitchen/individualsfiles/nwar.uexp" 1970
"C:/Users/conor/OneDrive/Desktop/Documents/GitHub/3D-Platformer-Semester-2/3DPlatformer/Content/Fab/Kitchen/individualsfiles/hote.ubulk" 1971
"C:/Users/conor/OneDrive/Desktop/Documents/GitHub/3D-Platformer-Semester-2/3DPlatformer/Content/Fab/Kitchen/individualsfiles/hote.uasset" 1972
"C:/Users/conor/OneDrive/Desktop/Documents/GitHub/3D-Platformer-Semester-2/3DPlatformer/Content/Fab/Kitchen/individualsfiles/hote.uexp" 1973
"C:/Users/conor/OneDrive/Desktop/Documents/GitHub/3D-Platformer-Semester-2/3DPlatformer/Content/Fab/Kitchen/individualsfiles/VERRE.uasset" 1974
"C:/Users/conor/OneDrive/Desktop/Documents/GitHub/3D-Platformer-Semester-2/3DPlatformer/Content/Fab/Kitchen/individualsfiles/VERRE.uexp" 1975
"C:/Users/conor/OneDrive/Desktop/Documents/GitHub/3D-Platformer-Semester-2/3DPlatformer/Content/Fab/Kitchen/individualsfiles/glassmartini.ubulk" 1976
"C:/Users/conor/OneDrive/Desktop/Documents/GitHub/3D-Platformer-Semester-2/3DPlatformer/Content/Fab/Kitchen/individualsfiles/glassmartini.uasset" 1977
"C:/Users/conor/OneDrive/Desktop/Documents/GitHub/3D-Platformer-Semester-2/3DPlatformer/Content/Fab/Kitchen/individualsfiles/glassmartini.uexp" 1978
"C:/Users/conor/OneDrive/Desktop/Documents/GitHub/3D-Platformer-Semester-2/3DPlatformer/Content/Fab/Kitchen/individualsfiles/blancblanc.uasset" 1979
"C:/Users/conor/OneDrive/Desktop/Documents/GitHub/3D-Platformer-Semester-2/3DPlatformer/Content/Fab/Kitchen/individualsfiles/blancblanc.uexp" 1980
"C:/Users/conor/OneDrive/Desktop/Documents/GitHub/3D-Platformer-Semester-2/3DPlatformer/Content/Fab/Kitchen/individualsfiles/noirverre.uasset" 1981
"C:/Users/conor/OneDrive/Desktop/Documents/GitHub/3D-Platformer-Semester-2/3DPlatformer/Content/Fab/Kitchen/individualsfiles/noirverre.uexp" 1982
"C:/Users/conor/OneDrive/Desktop/Documents/GitHub/3D-Platformer-Semester-2/3DPlatformer/Content/Fab/Kitchen/individualsfiles/gris.uasset" 1983
"C:/Users/conor/OneDrive/Desktop/Documents/GitHub/3D-Platformer-Semester-2/3DPlatformer/Content/Fab/Kitchen/individualsfiles/gris.uexp" 1984
"C:/Users/conor/OneDrive/Desktop/Documents/GitHub/3D-Platformer-Semester-2/3DPlatformer/Content/Fab/Kitchen/individualsfiles/gazini_re.ubulk" 1985
"C:/Users/conor/OneDrive/Desktop/Documents/GitHub/3D-Platformer-Semester-2/3DPlatformer/Content/Fab/Kitchen/individualsfiles/gazini_re.uasset" 1986
"C:/Users/conor/OneDrive/Desktop/Documents/GitHub/3D-Platformer-Semester-2/3DPlatformer/Content/Fab/Kitchen/individualsfiles/gazini_re.uexp" 1987
"C:/Users/conor/OneDrive/Desktop/Documents/GitHub/3D-Platformer-Semester-2/3DPlatformer/Content/Fab/Kitchen/individualsfiles/fridge.ubulk" 1988
"C:/Users/conor/OneDrive/Desktop/Documents/GitHub/3D-Platformer-Semester-2/3DPlatformer/Content/Fab/Kitchen/individualsfiles/fridge.uasset" 1989
"C:/Users/conor/OneDrive/Desktop/Documents/GitHub/3D-Platformer-Semester-2/3DPlatformer/Content/Fab/Kitchen/individualsfiles/fridge.uexp" 1990
"C:/Users/conor/OneDrive/Desktop/Documents/GitHub/3D-Platformer-Semester-2/3DPlatformer/Content/Fab/Kitchen/individualsfiles/chair3.ubulk" 1991
"C:/Users/conor/OneDrive/Desktop/Documents/GitHub/3D-Platformer-Semester-2/3DPlatformer/Content/Fab/Kitchen/individualsfiles/chair3.uasset" 1992
"C:/Users/conor/OneDrive/Desktop/Documents/GitHub/3D-Platformer-Semester-2/3DPlatformer/Content/Fab/Kitchen/individualsfiles/chair3.uexp" 1993
"C:/Users/conor/OneDrive/Desktop/Documents/GitHub/3D-Platformer-Semester-2/3DPlatformer/Content/Fab/Kitchen/individualsfiles/barchair4.ubulk" 1994
"C:/Users/conor/OneDrive/Desktop/Documents/GitHub/3D-Platformer-Semester-2/3DPlatformer/Content/Fab/Kitchen/individualsfiles/barchair4.uasset" 1995
"C:/Users/conor/OneDrive/Desktop/Documents/GitHub/3D-Platformer-Semester-2/3DPlatformer/Content/Fab/Kitchen/individualsfiles/barchair4.uexp" 1996
"../../../Engine/Plugins/Fab/Content/MaterialFunctions/QMF_Tiling.uasset" 1997
"../../../Engine/Plugins/Fab/Content/MaterialFunctions/QMF_Tiling.uexp" 1998
"../../../Engine/Plugins/Fab/Content/Materials/Standard/M_MS_Srf.uasset" 1999
"../../../Engine/Plugins/Fab/Content/Materials/Standard/M_MS_Srf.uexp" 2000
"C:/Users/conor/OneDrive/Desktop/Documents/GitHub/3D-Platformer-Semester-2/3DPlatformer/Content/Fab/Megascans/Surfaces/Worn_Wooden_Floor_ugcwcevaw/Low/ugcwcevaw_tier_3/Textures/T_ugcwcevaw_1K_ORM.ubulk" 2001
"C:/Users/conor/OneDrive/Desktop/Documents/GitHub/3D-Platformer-Semester-2/3DPlatformer/Content/Fab/Megascans/Surfaces/Worn_Wooden_Floor_ugcwcevaw/Low/ugcwcevaw_tier_3/Textures/T_ugcwcevaw_1K_ORM.uasset" 2002
"C:/Users/conor/OneDrive/Desktop/Documents/GitHub/3D-Platformer-Semester-2/3DPlatformer/Content/Fab/Megascans/Surfaces/Worn_Wooden_Floor_ugcwcevaw/Low/ugcwcevaw_tier_3/Textures/T_ugcwcevaw_1K_ORM.uexp" 2003
"C:/Users/conor/OneDrive/Desktop/Documents/GitHub/3D-Platformer-Semester-2/3DPlatformer/Content/Fab/Megascans/Surfaces/Worn_Wooden_Floor_ugcwcevaw/Low/ugcwcevaw_tier_3/Textures/T_ugcwcevaw_1K_N.ubulk" 2004
"C:/Users/conor/OneDrive/Desktop/Documents/GitHub/3D-Platformer-Semester-2/3DPlatformer/Content/Fab/Megascans/Surfaces/Worn_Wooden_Floor_ugcwcevaw/Low/ugcwcevaw_tier_3/Textures/T_ugcwcevaw_1K_N.uasset" 2005
"C:/Users/conor/OneDrive/Desktop/Documents/GitHub/3D-Platformer-Semester-2/3DPlatformer/Content/Fab/Megascans/Surfaces/Worn_Wooden_Floor_ugcwcevaw/Low/ugcwcevaw_tier_3/Textures/T_ugcwcevaw_1K_N.uexp" 2006
"C:/Users/conor/OneDrive/Desktop/Documents/GitHub/3D-Platformer-Semester-2/3DPlatformer/Content/Fab/Megascans/Surfaces/Worn_Wooden_Floor_ugcwcevaw/Low/ugcwcevaw_tier_3/Textures/T_ugcwcevaw_1K_B.ubulk" 2007
"C:/Users/conor/OneDrive/Desktop/Documents/GitHub/3D-Platformer-Semester-2/3DPlatformer/Content/Fab/Megascans/Surfaces/Worn_Wooden_Floor_ugcwcevaw/Low/ugcwcevaw_tier_3/Textures/T_ugcwcevaw_1K_B.uasset" 2008
"C:/Users/conor/OneDrive/Desktop/Documents/GitHub/3D-Platformer-Semester-2/3DPlatformer/Content/Fab/Megascans/Surfaces/Worn_Wooden_Floor_ugcwcevaw/Low/ugcwcevaw_tier_3/Textures/T_ugcwcevaw_1K_B.uexp" 2009
"C:/Users/conor/OneDrive/Desktop/Documents/GitHub/3D-Platformer-Semester-2/3DPlatformer/Content/Fab/Megascans/Surfaces/Worn_Wooden_Floor_ugcwcevaw/Low/ugcwcevaw_tier_3/Materials/MI_ugcwcevaw.uasset" 2010
"C:/Users/conor/OneDrive/Desktop/Documents/GitHub/3D-Platformer-Semester-2/3DPlatformer/Content/Fab/Megascans/Surfaces/Worn_Wooden_Floor_ugcwcevaw/Low/ugcwcevaw_tier_3/Materials/MI_ugcwcevaw.uexp" 2011
"C:/Users/conor/OneDrive/Desktop/Documents/GitHub/3D-Platformer-Semester-2/3DPlatformer/Content/Sounds/House/Clement_Panchout___Fluttering_in_the_Sun____The_GodMOTHer_.ubulk" 2012
"C:/Users/conor/OneDrive/Desktop/Documents/GitHub/3D-Platformer-Semester-2/3DPlatformer/Content/Sounds/House/Clement_Panchout___Fluttering_in_the_Sun____The_GodMOTHer_.uasset" 2013
"C:/Users/conor/OneDrive/Desktop/Documents/GitHub/3D-Platformer-Semester-2/3DPlatformer/Content/Sounds/House/Clement_Panchout___Fluttering_in_the_Sun____The_GodMOTHer_.uexp" 2014
"C:/Users/conor/OneDrive/Desktop/Documents/GitHub/3D-Platformer-Semester-2/3DPlatformer/Content/ThirdPerson/Levels/KitchenFixed.uexp" 2015
"C:/Users/conor/OneDrive/Desktop/Documents/GitHub/3D-Platformer-Semester-2/3DPlatformer/Content/ThirdPerson/Levels/KitchenFixed.umap" 2016
"C:/Users/conor/OneDrive/Desktop/Documents/GitHub/3D-Platformer-Semester-2/3DPlatformer/Content/Fab/Kitchen/individualsfiles/trash.ubulk" 2017
"C:/Users/conor/OneDrive/Desktop/Documents/GitHub/3D-Platformer-Semester-2/3DPlatformer/Content/Fab/Kitchen/individualsfiles/trash.uasset" 2018
"C:/Users/conor/OneDrive/Desktop/Documents/GitHub/3D-Platformer-Semester-2/3DPlatformer/Content/Fab/Kitchen/individualsfiles/trash.uexp" 2019
"C:/Users/conor/OneDrive/Desktop/Documents/GitHub/3D-Platformer-Semester-2/3DPlatformer/Content/ThirdPerson/Levels/KitchenLevelAssets/KitchenSlamTrigger.uasset" 2020
"C:/Users/conor/OneDrive/Desktop/Documents/GitHub/3D-Platformer-Semester-2/3DPlatformer/Content/ThirdPerson/Levels/KitchenLevelAssets/KitchenSlamTrigger.uexp" 2021
"C:/Users/conor/OneDrive/Desktop/Documents/GitHub/3D-Platformer-Semester-2/3DPlatformer/Content/ThirdPerson/Levels/KitchenLevelAssets/BP_SinkAC.uasset" 2022
"C:/Users/conor/OneDrive/Desktop/Documents/GitHub/3D-Platformer-Semester-2/3DPlatformer/Content/ThirdPerson/Levels/KitchenLevelAssets/BP_SinkAC.uexp" 2023
"C:/Users/conor/OneDrive/Desktop/Documents/GitHub/3D-Platformer-Semester-2/3DPlatformer/Content/ThirdPerson/Levels/KitchenLevelAssets/Lava.uasset" 2024
"C:/Users/conor/OneDrive/Desktop/Documents/GitHub/3D-Platformer-Semester-2/3DPlatformer/Content/ThirdPerson/Levels/KitchenLevelAssets/Lava.uexp" 2025
"C:/Users/conor/OneDrive/Desktop/Documents/GitHub/3D-Platformer-Semester-2/3DPlatformer/Content/ThirdPerson/Levels/KitchenLevelAssets/Lava_Mat.uasset" 2026
"C:/Users/conor/OneDrive/Desktop/Documents/GitHub/3D-Platformer-Semester-2/3DPlatformer/Content/ThirdPerson/Levels/KitchenLevelAssets/Lava_Mat.uexp" 2027
"C:/Users/conor/OneDrive/Desktop/Documents/GitHub/3D-Platformer-Semester-2/3DPlatformer/Content/Sounds/House/Clement_Panchout_-_Sweet_70s.ubulk" 2028
"C:/Users/conor/OneDrive/Desktop/Documents/GitHub/3D-Platformer-Semester-2/3DPlatformer/Content/Sounds/House/Clement_Panchout_-_Sweet_70s.uasset" 2029
"C:/Users/conor/OneDrive/Desktop/Documents/GitHub/3D-Platformer-Semester-2/3DPlatformer/Content/Sounds/House/Clement_Panchout_-_Sweet_70s.uexp" 2030
"C:/Users/conor/OneDrive/Desktop/Documents/GitHub/3D-Platformer-Semester-2/3DPlatformer/Content/ThirdPerson/Levels/Kitchen.uexp" 2031
"C:/Users/conor/OneDrive/Desktop/Documents/GitHub/3D-Platformer-Semester-2/3DPlatformer/Content/ThirdPerson/Levels/Kitchen.umap" 2032
"C:/Users/conor/OneDrive/Desktop/Documents/GitHub/3D-Platformer-Semester-2/3DPlatformer/Content/Fab/A_wooden_ladder/shaded.ubulk" 2033
"C:/Users/conor/OneDrive/Desktop/Documents/GitHub/3D-Platformer-Semester-2/3DPlatformer/Content/Fab/A_wooden_ladder/shaded.uasset" 2034
"C:/Users/conor/OneDrive/Desktop/Documents/GitHub/3D-Platformer-Semester-2/3DPlatformer/Content/Fab/A_wooden_ladder/shaded.uexp" 2035
"C:/Users/conor/OneDrive/Desktop/Documents/GitHub/3D-Platformer-Semester-2/3DPlatformer/Content/Fab/A_wooden_ladder/shaded_Mat.uasset" 2036
"C:/Users/conor/OneDrive/Desktop/Documents/GitHub/3D-Platformer-Semester-2/3DPlatformer/Content/Fab/A_wooden_ladder/shaded_Mat.uexp" 2037
"C:/Users/conor/OneDrive/Desktop/Documents/GitHub/3D-Platformer-Semester-2/3DPlatformer/Content/Fab/A_wooden_ladder/lod.ubulk" 2038
"C:/Users/conor/OneDrive/Desktop/Documents/GitHub/3D-Platformer-Semester-2/3DPlatformer/Content/Fab/A_wooden_ladder/lod.uasset" 2039
"C:/Users/conor/OneDrive/Desktop/Documents/GitHub/3D-Platformer-Semester-2/3DPlatformer/Content/Fab/A_wooden_ladder/lod.uexp" 2040
"C:/Users/conor/OneDrive/Desktop/Documents/GitHub/3D-Platformer-Semester-2/3DPlatformer/Content/BluePrints/BP_LockedLevelentranceBox.uasset" 2041
"C:/Users/conor/OneDrive/Desktop/Documents/GitHub/3D-Platformer-Semester-2/3DPlatformer/Content/BluePrints/BP_LockedLevelentranceBox.uexp" 2042
"C:/Users/conor/OneDrive/Desktop/Documents/GitHub/3D-Platformer-Semester-2/3DPlatformer/Content/Fab/Megascans/3D/Saloon_Wooden_Interior_Kit_wbpveaydw/Low/wbpveaydw_tier_3/StaticMeshes/wbpveaydw_LOD0_TIER3_002.ubulk" 2043
"C:/Users/conor/OneDrive/Desktop/Documents/GitHub/3D-Platformer-Semester-2/3DPlatformer/Content/Fab/Megascans/3D/Saloon_Wooden_Interior_Kit_wbpveaydw/Low/wbpveaydw_tier_3/StaticMeshes/wbpveaydw_LOD0_TIER3_002.uasset" 2044
"C:/Users/conor/OneDrive/Desktop/Documents/GitHub/3D-Platformer-Semester-2/3DPlatformer/Content/Fab/Megascans/3D/Saloon_Wooden_Interior_Kit_wbpveaydw/Low/wbpveaydw_tier_3/StaticMeshes/wbpveaydw_LOD0_TIER3_002.uexp" 2045
"C:/Users/conor/OneDrive/Desktop/Documents/GitHub/3D-Platformer-Semester-2/3DPlatformer/Content/Fab/Megascans/3D/Modular_Stairs_and_Handrail_Kit_wczwafvdw/Low/wczwafvdw_tier_3/Textures/T_wczwafvdw_1K_ORM.ubulk" 2046
"C:/Users/conor/OneDrive/Desktop/Documents/GitHub/3D-Platformer-Semester-2/3DPlatformer/Content/Fab/Megascans/3D/Modular_Stairs_and_Handrail_Kit_wczwafvdw/Low/wczwafvdw_tier_3/Textures/T_wczwafvdw_1K_ORM.uasset" 2047
"C:/Users/conor/OneDrive/Desktop/Documents/GitHub/3D-Platformer-Semester-2/3DPlatformer/Content/Fab/Megascans/3D/Modular_Stairs_and_Handrail_Kit_wczwafvdw/Low/wczwafvdw_tier_3/Textures/T_wczwafvdw_1K_ORM.uexp" 2048
"C:/Users/conor/OneDrive/Desktop/Documents/GitHub/3D-Platformer-Semester-2/3DPlatformer/Content/Fab/Megascans/3D/Modular_Stairs_and_Handrail_Kit_wczwafvdw/Low/wczwafvdw_tier_3/Textures/T_wczwafvdw_1K_N.ubulk" 2049
"C:/Users/conor/OneDrive/Desktop/Documents/GitHub/3D-Platformer-Semester-2/3DPlatformer/Content/Fab/Megascans/3D/Modular_Stairs_and_Handrail_Kit_wczwafvdw/Low/wczwafvdw_tier_3/Textures/T_wczwafvdw_1K_N.uasset" 2050
"C:/Users/conor/OneDrive/Desktop/Documents/GitHub/3D-Platformer-Semester-2/3DPlatformer/Content/Fab/Megascans/3D/Modular_Stairs_and_Handrail_Kit_wczwafvdw/Low/wczwafvdw_tier_3/Textures/T_wczwafvdw_1K_N.uexp" 2051
"C:/Users/conor/OneDrive/Desktop/Documents/GitHub/3D-Platformer-Semester-2/3DPlatformer/Content/Fab/Megascans/3D/Modular_Stairs_and_Handrail_Kit_wczwafvdw/Low/wczwafvdw_tier_3/Textures/T_wczwafvdw_1K_B.ubulk" 2052
"C:/Users/conor/OneDrive/Desktop/Documents/GitHub/3D-Platformer-Semester-2/3DPlatformer/Content/Fab/Megascans/3D/Modular_Stairs_and_Handrail_Kit_wczwafvdw/Low/wczwafvdw_tier_3/Textures/T_wczwafvdw_1K_B.uasset" 2053
"C:/Users/conor/OneDrive/Desktop/Documents/GitHub/3D-Platformer-Semester-2/3DPlatformer/Content/Fab/Megascans/3D/Modular_Stairs_and_Handrail_Kit_wczwafvdw/Low/wczwafvdw_tier_3/Textures/T_wczwafvdw_1K_B.uexp" 2054
"C:/Users/conor/OneDrive/Desktop/Documents/GitHub/3D-Platformer-Semester-2/3DPlatformer/Content/Fab/Megascans/3D/Modular_Stairs_and_Handrail_Kit_wczwafvdw/Low/wczwafvdw_tier_3/Materials/MI_wczwafvdw.uasset" 2055
"C:/Users/conor/OneDrive/Desktop/Documents/GitHub/3D-Platformer-Semester-2/3DPlatformer/Content/Fab/Megascans/3D/Modular_Stairs_and_Handrail_Kit_wczwafvdw/Low/wczwafvdw_tier_3/Materials/MI_wczwafvdw.uexp" 2056
"C:/Users/conor/OneDrive/Desktop/Documents/GitHub/3D-Platformer-Semester-2/3DPlatformer/Content/Fab/Megascans/3D/Modular_Stairs_and_Handrail_Kit_wczwafvdw/Low/wczwafvdw_tier_3/StaticMeshes/wczwafvdw_LOD0_TIER3_002.ubulk" 2057
"C:/Users/conor/OneDrive/Desktop/Documents/GitHub/3D-Platformer-Semester-2/3DPlatformer/Content/Fab/Megascans/3D/Modular_Stairs_and_Handrail_Kit_wczwafvdw/Low/wczwafvdw_tier_3/StaticMeshes/wczwafvdw_LOD0_TIER3_002.uasset" 2058
"C:/Users/conor/OneDrive/Desktop/Documents/GitHub/3D-Platformer-Semester-2/3DPlatformer/Content/Fab/Megascans/3D/Modular_Stairs_and_Handrail_Kit_wczwafvdw/Low/wczwafvdw_tier_3/StaticMeshes/wczwafvdw_LOD0_TIER3_002.uexp" 2059
"../../../Engine/Plugins/FX/Niagara/Content/VectorFields/Assets/TilingCurl32.uasset" 2060
"../../../Engine/Plugins/FX/Niagara/Content/VectorFields/Assets/TilingCurl32.uexp" 2061
"C:/Users/conor/OneDrive/Desktop/Documents/GitHub/3D-Platformer-Semester-2/3DPlatformer/Content/ThirdPerson/Blueprints/Particles/Dust_System.uasset" 2062
"C:/Users/conor/OneDrive/Desktop/Documents/GitHub/3D-Platformer-Semester-2/3DPlatformer/Content/ThirdPerson/Blueprints/Particles/Dust_System.uexp" 2063
"C:/Users/conor/OneDrive/Desktop/Documents/GitHub/3D-Platformer-Semester-2/3DPlatformer/Content/Sounds/House/White_Noise_Clip_for_30_Seconds.ubulk" 2064
"C:/Users/conor/OneDrive/Desktop/Documents/GitHub/3D-Platformer-Semester-2/3DPlatformer/Content/Sounds/House/White_Noise_Clip_for_30_Seconds.uasset" 2065
"C:/Users/conor/OneDrive/Desktop/Documents/GitHub/3D-Platformer-Semester-2/3DPlatformer/Content/Sounds/House/White_Noise_Clip_for_30_Seconds.uexp" 2066
"C:/Users/conor/OneDrive/Desktop/Documents/GitHub/3D-Platformer-Semester-2/3DPlatformer/Content/ThirdPerson/Levels/HubLevelUpStairs.uexp" 2067
"C:/Users/conor/OneDrive/Desktop/Documents/GitHub/3D-Platformer-Semester-2/3DPlatformer/Content/ThirdPerson/Levels/HubLevelUpStairs.umap" 2068
"C:/Users/conor/OneDrive/Desktop/Documents/GitHub/3D-Platformer-Semester-2/3DPlatformer/Content/ThirdPerson/Levels/HubLevel.uexp" 2069
"C:/Users/conor/OneDrive/Desktop/Documents/GitHub/3D-Platformer-Semester-2/3DPlatformer/Content/ThirdPerson/Levels/HubLevel.umap" 2070
"C:/Users/conor/OneDrive/Desktop/Documents/GitHub/3D-Platformer-Semester-2/3DPlatformer/Content/Sounds/TapeScript/BenTapeRecording.ubulk" 2071
"C:/Users/conor/OneDrive/Desktop/Documents/GitHub/3D-Platformer-Semester-2/3DPlatformer/Content/Sounds/TapeScript/BenTapeRecording.uasset" 2072
"C:/Users/conor/OneDrive/Desktop/Documents/GitHub/3D-Platformer-Semester-2/3DPlatformer/Content/Sounds/TapeScript/BenTapeRecording.uexp" 2073
"C:/Users/conor/OneDrive/Desktop/Documents/GitHub/3D-Platformer-Semester-2/3DPlatformer/Content/ThirdPerson/Levels/CassettePlayerLevel.uexp" 2074
"C:/Users/conor/OneDrive/Desktop/Documents/GitHub/3D-Platformer-Semester-2/3DPlatformer/Content/ThirdPerson/Levels/CassettePlayerLevel.umap" 2075
"../../../Engine/Content/EngineDebugMaterials/BlackUnlitMaterial.uasset" 2076
"../../../Engine/Content/EngineDebugMaterials/BlackUnlitMaterial.uexp" 2077
"C:/Users/conor/OneDrive/Desktop/Documents/GitHub/3D-Platformer-Semester-2/3DPlatformer/Content/Fab/Trapdoor/source/Material.uasset" 2078
"C:/Users/conor/OneDrive/Desktop/Documents/GitHub/3D-Platformer-Semester-2/3DPlatformer/Content/Fab/Trapdoor/source/Material.uexp" 2079
"C:/Users/conor/OneDrive/Desktop/Documents/GitHub/3D-Platformer-Semester-2/3DPlatformer/Content/Fab/Trapdoor/source/TrapDoor.ubulk" 2080
"C:/Users/conor/OneDrive/Desktop/Documents/GitHub/3D-Platformer-Semester-2/3DPlatformer/Content/Fab/Trapdoor/source/TrapDoor.uasset" 2081
"C:/Users/conor/OneDrive/Desktop/Documents/GitHub/3D-Platformer-Semester-2/3DPlatformer/Content/Fab/Trapdoor/source/TrapDoor.uexp" 2082
"C:/Users/conor/OneDrive/Desktop/Documents/GitHub/3D-Platformer-Semester-2/3DPlatformer/Content/ThirdPerson/Levels/AtticAssets/atticsupport.uasset" 2083
"C:/Users/conor/OneDrive/Desktop/Documents/GitHub/3D-Platformer-Semester-2/3DPlatformer/Content/ThirdPerson/Levels/AtticAssets/atticsupport.uexp" 2084
"C:/Users/conor/OneDrive/Desktop/Documents/GitHub/3D-Platformer-Semester-2/3DPlatformer/Content/ThirdPerson/Levels/AtticAssets/atticsupport_Mat.uasset" 2085
"C:/Users/conor/OneDrive/Desktop/Documents/GitHub/3D-Platformer-Semester-2/3DPlatformer/Content/ThirdPerson/Levels/AtticAssets/atticsupport_Mat.uexp" 2086
"C:/Users/conor/OneDrive/Desktop/Documents/GitHub/3D-Platformer-Semester-2/3DPlatformer/Content/ThirdPerson/Levels/AtticAssets/atticwall.uasset" 2087
"C:/Users/conor/OneDrive/Desktop/Documents/GitHub/3D-Platformer-Semester-2/3DPlatformer/Content/ThirdPerson/Levels/AtticAssets/atticwall.uexp" 2088
"C:/Users/conor/OneDrive/Desktop/Documents/GitHub/3D-Platformer-Semester-2/3DPlatformer/Content/ThirdPerson/Levels/AtticAssets/atticwall_Mat.uasset" 2089
"C:/Users/conor/OneDrive/Desktop/Documents/GitHub/3D-Platformer-Semester-2/3DPlatformer/Content/ThirdPerson/Levels/AtticAssets/atticwall_Mat.uexp" 2090
"C:/Users/conor/OneDrive/Desktop/Documents/GitHub/3D-Platformer-Semester-2/3DPlatformer/Content/Fab/Crown/crown/Textures/crown_texture_0.ubulk" 2091
"C:/Users/conor/OneDrive/Desktop/Documents/GitHub/3D-Platformer-Semester-2/3DPlatformer/Content/Fab/Crown/crown/Textures/crown_texture_0.uasset" 2092
"C:/Users/conor/OneDrive/Desktop/Documents/GitHub/3D-Platformer-Semester-2/3DPlatformer/Content/Fab/Crown/crown/Textures/crown_texture_0.uexp" 2093
"C:/Users/conor/OneDrive/Desktop/Documents/GitHub/3D-Platformer-Semester-2/3DPlatformer/Content/Fab/Crown/crown/Textures/crown_texture_1.ubulk" 2094
"C:/Users/conor/OneDrive/Desktop/Documents/GitHub/3D-Platformer-Semester-2/3DPlatformer/Content/Fab/Crown/crown/Textures/crown_texture_1.uasset" 2095
"C:/Users/conor/OneDrive/Desktop/Documents/GitHub/3D-Platformer-Semester-2/3DPlatformer/Content/Fab/Crown/crown/Textures/crown_texture_1.uexp" 2096
"C:/Users/conor/OneDrive/Desktop/Documents/GitHub/3D-Platformer-Semester-2/3DPlatformer/Content/Fab/Crown/crown/Textures/crown_texture_2.ubulk" 2097
"C:/Users/conor/OneDrive/Desktop/Documents/GitHub/3D-Platformer-Semester-2/3DPlatformer/Content/Fab/Crown/crown/Textures/crown_texture_2.uasset" 2098
"C:/Users/conor/OneDrive/Desktop/Documents/GitHub/3D-Platformer-Semester-2/3DPlatformer/Content/Fab/Crown/crown/Textures/crown_texture_2.uexp" 2099
"C:/Users/conor/OneDrive/Desktop/Documents/GitHub/3D-Platformer-Semester-2/3DPlatformer/Content/Fab/Crown/crown/Materials/Crown.uasset" 2100
"C:/Users/conor/OneDrive/Desktop/Documents/GitHub/3D-Platformer-Semester-2/3DPlatformer/Content/Fab/Crown/crown/Materials/Crown.uexp" 2101
"C:/Users/conor/OneDrive/Desktop/Documents/GitHub/3D-Platformer-Semester-2/3DPlatformer/Content/Fab/Crown/crown/StaticMeshes/crown.ubulk" 2102
"C:/Users/conor/OneDrive/Desktop/Documents/GitHub/3D-Platformer-Semester-2/3DPlatformer/Content/Fab/Crown/crown/StaticMeshes/crown.uasset" 2103
"C:/Users/conor/OneDrive/Desktop/Documents/GitHub/3D-Platformer-Semester-2/3DPlatformer/Content/Fab/Crown/crown/StaticMeshes/crown.uexp" 2104
"C:/Users/conor/OneDrive/Desktop/Documents/GitHub/3D-Platformer-Semester-2/3DPlatformer/Content/ThirdPerson/Levels/Attic.uexp" 2105
"C:/Users/conor/OneDrive/Desktop/Documents/GitHub/3D-Platformer-Semester-2/3DPlatformer/Content/ThirdPerson/Levels/Attic.umap" 2106
"C:/Users/conor/OneDrive/Desktop/Documents/GitHub/3D-Platformer-Semester-2/3DPlatformer/Content/Fab/LivingRoom/FBX_files/Nightstand.ubulk" 2107
"C:/Users/conor/OneDrive/Desktop/Documents/GitHub/3D-Platformer-Semester-2/3DPlatformer/Content/Fab/LivingRoom/FBX_files/Nightstand.uasset" 2108
"C:/Users/conor/OneDrive/Desktop/Documents/GitHub/3D-Platformer-Semester-2/3DPlatformer/Content/Fab/LivingRoom/FBX_files/Nightstand.uexp" 2109
"C:/Users/conor/OneDrive/Desktop/Documents/GitHub/3D-Platformer-Semester-2/3DPlatformer/Content/Fab/Kitchen/individualsfiles/workplan.ubulk" 2110
"C:/Users/conor/OneDrive/Desktop/Documents/GitHub/3D-Platformer-Semester-2/3DPlatformer/Content/Fab/Kitchen/individualsfiles/workplan.uasset" 2111
"C:/Users/conor/OneDrive/Desktop/Documents/GitHub/3D-Platformer-Semester-2/3DPlatformer/Content/Fab/Kitchen/individualsfiles/workplan.uexp" 2112
"C:/Users/conor/OneDrive/Desktop/Documents/GitHub/3D-Platformer-Semester-2/3DPlatformer/Content/Fab/Kitchen/individualsfiles/chair1.ubulk" 2113
"C:/Users/conor/OneDrive/Desktop/Documents/GitHub/3D-Platformer-Semester-2/3DPlatformer/Content/Fab/Kitchen/individualsfiles/chair1.uasset" 2114
"C:/Users/conor/OneDrive/Desktop/Documents/GitHub/3D-Platformer-Semester-2/3DPlatformer/Content/Fab/Kitchen/individualsfiles/chair1.uexp" 2115
"C:/Users/conor/OneDrive/Desktop/Documents/GitHub/3D-Platformer-Semester-2/3DPlatformer/Content/Fab/Kitchen/individualsfiles/bartable.ubulk" 2116
"C:/Users/conor/OneDrive/Desktop/Documents/GitHub/3D-Platformer-Semester-2/3DPlatformer/Content/Fab/Kitchen/individualsfiles/bartable.uasset" 2117
"C:/Users/conor/OneDrive/Desktop/Documents/GitHub/3D-Platformer-Semester-2/3DPlatformer/Content/Fab/Kitchen/individualsfiles/bartable.uexp" 2118
"C:/Users/conor/OneDrive/Desktop/Documents/GitHub/3D-Platformer-Semester-2/3DPlatformer/Content/Fab/Glass_dirt/scene/StaticMeshes/WhiskeyLiquid.ubulk" 2119
"C:/Users/conor/OneDrive/Desktop/Documents/GitHub/3D-Platformer-Semester-2/3DPlatformer/Content/Fab/Glass_dirt/scene/StaticMeshes/WhiskeyLiquid.uasset" 2120
"C:/Users/conor/OneDrive/Desktop/Documents/GitHub/3D-Platformer-Semester-2/3DPlatformer/Content/Fab/Glass_dirt/scene/StaticMeshes/WhiskeyLiquid.uexp" 2121
"../../../Engine/Plugins/Interchange/Assets/Content/gltf/MaterialInstances/MI_Default_Blend_DS.uasset" 2122
"../../../Engine/Plugins/Interchange/Assets/Content/gltf/MaterialInstances/MI_Default_Blend_DS.uexp" 2123
"C:/Users/conor/OneDrive/Desktop/Documents/GitHub/3D-Platformer-Semester-2/3DPlatformer/Content/Fab/Glass_dirt/scene/Textures/Gelas_normal.ubulk" 2124
"C:/Users/conor/OneDrive/Desktop/Documents/GitHub/3D-Platformer-Semester-2/3DPlatformer/Content/Fab/Glass_dirt/scene/Textures/Gelas_normal.uasset" 2125
"C:/Users/conor/OneDrive/Desktop/Documents/GitHub/3D-Platformer-Semester-2/3DPlatformer/Content/Fab/Glass_dirt/scene/Textures/Gelas_normal.uexp" 2126
"C:/Users/conor/OneDrive/Desktop/Documents/GitHub/3D-Platformer-Semester-2/3DPlatformer/Content/Fab/Glass_dirt/scene/Textures/Gelas_metallicRoughness.ubulk" 2127
"C:/Users/conor/OneDrive/Desktop/Documents/GitHub/3D-Platformer-Semester-2/3DPlatformer/Content/Fab/Glass_dirt/scene/Textures/Gelas_metallicRoughness.uasset" 2128
"C:/Users/conor/OneDrive/Desktop/Documents/GitHub/3D-Platformer-Semester-2/3DPlatformer/Content/Fab/Glass_dirt/scene/Textures/Gelas_metallicRoughness.uexp" 2129
"C:/Users/conor/OneDrive/Desktop/Documents/GitHub/3D-Platformer-Semester-2/3DPlatformer/Content/Fab/Glass_dirt/scene/Textures/Gelas_emissive.ubulk" 2130
"C:/Users/conor/OneDrive/Desktop/Documents/GitHub/3D-Platformer-Semester-2/3DPlatformer/Content/Fab/Glass_dirt/scene/Textures/Gelas_emissive.uasset" 2131
"C:/Users/conor/OneDrive/Desktop/Documents/GitHub/3D-Platformer-Semester-2/3DPlatformer/Content/Fab/Glass_dirt/scene/Textures/Gelas_emissive.uexp" 2132
"C:/Users/conor/OneDrive/Desktop/Documents/GitHub/3D-Platformer-Semester-2/3DPlatformer/Content/Fab/Glass_dirt/scene/Textures/Gelas_baseColor.ubulk" 2133
"C:/Users/conor/OneDrive/Desktop/Documents/GitHub/3D-Platformer-Semester-2/3DPlatformer/Content/Fab/Glass_dirt/scene/Textures/Gelas_baseColor.uasset" 2134
"C:/Users/conor/OneDrive/Desktop/Documents/GitHub/3D-Platformer-Semester-2/3DPlatformer/Content/Fab/Glass_dirt/scene/Textures/Gelas_baseColor.uexp" 2135
"C:/Users/conor/OneDrive/Desktop/Documents/GitHub/3D-Platformer-Semester-2/3DPlatformer/Content/Fab/Glass_dirt/scene/Materials/Gelas.uasset" 2136
"C:/Users/conor/OneDrive/Desktop/Documents/GitHub/3D-Platformer-Semester-2/3DPlatformer/Content/Fab/Glass_dirt/scene/Materials/Gelas.uexp" 2137
"C:/Users/conor/OneDrive/Desktop/Documents/GitHub/3D-Platformer-Semester-2/3DPlatformer/Content/Fab/Glass_dirt/scene/StaticMeshes/scene.ubulk" 2138
"C:/Users/conor/OneDrive/Desktop/Documents/GitHub/3D-Platformer-Semester-2/3DPlatformer/Content/Fab/Glass_dirt/scene/StaticMeshes/scene.uasset" 2139
"C:/Users/conor/OneDrive/Desktop/Documents/GitHub/3D-Platformer-Semester-2/3DPlatformer/Content/Fab/Glass_dirt/scene/StaticMeshes/scene.uexp" 2140
"C:/Users/conor/OneDrive/Desktop/Documents/GitHub/3D-Platformer-Semester-2/3DPlatformer/Content/Fab/Glass_dirt/scene/StaticMeshes/istockphoto-872334598-612x612.uasset" 2141
"C:/Users/conor/OneDrive/Desktop/Documents/GitHub/3D-Platformer-Semester-2/3DPlatformer/Content/Fab/Glass_dirt/scene/StaticMeshes/istockphoto-872334598-612x612.uexp" 2142
"C:/Users/conor/OneDrive/Desktop/Documents/GitHub/3D-Platformer-Semester-2/3DPlatformer/Content/Fab/Glass_dirt/scene/StaticMeshes/istockphoto-872334598-612x612_Mat.uasset" 2143
"C:/Users/conor/OneDrive/Desktop/Documents/GitHub/3D-Platformer-Semester-2/3DPlatformer/Content/Fab/Glass_dirt/scene/StaticMeshes/istockphoto-872334598-612x612_Mat.uexp" 2144
"C:/Users/conor/OneDrive/Desktop/Documents/GitHub/3D-Platformer-Semester-2/3DPlatformer/Content/Fab/Ceiling_Fan/scene/Textures/lambert1_normal.ubulk" 2145
"C:/Users/conor/OneDrive/Desktop/Documents/GitHub/3D-Platformer-Semester-2/3DPlatformer/Content/Fab/Ceiling_Fan/scene/Textures/lambert1_normal.uasset" 2146
"C:/Users/conor/OneDrive/Desktop/Documents/GitHub/3D-Platformer-Semester-2/3DPlatformer/Content/Fab/Ceiling_Fan/scene/Textures/lambert1_normal.uexp" 2147
"C:/Users/conor/OneDrive/Desktop/Documents/GitHub/3D-Platformer-Semester-2/3DPlatformer/Content/Fab/Ceiling_Fan/scene/Textures/lambert1_metallicRoughness.ubulk" 2148
"C:/Users/conor/OneDrive/Desktop/Documents/GitHub/3D-Platformer-Semester-2/3DPlatformer/Content/Fab/Ceiling_Fan/scene/Textures/lambert1_metallicRoughness.uasset" 2149
"C:/Users/conor/OneDrive/Desktop/Documents/GitHub/3D-Platformer-Semester-2/3DPlatformer/Content/Fab/Ceiling_Fan/scene/Textures/lambert1_metallicRoughness.uexp" 2150
"C:/Users/conor/OneDrive/Desktop/Documents/GitHub/3D-Platformer-Semester-2/3DPlatformer/Content/Fab/Ceiling_Fan/scene/Textures/lambert1_emissive.ubulk" 2151
"C:/Users/conor/OneDrive/Desktop/Documents/GitHub/3D-Platformer-Semester-2/3DPlatformer/Content/Fab/Ceiling_Fan/scene/Textures/lambert1_emissive.uasset" 2152
"C:/Users/conor/OneDrive/Desktop/Documents/GitHub/3D-Platformer-Semester-2/3DPlatformer/Content/Fab/Ceiling_Fan/scene/Textures/lambert1_emissive.uexp" 2153
"C:/Users/conor/OneDrive/Desktop/Documents/GitHub/3D-Platformer-Semester-2/3DPlatformer/Content/Fab/Ceiling_Fan/scene/Textures/lambert1_baseColor.ubulk" 2154
"C:/Users/conor/OneDrive/Desktop/Documents/GitHub/3D-Platformer-Semester-2/3DPlatformer/Content/Fab/Ceiling_Fan/scene/Textures/lambert1_baseColor.uasset" 2155
"C:/Users/conor/OneDrive/Desktop/Documents/GitHub/3D-Platformer-Semester-2/3DPlatformer/Content/Fab/Ceiling_Fan/scene/Textures/lambert1_baseColor.uexp" 2156
"C:/Users/conor/OneDrive/Desktop/Documents/GitHub/3D-Platformer-Semester-2/3DPlatformer/Content/Fab/Ceiling_Fan/scene/Materials/lambert1.uasset" 2157
"C:/Users/conor/OneDrive/Desktop/Documents/GitHub/3D-Platformer-Semester-2/3DPlatformer/Content/Fab/Ceiling_Fan/scene/Materials/lambert1.uexp" 2158
"C:/Users/conor/OneDrive/Desktop/Documents/GitHub/3D-Platformer-Semester-2/3DPlatformer/Content/Fab/Ceiling_Fan/scene/StaticMeshes/scene.ubulk" 2159
"C:/Users/conor/OneDrive/Desktop/Documents/GitHub/3D-Platformer-Semester-2/3DPlatformer/Content/Fab/Ceiling_Fan/scene/StaticMeshes/scene.uasset" 2160
"C:/Users/conor/OneDrive/Desktop/Documents/GitHub/3D-Platformer-Semester-2/3DPlatformer/Content/Fab/Ceiling_Fan/scene/StaticMeshes/scene.uexp" 2161
"C:/Users/conor/OneDrive/Desktop/Documents/GitHub/3D-Platformer-Semester-2/3DPlatformer/Content/ThirdPerson/Levels/BarRoom/PoolTable/textures/PoolTable_poolTable_BaseColor.ubulk" 2162
"C:/Users/conor/OneDrive/Desktop/Documents/GitHub/3D-Platformer-Semester-2/3DPlatformer/Content/ThirdPerson/Levels/BarRoom/PoolTable/textures/PoolTable_poolTable_BaseColor.uasset" 2163
"C:/Users/conor/OneDrive/Desktop/Documents/GitHub/3D-Platformer-Semester-2/3DPlatformer/Content/ThirdPerson/Levels/BarRoom/PoolTable/textures/PoolTable_poolTable_BaseColor.uexp" 2164
"C:/Users/conor/OneDrive/Desktop/Documents/GitHub/3D-Platformer-Semester-2/3DPlatformer/Content/ThirdPerson/Levels/BarRoom/PoolTable/textures/PoolTable_poolTable_BaseColor_Mat.uasset" 2165
"C:/Users/conor/OneDrive/Desktop/Documents/GitHub/3D-Platformer-Semester-2/3DPlatformer/Content/ThirdPerson/Levels/BarRoom/PoolTable/textures/PoolTable_poolTable_BaseColor_Mat.uexp" 2166
"C:/Users/conor/OneDrive/Desktop/Documents/GitHub/3D-Platformer-Semester-2/3DPlatformer/Content/ThirdPerson/Levels/BarRoom/PoolTable/source/lambert1.uasset" 2167
"C:/Users/conor/OneDrive/Desktop/Documents/GitHub/3D-Platformer-Semester-2/3DPlatformer/Content/ThirdPerson/Levels/BarRoom/PoolTable/source/lambert1.uexp" 2168
"C:/Users/conor/OneDrive/Desktop/Documents/GitHub/3D-Platformer-Semester-2/3DPlatformer/Content/ThirdPerson/Levels/BarRoom/PoolTable/source/PoolTable.ubulk" 2169
"C:/Users/conor/OneDrive/Desktop/Documents/GitHub/3D-Platformer-Semester-2/3DPlatformer/Content/ThirdPerson/Levels/BarRoom/PoolTable/source/PoolTable.uasset" 2170
"C:/Users/conor/OneDrive/Desktop/Documents/GitHub/3D-Platformer-Semester-2/3DPlatformer/Content/ThirdPerson/Levels/BarRoom/PoolTable/source/PoolTable.uexp" 2171
"C:/Users/conor/OneDrive/Desktop/Documents/GitHub/3D-Platformer-Semester-2/3DPlatformer/Content/ThirdPerson/Levels/InputCheckLevel/InputCheck.uexp" 2172
"C:/Users/conor/OneDrive/Desktop/Documents/GitHub/3D-Platformer-Semester-2/3DPlatformer/Content/ThirdPerson/Levels/InputCheckLevel/InputCheck.umap" 2173
"../../../Engine/Content/BasicShapes/Sphere.ubulk" 2174
"../../../Engine/Content/BasicShapes/Sphere.uasset" 2175
"../../../Engine/Content/BasicShapes/Sphere.uexp" 2176
"C:/Users/conor/OneDrive/Desktop/Documents/GitHub/3D-Platformer-Semester-2/3DPlatformer/Content/Enemies/PoolBall/yellow.uasset" 2177
"C:/Users/conor/OneDrive/Desktop/Documents/GitHub/3D-Platformer-Semester-2/3DPlatformer/Content/Enemies/PoolBall/yellow.uexp" 2178
"C:/Users/conor/OneDrive/Desktop/Documents/GitHub/3D-Platformer-Semester-2/3DPlatformer/Content/Enemies/PoolBall/yellow_Mat.uasset" 2179
"C:/Users/conor/OneDrive/Desktop/Documents/GitHub/3D-Platformer-Semester-2/3DPlatformer/Content/Enemies/PoolBall/yellow_Mat.uexp" 2180
"C:/Users/conor/OneDrive/Desktop/Documents/GitHub/3D-Platformer-Semester-2/3DPlatformer/Content/Enemies/rat_texture.uasset" 2181
"C:/Users/conor/OneDrive/Desktop/Documents/GitHub/3D-Platformer-Semester-2/3DPlatformer/Content/Enemies/rat_texture.uexp" 2182
"C:/Users/conor/OneDrive/Desktop/Documents/GitHub/3D-Platformer-Semester-2/3DPlatformer/Content/Enemies/rat_texture_Mat.uasset" 2183
"C:/Users/conor/OneDrive/Desktop/Documents/GitHub/3D-Platformer-Semester-2/3DPlatformer/Content/Enemies/rat_texture_Mat.uexp" 2184
"C:/Users/conor/OneDrive/Desktop/Documents/GitHub/3D-Platformer-Semester-2/3DPlatformer/Content/Enemies/PoolBall/red.uasset" 2185
"C:/Users/conor/OneDrive/Desktop/Documents/GitHub/3D-Platformer-Semester-2/3DPlatformer/Content/Enemies/PoolBall/red.uexp" 2186
"C:/Users/conor/OneDrive/Desktop/Documents/GitHub/3D-Platformer-Semester-2/3DPlatformer/Content/Enemies/PoolBall/red_Mat.uasset" 2187
"C:/Users/conor/OneDrive/Desktop/Documents/GitHub/3D-Platformer-Semester-2/3DPlatformer/Content/Enemies/PoolBall/red_Mat.uexp" 2188
"C:/Users/conor/OneDrive/Desktop/Documents/GitHub/3D-Platformer-Semester-2/3DPlatformer/Content/Fab/Dice/dice/Materials/Numbers.uasset" 2189
"C:/Users/conor/OneDrive/Desktop/Documents/GitHub/3D-Platformer-Semester-2/3DPlatformer/Content/Fab/Dice/dice/Materials/Numbers.uexp" 2190
"C:/Users/conor/OneDrive/Desktop/Documents/GitHub/3D-Platformer-Semester-2/3DPlatformer/Content/Fab/Dice/dice/Materials/Material.uasset" 2191
"C:/Users/conor/OneDrive/Desktop/Documents/GitHub/3D-Platformer-Semester-2/3DPlatformer/Content/Fab/Dice/dice/Materials/Material.uexp" 2192
"C:/Users/conor/OneDrive/Desktop/Documents/GitHub/3D-Platformer-Semester-2/3DPlatformer/Content/Fab/Dice/dice/StaticMeshes/dice.ubulk" 2193
"C:/Users/conor/OneDrive/Desktop/Documents/GitHub/3D-Platformer-Semester-2/3DPlatformer/Content/Fab/Dice/dice/StaticMeshes/dice.uasset" 2194
"C:/Users/conor/OneDrive/Desktop/Documents/GitHub/3D-Platformer-Semester-2/3DPlatformer/Content/Fab/Dice/dice/StaticMeshes/dice.uexp" 2195
"C:/Users/conor/OneDrive/Desktop/Documents/GitHub/3D-Platformer-Semester-2/3DPlatformer/Content/Enemies/PoolBall/BP_PoolBallCollision.uasset" 2196
"C:/Users/conor/OneDrive/Desktop/Documents/GitHub/3D-Platformer-Semester-2/3DPlatformer/Content/Enemies/PoolBall/BP_PoolBallCollision.uexp" 2197
"C:/Users/conor/OneDrive/Desktop/Documents/GitHub/3D-Platformer-Semester-2/3DPlatformer/Content/Enemies/PoolBall/AC_PoolBall.uasset" 2198
"C:/Users/conor/OneDrive/Desktop/Documents/GitHub/3D-Platformer-Semester-2/3DPlatformer/Content/Enemies/PoolBall/AC_PoolBall.uexp" 2199
"C:/Users/conor/OneDrive/Desktop/Documents/GitHub/3D-Platformer-Semester-2/3DPlatformer/Content/Fab/Dominoes/dominoes/Materials/Domino_Black.uasset" 2200
"C:/Users/conor/OneDrive/Desktop/Documents/GitHub/3D-Platformer-Semester-2/3DPlatformer/Content/Fab/Dominoes/dominoes/Materials/Domino_Black.uexp" 2201
"C:/Users/conor/OneDrive/Desktop/Documents/GitHub/3D-Platformer-Semester-2/3DPlatformer/Content/Fab/Dominoes/dominoes/Materials/Domino_White.uasset" 2202
"C:/Users/conor/OneDrive/Desktop/Documents/GitHub/3D-Platformer-Semester-2/3DPlatformer/Content/Fab/Dominoes/dominoes/Materials/Domino_White.uexp" 2203
"../../../Engine/Plugins/Interchange/Assets/Content/gltf/MaterialInstances/MI_ClearCoat_Opaque_DS.uasset" 2204
"../../../Engine/Plugins/Interchange/Assets/Content/gltf/MaterialInstances/MI_ClearCoat_Opaque_DS.uexp" 2205
"C:/Users/conor/OneDrive/Desktop/Documents/GitHub/3D-Platformer-Semester-2/3DPlatformer/Content/Fab/Coin/coin/Materials/Coin.uasset" 2206
"C:/Users/conor/OneDrive/Desktop/Documents/GitHub/3D-Platformer-Semester-2/3DPlatformer/Content/Fab/Coin/coin/Materials/Coin.uexp" 2207
"C:/Users/conor/OneDrive/Desktop/Documents/GitHub/3D-Platformer-Semester-2/3DPlatformer/Content/Fab/Coin/coin/StaticMeshes/coin.ubulk" 2208
"C:/Users/conor/OneDrive/Desktop/Documents/GitHub/3D-Platformer-Semester-2/3DPlatformer/Content/Fab/Coin/coin/StaticMeshes/coin.uasset" 2209
"C:/Users/conor/OneDrive/Desktop/Documents/GitHub/3D-Platformer-Semester-2/3DPlatformer/Content/Fab/Coin/coin/StaticMeshes/coin.uexp" 2210
"../../../Engine/Plugins/Interchange/Assets/Content/gltf/MaterialInstances/MI_SpecularGlossiness_Blend_DS.uasset" 2211
"../../../Engine/Plugins/Interchange/Assets/Content/gltf/MaterialInstances/MI_SpecularGlossiness_Blend_DS.uexp" 2212
"C:/Users/conor/OneDrive/Desktop/Documents/GitHub/3D-Platformer-Semester-2/3DPlatformer/Content/Fab/Card/source/spades-A_Cards/Textures/texture1142.uasset" 2213
"C:/Users/conor/OneDrive/Desktop/Documents/GitHub/3D-Platformer-Semester-2/3DPlatformer/Content/Fab/Card/source/spades-A_Cards/Textures/texture1142.uexp" 2214
"C:/Users/conor/OneDrive/Desktop/Documents/GitHub/3D-Platformer-Semester-2/3DPlatformer/Content/Fab/Card/source/spades-A_Cards/Materials/204.uasset" 2215
"C:/Users/conor/OneDrive/Desktop/Documents/GitHub/3D-Platformer-Semester-2/3DPlatformer/Content/Fab/Card/source/spades-A_Cards/Materials/204.uexp" 2216
"C:/Users/conor/OneDrive/Desktop/Documents/GitHub/3D-Platformer-Semester-2/3DPlatformer/Content/Fab/Card/source/spades-A_Cards/StaticMeshes/spades-A_Cards_node_0.ubulk" 2217
"C:/Users/conor/OneDrive/Desktop/Documents/GitHub/3D-Platformer-Semester-2/3DPlatformer/Content/Fab/Card/source/spades-A_Cards/StaticMeshes/spades-A_Cards_node_0.uasset" 2218
"C:/Users/conor/OneDrive/Desktop/Documents/GitHub/3D-Platformer-Semester-2/3DPlatformer/Content/Fab/Card/source/spades-A_Cards/StaticMeshes/spades-A_Cards_node_0.uexp" 2219
"C:/Users/conor/OneDrive/Desktop/Documents/GitHub/3D-Platformer-Semester-2/3DPlatformer/Content/ThirdPerson/Levels/BarRoom/_GENERATED/conor/dominoes_4_396F2F00.ubulk" 2220
"C:/Users/conor/OneDrive/Desktop/Documents/GitHub/3D-Platformer-Semester-2/3DPlatformer/Content/ThirdPerson/Levels/BarRoom/_GENERATED/conor/dominoes_4_396F2F00.uasset" 2221
"C:/Users/conor/OneDrive/Desktop/Documents/GitHub/3D-Platformer-Semester-2/3DPlatformer/Content/ThirdPerson/Levels/BarRoom/_GENERATED/conor/dominoes_4_396F2F00.uexp" 2222
"C:/Users/conor/OneDrive/Desktop/Documents/GitHub/3D-Platformer-Semester-2/3DPlatformer/Content/ThirdPerson/Levels/BarRoom/BarLevel.uexp" 2223
"C:/Users/conor/OneDrive/Desktop/Documents/GitHub/3D-Platformer-Semester-2/3DPlatformer/Content/ThirdPerson/Levels/BarRoom/BarLevel.umap" 2224
"C:/Users/conor/OneDrive/Desktop/Documents/GitHub/3D-Platformer-Semester-2/3DPlatformer/Content/ThirdPerson/Levels/Music/UpstairsChaseMusic.ubulk" 2225
"C:/Users/conor/OneDrive/Desktop/Documents/GitHub/3D-Platformer-Semester-2/3DPlatformer/Content/ThirdPerson/Levels/Music/UpstairsChaseMusic.uasset" 2226
"C:/Users/conor/OneDrive/Desktop/Documents/GitHub/3D-Platformer-Semester-2/3DPlatformer/Content/ThirdPerson/Levels/Music/UpstairsChaseMusic.uexp" 2227
"C:/Users/conor/OneDrive/Desktop/Documents/GitHub/3D-Platformer-Semester-2/3DPlatformer/Content/ThirdPerson/Levels/ChaseSceneAssets/BP_ExtendingWall.uasset" 2228
"C:/Users/conor/OneDrive/Desktop/Documents/GitHub/3D-Platformer-Semester-2/3DPlatformer/Content/ThirdPerson/Levels/ChaseSceneAssets/BP_ExtendingWall.uexp" 2229
"C:/Users/conor/OneDrive/Desktop/Documents/GitHub/3D-Platformer-Semester-2/3DPlatformer/Content/ThirdPerson/Levels/ChaseSceneAssets/BP_WallTrigger.uasset" 2230
"C:/Users/conor/OneDrive/Desktop/Documents/GitHub/3D-Platformer-Semester-2/3DPlatformer/Content/ThirdPerson/Levels/ChaseSceneAssets/BP_WallTrigger.uexp" 2231
"C:/Users/conor/OneDrive/Desktop/Documents/GitHub/3D-Platformer-Semester-2/3DPlatformer/Content/ThirdPerson/Levels/ChaseSceneAssets/BP_ChasePoolBall.uasset" 2232
"C:/Users/conor/OneDrive/Desktop/Documents/GitHub/3D-Platformer-Semester-2/3DPlatformer/Content/ThirdPerson/Levels/ChaseSceneAssets/BP_ChasePoolBall.uexp" 2233
"C:/Users/conor/OneDrive/Desktop/Documents/GitHub/3D-Platformer-Semester-2/3DPlatformer/Content/ThirdPerson/Levels/ChaseSceneAssets/Levels/ChaseUpstairs.uexp" 2234
"C:/Users/conor/OneDrive/Desktop/Documents/GitHub/3D-Platformer-Semester-2/3DPlatformer/Content/ThirdPerson/Levels/ChaseSceneAssets/Levels/ChaseUpstairs.umap" 2235
"../../../Engine/Plugins/Enterprise/DatasmithContent/Content/Materials/AliasReference.uasset" 2236
"../../../Engine/Plugins/Enterprise/DatasmithContent/Content/Materials/AliasReference.uexp" 2237
"../../../Engine/Content/Functions/Engine_MaterialFunctions01/Shading/ConvertFromDiffSpec.uasset" 2238
"../../../Engine/Content/Functions/Engine_MaterialFunctions01/Shading/ConvertFromDiffSpec.uexp" 2239
"../../../Engine/Content/EngineMaterials/DefaultNormal.ubulk" 2240
"../../../Engine/Content/EngineMaterials/DefaultNormal.uasset" 2241
"../../../Engine/Content/EngineMaterials/DefaultNormal.uexp" 2242
"../../../Engine/Content/EngineDebugMaterials/LightmapResolutionMaterial.uasset" 2243
"../../../Engine/Content/EngineDebugMaterials/LightmapResolutionMaterial.uexp" 2244
"../../../Engine/Content/Functions/Engine_MaterialFunctions02/Texturing/CustomRotator.uasset" 2245
"../../../Engine/Content/Functions/Engine_MaterialFunctions02/Texturing/CustomRotator.uexp" 2246
"../../../Engine/Content/Functions/MaterialLayerFunctions/MatLayerBlend_Standard.uasset" 2247
"../../../Engine/Content/Functions/MaterialLayerFunctions/MatLayerBlend_Standard.uexp" 2248
"../../../Engine/Content/Functions/MaterialLayerFunctions/MatLayerBlend_Simple.uasset" 2249
"../../../Engine/Content/Functions/MaterialLayerFunctions/MatLayerBlend_Simple.uexp" 2250
"../../../Engine/Content/Functions/Engine_MaterialFunctions02/Fresnel_Function.uasset" 2251
"../../../Engine/Content/Functions/Engine_MaterialFunctions02/Fresnel_Function.uexp" 2252
"../../../Engine/Content/EditorShapes/Textures/T_ShapeNormal.ubulk" 2253
"../../../Engine/Content/EditorShapes/Textures/T_ShapeNormal.uasset" 2254
"../../../Engine/Content/EditorShapes/Textures/T_ShapeNormal.uexp" 2255
"../../../Engine/Plugins/Enterprise/DatasmithContent/Content/Materials/FBXImporter/VRED/VREDRepeatMode.uasset" 2256
"../../../Engine/Plugins/Enterprise/DatasmithContent/Content/Materials/FBXImporter/VRED/VREDRepeatMode.uexp" 2257
"../../../Engine/Plugins/Enterprise/DatasmithContent/Content/Materials/FBXImporter/VRED/UVMapping.uasset" 2258
"../../../Engine/Plugins/Enterprise/DatasmithContent/Content/Materials/FBXImporter/VRED/UVMapping.uexp" 2259
"../../../Engine/Plugins/Enterprise/DatasmithContent/Content/Materials/FBXImporter/VRED/TriplanarMapping.uasset" 2260
"../../../Engine/Plugins/Enterprise/DatasmithContent/Content/Materials/FBXImporter/VRED/TriplanarMapping.uexp" 2261
"../../../Engine/Plugins/Enterprise/DatasmithContent/Content/Materials/FBXImporter/VRED/PlanarMapping.uasset" 2262
"../../../Engine/Plugins/Enterprise/DatasmithContent/Content/Materials/FBXImporter/VRED/PlanarMapping.uexp" 2263
"../../../Engine/Plugins/Enterprise/DatasmithContent/Content/Materials/FBXImporter/VRED/VREDTextureRead.uasset" 2264
"../../../Engine/Plugins/Enterprise/DatasmithContent/Content/Materials/FBXImporter/VRED/VREDTextureRead.uexp" 2265
"../../../Engine/Content/Functions/Engine_MaterialFunctions01/Texturing/BakedDisplacement.uasset" 2266
"../../../Engine/Content/Functions/Engine_MaterialFunctions01/Texturing/BakedDisplacement.uexp" 2267
"../../../Engine/Plugins/Enterprise/DatasmithContent/Content/Materials/FBXImporter/VRED/RemapDistribution.uasset" 2268
"../../../Engine/Plugins/Enterprise/DatasmithContent/Content/Materials/FBXImporter/VRED/RemapDistribution.uexp" 2269
"../../../Engine/Plugins/Enterprise/DatasmithContent/Content/Materials/FBXImporter/VRED/SimplifiedFlakes.uasset" 2270
"../../../Engine/Plugins/Enterprise/DatasmithContent/Content/Materials/FBXImporter/VRED/SimplifiedFlakes.uexp" 2271
"../../../Engine/Plugins/Enterprise/DatasmithContent/Content/Materials/FBXImporter/VRED/CellularFlakes.uasset" 2272
"../../../Engine/Plugins/Enterprise/DatasmithContent/Content/Materials/FBXImporter/VRED/CellularFlakes.uexp" 2273
"../../../Engine/Plugins/Enterprise/DatasmithContent/Content/Materials/FBXImporter/VRED/MetallicCarpaint.uasset" 2274
"../../../Engine/Plugins/Enterprise/DatasmithContent/Content/Materials/FBXImporter/VRED/MetallicCarpaint.uexp" 2275
"C:/Users/conor/OneDrive/Desktop/Documents/GitHub/3D-Platformer-Semester-2/3DPlatformer/Content/ThirdPerson/Levels/Music/DownstairsChaseMusic.ubulk" 2276
"C:/Users/conor/OneDrive/Desktop/Documents/GitHub/3D-Platformer-Semester-2/3DPlatformer/Content/ThirdPerson/Levels/Music/DownstairsChaseMusic.uasset" 2277
"C:/Users/conor/OneDrive/Desktop/Documents/GitHub/3D-Platformer-Semester-2/3DPlatformer/Content/ThirdPerson/Levels/Music/DownstairsChaseMusic.uexp" 2278
"C:/Users/conor/OneDrive/Desktop/Documents/GitHub/3D-Platformer-Semester-2/3DPlatformer/Content/Fab/LivingRoom/FBX_files/Standart_Bookshelf.ubulk" 2279
"C:/Users/conor/OneDrive/Desktop/Documents/GitHub/3D-Platformer-Semester-2/3DPlatformer/Content/Fab/LivingRoom/FBX_files/Standart_Bookshelf.uasset" 2280
"C:/Users/conor/OneDrive/Desktop/Documents/GitHub/3D-Platformer-Semester-2/3DPlatformer/Content/Fab/LivingRoom/FBX_files/Standart_Bookshelf.uexp" 2281
"C:/Users/conor/OneDrive/Desktop/Documents/GitHub/3D-Platformer-Semester-2/3DPlatformer/Content/Fab/LivingRoom/FBX_files/Pink_Vase.ubulk" 2282
"C:/Users/conor/OneDrive/Desktop/Documents/GitHub/3D-Platformer-Semester-2/3DPlatformer/Content/Fab/LivingRoom/FBX_files/Pink_Vase.uasset" 2283
"C:/Users/conor/OneDrive/Desktop/Documents/GitHub/3D-Platformer-Semester-2/3DPlatformer/Content/Fab/LivingRoom/FBX_files/Pink_Vase.uexp" 2284
"C:/Users/conor/OneDrive/Desktop/Documents/GitHub/3D-Platformer-Semester-2/3DPlatformer/Content/Fab/LivingRoom/FBX_files/Old_Screen.ubulk" 2285
"C:/Users/conor/OneDrive/Desktop/Documents/GitHub/3D-Platformer-Semester-2/3DPlatformer/Content/Fab/LivingRoom/FBX_files/Old_Screen.uasset" 2286
"C:/Users/conor/OneDrive/Desktop/Documents/GitHub/3D-Platformer-Semester-2/3DPlatformer/Content/Fab/LivingRoom/FBX_files/Old_Screen.uexp" 2287
"C:/Users/conor/OneDrive/Desktop/Documents/GitHub/3D-Platformer-Semester-2/3DPlatformer/Content/Fab/KenneySurvivalPack/FBX_format/box-large.ubulk" 2288
"C:/Users/conor/OneDrive/Desktop/Documents/GitHub/3D-Platformer-Semester-2/3DPlatformer/Content/Fab/KenneySurvivalPack/FBX_format/box-large.uasset" 2289
"C:/Users/conor/OneDrive/Desktop/Documents/GitHub/3D-Platformer-Semester-2/3DPlatformer/Content/Fab/KenneySurvivalPack/FBX_format/box-large.uexp" 2290
"C:/Users/conor/OneDrive/Desktop/Documents/GitHub/3D-Platformer-Semester-2/3DPlatformer/Content/ThirdPerson/Levels/ChaseSceneAssets/Levels/ChaseLevelDownstairs.uexp" 2291
"C:/Users/conor/OneDrive/Desktop/Documents/GitHub/3D-Platformer-Semester-2/3DPlatformer/Content/ThirdPerson/Levels/ChaseSceneAssets/Levels/ChaseLevelDownstairs.umap" 2292
