"C:/Users/conor/OneDrive/Desktop/Documents/GitHub/3D-Platformer-Semester-2/3DPlatformer/MyProject.uproject" 1
"../../../Engine/Plugins/ChaosClothAsset/ChaosClothAsset.uplugin" 2
"../../../Engine/Plugins/ChaosClothAssetEditor/ChaosClothAssetEditor.uplugin" 3
"../../../Engine/Plugins/ChaosVD/ChaosVD.uplugin" 4
"../../../Engine/Plugins/BlueprintFileUtils/BlueprintFileUtils.uplugin" 5
"../../../Engine/Plugins/ChaosCloth/ChaosCloth.uplugin" 6
"../../../Engine/Plugins/AudioGameplayVolume/AudioGameplayVolume.uplugin" 7
"../../../Engine/Plugins/CmdLinkServer/CmdLinkServer.uplugin" 8
"../../../Engine/Plugins/DiscoveryBeaconReceiver/DiscoveryBeaconReceiver.uplugin" 9
"../../../Engine/Plugins/EnhancedInput/EnhancedInput.uplugin" 10
"../../../Engine/Plugins/Fab/Fab.uplugin" 11
"../../../Engine/Plugins/FastBuildController/FastBuildController.uplugin" 12
"../../../Engine/Plugins/ChaosInsights/ChaosInsights.uplugin" 13
"../../../Engine/Plugins/IoStoreInsights/IoStoreInsights.uplugin" 14
"../../../Engine/Plugins/Bridge/Bridge.uplugin" 15
"../../../Engine/Plugins/JsonBlueprintUtilities/JsonBlueprintUtilities.uplugin" 16
"../../../Engine/Plugins/MassInsights/MassInsights.uplugin" 17
"../../../Engine/Plugins/MeshPainting/MeshPainting.uplugin" 18
"../../../Engine/Plugins/LightWeightInstancesEditor/LightWeightInstancesEditor.uplugin" 19
"../../../Engine/Plugins/AudioInsights/AudioInsights.uplugin" 20
"../../../Engine/Plugins/Mutable/Mutable.uplugin" 21
"../../../Engine/Plugins/Chooser/Chooser.uplugin" 22
"../../../Engine/Plugins/TraceUtilities/TraceUtilities.uplugin" 23
"../../../Engine/Plugins/ScriptPlugin/ScriptPlugin.uplugin" 24
"../../../Engine/Plugins/XGEController/XGEController.uplugin" 25
"../../../Engine/Plugins/UbaController/UbaController.uplugin" 26
"../../../Engine/Plugins/AI/AISupport/AISupport.uplugin" 27
"../../../Engine/Plugins/AI/HTNPlanner/HTNPlanner.uplugin" 28
"../../../Engine/Plugins/AI/MLAdapter/MLAdapter.uplugin" 29
"../../../Engine/Plugins/Developer/AnimationSharing/AnimationSharing.uplugin" 30
"../../../Engine/Plugins/AI/MassCrowd/MassCrowd.uplugin" 31
"../../../Engine/Plugins/WorldMetrics/WorldMetrics.uplugin" 32
"../../../Engine/Plugins/Developer/BlankPlugin/BlankPlugin.uplugin" 33
"../../../Engine/Plugins/Developer/CodeLiteSourceCodeAccess/CodeLiteSourceCodeAccess.uplugin" 34
"../../../Engine/Plugins/RenderGraphInsights/RenderGraphInsights.uplugin" 35
"../../../Engine/Plugins/AudioGameplay/AudioGameplay.uplugin" 36
"../../../Engine/Plugins/MemoryUsageQueries/MemoryUsageQueries.uplugin" 37
"../../../Engine/Plugins/PCG/PCG.uplugin" 38
"../../../Engine/Plugins/Developer/DumpGPUServices/DumpGPUServices.uplugin" 39
"../../../Engine/Plugins/AI/EnvironmentQueryEditor/EnvironmentQueryEditor.uplugin" 40
"../../../Engine/Plugins/Developer/FieldNotificationTrace/FieldNotificationTrace.uplugin" 41
"../../../Engine/Plugins/Developer/NamingTokens/NamingTokens.uplugin" 42
"../../../Engine/Plugins/TextureGraph/TextureGraph.uplugin" 43
"../../../Engine/Plugins/Developer/DirectoryPlaceholder/DirectoryPlaceholder.uplugin" 44
"../../../Engine/Plugins/Developer/OneSkyLocalizationService/OneSkyLocalizationService.uplugin" 45
"../../../Engine/Plugins/Developer/N10XSourceCodeAccess/N10XSourceCodeAccess.uplugin" 46
"../../../Engine/Plugins/Developer/CLionSourceCodeAccess/CLionSourceCodeAccess.uplugin" 47
"../../../Engine/Plugins/Developer/PixWinPlugin/PixWinPlugin.uplugin" 48
"../../../Engine/Plugins/Developer/PlasticSourceControl/PlasticSourceControl.uplugin" 49
"../../../Engine/Plugins/Developer/PluginUtils/PluginUtils.uplugin" 50
"../../../Engine/Plugins/Developer/PropertyAccessNode/PropertyAccessNode.uplugin" 51
"../../../Engine/Plugins/Developer/ProjectLauncher/ProjectLauncher.uplugin" 52
"../../../Engine/Plugins/Developer/RenderDocPlugin/RenderDocPlugin.uplugin" 53
"../../../Engine/Plugins/Developer/KDevelopSourceCodeAccess/KDevelopSourceCodeAccess.uplugin" 54
"../../../Engine/Plugins/Developer/SubversionSourceControl/SubversionSourceControl.uplugin" 55
"../../../Engine/Plugins/Developer/TraceDataFiltering/TraceDataFilters.uplugin" 56
"../../../Engine/Plugins/Developer/TextureFormatOodle/TextureFormatOodle.uplugin" 57
"../../../Engine/Plugins/Developer/GitSourceControl/GitSourceControl.uplugin" 58
"../../../Engine/Plugins/Developer/TraceSourceFiltering/TraceSourceFilters.uplugin" 59
"../../../Engine/Plugins/Developer/UObjectPlugin/UObjectPlugin.uplugin" 60
"../../../Engine/Plugins/Developer/VisualStudioCodeSourceCodeAccess/VisualStudioCodeSourceCodeAccess.uplugin" 61
"../../../Engine/Plugins/Developer/RiderSourceCodeAccess/RiderSourceCodeAccess.uplugin" 62
"../../../Engine/Plugins/Developer/VisualStudioSourceCodeAccess/VisualStudioSourceCodeAccess.uplugin" 63
"../../../Engine/Plugins/Developer/XCodeSourceCodeAccess/XCodeSourceCodeAccess.uplugin" 64
"../../../Engine/Plugins/Interchange/Editor/InterchangeEditor.uplugin" 65
"../../../Engine/Plugins/Developer/NullSourceCodeAccess/NullSourceCodeAccess.uplugin" 66
"../../../Engine/Plugins/Interchange/Assets/InterchangeAssets.uplugin" 67
"../../../Engine/Plugins/MovieScene/LevelSequenceEditor/LevelSequenceEditor.uplugin" 68
"../../../Engine/Plugins/MovieScene/CustomizableSequencerTracks/CustomizableSequencerTracks.uplugin" 69
"../../../Engine/Plugins/Developer/XcodeGPUDebuggerPlugin/XcodeGPUDebuggerPlugin.uplugin" 70
"../../../Engine/Plugins/Interchange/Runtime/Interchange.uplugin" 71
"../../../Engine/Plugins/MovieScene/ReplayTracks/ReplayTracks.uplugin" 72
"../../../Engine/Plugins/MovieScene/MovieSceneTextTrack/MovieSceneTextTrack.uplugin" 73
"../../../Engine/Plugins/MovieScene/TemplateSequence/TemplateSequence.uplugin" 74
"../../../Engine/Plugins/MovieScene/MoviePipelineMaskRenderPass/MoviePipelineMaskRenderPass.uplugin" 75
"../../../Engine/Plugins/MovieScene/SequencerScripting/SequencerScripting.uplugin" 76
"../../../Engine/Plugins/Portal/LauncherChunkInstaller/LauncherChunkInstaller.uplugin" 77
"../../../Engine/Plugins/Animation/AnimationModifierLibrary/AnimationModifierLibrary.uplugin" 78
"../../../Engine/Plugins/Animation/ACLPlugin/ACLPlugin.uplugin" 79
"../../../Engine/Plugins/Animation/AnimationLocomotionLibrary/AnimationLocomotionLibrary.uplugin" 80
"../../../Engine/Plugins/Animation/AnimationData/AnimationData.uplugin" 81
"../../../Engine/Plugins/Animation/AnimationWarping/AnimationWarping.uplugin" 82
"../../../Engine/Plugins/Animation/AnimatorKit/AnimatorKit.uplugin" 83
"../../../Engine/Plugins/Animation/BlendSpaceMotionAnalysis/BlendSpaceMotionAnalysis.uplugin" 84
"../../../Engine/Plugins/Animation/BlendStack/BlendStack.uplugin" 85
"../../../Engine/Plugins/Animation/ControlRig/ControlRig.uplugin" 86
"../../../Engine/Plugins/Animation/ControlRigSpline/ControlRigSpline.uplugin" 87
"../../../Engine/Plugins/Animation/ControlRigModules/ControlRigModules.uplugin" 88
"../../../Engine/Plugins/Animation/DeformerGraph/DeformerGraph.uplugin" 89
"../../../Engine/Plugins/MovieScene/MovieRenderPipeline/MovieRenderPipeline.uplugin" 90
"../../../Engine/Plugins/Animation/DNACalib/DNACalib.uplugin" 91
"../../../Engine/Plugins/Animation/GameplayInsights/GameplayInsights.uplugin" 92
"../../../Engine/Plugins/Animation/GeneSplicer/GeneSplicer.uplugin" 93
"../../../Engine/Plugins/Animation/IKRig/IKRig.uplugin" 94
"../../../Engine/Plugins/Animation/LiveLinkCurveDebugUI/LiveLinkCurveDebugUI.uplugin" 95
"../../../Engine/Plugins/Animation/LiveLink/LiveLink.uplugin" 96
"../../../Engine/Plugins/MovieScene/ActorSequence/ActorSequence.uplugin" 97
"../../../Engine/Plugins/Animation/LiveLinkDevice/LiveLinkDevice.uplugin" 98
"../../../Engine/Plugins/Animation/LiveLinkHub/LiveLinkHub.uplugin" 99
"../../../Engine/Plugins/Animation/LiveLinkExampleDevice/LiveLinkExampleDevice.uplugin" 100
"../../../Engine/Plugins/Animation/MotionWarping/MotionWarping.uplugin" 101
"../../../Engine/Plugins/Animation/TweeningUtils/TweeningUtils.uplugin" 102
"../../../Engine/Plugins/Experimental/AbilitySystemGameFeatureActions/AbilitySystemGameFeatureActions.uplugin" 103
"../../../Engine/Plugins/Animation/PerformanceCaptureCore/PerformanceCaptureCore.uplugin" 104
"../../../Engine/Plugins/Animation/PoseSearch/PoseSearch.uplugin" 105
"../../../Engine/Plugins/Experimental/AnimNext/AnimNext.uplugin" 106
"../../../Engine/Plugins/Experimental/AnimNextControlRig/AnimNextControlRig.uplugin" 107
"../../../Engine/Plugins/Experimental/AnimNextChooser/AnimNextChooser.uplugin" 108
"../../../Engine/Plugins/Experimental/ActorPalette/ActorPalette.uplugin" 109
"../../../Engine/Plugins/Animation/SkeletalMeshModelingTools/SkeletalMeshModelingTools.uplugin" 110
"../../../Engine/Plugins/Experimental/AnimNextPoseSearch/AnimNextPoseSearch.uplugin" 111
"../../../Engine/Plugins/Experimental/AnimNextStateTree/AnimNextStateTree.uplugin" 112
"../../../Engine/Plugins/Experimental/AdvancedRenamer/AdvancedRenamer.uplugin" 113
"../../../Engine/Plugins/Experimental/AnimNextAnimGraph/AnimNextAnimGraph.uplugin" 114
"../../../Engine/Plugins/Experimental/AnimNextWarping/AnimNextWarping.uplugin" 115
"../../../Engine/Plugins/Experimental/AsyncMessageSystemTests/AsyncMessageSystemTests.uplugin" 116
"../../../Engine/Plugins/Experimental/AnimToTexture/AnimToTexture.uplugin" 117
"../../../Engine/Plugins/Experimental/AutomationUtils/AutomationUtils.uplugin" 118
"../../../Engine/Plugins/Experimental/AvalancheDataLink/AvalancheDataLink.uplugin" 119
"../../../Engine/Plugins/Experimental/BackChannel/BackChannel.uplugin" 120
"../../../Engine/Plugins/Experimental/Buoyancy/Buoyancy.uplugin" 121
"../../../Engine/Plugins/Animation/RigLogic/RigLogic.uplugin" 122
"../../../Engine/Plugins/Experimental/AvalancheSceneState/AvalancheSceneState.uplugin" 123
"../../../Engine/Plugins/Experimental/AsyncMessageSystem/AsyncMessageSystem.uplugin" 124
"../../../Engine/Plugins/Experimental/CelestialVault/CelestialVault.uplugin" 125
"../../../Engine/Plugins/Experimental/BlueprintSnapNodes/BlueprintSnapNodes.uplugin" 126
"../../../Engine/Plugins/Experimental/ChaosCaching/ChaosCaching.uplugin" 127
"../../../Engine/Plugins/Experimental/ChaosClothEditor/ChaosClothEditor.uplugin" 128
"../../../Engine/Plugins/Experimental/AvalancheSequenceNavigator/AvalancheSequenceNavigator.uplugin" 129
"../../../Engine/Plugins/Experimental/ChaosModularVehicle/ChaosModularVehicle.uplugin" 130
"../../../Engine/Plugins/Experimental/ChaosEditor/ChaosEditor.uplugin" 131
"../../../Engine/Plugins/Experimental/ChaosModularVehicleExamples/ChaosModularVehicleExamples.uplugin" 132
"../../../Engine/Plugins/Experimental/ChaosCachingUSD/ChaosCachingUSD.uplugin" 133
"../../../Engine/Plugins/Experimental/AvalancheDisplayCluster/AvalancheDisplayCluster.uplugin" 134
"../../../Engine/Plugins/Experimental/BlueprintStats/BlueprintStats.uplugin" 135
"../../../Engine/Plugins/Experimental/ChaosNiagara/ChaosNiagara.uplugin" 136
"../../../Engine/Plugins/AI/MassAI/MassAI.uplugin" 137
"../../../Engine/Plugins/Developer/PerforceSourceControl/PerforceSourceControl.uplugin" 138
"../../../Engine/Plugins/Experimental/ChaosMover/ChaosMover.uplugin" 139
"../../../Engine/Plugins/Experimental/ChaosSolverPlugin/ChaosSolverPlugin.uplugin" 140
"../../../Engine/Plugins/Experimental/CharacterAI/CharacterAI.uplugin" 141
"../../../Engine/Plugins/Experimental/ChaosOutfitAsset/ChaosOutfitAsset.uplugin" 142
"../../../Engine/Plugins/Experimental/CineCameraRigs/CineCameraRigs.uplugin" 143
"../../../Engine/Plugins/Experimental/ChaosVehiclesPlugin/ChaosVehiclesPlugin.uplugin" 144
"../../../Engine/Plugins/Experimental/CinematicPrestreaming/CinematicPrestreaming.uplugin" 145
"../../../Engine/Plugins/Experimental/CodeEditor/CodeEditor.uplugin" 146
"../../../Engine/Plugins/Experimental/CodeView/CodeView.uplugin" 147
"../../../Engine/Plugins/Experimental/CineCameraSceneCapture/CineCameraSceneCapture.uplugin" 148
"../../../Engine/Plugins/Experimental/ControlFlows/ControlFlows.uplugin" 149
"../../../Engine/Plugins/Experimental/CommonConversation/CommonConversation.uplugin" 150
"../../../Engine/Plugins/Experimental/ColorCorrectRegions/ColorCorrectRegions.uplugin" 151
"../../../Engine/Plugins/Experimental/DataLink/DataLink.uplugin" 152
"../../../Engine/Plugins/Experimental/DefaultInstallBundleManager/DefaultInstallBundleManager.uplugin" 153
"../../../Engine/Plugins/Experimental/DynamicMaterialMediaStreamBridge/DynamicMaterialMediaStreamBridge.uplugin" 154
"../../../Engine/Plugins/Experimental/EditorDataStorage/EditorDataStorage.uplugin" 155
"../../../Engine/Plugins/Experimental/DaySequence/DaySequence.uplugin" 156
"../../../Engine/Plugins/Experimental/Dataflow/Dataflow.uplugin" 157
"../../../Engine/Plugins/Experimental/EditorTelemetry/EditorTelemetry.uplugin" 158
"../../../Engine/Plugins/Experimental/DataLinkOAuth/DataLinkOAuth.uplugin" 159
"../../../Engine/Plugins/Experimental/EditorDataStorageFeatures/EditorDataStorageFeatures.uplugin" 160
"../../../Engine/Plugins/Experimental/EditorPerformance/EditorPerformance.uplugin" 161
"../../../Engine/Plugins/Experimental/EvaluationNotifies/EvaluationNotifies.uplugin" 162
"../../../Engine/Plugins/Experimental/FieldSystemPlugin/FieldSystemPlugin.uplugin" 163
"../../../Engine/Plugins/Experimental/FastGeoStreaming/FastGeoStreaming.uplugin" 164
"../../../Engine/Plugins/Experimental/Fracture/Fracture.uplugin" 165
"../../../Engine/Plugins/Experimental/Gauntlet/Gauntlet.uplugin" 166
"../../../Engine/Plugins/Experimental/GameInputWindows/GameInputWindows.uplugin" 167
"../../../Engine/Plugins/Experimental/GameplayTargetingSystem/TargetingSystem.uplugin" 168
"../../../Engine/Plugins/Experimental/ChaosFlesh/ChaosFlesh.uplugin" 169
"../../../Engine/Plugins/Experimental/FullBodyIK/FullBodyIK.uplugin" 170
"../../../Engine/Plugins/Experimental/GeometryCacheAbcFile/GeometryCacheAbcFile.uplugin" 171
"../../../Engine/Plugins/Experimental/FloatingProperties/FloatingProperties.uplugin" 172
"../../../Engine/Plugins/Experimental/GeometryCacheLevelSequenceBaker/GeometryCacheLevelSequenceBaker.uplugin" 173
"../../../Engine/Plugins/Experimental/GizmoEdMode/GizmoEdMode.uplugin" 174
"../../../Engine/Plugins/Experimental/GameplayGraph/GameplayGraph.uplugin" 175
"../../../Engine/Plugins/Experimental/HairCardGenerator/HairCardGenerator.uplugin" 176
"../../../Engine/Plugins/Experimental/GeometryFlow/GeometryFlow.uplugin" 177
"../../../Engine/Plugins/Experimental/GeometryCollectionPlugin/GeometryCollectionPlugin.uplugin" 178
"../../../Engine/Plugins/Experimental/GameplayBehaviors/GameplayBehaviors.uplugin" 179
"../../../Engine/Plugins/Experimental/GizmoFramework/GizmoFramework.uplugin" 180
"../../../Engine/Plugins/Experimental/ImpostorBaker/ImpostorBaker.uplugin" 181
"../../../Engine/Plugins/Experimental/ImagePlate/ImagePlate.uplugin" 182
"../../../Engine/Plugins/Experimental/HairModelingToolset/HairModelingToolset.uplugin" 183
"../../../Engine/Plugins/Experimental/InlineMaterialInstance/InlineMaterialInstance.uplugin" 184
"../../../Engine/Plugins/Experimental/InteractionInterface/InteractionInterface.uplugin" 185
"../../../Engine/Plugins/Experimental/GeometryDataflow/GeometryDataflow.uplugin" 186
"../../../Engine/Plugins/Experimental/HairStrandsMutable/HairStrandsMutable.uplugin" 187
"../../../Engine/Plugins/Experimental/ImageWidgets/ImageWidgets.uplugin" 188
"../../../Engine/Plugins/Experimental/InstanceDataObjectFixupTool/InstanceDataObjectFixupTool.uplugin" 189
"../../../Engine/Plugins/Experimental/JWT/JWT.uplugin" 190
"../../../Engine/Plugins/Experimental/LearningAgents/LearningAgents.uplugin" 191
"../../../Engine/Plugins/Experimental/LandscapePatch/LandscapePatch.uplugin" 192
"../../../Engine/Plugins/Experimental/LevelSequenceNavigatorBridge/LevelSequenceNavigatorBridge.uplugin" 193
"../../../Engine/Plugins/Experimental/Landmass/Landmass.uplugin" 194
"../../../Engine/Plugins/Experimental/Iris/Iris.uplugin" 195
"../../../Engine/Plugins/Experimental/LiveLinkOpenVR/LiveLinkOpenVR.uplugin" 196
"../../../Engine/Plugins/Experimental/GPULightmass/GPULightmass.uplugin" 197
"../../../Engine/Plugins/Experimental/LiveLinkControlRig/LiveLinkControlRig.uplugin" 198
"../../../Engine/Plugins/Experimental/MediaViewer/MediaViewer.uplugin" 199
"../../../Engine/Plugins/Experimental/MediaStream/MediaStream.uplugin" 200
"../../../Engine/Plugins/Experimental/LiveLinkFaceImporter/LiveLinkFaceImporter.uplugin" 201
"../../../Engine/Plugins/Experimental/MeshModelingToolsetExp/MeshModelingToolsetExp.uplugin" 202
"../../../Engine/Plugins/Experimental/LowLevelNetTrace/LowLevelNetTrace.uplugin" 203
"../../../Engine/Plugins/Experimental/MetasoundExperimental/MetasoundExperimental.uplugin" 204
"../../../Engine/Plugins/Experimental/MeshResizing/MeshResizing.uplugin" 205
"../../../Engine/Plugins/Experimental/MotorSimOutputMotoSynth/MotorSimOutputMotoSynth.uplugin" 206
"../../../Engine/Plugins/Experimental/MLflow/MLflow.uplugin" 207
"../../../Engine/Plugins/Experimental/Mover/Mover.uplugin" 208
"../../../Engine/Plugins/Experimental/MotoSynth/MotoSynth.uplugin" 209
"../../../Engine/Plugins/Experimental/MoverAnimNext/MoverAnimNext.uplugin" 210
"../../../Engine/Plugins/Experimental/MoverIntegrations/MoverIntegrations.uplugin" 211
"../../../Engine/Plugins/Experimental/MovieScenePoseSearchTracks/MovieScenePoseSearchTracks.uplugin" 212
"../../../Engine/Plugins/Experimental/MoverTests/MoverTests.uplugin" 213
"../../../Engine/Plugins/Experimental/MutablePopulation/MutablePopulation.uplugin" 214
"../../../Engine/Plugins/Experimental/MutableClothing/MutableClothing.uplugin" 215
"../../../Engine/Plugins/Experimental/NeuralRendering/NeuralRendering.uplugin" 216
"../../../Engine/Plugins/Experimental/NaniteDisplacedMesh/NaniteDisplacedMesh.uplugin" 217
"../../../Engine/Plugins/Experimental/NNERuntimeIREE/NNERuntimeIREE.uplugin" 218
"../../../Engine/Plugins/Experimental/NNERuntimeCoreML/NNERuntimeCoreML.uplugin" 219
"../../../Engine/Plugins/Experimental/NFORDenoise/NFORDenoise.uplugin" 220
"../../../Engine/Plugins/Experimental/OpenImageDenoise/OpenImageDenoise.uplugin" 221
"../../../Engine/Plugins/Experimental/NNERuntimeBasicCpu/NNERuntimeBasicCpu.uplugin" 222
"../../../Engine/Plugins/Experimental/OptiXDenoise/OptiXDenoise.uplugin" 223
"../../../Engine/Plugins/Experimental/NNERuntimeRDG/NNERuntimeRDG.uplugin" 224
"../../../Engine/Plugins/Experimental/PanoramicCapture/PanoramicCapture.uplugin" 225
"../../../Engine/Plugins/Experimental/PCGBiomeCore/PCGBiomeCore.uplugin" 226
"../../../Engine/Plugins/Experimental/PCGBiomeSample/PCGBiomeSample.uplugin" 227
"../../../Engine/Plugins/Experimental/PlanarCutPlugin/PlanarCut.uplugin" 228
"../../../Engine/Plugins/Experimental/PhysicsControl/PhysicsControl.uplugin" 229
"../../../Engine/Plugins/Experimental/PlatformCrypto/PlatformCrypto.uplugin" 230
"../../../Engine/Plugins/Experimental/PlainProps/PlainProps.uplugin" 231
"../../../Engine/Plugins/Experimental/PluginAudit/PluginAudit.uplugin" 232
"../../../Engine/Plugins/Experimental/PlainPropsUObject/PlainPropsUObject.uplugin" 233
"../../../Engine/Plugins/Experimental/MoverExamples/MoverExamples.uplugin" 234
"../../../Engine/Plugins/Experimental/PluginTemplateTool/PluginTemplateTool.uplugin" 235
"../../../Engine/Plugins/Experimental/PluginReferenceViewer/PluginReferenceViewer.uplugin" 236
"../../../Engine/Plugins/Experimental/PSDImporter/PSDImporter.uplugin" 237
"../../../Engine/Plugins/Experimental/PythonFoundationPackages/PythonFoundationPackages.uplugin" 238
"../../../Engine/Plugins/Experimental/PythonScriptPlugin/PythonScriptPlugin.uplugin" 239
"../../../Engine/Plugins/Experimental/QuicMessaging/QuicMessaging.uplugin" 240
"../../../Engine/Plugins/Experimental/RazerChromaDevices/RazerChromaDevices.uplugin" 241
"../../../Engine/Plugins/Experimental/RawInput/RawInput.uplugin" 242
"../../../Engine/Plugins/Experimental/PSDImporterMaterialDesignerBridge/PSDImporterMaterialDesignerBridge.uplugin" 243
"../../../Engine/Plugins/Experimental/RigLogicAnimNext/RigLogicAnimNext.uplugin" 244
"../../../Engine/Plugins/Experimental/PixelStreamingPlayer/PixelStreamingPlayer.uplugin" 245
"../../../Engine/Plugins/Experimental/RemoteSession/RemoteSession.uplugin" 246
"../../../Engine/Plugins/Experimental/RemoteControlComponents/RemoteControlComponents.uplugin" 247
"../../../Engine/Plugins/Experimental/RenderGrid/RenderGrid.uplugin" 248
"../../../Engine/Plugins/Experimental/RuntimeTelemetry/RuntimeTelemetry.uplugin" 249
"../../../Engine/Plugins/Experimental/SceneState/SceneState.uplugin" 250
"../../../Engine/Plugins/Experimental/LocalizableMessage/LocalizableMessage.uplugin" 251
"../../../Engine/Plugins/Experimental/SecuritySandbox/SecuritySandbox.uplugin" 252
"../../../Engine/Plugins/Experimental/ScreenReader/ScreenReader.uplugin" 253
"../../../Engine/Plugins/Experimental/MovieSceneAnimMixer/MovieSceneAnimMixer.uplugin" 254
"../../../Engine/Plugins/Experimental/SerializationUtils/SerializationUtils.uplugin" 255
"../../../Engine/Plugins/Experimental/SequenceNavigator/SequenceNavigator.uplugin" 256
"../../../Engine/Plugins/Experimental/RigLogicMutable/RigLogicMutable.uplugin" 257
"../../../Engine/Plugins/Experimental/Shotgrid/Shotgrid.uplugin" 258
"../../../Engine/Plugins/Experimental/SimpleHMD/SimpleHMD.uplugin" 259
"../../../Engine/Plugins/Experimental/SkeletalReduction/SkeletalReduction.uplugin" 260
"../../../Engine/Plugins/Experimental/SpatialReadiness/SpatialReadiness.uplugin" 261
"../../../Engine/Plugins/Experimental/SlateScreenReader/SlateScreenReader.uplugin" 262
"../../../Engine/Plugins/Experimental/SlateIM/SlateIM.uplugin" 263
"../../../Engine/Plugins/Experimental/SlateModelViewViewModel/SlateModelViewViewModel.uplugin" 264
"../../../Engine/Plugins/Experimental/StructUtils/StructUtils.uplugin" 265
"../../../Engine/Plugins/Experimental/SurfaceEffects/SurfaceEffects.uplugin" 266
"../../../Engine/Plugins/Experimental/SubtitlesAndClosedCaptions/SubtitlesAndClosedCaptions.uplugin" 267
"../../../Engine/Plugins/Experimental/SVGImporter/SVGImporter.uplugin" 268
"../../../Engine/Plugins/Experimental/SubmitToolEditor/SubmitToolEditor.uplugin" 269
"../../../Engine/Plugins/Experimental/Tensorboard/Tensorboard.uplugin" 270
"../../../Engine/Plugins/Experimental/TechAudioTools/TechAudioTools.uplugin" 271
"../../../Engine/Plugins/Experimental/StateGraph/StateGraph.uplugin" 272
"../../../Engine/Plugins/Experimental/TargetDeviceServicesScripting/TargetDeviceServicesScripting.uplugin" 273
"../../../Engine/Plugins/Experimental/Text3D/Text3D.uplugin" 274
"../../../Engine/Plugins/Experimental/TextureMediaPlayer/TextureMediaPlayer.uplugin" 275
"../../../Engine/Plugins/Experimental/ToolPresets/ToolPresets.uplugin" 276
"../../../Engine/Plugins/Experimental/TextToSpeech/TextToSpeech.uplugin" 277
"../../../Engine/Plugins/Experimental/UIFramework/UIFramework.uplugin" 278
"../../../Engine/Plugins/Experimental/TetMeshing/TetMeshing.uplugin" 279
"../../../Engine/Plugins/Experimental/UserToolBoxCore/UserToolBoxCore.uplugin" 280
"../../../Engine/Plugins/Experimental/UserToolBoxBasicCommand/UserToolBoxBasicCommand.uplugin" 281
"../../../Engine/Plugins/Experimental/Water/Water.uplugin" 282
"../../../Engine/Plugins/Experimental/Volumetrics/Volumetrics.uplugin" 283
"../../../Engine/Plugins/Experimental/WaterExtras/WaterExtras.uplugin" 284
"../../../Engine/Plugins/Experimental/VirtualHeightfieldMesh/VirtualHeightfieldMesh.uplugin" 285
"../../../Engine/Plugins/Experimental/WaterAdvanced/WaterAdvanced.uplugin" 286
"../../../Engine/Plugins/Experimental/WaveFunctionCollapse/WaveFunctionCollapse.uplugin" 287
"../../../Engine/Plugins/Marketplace/PaperZD8b0e064aa89dV19/PaperZD.uplugin" 288
"../../../Engine/Plugins/Messaging/UdpMessaging/UdpMessaging.uplugin" 289
"../../../Engine/Plugins/Experimental/VirtualProductionUtilities/VirtualProductionUtilities.uplugin" 290
"../../../Engine/Plugins/Experimental/WebSocketMessaging/WebSocketMessaging.uplugin" 291
"../../../Engine/Plugins/Messaging/MessagingDebugger/MessagingDebugger.uplugin" 292
"../../../Engine/Plugins/Experimental/WebSocketNetworking/WebSocketNetworking.uplugin" 293
"../../../Engine/Plugins/Experimental/XRCreativeFramework/XRCreativeFramework.uplugin" 294
"../../../Engine/Plugins/NetcodeUnitTest/NUTUnrealEngine/NUTUnrealEngine.uplugin" 295
"../../../Engine/Plugins/Experimental/WidgetEditorToolPalette/WidgetEditorToolPalette.uplugin" 296
"../../../Engine/Plugins/Messaging/TcpMessaging/TcpMessaging.uplugin" 297
"../../../Engine/Plugins/NetcodeUnitTest/NetcodeUnitTest/NetcodeUnitTest.uplugin" 298
"../../../Engine/Plugins/Experimental/Workspace/Workspace.uplugin" 299
"../../../Engine/Plugins/Tests/CQTest/CQTest.uplugin" 300
"../../../Engine/Plugins/Tests/EditorTests/EditorTests.uplugin" 301
"../../../Engine/Plugins/Tests/AutomationDriverTests/AutomationDriverTests.uplugin" 302
"../../../Engine/Plugins/Tests/FbxAutomationTestBuilder/FbxAutomationTestBuilder.uplugin" 303
"../../../Engine/Plugins/Tests/FunctionalTestingEditor/FunctionalTestingEditor.uplugin" 304
"../../../Engine/Plugins/Tests/CQTestEnhancedInput/CQTestEnhancedInput.uplugin" 305
"../../../Engine/Plugins/Compression/OodleNetwork/OodleNetwork.uplugin" 306
"../../../Engine/Plugins/Tests/InterchangeTests/InterchangeTests.uplugin" 307
"../../../Engine/Plugins/Tests/TestFramework/TestFramework.uplugin" 308
"../../../Engine/Plugins/Tests/PythonAutomationTest/PythonAutomationTest.uplugin" 309
"../../../Engine/Plugins/Tests/TestSamples/TestSamples.uplugin" 310
"../../../Engine/Plugins/FX/CascadeToNiagaraConverter/CascadeToNiagaraConverter.uplugin" 311
"../../../Engine/Plugins/Tests/WidgetAutomationTests/WidgetAutomationTests.uplugin" 312
"../../../Engine/Plugins/FX/ExampleCustomDataInterface/ExampleCustomDataInterface.uplugin" 313
"../../../Engine/Plugins/NNE/NNERuntimeORT/NNERuntimeORT.uplugin" 314
"../../../Engine/Plugins/FX/Niagara/Niagara.uplugin" 315
"../../../Engine/Plugins/FX/NiagaraMRQ/NiagaraMRQ.uplugin" 316
"../../../Engine/Plugins/Tests/RuntimeTests/RuntimeTests.uplugin" 317
"../../../Engine/Plugins/FX/NiagaraSimCaching/NiagaraSimCaching.uplugin" 318
"../../../Engine/Plugins/PCGInterops/PCGGeometryScriptInterop/PCGGeometryScriptInterop.uplugin" 319
"../../../Engine/Plugins/FX/NiagaraFluids/NiagaraFluids.uplugin" 320
"../../../Engine/Plugins/Slate/SlateScripting/SlateScripting.uplugin" 321
"../../../Engine/Plugins/VirtualProduction/ActorModifier/ActorModifier.uplugin" 322
"../../../Engine/Plugins/Tests/RHITests/RHITests.uplugin" 323
"../../../Engine/Plugins/VirtualProduction/CameraCalibrationML/CameraCalibrationML.uplugin" 324
"../../../Engine/Plugins/VirtualProduction/ActorModifierCore/ActorModifierCore.uplugin" 325
"../../../Engine/Plugins/PCGInterops/PCGExternalDataInterop/PCGExternalDataInterop.uplugin" 326
"../../../Engine/Plugins/VirtualProduction/CameraCalibration/CameraCalibration.uplugin" 327
"../../../Engine/Plugins/VirtualProduction/CaptureData/CaptureData.uplugin" 328
"../../../Engine/Plugins/VirtualProduction/CinematicAssemblyTools/CinematicAssemblyTools.uplugin" 329
"../../../Engine/Plugins/FX/Cascade/Cascade.uplugin" 330
"../../../Engine/Plugins/VirtualProduction/ClonerEffector/ClonerEffector.uplugin" 331
"../../../Engine/Plugins/NNE/NNEDenoiser/NNEDenoiser.uplugin" 332
"../../../Engine/Plugins/VirtualProduction/DataCharts/DataCharts.uplugin" 333
"../../../Engine/Plugins/VirtualProduction/GeometryMask/GeometryMask.uplugin" 334
"../../../Engine/Plugins/VirtualProduction/ICVFXTesting/ICVFXTesting.uplugin" 335
"../../../Engine/Plugins/VirtualProduction/DynamicMaterial/DynamicMaterial.uplugin" 336
"../../../Engine/Plugins/VirtualProduction/CustomDetailsView/CustomDetailsView.uplugin" 337
"../../../Engine/Plugins/VirtualProduction/EpicStageApp/EpicStageApp.uplugin" 338
"../../../Engine/Plugins/VirtualProduction/LensComponent/LensComponent.uplugin" 339
"../../../Engine/Plugins/VirtualProduction/LevelSnapshots/LevelSnapshots.uplugin" 340
"../../../Engine/Plugins/Slate/SlateInsights/SlateInsights.uplugin" 341
"../../../Engine/Plugins/VirtualProduction/ICVFX/ICVFX.uplugin" 342
"../../../Engine/Plugins/VirtualProduction/Avalanche/Avalanche.uplugin" 343
"../../../Engine/Plugins/VirtualProduction/CompositePlane/CompositePlane.uplugin" 344
"../../../Engine/Plugins/VirtualProduction/LiveLinkFreeD/LiveLinkFreeD.uplugin" 345
"../../../Engine/Plugins/VirtualProduction/LiveLinkLens/LiveLinkLens.uplugin" 346
"../../../Engine/Plugins/VirtualProduction/LiveLinkCamera/LiveLinkCamera.uplugin" 347
"../../../Engine/Plugins/VirtualProduction/LiveLinkMasterLockit/LiveLinkMasterLockit.uplugin" 348
"../../../Engine/Plugins/VirtualProduction/LiveLinkPrestonMDR/LiveLinkPrestonMDR.uplugin" 349
"../../../Engine/Plugins/VirtualProduction/CameraCalibrationCore/CameraCalibrationCore.uplugin" 350
"../../../Engine/Plugins/VirtualProduction/LiveLinkOpenTrackIO/LiveLinkOpenTrackIO.uplugin" 351
"../../../Engine/Plugins/VirtualProduction/LiveLinkXR/LiveLinkXR.uplugin" 352
"../../../Engine/Plugins/VirtualProduction/MultiUserTakes/MultiUserTakes.uplugin" 353
"../../../Engine/Plugins/VirtualProduction/RemoteControl/RemoteControl.uplugin" 354
"../../../Engine/Plugins/VirtualProduction/OperatorStack/OperatorStack.uplugin" 355
"../../../Engine/Plugins/VirtualProduction/PerformanceCaptureWorkflow/PerformanceCaptureWorkflow.uplugin" 356
"../../../Engine/Plugins/VirtualProduction/LiveLinkVRPN/LiveLinkVRPN.uplugin" 357
"../../../Engine/Plugins/VirtualProduction/PropertyAnimator/PropertyAnimator.uplugin" 358
"../../../Engine/Plugins/VirtualProduction/RemoteControlProtocolDMX/RemoteControlProtocolDMX.uplugin" 359
"../../../Engine/Plugins/VirtualProduction/RemoteControlProtocolOSC/RemoteControlProtocolOSC.uplugin" 360
"../../../Engine/Plugins/VirtualProduction/PropertyAnimatorCore/PropertyAnimatorCore.uplugin" 361
"../../../Engine/Plugins/VirtualProduction/RemoteControlWebInterface/RemoteControlWebInterface.uplugin" 362
"../../../Engine/Plugins/VirtualProduction/RemoteControlInterception/RemoteControlInterception.uplugin" 363
"../../../Engine/Plugins/VirtualProduction/StormSync/StormSync.uplugin" 364
"../../../Engine/Plugins/VirtualProduction/RemoteControlProtocolMIDI/RemoteControlProtocolMIDI.uplugin" 365
"../../../Engine/Plugins/VirtualProduction/Switchboard/Switchboard.uplugin" 366
"../../../Engine/Plugins/Performance/PerformanceMonitor/PerformanceMonitor.uplugin" 367
"../../../Engine/Plugins/Runtime/ActorLayerUtilities/ActorLayerUtilities.uplugin" 368
"../../../Engine/Plugins/Runtime/ADM/ADM.uplugin" 369
"../../../Engine/Plugins/VirtualProduction/TextureShare/TextureShare.uplugin" 370
"../../../Engine/Plugins/VirtualProduction/Takes/Takes.uplugin" 371
"../../../Engine/Plugins/VirtualProduction/SequencerPlaylists/SequencerPlaylists.uplugin" 372
"../../../Engine/Plugins/Runtime/AndroidBackgroundService/AndroidBackgroundService.uplugin" 373
"../../../Engine/Plugins/VirtualProduction/VirtualScouting/VirtualScouting.uplugin" 374
"../../../Engine/Plugins/Performance/AutomatedPerfTesting/AutomatedPerfTesting.uplugin" 375
"../../../Engine/Plugins/VirtualProduction/VirtualCameraCore/VirtualCameraCore.uplugin" 376
"../../../Engine/Plugins/VirtualProduction/TimedDataMonitor/TimedDataMonitor.uplugin" 377
"../../../Engine/Plugins/VirtualProduction/StageMonitoring/StageMonitoring.uplugin" 378
"../../../Engine/Plugins/VirtualProduction/VirtualCamera/VirtualCamera.uplugin" 379
"../../../Engine/Plugins/Runtime/AndroidFileServer/AndroidFileServer.uplugin" 380
"../../../Engine/Plugins/Runtime/AndroidDeviceProfileSelector/AndroidDeviceProfileSelector.uplugin" 381
"../../../Engine/Plugins/Runtime/AndroidMoviePlayer/AndroidMoviePlayer.uplugin" 382
"../../../Engine/Plugins/Runtime/AndroidPermission/AndroidPermission.uplugin" 383
"../../../Engine/Plugins/Runtime/AppleImageUtils/AppleImageUtils.uplugin" 384
"../../../Engine/Plugins/Runtime/ApexDestruction/ApexDestruction.uplugin" 385
"../../../Engine/Plugins/Runtime/AssetTags/AssetTags.uplugin" 386
"../../../Engine/Plugins/Runtime/AnimationBudgetAllocator/AnimationBudgetAllocator.uplugin" 387
"../../../Engine/Plugins/Experimental/ChaosUserDataPT/ChaosUserDataPT.uplugin" 388
"../../../Engine/Plugins/Runtime/ArchVisCharacter/ArchVisCharacter.uplugin" 389
"../../../Engine/Plugins/Runtime/AudioSynesthesia/AudioSynesthesia.uplugin" 390
"../../../Engine/Plugins/Runtime/CableComponent/CableComponent.uplugin" 391
"../../../Engine/Plugins/Runtime/AudioCapture/AudioCapture.uplugin" 392
"../../../Engine/Plugins/Runtime/AudioModulation/AudioModulation.uplugin" 393
"../../../Engine/Plugins/VirtualProduction/StormSyncAvalancheBridge/StormSyncAvalancheBridge.uplugin" 394
"../../../Engine/Plugins/VirtualProduction/LiveLinkInputDevice/LiveLinkInputDevice.uplugin" 395
"../../../Engine/Plugins/Runtime/ChunkDownloader/ChunkDownloader.uplugin" 396
"../../../Engine/Plugins/Runtime/DataRegistry/DataRegistry.uplugin" 397
"../../../Engine/Plugins/Runtime/ComputeFramework/ComputeFramework.uplugin" 398
"../../../Engine/Plugins/Runtime/CustomMeshComponent/CustomMeshComponent.uplugin" 399
"../../../Engine/Plugins/Runtime/CommonUI/CommonUI.uplugin" 400
"../../../Engine/Plugins/Runtime/ExampleDeviceProfileSelector/ExampleDeviceProfileSelector.uplugin" 401
"../../../Engine/Plugins/Runtime/Firebase/Firebase.uplugin" 402
"../../../Engine/Plugins/Runtime/GameplayInteractions/GameplayInteractions.uplugin" 403
"../../../Engine/Plugins/Runtime/GeometryCache/GeometryCache.uplugin" 404
"../../../Engine/Plugins/Runtime/GeoReferencing/GeoReferencing.uplugin" 405
"../../../Engine/Plugins/Runtime/GameplayStateTree/GameplayStateTree.uplugin" 406
"../../../Engine/Plugins/Runtime/GameInput/GameInput.uplugin" 407
"../../../Engine/Plugins/Runtime/HairStrands/HairStrands.uplugin" 408
"../../../Engine/Plugins/Runtime/Harmonix/Harmonix.uplugin" 409
"../../../Engine/Plugins/Runtime/GeometryScripting/GeometryScripting.uplugin" 410
"../../../Engine/Plugins/Runtime/GameFeatures/GameFeatures.uplugin" 411
"../../../Engine/Plugins/Runtime/AppleMoviePlayer/AppleMoviePlayer.uplugin" 412
"../../../Engine/Plugins/Runtime/AudioWidgets/AudioWidgets.uplugin" 413
"../../../Engine/Plugins/Runtime/GameplayBehaviorSmartObjects/GameplayBehaviorSmartObjects.uplugin" 414
"../../../Engine/Plugins/Runtime/InstancedActors/InstancedActors.uplugin" 415
"../../../Engine/Plugins/Runtime/GeometryProcessing/GeometryProcessing.uplugin" 416
"../../../Engine/Plugins/Runtime/LinuxDeviceProfileSelector/LinuxDeviceProfileSelector.uplugin" 417
"../../../Engine/Plugins/Runtime/LocationServicesAndroidImpl/LocationServicesAndroidImpl.uplugin" 418
"../../../Engine/Plugins/Runtime/LevelStreamingPersistence/LevelStreamingPersistence.uplugin" 419
"../../../Engine/Plugins/Runtime/InputDebugging/InputDebugging.uplugin" 420
"../../../Engine/Plugins/Runtime/HTTPChunkInstaller/HTTPChunkInstaller.uplugin" 421
"../../../Engine/Plugins/Runtime/IOSReplayKit/IOSReplayKit.uplugin" 422
"../../../Engine/Plugins/Experimental/PostProcessMaterialChainGraph/PostProcessMaterialChainGraph.uplugin" 423
"../../../Engine/Plugins/Runtime/AudioMotorSim/AudioMotorSim.uplugin" 424
"../../../Engine/Plugins/Runtime/LiveLinkOvernDisplay/LiveLinkOverNDisplay.uplugin" 425
"../../../Engine/Plugins/Runtime/MassGameplay/MassGameplay.uplugin" 426
"../../../Engine/Plugins/Runtime/HPMotionController/HPMotionController.uplugin" 427
"../../../Engine/Plugins/Runtime/GooglePAD/GooglePAD.uplugin" 428
"../../../Engine/Plugins/Runtime/MeshModelingToolset/MeshModelingToolset.uplugin" 429
"../../../Engine/Plugins/Runtime/LocationServicesBPLibrary/LocationServicesBPLibrary.uplugin" 430
"../../../Engine/Plugins/Runtime/MIDIDevice/MIDIDevice.uplugin" 431
"../../../Engine/Plugins/Runtime/MixedRealityCaptureFramework/MixedRealityCaptureFramework.uplugin" 432
"../../../Engine/Plugins/Runtime/IOSDeviceProfileSelector/IOSDeviceProfileSelector.uplugin" 433
"../../../Engine/Plugins/Runtime/MicrosoftSpatialAudio/MicroSoftSpatialSound.uplugin" 434
"../../../Engine/Plugins/Runtime/Metasound/Metasound.uplugin" 435
"../../../Engine/Plugins/Runtime/MobilePatchingUtils/MobilePatchingUtils.uplugin" 436
"../../../Engine/Plugins/Runtime/MobileFSR/MobileFSR.uplugin" 437
"../../../Engine/Plugins/Runtime/ModelViewViewModel/ModelViewViewModel.uplugin" 438
"../../../Engine/Plugins/Runtime/GoogleCloudMessaging/GoogleCloudMessaging.uplugin" 439
"../../../Engine/Plugins/Runtime/ModularGameplay/ModularGameplay.uplugin" 440
"../../../Engine/Plugins/Runtime/MusicEnvironment/MusicEnvironment.uplugin" 441
"../../../Engine/Plugins/Runtime/nDisplayModularFeatures/nDisplayModularFeatures.uplugin" 442
"../../../Engine/Plugins/Runtime/NavCorridor/NavCorridor.uplugin" 443
"../../../Engine/Plugins/Runtime/MultiServerReplication/MultiServerReplication.uplugin" 444
"../../../Engine/Plugins/Runtime/NetworkPredictionExtras/NetworkPredictionExtras.uplugin" 445
"../../../Engine/Plugins/Runtime/MsQuic/MsQuic.uplugin" 446
"../../../Engine/Plugins/Runtime/NetworkPredictionInsights/NetworkPredictionInsights.uplugin" 447
"../../../Engine/Plugins/Runtime/OpenCV/OpenCV.uplugin" 448
"../../../Engine/Plugins/Runtime/OpenXR/OpenXR.uplugin" 449
"../../../Engine/Plugins/Runtime/OpenXREyeTracker/OpenXREyeTracker.uplugin" 450
"../../../Engine/Plugins/Runtime/OpenXRMsftHandInteraction/OpenXRMsftHandInteraction.uplugin" 451
"../../../Engine/Plugins/Runtime/OpenXRHandTracking/OpenXRHandTracking.uplugin" 452
"../../../Engine/Plugins/Runtime/OpenXRViveTracker/OpenXRViveTracker.uplugin" 453
"../../../Engine/Plugins/Runtime/OptionalMobileFeaturesBPLibrary/OptionalMobileFeaturesBPLibrary.uplugin" 454
"../../../Engine/Plugins/Runtime/LocationServicesIOSImpl/LocationServicesIOSImpl.uplugin" 455
"../../../Engine/Plugins/Runtime/OSC/OSC.uplugin" 456
"../../../Engine/Plugins/Runtime/PropertyAccess/PropertyAccessEditor.uplugin" 457
"../../../Engine/Plugins/Runtime/PreLoadScreenMoviePlayer/PreLoadScreenMoviePlayer.uplugin" 458
"../../../Engine/Plugins/Runtime/ReplicationGraph/ReplicationGraph.uplugin" 459
"../../../Engine/Plugins/Runtime/ReplicationSystemTestPlugin/ReplicationSystemTestPlugin.uplugin" 460
"../../../Engine/Plugins/Runtime/ResonanceAudio/ResonanceAudio.uplugin" 461
"../../../Engine/Plugins/Runtime/RigVM/RigVM.uplugin" 462
"../../../Engine/Plugins/Runtime/RenderTrace/RenderTrace.uplugin" 463
"../../../Engine/Plugins/Runtime/ScriptableToolsFramework/ScriptableToolsFramework.uplugin" 464
"../../../Engine/Plugins/Runtime/SignificanceManager/SignificanceManager.uplugin" 465
"../../../Engine/Plugins/Runtime/SkeletalMerging/SkeletalMerging.uplugin" 466
"../../../Engine/Plugins/Runtime/NetworkPrediction/NetworkPrediction.uplugin" 467
"../../../Engine/Plugins/Runtime/nDisplay/nDisplay.uplugin" 468
"../../../Engine/Plugins/Runtime/SmartObjects/SmartObjects.uplugin" 469
"../../../Engine/Plugins/Runtime/SoundCueTemplates/SoundCueTemplates.uplugin" 470
"../../../Engine/Plugins/Runtime/HDRIBackdrop/HDRIBackdrop.uplugin" 471
"../../../Engine/Plugins/Runtime/SoundMod/SoundMod.uplugin" 472
"../../../Engine/Plugins/Runtime/SoundFields/SoundFields.uplugin" 473
"../../../Engine/Plugins/Runtime/Spatialization/Spatialization.uplugin" 474
"../../../Engine/Plugins/Runtime/SoundUtilities/SoundUtilities.uplugin" 475
"../../../Engine/Plugins/Runtime/ProceduralMeshComponent/ProceduralMeshComponent.uplugin" 476
"../../../Engine/Plugins/Runtime/StateTree/StateTree.uplugin" 477
"../../../Engine/Plugins/Runtime/Soundscape/Soundscape.uplugin" 478
"../../../Engine/Plugins/Runtime/WarpUtils/WarpUtils.uplugin" 479
"../../../Engine/Plugins/Runtime/SunPosition/SunPosition.uplugin" 480
"../../../Engine/Plugins/Runtime/USDCore/USDCore.uplugin" 481
"../../../Engine/Plugins/Runtime/Synthesis/Synthesis.uplugin" 482
"../../../Engine/Plugins/Runtime/WaveTable/WaveTable.uplugin" 483
"../../../Engine/Plugins/Runtime/WebBrowserNativeProxy/WebBrowserNativeProxy.uplugin" 484
"../../../Engine/Plugins/Runtime/WindowsDeviceProfileSelector/WindowsDeviceProfileSelector.uplugin" 485
"../../../Engine/Plugins/Runtime/MassEntity/MassEntity.uplugin" 486
"../../../Engine/Plugins/Runtime/XRBase/XRBase.uplugin" 487
"../../../Engine/Plugins/Runtime/WindowsMoviePlayer/WindowsMoviePlayer.uplugin" 488
"../../../Engine/Plugins/2D/Paper2D/Paper2D.uplugin" 489
"../../../Engine/Plugins/Runtime/WebBrowserWidget/WebBrowserWidget.uplugin" 490
"../../../Engine/Plugins/Web/HttpBlueprint/HttpBlueprint.uplugin" 491
"../../../Engine/Plugins/Runtime/GameplayAbilities/GameplayAbilities.uplugin" 492
"../../../Engine/Plugins/Runtime/WebMMoviePlayer/WebMMoviePlayer.uplugin" 493
"../../../Engine/Plugins/Cameras/EngineCameras/EngineCameras.uplugin" 494
"../../../Engine/Plugins/Cameras/GameplayCameras/GameplayCameras.uplugin" 495
"../../../Engine/Plugins/Compositing/Composure/Composure.uplugin" 496
"../../../Engine/Plugins/Compositing/LensDistortion/LensDistortion.uplugin" 497
"../../../Engine/Plugins/Compositing/OpenCVLensDistortion/OpenCVLensDistortion.uplugin" 498
"../../../Engine/Plugins/Editor/AssetManagerEditor/AssetManagerEditor.uplugin" 499
"../../../Engine/Plugins/Runtime/ZoneGraph/ZoneGraph.uplugin" 500
"../../../Engine/Plugins/Compositing/OpenColorIO/OpenColorIO.uplugin" 501
"../../../Engine/Plugins/Runtime/PropertyBindingUtils/PropertyBindingUtils.uplugin" 502
"../../../Engine/Plugins/Editor/AssetReferenceRestrictions/AssetReferenceRestrictions.uplugin" 503
"../../../Engine/Plugins/Editor/AssetRegistryExport/AssetRegistryExport.uplugin" 504
"../../../Engine/Plugins/Runtime/WorldConditions/WorldConditions.uplugin" 505
"../../../Engine/Plugins/Editor/ColorGrading/ColorGrading.uplugin" 506
"../../../Engine/Plugins/Cameras/CameraShakePreviewer/CameraShakePreviewer.uplugin" 507
"../../../Engine/Plugins/Editor/BlueprintMaterialTextureNodes/BlueprintMaterialTextureNodes.uplugin" 508
"../../../Engine/Plugins/Editor/ConsoleVariablesEditor/ConsoleVariables.uplugin" 509
"../../../Engine/Plugins/Editor/CryptoKeys/CryptoKeys.uplugin" 510
"../../../Engine/Plugins/Editor/CurveEditorTools/CurveEditorTools.uplugin" 511
"../../../Engine/Plugins/Editor/DataValidation/DataValidation.uplugin" 512
"../../../Engine/Plugins/Editor/EditorDebugTools/EditorDebugTools.uplugin" 513
"../../../Engine/Plugins/Editor/AssetSearch/AssetSearch.uplugin" 514
"../../../Engine/Plugins/Editor/ChangelistReview/ChangelistReview.uplugin" 515
"../../../Engine/Plugins/Editor/EditorScriptingUtilities/EditorScriptingUtilities.uplugin" 516
"../../../Engine/Plugins/Editor/EngineAssetDefinitions/EngineAssetDefinitions.uplugin" 517
"../../../Engine/Plugins/Editor/EditorSysConfigAssistant/EditorSysConfigAssistant.uplugin" 518
"../../../Engine/Plugins/Editor/DisplayClusterLaunch/DisplayClusterLaunch.uplugin" 519
"../../../Engine/Plugins/Editor/FacialAnimation/FacialAnimation.uplugin" 520
"../../../Engine/Plugins/Editor/GameplayTagsEditor/GameplayTagsEditor.uplugin" 521
"../../../Engine/Plugins/Editor/LiveUpdateForSlate/LiveUpdateForSlate.uplugin" 522
"../../../Engine/Plugins/Editor/GuidedTutorials/GuidedTutorials.uplugin" 523
"../../../Engine/Plugins/Editor/GeometryMode/GeometryMode.uplugin" 524
"../../../Engine/Plugins/Editor/MaterialAnalyzer/MaterialAnalyzer.uplugin" 525
"../../../Engine/Plugins/Editor/MakeCookedEditorAsDLC/MakeCookedEditorAsDLC.uplugin" 526
"../../../Engine/Plugins/Editor/ProxyLODPlugin/ProxyLODPlugin.uplugin" 527
"../../../Engine/Plugins/Editor/ModelingToolsEditorMode/ModelingToolsEditorMode.uplugin" 528
"../../../Engine/Plugins/Editor/PluginBrowser/PluginBrowser.uplugin" 529
"../../../Engine/Plugins/Editor/SampleToolsEditorMode/SampleToolsEditorMode.uplugin" 530
"../../../Engine/Plugins/Editor/BlueprintHeaderView/BlueprintHeaderView.uplugin" 531
"../../../Engine/Plugins/Editor/SequencerAnimTools/SequencerAnimTools.uplugin" 532
"../../../Engine/Plugins/Editor/StaticMeshEditorModeling/StaticMeshEditorModeling.uplugin" 533
"../../../Engine/Plugins/Editor/ScriptableToolsEditorMode/ScriptableToolsEditorMode.uplugin" 534
"../../../Engine/Plugins/Enterprise/AxFImporter/AxFImporter.uplugin" 535
"../../../Engine/Plugins/Editor/StylusInput/StylusInput.uplugin" 536
"../../../Engine/Plugins/Editor/SpeedTreeImporter/SpeedTreeImporter.uplugin" 537
"../../../Engine/Plugins/Enterprise/DatasmithC4DImporter/DatasmithC4DImporter.uplugin" 538
"../../../Engine/Plugins/Editor/MeshLODToolset/MeshLODToolset.uplugin" 539
"../../../Engine/Plugins/Editor/MacGraphicsSwitching/MacGraphicsSwitching.uplugin" 540
"../../../Engine/Plugins/Editor/WaveformEditor/WaveformEditor.uplugin" 541
"../../../Engine/Plugins/Editor/WorldPartitionHLODUtilities/WorldPartitionHLODUtilities.uplugin" 542
"../../../Engine/Plugins/Enterprise/DataprepEditor/DataprepEditor.uplugin" 543
"../../../Engine/Plugins/Runtime/ZoneGraphAnnotations/ZoneGraphAnnotations.uplugin" 544
"../../../Engine/Plugins/Editor/UVEditor/UVEditor.uplugin" 545
"../../../Engine/Plugins/Editor/ModelViewViewModelPreview/ModelViewViewModelPreview.uplugin" 546
"../../../Engine/Plugins/Enterprise/DatasmithImporter/DatasmithImporter.uplugin" 547
"../../../Engine/Plugins/Enterprise/LidarPointCloud/LidarPointCloud.uplugin" 548
"../../../Engine/Plugins/Enterprise/GLTFExporter/GLTFExporter.uplugin" 549
"../../../Engine/Plugins/Enterprise/VariantManager/VariantManager.uplugin" 550
"../../../Engine/Plugins/Importers/USDImporterMDL/USDImporterMDL.uplugin" 551
"../../../Engine/Plugins/Importers/USDImporter/USDImporter.uplugin" 552
"../../../Engine/Plugins/Enterprise/MDLImporter/MDLImporter.uplugin" 553
"../../../Engine/Plugins/Enterprise/VariantManagerContent/VariantManagerContent.uplugin" 554
"../../../Engine/Plugins/Importers/AlembicHairImporter/AlembicHairImporter.uplugin" 555
"../../../Engine/Plugins/Importers/USDMultiUser/USDMultiUser.uplugin" 556
"../../../Engine/Plugins/Media/AndroidCamera/AndroidCamera.uplugin" 557
"../../../Engine/Plugins/Media/AjaMedia/AjaMedia.uplugin" 558
"../../../Engine/Plugins/Media/AppleProResDecoderElectra/AppleProResDecoderElectra.uplugin" 559
"../../../Engine/Plugins/Editor/MobileLauncherProfileWizard/MobileLauncherProfileWizard.uplugin" 560
"../../../Engine/Plugins/Media/AvidDNxHDDecoderElectra/AvidDNxHDDecoderElectra.uplugin" 561
"../../../Engine/Plugins/Enterprise/DatasmithContent/DatasmithContent.uplugin" 562
"../../../Engine/Plugins/Importers/AlembicImporter/AlembicImporter.uplugin" 563
"../../../Engine/Plugins/Media/AudioCaptureTimecodeProvider/AudioCaptureTimecodeProvider.uplugin" 564
"../../../Engine/Plugins/Media/AndroidMedia/AndroidMedia.uplugin" 565
"../../../Engine/Plugins/Editor/UMGWidgetPreview/UMGWidgetPreview.uplugin" 566
"../../../Engine/Plugins/Enterprise/DatasmithFBXImporter/DatasmithFBXImporter.uplugin" 567
"../../../Engine/Plugins/Media/AvidDNxMedia/AvidDNxMedia.uplugin" 568
"../../../Engine/Plugins/Media/D3D12VideoDecodersElectra/D3D12VideoDecodersElectra.uplugin" 569
"../../../Engine/Plugins/Media/AppleProResMedia/AppleProResMedia.uplugin" 570
"../../../Engine/Plugins/Media/AvfMedia/AvfMedia.uplugin" 571
"../../../Engine/Plugins/Media/ElectraCDM/ElectraCDM.uplugin" 572
"../../../Engine/Plugins/Media/BlackmagicMedia/BlackmagicMedia.uplugin" 573
"../../../Engine/Plugins/Enterprise/DatasmithCADImporter/DatasmithCADImporter.uplugin" 574
"../../../Engine/Plugins/Media/FlacDecoderElectra/FlacDecoderElectra.uplugin" 575
"../../../Engine/Plugins/Media/ElectraPlayer/ElectraPlayer.uplugin" 576
"../../../Engine/Plugins/Media/ElectraCodecs/ElectraCodecs.uplugin" 577
"../../../Engine/Plugins/Media/HAPDecoderElectra/HAPDecoderElectra.uplugin" 578
"../../../Engine/Plugins/Media/HardwareEncoders/HardwareEncoders.uplugin" 579
"../../../Engine/Plugins/Media/ElectraUtil/ElectraUtil.uplugin" 580
"../../../Engine/Plugins/Media/ImgMedia/ImgMedia.uplugin" 581
"../../../Engine/Plugins/Media/BinkMedia/BinkMedia.uplugin" 582
"../../../Engine/Plugins/Media/HAPMedia/HAPMedia.uplugin" 583
"../../../Engine/Plugins/Media/LinearTimecode/LinearTimecode.uplugin" 584
"../../../Engine/Plugins/Media/ElectraSubtitles/ElectraSubtitles.uplugin" 585
"../../../Engine/Plugins/Media/MediaFrameworkUtilities/MediaFrameworkUtilities.uplugin" 586
"../../../Engine/Plugins/Media/MediaMovieStreamer/MediaMovieStreamer.uplugin" 587
"../../../Engine/Plugins/Media/MediaCompositing/MediaCompositing.uplugin" 588
"../../../Engine/Plugins/Media/MediaPlate/MediaPlate.uplugin" 589
"../../../Engine/Plugins/Media/MediaPlayerEditor/MediaPlayerEditor.uplugin" 590
"../../../Engine/Plugins/Media/MfMedia/MfMedia.uplugin" 591
"../../../Engine/Plugins/Media/MediaIOFramework/MediaIOFramework.uplugin" 592
"../../../Engine/Plugins/MetaHuman/MetaHumanAnimator/MetaHuman.uplugin" 593
"../../../Engine/Plugins/Media/TimecodeSynchronizer/TimecodeSynchronizer.uplugin" 594
"../../../Engine/Plugins/Media/VPxDecoderElectra/VPxDecoderElectra.uplugin" 595
"../../../Engine/Plugins/Media/WmfMedia/WmfMedia.uplugin" 596
"../../../Engine/Plugins/Media/WebMMedia/WebMMedia.uplugin" 597
"../../../Engine/Plugins/Media/NDIMedia/NDIMedia.uplugin" 598
"../../../Engine/Plugins/MetaHuman/MetaHumanLiveLink/MetaHumanLiveLink.uplugin" 599
"../../../Engine/Plugins/Media/PixelCapture/PixelCapture.uplugin" 600
"../../../Engine/Plugins/Media/PixelStreaming/PixelStreaming.uplugin" 601
"../../../Engine/Plugins/MetaHuman/MetaHumanCoreTechLib/MetaHumanCoreTech.uplugin" 602
"../../../Engine/Plugins/MetaHuman/MetaHumanSDK/MetaHumanSDK.uplugin" 603
"../../../Engine/Plugins/Media/OpusDecoderElectra/OpusDecoderElectra.uplugin" 604
"../../../Engine/Plugins/Media/PixelStreaming2/PixelStreaming2.uplugin" 605
"../../../Engine/Plugins/Online/EOSShared/EOSShared.uplugin" 606
"../../../Engine/Plugins/MetaHuman/MetaHumanCalibrationProcessing/MetaHumanCalibrationProcessing.uplugin" 607
"../../../Engine/Plugins/Online/EOSOverlayInputProvider/EOSOverlayInputProvider.uplugin" 608
"../../../Engine/Plugins/MetaHuman/MetaHumanCharacter/MetaHumanCharacter.uplugin" 609
"../../../Engine/Plugins/Online/OnlineServices/OnlineServices.uplugin" 610
"../../../Engine/Plugins/Online/OnlineFramework/OnlineFramework.uplugin" 611
"../../../Engine/Plugins/Online/OnlineServicesEpicCommon/OnlineServicesEpicCommon.uplugin" 612
"../../../Engine/Plugins/Online/OnlineServicesNull/OnlineServicesNull.uplugin" 613
"../../../Engine/Plugins/Online/OnlineServicesOSSAdapter/OnlineServicesOSSAdapter.uplugin" 614
"../../../Engine/Plugins/Online/OnlineServicesEOSGS/OnlineServicesEOSGS.uplugin" 615
"../../../Engine/Plugins/Online/OnlineSubsystem/OnlineSubsystem.uplugin" 616
"../../../Engine/Plugins/Online/OnlineSubsystemApple/OnlineSubsystemApple.uplugin" 617
"../../../Engine/Plugins/Online/OnlineSubsystemEOS/OnlineSubsystemEOS.uplugin" 618
"../../../Engine/Plugins/Online/OnlineSubsystemGoogle/OnlineSubsystemGoogle.uplugin" 619
"../../../Engine/Plugins/Online/OnlineSubsystemAmazon/OnlineSubsystemAmazon.uplugin" 620
"../../../Engine/Plugins/Online/OnlineSubsystemTencent/OnlineSubsystemTencent.uplugin" 621
"../../../Engine/Plugins/Online/OnlineSubsystemFacebook/OnlineSubsystemFacebook.uplugin" 622
"../../../Engine/Plugins/Online/OnlineSubsystemNull/OnlineSubsystemNull.uplugin" 623
"../../../Engine/Plugins/Online/OnlineSubsystemSteam/OnlineSubsystemSteam.uplugin" 624
"../../../Engine/Plugins/Online/SocketSubsystemSteamIP/SocketSubsystemSteamIP.uplugin" 625
"../../../Engine/Plugins/Protocols/MQTT/MQTT.uplugin" 626
"../../../Engine/Plugins/Online/WebAuth/WebAuth.uplugin" 627
"../../../Engine/Plugins/Online/SocketSubsystemEOS/SocketSubsystemEOS.uplugin" 628
"../../../Engine/Plugins/Experimental/Animation/ContextualAnimation/ContextualAnimation.uplugin" 629
"../../../Engine/Plugins/Experimental/Animation/HierarchyTable/HierarchyTable.uplugin" 630
"../../../Engine/Plugins/Experimental/Animation/Locomotor/Locomotor.uplugin" 631
"../../../Engine/Plugins/Experimental/Animation/PackedAttributes/PackedAttributes.uplugin" 632
"../../../Engine/Plugins/Experimental/Animation/Optimus/Optimus.uplugin" 633
"../../../Engine/Plugins/Experimental/Animation/RigMapper/RigMapper.uplugin" 634
"../../../Engine/Plugins/Experimental/Animation/MotionTrajectory/MotionTrajectory.uplugin" 635
"../../../Engine/Plugins/Experimental/Animation/CurveExpression/CurveExpression.uplugin" 636
"../../../Engine/Plugins/Runtime/MeshReconstruction/DummyMeshReconstructor/DummyMeshReconstructor.uplugin" 637
"../../../Engine/Plugins/Experimental/Animation/TrajectoryTools/TrajectoryTools.uplugin" 638
"../../../Engine/Plugins/Experimental/Animation/SkeletalMeshMorphTargetEditingTools/SkeletalMeshMorphTargetEditingTools.uplugin" 639
"../../../Engine/Plugins/Experimental/Animation/SkeletonTemplateFramework/SkeletonTemplateFramework.uplugin" 640
"../../../Engine/Plugins/Developer/Concert/ConcertMain/ConcertMain.uplugin" 641
"../../../Engine/Plugins/Experimental/MetaHuman/MetaHumanRuntime/MetaHumanRuntime.uplugin" 642
"../../../Engine/Plugins/Editor/Localization/PortableObjectFileDataSource/PortableObjectFileDataSource.uplugin" 643
"../../../Engine/Plugins/Interchange/Extensions/OpenVDB/InterchangeOpenVDB.uplugin" 644
"../../../Engine/Plugins/Animation/MLDeformer/ChaosClothGenerator/ChaosClothGenerator.uplugin" 645
"../../../Engine/Plugins/Interchange/Extensions/OpenUSD/InterchangeOpenUSD.uplugin" 646
"../../../Engine/Plugins/Online/OnlineSubsystemUtils/OnlineSubsystemUtils.uplugin" 647
"../../../Engine/Plugins/Animation/MLDeformer/ChaosFleshGenerator/ChaosFleshGenerator.uplugin" 648
"../../../Engine/Plugins/Online/OnlineBase/OnlineBase.uplugin" 649
"../../../Engine/Plugins/Animation/MLDeformer/NeuralMorphModel/NeuralMorphModel.uplugin" 650
"../../../Engine/Plugins/Animation/MLDeformer/VertexDeltaModel/VertexDeltaModel.uplugin" 651
"../../../Engine/Plugins/VirtualProduction/Rivermax/RivermaxCore/RivermaxCore.uplugin" 652
"../../../Engine/Plugins/VirtualProduction/DMX/DMXControlConsole/DMXControlConsole.uplugin" 653
"../../../Engine/Plugins/Animation/MLDeformer/MLDeformerFramework/MLDeformerFramework.uplugin" 654
"../../../Engine/Plugins/VirtualProduction/Rivermax/RivermaxSync/RivermaxSync.uplugin" 655
"../../../Engine/Plugins/Experimental/Enterprise/DatasmithInterchange/DatasmithInterchange.uplugin" 656
"../../../Engine/Plugins/Experimental/Enterprise/DatasmithRuntime/DatasmithRuntime.uplugin" 657
"../../../Engine/Plugins/VirtualProduction/DMX/DatasmithMVR/DatasmithMVR.uplugin" 658
"../../../Engine/Plugins/VirtualProduction/DMX/DMXDisplayCluster/DMXDisplayCluster.uplugin" 659
"../../../Engine/Plugins/Runtime/Advertising/IOSTapJoy/IOSTapJoy.uplugin" 660
"../../../Engine/Plugins/VirtualProduction/Rivermax/RivermaxMedia/RivermaxMedia.uplugin" 661
"../../../Engine/Plugins/Experimental/Enterprise/DataprepGeometryOperations/DataprepGeometryOperations.uplugin" 662
"../../../Engine/Plugins/Runtime/Nvidia/GeForceNOWWrapper/GeForceNOWWrapper.uplugin" 663
"../../../Engine/Plugins/Runtime/Nvidia/Reflex/Reflex.uplugin" 664
"../../../Engine/Plugins/VirtualProduction/DMX/DMXPixelMapping/DMXPixelMapping.uplugin" 665
"../../../Engine/Plugins/VirtualProduction/DMX/DMXProtocol/DMXProtocol.uplugin" 666
"../../../Engine/Plugins/VirtualProduction/DMX/DMXFixtures/DMXFixtures.uplugin" 667
"../../../Engine/Plugins/VirtualProduction/DMX/DMXGDTF/DMXGDTF.uplugin" 668
"../../../Engine/Plugins/Editor/ContentBrowser/ContentBrowserAliasDataSource/ContentBrowserAliasDataSource.uplugin" 669
"../../../Engine/Plugins/Editor/ContentBrowser/ContentBrowserClassDataSource/ContentBrowserClassDataSource.uplugin" 670
"../../../Engine/Plugins/Editor/ContentBrowser/ContentBrowserFileDataSource/ContentBrowserFileDataSource.uplugin" 671
"../../../Engine/Plugins/VirtualProduction/CaptureManager/CaptureManagerApp/CaptureManagerApp.uplugin" 672
"../../../Engine/Plugins/Experimental/PCGInterops/PCGNiagaraInterop/PCGNiagaraInterop.uplugin" 673
"../../../Engine/Plugins/VirtualProduction/DMX/DMXEngine/DMXEngine.uplugin" 674
"../../../Engine/Plugins/Experimental/PCGInterops/PCGWaterInterop/PCGWaterInterop.uplugin" 675
"../../../Engine/Plugins/VirtualProduction/DMX/DMXModularFeatures/DMXModularFeatures.uplugin" 676
"../../../Engine/Plugins/Experimental/PCGInterops/PCGInstancedActorsInterop/PCGInstancedActorsInterop.uplugin" 677
"../../../Engine/Plugins/Experimental/Animation/HierarchyTableAnimation/HierarchyTableAnimation.uplugin" 678
"../../../Engine/Plugins/Runtime/PacketHandlers/AESGCMHandlerComponent/AESGCMHandlerComponent.uplugin" 679
"../../../Engine/Plugins/VirtualProduction/CaptureManager/CaptureManagerEditor/CaptureManagerEditor.uplugin" 680
"../../../Engine/Plugins/VirtualProduction/CaptureManager/CaptureManagerCore/CaptureManagerCore.uplugin" 681
"../../../Engine/Plugins/Online/VoiceChat/EOSVoiceChat/EOSVoiceChat.uplugin" 682
"../../../Engine/Plugins/Runtime/PacketHandlers/AESHandlerComponent/AESHandlerComponent.uplugin" 683
"../../../Engine/Plugins/Online/VoiceChat/VoiceChat/VoiceChat.uplugin" 684
"../../../Engine/Plugins/VirtualProduction/CaptureManager/CaptureManagerDevices/CaptureManagerDevices.uplugin" 685
"../../../Engine/Plugins/Online/IOS/OnlineSubsystemIOS/OnlineSubsystemIOS.uplugin" 686
"../../../Engine/Plugins/Runtime/PacketHandlers/DTLSHandlerComponent/DTLSHandlerComponent.uplugin" 687
"../../../Engine/Plugins/Runtime/Steam/SteamController/SteamController.uplugin" 688
"../../../Engine/Plugins/Online/Android/OnlineSubsystemGooglePlay/OnlineSubsystemGooglePlay.uplugin" 689
"../../../Engine/Plugins/Runtime/Steam/SteamSockets/SteamSockets.uplugin" 690
"../../../Engine/Plugins/Runtime/Steam/SteamShared/SteamShared.uplugin" 691
"../../../Engine/Plugins/Online/Android/AndroidFetchBackgroundDownload/AndroidFetchBackgroundDownload.uplugin" 692
"../../../Engine/Plugins/Experimental/AVCodecs/AMFCodecs/AMFCodecs.uplugin" 693
"../../../Engine/Plugins/Runtime/XR/XRScribe/XRScribe.uplugin" 694
"../../../Engine/Plugins/Experimental/AVCodecs/AVCodecsCore/AVCodecsCore.uplugin" 695
"../../../Engine/Plugins/Runtime/Steam/SteamAudio/SteamAudio.uplugin" 696
"../../../Engine/Plugins/Experimental/Web/WebAPI/WebAPI.uplugin" 697
"../../../Engine/Plugins/Experimental/AVCodecs/LibVpxCodecs/LibVpxCodecs.uplugin" 698
"../../../Engine/Plugins/Runtime/XR/XRVisualization/XRVisualization.uplugin" 699
"../../../Engine/Plugins/Experimental/AVCodecs/VTCodecs/VTCodecs.uplugin" 700
"../../../Engine/Plugins/Runtime/AR/ARUtilities/ARUtilities.uplugin" 701
"../../../Engine/Plugins/Editor/ContentBrowser/ContentBrowserAssetDataSource/ContentBrowserAssetDataSource.uplugin" 702
"../../../Engine/Plugins/Runtime/Analytics/Adjust/Adjust.uplugin" 703
"../../../Engine/Plugins/Experimental/AVCodecs/NVCodecs/NVCodecs.uplugin" 704
"../../../Engine/Plugins/Experimental/CharacterFXEditor/BaseCharacterFXEditor/BaseCharacterFXEditor.uplugin" 705
"../../../Engine/Plugins/Experimental/AVCodecs/WMFCodecs/WMFCodecs.uplugin" 706
"../../../Engine/Plugins/Runtime/Analytics/AnalyticsMulticast/AnalyticsMulticast.uplugin" 707
"../../../Engine/Plugins/Runtime/Analytics/AnalyticsBlueprintLibrary/AnalyticsBlueprintLibrary.uplugin" 708
"../../../Engine/Plugins/Experimental/CharacterFXEditor/ExampleCharacterFXEditor/ExampleCharacterFXEditor.uplugin" 709
"../../../Engine/Plugins/Experimental/Compositing/CompositeCore/CompositeCore.uplugin" 710
"../../../Engine/Plugins/Runtime/Analytics/FileLogging/FileLogging.uplugin" 711
"../../../Engine/Plugins/Runtime/Database/ADOSupport/ADOSupport.uplugin" 712
"../../../Engine/Plugins/Experimental/Compositing/HoldoutComposite/HoldoutComposite.uplugin" 713
"../../../Engine/Plugins/Runtime/Database/DatabaseSupport/DatabaseSupport.uplugin" 714
"../../../Engine/Plugins/Experimental/VirtualProduction/VPRoles/VPRoles.uplugin" 715
"../../../Engine/Plugins/Editor/ObjectMixer/LightMixer/LightMixer.uplugin" 716
"../../../Engine/Plugins/Runtime/Database/RemoteDatabaseSupport/RemoteDatabaseSupport.uplugin" 717
"../../../Engine/Plugins/Runtime/Windows/WinDualShock/WinDualShock.uplugin" 718
"../../../Engine/Plugins/Experimental/VirtualProduction/LedWallCalibration/LedWallCalibration.uplugin" 719
"../../../Engine/Plugins/Experimental/VirtualProduction/VPSettings/VPSettings.uplugin" 720
"../../../Engine/Plugins/Editor/ObjectMixer/ObjectMixer/ObjectMixer.uplugin" 721
"../../../Engine/Plugins/Runtime/Database/SQLiteCore/SQLiteCore.uplugin" 722
"../../../Engine/Plugins/Runtime/Database/SQLiteSupport/SQLiteSupport.uplugin" 723
"../../../Engine/Plugins/Runtime/AR/Google/GoogleARCore/GoogleARCore.uplugin" 724
"../../../Engine/Plugins/Developer/Concert/ConcertScripting/ConcertReplicationScripting/ConcertReplicationScripting.uplugin" 725
"../../../Engine/Plugins/Runtime/AR/Google/GoogleARCoreServices/GoogleARCoreServices.uplugin" 726
"../../../Engine/Plugins/Developer/Concert/ConcertSync/ConcertSyncCore/ConcertSyncCore.uplugin" 727
"../../../Engine/Plugins/Developer/Concert/ConcertSync/ConcertSyncClient/ConcertSyncClient.uplugin" 728
"../../../Engine/Plugins/Developer/Concert/ConcertUI/ConcertSharedSlate/ConcertSharedSlate.uplugin" 729
"../../../Engine/Plugins/Developer/Concert/ConcertApp/DisasterRecoveryClient/DisasterRecoveryClient.uplugin" 730
"../../../Engine/Plugins/Experimental/Animation/MLDeformer/DetailPoseModel/DetailPoseModel.uplugin" 731
"../../../Engine/Plugins/Runtime/AR/AppleAR/AppleARKitFaceSupport/AppleARKitFaceSupport.uplugin" 732
"../../../Engine/Plugins/Runtime/AR/AppleAR/AppleARKit/AppleARKit.uplugin" 733
"../../../Engine/Plugins/Developer/Concert/ConcertSync/ConcertSyncServer/ConcertSyncServer.uplugin" 734
"../../../Engine/Plugins/Developer/Concert/ConcertSync/ConcertSyncTest/ConcertSyncTest.uplugin" 735
"../../../Engine/Plugins/Developer/Concert/ConcertUI/ConcertClientSharedSlate/ConcertClientSharedSlate.uplugin" 736
"../../../Engine/Plugins/Developer/Concert/ConcertInsights/ConcertInsightsClient/ConcertInsightsClient.uplugin" 737
"../../../Engine/Plugins/Developer/Concert/ConcertInsights/ConcertInsightsVisualizer/ConcertInsightsVisualizer.uplugin" 738
"../../../Engine/Plugins/Developer/Concert/ConcertInsights/ConcertInsightsServer/ConcertInsightsServer.uplugin" 739
"../../../Engine/Plugins/Developer/Concert/ConcertInsights/ConcertInsightsCore/ConcertInsightsCore.uplugin" 740
"../../../Engine/Plugins/Developer/Concert/ConcertApp/MultiUserClient/MultiUserClient.uplugin" 741
"../../../Engine/Plugins/Developer/Concert/ConcertApp/MultiUserServer/MultiUserServer.uplugin" 742
"../../../Engine/Plugins/Runtime/Windows/XInputDevice/XInputDevice.uplugin" 743
"../../../Engine/Plugins/Online/OnlineServicesEOS/OnlineServicesEOS.uplugin" 744
"../../../Engine/Plugins/Animation/MLDeformer/NearestNeighborModel/NearestNeighborModel.uplugin" 745
"../../../Engine/Platforms/Android/Plugins/Animation/ACLPlugin/ACLPlugin_Android.uplugin" 746
"../../../Engine/Platforms/Android/Plugins/RigLogic/RigLogic_Android.uplugin" 747
"../../../Engine/Platforms/IOS/Plugins/RigLogic/RigLogic_IOS.uplugin" 748
"../../../Engine/Content/Internationalization/icudt64l/cnvalias.icu" 749
"../../../Engine/Content/Internationalization/icudt64l/res_index.res" 750
"../../../Engine/Content/Internationalization/icudt64l/plurals.res" 751
"../../../Engine/Content/Internationalization/icudt64l/lang/en_IE.res" 752
"../../../Engine/Content/Internationalization/icudt64l/lang/pool.res" 753
"../../../Engine/Content/Internationalization/icudt64l/lang/en_001.res" 754
"../../../Engine/Content/Internationalization/icudt64l/lang/en.res" 755
"../../../Engine/Content/Internationalization/icudt64l/lang/root.res" 756
"../../../Engine/Content/Internationalization/icudt64l/region/en_IE.res" 757
"../../../Engine/Content/Internationalization/icudt64l/region/pool.res" 758
"../../../Engine/Content/Internationalization/icudt64l/region/en.res" 759
"../../../Engine/Content/Internationalization/icudt64l/region/root.res" 760
"../../../Engine/Content/Internationalization/icudt64l/lang/en_GB.res" 761
"../../../Engine/Content/Internationalization/icudt64l/region/en_GB.res" 762
"../../../Engine/Content/Internationalization/icudt64l/windowsZones.res" 763
"../../../Engine/Content/Internationalization/icudt64l/zoneinfo64.res" 764
"../../../Engine/Content/Internationalization/icudt64l/keyTypeData.res" 765
"../../../Engine/Content/Internationalization/icudt64l/timezoneTypes.res" 766
"../../../Engine/Content/Internationalization/icudt64l/likelySubtags.res" 767
"../../../Engine/Content/Internationalization/icudt64l/en_GB.res" 768
"../../../Engine/Content/Internationalization/icudt64l/pool.res" 769
"../../../Engine/Content/Internationalization/icudt64l/en_001.res" 770
"../../../Engine/Content/Internationalization/icudt64l/en.res" 771
"../../../Engine/Content/Internationalization/icudt64l/root.res" 772
"../../../Engine/Content/Internationalization/icudt64l/supplementalData.res" 773
"../../../Engine/Config/ConfigRedirects.ini" 774
"C:/Users/conor/AppData/Local/UnrealEngine/5.6/Saved/Config/WindowsEditor/Manifest.ini" 775
"../../../Engine/Config/BaseEngine.ini" 776
"../../../Engine/Config/Windows/BaseWindowsEngine.ini" 777
"C:/Users/conor/OneDrive/Desktop/Documents/GitHub/3D-Platformer-Semester-2/3DPlatformer/Config/DefaultEngine.ini" 778
"../../../Engine/Config/BaseGame.ini" 779
"C:/Users/conor/OneDrive/Desktop/Documents/GitHub/3D-Platformer-Semester-2/3DPlatformer/Config/DefaultGame.ini" 780
"../../../Engine/Config/Windows/WindowsGame.ini" 781
"C:/Users/conor/OneDrive/Desktop/Documents/GitHub/3D-Platformer-Semester-2/3DPlatformer/Saved/Config/WindowsEditor/Game.ini" 782
"../../../Engine/Config/BaseInput.ini" 783
"../../../Engine/Config/Windows/BaseWindowsInput.ini" 784
"C:/Users/conor/OneDrive/Desktop/Documents/GitHub/3D-Platformer-Semester-2/3DPlatformer/Config/DefaultInput.ini" 785
"../../../Engine/Config/Windows/WindowsInput.ini" 786
"C:/Users/conor/OneDrive/Desktop/Documents/GitHub/3D-Platformer-Semester-2/3DPlatformer/Saved/Config/WindowsEditor/Input.ini" 787
"../../../Engine/Config/BaseDeviceProfiles.ini" 788
"../../../Engine/Config/BaseGameUserSettings.ini" 789
"C:/Users/conor/OneDrive/Desktop/Documents/GitHub/3D-Platformer-Semester-2/3DPlatformer/Saved/Config/WindowsEditor/GameUserSettings.ini" 790
"../../../Engine/Config/BaseScalability.ini" 791
"../../../Engine/Config/BaseRuntimeOptions.ini" 792
"../../../Engine/Config/BaseInstallBundle.ini" 793
"../../../Engine/Config/BaseHardware.ini" 794
"../../../Engine/Config/BaseCompat.ini" 795
"../../../Engine/Config/BaseLightmass.ini" 796
"../../../Engine/Config/BaseEditor.ini" 797
"C:/Users/conor/OneDrive/Desktop/Documents/GitHub/3D-Platformer-Semester-2/3DPlatformer/Config/DefaultEditor.ini" 798
"C:/Users/conor/OneDrive/Desktop/Documents/GitHub/3D-Platformer-Semester-2/3DPlatformer/Saved/Config/WindowsEditor/Editor.ini" 799
"../../../Engine/Config/BaseMaterialExpressions.ini" 800
"../../../Engine/Config/BaseEditorPerProjectUserSettings.ini" 801
"C:/Users/conor/OneDrive/Desktop/Documents/GitHub/3D-Platformer-Semester-2/3DPlatformer/Config/DefaultEditorPerProjectUserSettings.ini" 802
"../../../Engine/Config/Windows/WindowsEditorPerProjectUserSettings.ini" 803
"C:/Users/conor/OneDrive/Desktop/Documents/GitHub/3D-Platformer-Semester-2/3DPlatformer/Saved/Config/WindowsEditor/EditorPerProjectUserSettings.ini" 804
"../../../Engine/Config/BaseEditorSettings.ini" 805
"../../../Engine/Config/Windows/WindowsEditorSettings.ini" 806
"C:/Users/conor/AppData/Local/UnrealEngine/5.6/Saved/Config/WindowsEditor/EditorSettings.ini" 807
"../../../Engine/Config/BaseEditorKeyBindings.ini" 808
"C:/Users/conor/AppData/Local/UnrealEngine/5.6/Saved/Config/WindowsEditor/EditorKeyBindings.ini" 809
"C:/Users/conor/AppData/Local/UnrealEngine/5.6/Saved/Config/WindowsEditor/EditorLayout.ini" 810
"../../../Engine/Config/IOS/BaseIOSEngine.ini" 811
"../../../Engine/Config/Android/BaseAndroidEngine.ini" 812
"../../../Engine/Config/TVOS/TVOSEngine.ini" 813
"../../../Engine/Config/Android/AndroidEngine.ini" 814
"../../../Engine/Config/IOS/BaseIOSGame.ini" 815
"../../../Engine/Config/Linux/BaseLinuxEngine.ini" 816
"../../../Engine/Config/Mac/BaseMacEngine.ini" 817
"../../../Engine/Config/Android/BaseAndroidGame.ini" 818
"../../../Engine/Config/IOS/IOSGame.ini" 819
"../../../Engine/Config/Unix/UnixEngine.ini" 820
"../../../Engine/Config/Linux/LinuxEngine.ini" 821
"../../../Engine/Config/IOS/BaseIOSInput.ini" 822
"../../../Engine/Config/Android/BaseAndroidInput.ini" 823
"../../../Engine/Config/Linux/LinuxGame.ini" 824
"../../../Engine/Config/Mac/MacGame.ini" 825
"../../../Engine/Config/Mac/BaseMacInput.ini" 826
"../../../Engine/Config/IOS/IOSScalability.ini" 827
"../../../Engine/Config/Android/AndroidScalability.ini" 828
"../../../Engine/Platforms/VisionOS/Config/BaseVisionOSEngine.ini" 829
"../../../Engine/Platforms/VisionOS/Config/VisionOSEngine.ini" 830
"../../../Engine/Config/IOS/BaseIOSInstallBundle.ini" 831
"../../../Engine/Config/Android/BaseAndroidInstallBundle.ini" 832
"C:/Users/conor/OneDrive/Desktop/Documents/GitHub/3D-Platformer-Semester-2/3DPlatformer/Binaries/Win64/MyProject-Win64-Shipping.target" 833
"C:/Users/conor/OneDrive/Desktop/Documents/GitHub/3D-Platformer-Semester-2/3DPlatformer/Binaries/Win64/MyProject.target" 834
"../../../Engine/Binaries/Win64/BootstrapPackagedGame-Win64-Shipping.target" 835
"../../../Engine/Binaries/Win64/BuildPatchTool-Win64-Shipping.target" 836
"../../../Engine/Binaries/Win64/CrashReportClient-Win64-Shipping.target" 837
"../../../Engine/Binaries/Win64/CrashReportClientEditor-Win64-Shipping.target" 838
"../../../Engine/Binaries/Win64/DatasmithCADWorker.target" 839
"../../../Engine/Binaries/Win64/EpicWebHelper-Win64-Shipping.target" 840
"../../../Engine/Binaries/Win64/InterchangeWorker.target" 841
"../../../Engine/Binaries/Win64/LiveCodingConsole.target" 842
"../../../Engine/Binaries/Win64/LiveLinkHub.target" 843
"../../../Engine/Binaries/Win64/ShaderCompileWorker.target" 844
"../../../Engine/Binaries/Win64/SwitchboardListener.target" 845
"../../../Engine/Binaries/Win64/SwitchboardListenerHelper.target" 846
"../../../Engine/Binaries/Win64/UnrealEditor-Win64-DebugGame.target" 847
"../../../Engine/Binaries/Win64/UnrealEditor.target" 848
"../../../Engine/Config/PluginBase.ini" 849
"../../../Engine/Plugins/ChaosVD/Config/DefaultChaosVD.ini" 850
"../../../Engine/Plugins/EnhancedInput/Config/BaseEnhancedInput.ini" 851
"../../../Engine/Plugins/Fab/Config/BaseFab.ini" 852
"../../../Engine/Plugins/TraceUtilities/Config/BaseTraceUtilities.ini" 853
"../../../Engine/Plugins/Interchange/Assets/Config/BaseInterchangeAssets.ini" 854
"../../../Engine/Plugins/Interchange/Runtime/Config/BaseInterchange.ini" 855
"../../../Engine/Plugins/Animation/ControlRig/Config/BaseControlRig.ini" 856
"../../../Engine/Plugins/Animation/DeformerGraph/Config/BaseDeformerGraph.ini" 857
"../../../Engine/Plugins/Animation/IKRig/Config/BaseIKRig.ini" 858
"../../../Engine/Plugins/Experimental/FullBodyIK/Config/BaseFullBodyIK.ini" 859
"../../../Engine/Plugins/Experimental/ToolPresets/Config/BaseToolPresets.ini" 860
"../../../Engine/Plugins/FX/Niagara/Config/BaseNiagara.ini" 861
"C:/Users/conor/OneDrive/Desktop/Documents/GitHub/3D-Platformer-Semester-2/3DPlatformer/Saved/Config/WindowsEditor/Niagara.ini" 862
"../../../Engine/Plugins/VirtualProduction/CameraCalibrationCore/Config/BaseCameraCalibrationCore.ini" 863
"../../../Engine/Plugins/VirtualProduction/Takes/Config/BaseTakes.ini" 864
"../../../Engine/Plugins/Runtime/GameplayStateTree/Config/BaseGameplayStateTree.ini" 865
"../../../Engine/Plugins/Runtime/HairStrands/Config/BaseHairStrands.ini" 866
"../../../Engine/Plugins/Runtime/Metasound/Config/BaseMetasound.ini" 867
"../../../Engine/Plugins/Runtime/Metasound/Config/DefaultMetasound.ini" 868
"../../../Engine/Plugins/Runtime/PropertyBindingUtils/Config/BasePropertyBindingUtils.ini" 869
"../../../Engine/Plugins/Runtime/RigVM/Config/BaseRigVM.ini" 870
"../../../Engine/Plugins/Runtime/StateTree/Config/BaseStateTree.ini" 871
"../../../Engine/Plugins/Runtime/Synthesis/Config/BaseSynthesis.ini" 872
"../../../Engine/Plugins/2D/Paper2D/Config/BasePaper2D.ini" 873
"../../../Engine/Plugins/Cameras/GameplayCameras/Config/BaseGameplayCameras.ini" 874
"../../../Engine/Plugins/Editor/EditorScriptingUtilities/Config/BaseEditorScriptingUtilities.ini" 875
"../../../Engine/Plugins/Enterprise/DatasmithContent/Config/BaseDatasmithContent.ini" 876
"../../../Engine/Plugins/Enterprise/GLTFExporter/Config/BaseGLTFExporter.ini" 877
"../../../Engine/Plugins/Enterprise/GLTFExporter/Config/DefaultGLTFExporter.ini" 878
"../../../Engine/Plugins/Enterprise/VariantManagerContent/Config/BaseVariantManagerContent.ini" 879
"../../../Engine/Plugins/MetaHuman/MetaHumanSDK/Config/BaseMetaHumanSDK.ini" 880
"../../../Engine/Plugins/Experimental/Compositing/CompositeCore/Config/BaseCompositeCore.ini" 881
"../../../Engine/Plugins/ChaosVD/Config/Engine.ini" 882
"../../../Engine/Plugins/EnhancedInput/Config/Input.ini" 883
"../../../Engine/Plugins/Runtime/InputDebugging/Config/Input.ini" 884
"../../../Engine/Plugins/Runtime/Windows/XInputDevice/Config/Input.ini" 885
"../../../Engine/Plugins/NNE/NNEDenoiser/Config/Game.ini" 886
"../../../Engine/Plugins/Runtime/RigVM/Config/Editor.ini" 887
"../../../Engine/Plugins/Online/OnlineSubsystemUtils/Config/Editor.ini" 888
"../../../Engine/Plugins/Editor/ModelingToolsEditorMode/Binaries/Win64/UnrealEditor.modules" 889
"../../../Engine/Plugins/Runtime/MeshModelingToolset/Binaries/Win64/UnrealEditor.modules" 890
"../../../Engine/Plugins/Experimental/MeshModelingToolsetExp/Binaries/Win64/UnrealEditor.modules" 891
"../../../Engine/Plugins/Editor/MeshLODToolset/Binaries/Win64/UnrealEditor.modules" 892
"../../../Engine/Plugins/Experimental/ToolPresets/Binaries/Win64/UnrealEditor.modules" 893
"../../../Engine/Plugins/Editor/StylusInput/Binaries/Win64/UnrealEditor.modules" 894
"../../../Engine/Plugins/Runtime/GeometryProcessing/Binaries/Win64/UnrealEditor.modules" 895
"../../../Engine/Plugins/Editor/ProxyLODPlugin/Binaries/Win64/UnrealEditor.modules" 896
"../../../Engine/Plugins/Experimental/PlanarCutPlugin/Binaries/Win64/UnrealEditor.modules" 897
"../../../Engine/Plugins/Runtime/GeometryCache/Binaries/Win64/UnrealEditor.modules" 898
"../../../Engine/Plugins/Experimental/GeometryFlow/Binaries/Win64/UnrealEditor.modules" 899
"../../../Engine/Plugins/Editor/EditorScriptingUtilities/Binaries/Win64/UnrealEditor.modules" 900
"../../../Engine/Plugins/FX/Niagara/Binaries/Win64/UnrealEditor.modules" 901
"../../../Engine/Plugins/Experimental/PythonScriptPlugin/Binaries/Win64/UnrealEditor.modules" 902
"../../../Engine/Plugins/Editor/ContentBrowser/ContentBrowserFileDataSource/Binaries/Win64/UnrealEditor.modules" 903
"../../../Engine/Plugins/Runtime/GameplayStateTree/Binaries/Win64/UnrealEditor.modules" 904
"../../../Engine/Plugins/Runtime/StateTree/Binaries/Win64/UnrealEditor.modules" 905
"../../../Engine/Plugins/Animation/GameplayInsights/Binaries/Win64/UnrealEditor.modules" 906
"../../../Engine/Plugins/Runtime/PropertyAccess/Binaries/Win64/UnrealEditor.modules" 907
"../../../Engine/Plugins/Runtime/PropertyBindingUtils/Binaries/Win64/UnrealEditor.modules" 908
"../../../Engine/Plugins/Bridge/Binaries/Win64/UnrealEditor.modules" 909
"../../../Engine/Plugins/MetaHuman/MetaHumanSDK/Binaries/Win64/UnrealEditor.modules" 910
"../../../Engine/Plugins/Animation/ControlRig/Binaries/Win64/UnrealEditor.modules" 911
"../../../Engine/Plugins/Runtime/HairStrands/Binaries/Win64/UnrealEditor.modules" 912
"../../../Engine/Plugins/Animation/RigLogic/Binaries/Win64/UnrealEditor.modules" 913
"../../../Engine/Plugins/Online/EOSShared/Binaries/Win64/UnrealEditor.modules" 914
"../../../Engine/Plugins/Runtime/RigVM/Binaries/Win64/UnrealEditor.modules" 915
"../../../Engine/Plugins/MovieScene/LevelSequenceEditor/Binaries/Win64/UnrealEditor.modules" 916
"../../../Engine/Plugins/MovieScene/SequencerScripting/Binaries/Win64/UnrealEditor.modules" 917
"../../../Engine/Plugins/Animation/TweeningUtils/Binaries/Win64/UnrealEditor.modules" 918
"../../../Engine/Plugins/Animation/DeformerGraph/Binaries/Win64/UnrealEditor.modules" 919
"../../../Engine/Plugins/Experimental/Dataflow/Binaries/Win64/UnrealEditor.modules" 920
"../../../Engine/Plugins/Runtime/ComputeFramework/Binaries/Win64/UnrealEditor.modules" 921
"../../../Engine/Plugins/Experimental/CharacterFXEditor/BaseCharacterFXEditor/Binaries/Win64/UnrealEditor.modules" 922
"../../../Engine/Plugins/Runtime/ProceduralMeshComponent/Binaries/Win64/UnrealEditor.modules" 923
"../../../Engine/Plugins/Experimental/ChaosCaching/Binaries/Win64/UnrealEditor.modules" 924
"../../../Engine/Plugins/Experimental/EditorDataStorage/Binaries/Win64/UnrealEditor.modules" 925
"../../../Engine/Plugins/Experimental/EditorDataStorageFeatures/Binaries/Win64/UnrealEditor.modules" 926
"../../../Engine/Plugins/VirtualProduction/Takes/Binaries/Win64/UnrealEditor.modules" 927
"../../../Engine/Plugins/Runtime/AudioCapture/Binaries/Win64/UnrealEditor.modules" 928
"../../../Engine/Plugins/Developer/NamingTokens/Binaries/Win64/UnrealEditor.modules" 929
"../../../Engine/Plugins/Editor/EngineAssetDefinitions/Binaries/Win64/UnrealEditor.modules" 930
"../../../Engine/Plugins/ChaosCloth/Binaries/Win64/UnrealEditor.modules" 931
"../../../Engine/Plugins/ChaosInsights/Binaries/Win64/UnrealEditor.modules" 932
"../../../Engine/Plugins/ChaosVD/Binaries/Win64/UnrealEditor.modules" 933
"../../../Engine/Plugins/CmdLinkServer/Binaries/Win64/UnrealEditor.modules" 934
"../../../Engine/Plugins/EnhancedInput/Binaries/Win64/UnrealEditor.modules" 935
"../../../Engine/Plugins/Editor/DataValidation/Binaries/Win64/UnrealEditor.modules" 936
"../../../Engine/Plugins/Fab/Binaries/Win64/UnrealEditor.modules" 937
"../../../Engine/Plugins/Interchange/Runtime/Binaries/Win64/UnrealEditor.modules" 938
"../../../Engine/Plugins/Enterprise/VariantManagerContent/Binaries/Win64/UnrealEditor.modules" 939
"../../../Engine/Plugins/Enterprise/VariantManager/Binaries/Win64/UnrealEditor.modules" 940
"../../../Engine/Plugins/Interchange/Assets/Binaries/Win64/UnrealEditor.modules" 941
"../../../Engine/Plugins/FastBuildController/Binaries/Win64/UnrealEditor.modules" 942
"../../../Engine/Plugins/IoStoreInsights/Binaries/Win64/UnrealEditor.modules" 943
"../../../Engine/Plugins/MassInsights/Binaries/Win64/UnrealEditor.modules" 944
"../../../Engine/Plugins/MeshPainting/Binaries/Win64/UnrealEditor.modules" 945
"../../../Engine/Plugins/Interchange/Editor/Binaries/Win64/UnrealEditor.modules" 946
"../../../Engine/Plugins/RenderGraphInsights/Binaries/Win64/UnrealEditor.modules" 947
"../../../Engine/Plugins/UbaController/Binaries/Win64/UnrealEditor.modules" 948
"../../../Engine/Plugins/TraceUtilities/Binaries/Win64/UnrealEditor.modules" 949
"../../../Engine/Plugins/XGEController/Binaries/Win64/UnrealEditor.modules" 950
"../../../Engine/Plugins/WorldMetrics/Binaries/Win64/UnrealEditor.modules" 951
"../../../Engine/Plugins/AI/AISupport/Binaries/Win64/UnrealEditor.modules" 952
"../../../Engine/Plugins/Developer/AnimationSharing/Binaries/Win64/UnrealEditor.modules" 953
"../../../Engine/Plugins/Runtime/SignificanceManager/Binaries/Win64/UnrealEditor.modules" 954
"../../../Engine/Plugins/Developer/CLionSourceCodeAccess/Binaries/Win64/UnrealEditor.modules" 955
"../../../Engine/Plugins/AI/EnvironmentQueryEditor/Binaries/Win64/UnrealEditor.modules" 956
"../../../Engine/Plugins/Developer/DumpGPUServices/Binaries/Win64/UnrealEditor.modules" 957
"../../../Engine/Plugins/Developer/N10XSourceCodeAccess/Binaries/Win64/UnrealEditor.modules" 958
"../../../Engine/Plugins/Developer/PerforceSourceControl/Binaries/Win64/UnrealEditor.modules" 959
"../../../Engine/Plugins/Developer/PixWinPlugin/Binaries/Win64/UnrealEditor.modules" 960
"../../../Engine/Plugins/Developer/PlasticSourceControl/Binaries/Win64/UnrealEditor.modules" 961
"../../../Engine/Plugins/Developer/PluginUtils/Binaries/Win64/UnrealEditor.modules" 962
"../../../Engine/Plugins/Developer/ProjectLauncher/Binaries/Win64/UnrealEditor.modules" 963
"../../../Engine/Plugins/Developer/PropertyAccessNode/Binaries/Win64/UnrealEditor.modules" 964
"../../../Engine/Plugins/Developer/RenderDocPlugin/Binaries/Win64/UnrealEditor.modules" 965
"../../../Engine/Plugins/Developer/RiderSourceCodeAccess/Binaries/Win64/UnrealEditor.modules" 966
"../../../Engine/Plugins/Developer/SubversionSourceControl/Binaries/Win64/UnrealEditor.modules" 967
"../../../Engine/Plugins/Developer/GitSourceControl/Binaries/Win64/UnrealEditor.modules" 968
"../../../Engine/Plugins/Developer/UObjectPlugin/Binaries/Win64/UnrealEditor.modules" 969
"../../../Engine/Plugins/Developer/VisualStudioSourceCodeAccess/Binaries/Win64/UnrealEditor.modules" 970
"../../../Engine/Plugins/Developer/TextureFormatOodle/Binaries/Win64/UnrealEditor.modules" 971
"../../../Engine/Plugins/Developer/VisualStudioCodeSourceCodeAccess/Binaries/Win64/UnrealEditor.modules" 972
"../../../Engine/Plugins/MovieScene/ActorSequence/Binaries/Win64/UnrealEditor.modules" 973
"../../../Engine/Plugins/Portal/LauncherChunkInstaller/Binaries/Win64/UnrealEditor.modules" 974
"../../../Engine/Plugins/Animation/ACLPlugin/Binaries/Win64/UnrealEditor.modules" 975
"../../../Engine/Plugins/Animation/AnimationModifierLibrary/Binaries/Win64/UnrealEditor.modules" 976
"../../../Engine/Plugins/Animation/AnimationData/Binaries/Win64/UnrealEditor.modules" 977
"../../../Engine/Plugins/Animation/BlendSpaceMotionAnalysis/Binaries/Win64/UnrealEditor.modules" 978
"../../../Engine/Plugins/Animation/ControlRigSpline/Binaries/Win64/UnrealEditor.modules" 979
"../../../Engine/Plugins/Animation/IKRig/Binaries/Win64/UnrealEditor.modules" 980
"../../../Engine/Plugins/Experimental/FullBodyIK/Binaries/Win64/UnrealEditor.modules" 981
"../../../Engine/Plugins/Animation/SkeletalMeshModelingTools/Binaries/Win64/UnrealEditor.modules" 982
"../../../Engine/Plugins/Experimental/AdvancedRenamer/Binaries/Win64/UnrealEditor.modules" 983
"../../../Engine/Plugins/Experimental/AutomationUtils/Binaries/Win64/UnrealEditor.modules" 984
"../../../Engine/Plugins/Experimental/BackChannel/Binaries/Win64/UnrealEditor.modules" 985
"../../../Engine/Plugins/Experimental/ChaosEditor/Binaries/Win64/UnrealEditor.modules" 986
"../../../Engine/Plugins/Experimental/GeometryCollectionPlugin/Binaries/Win64/UnrealEditor.modules" 987
"../../../Engine/Plugins/Experimental/Fracture/Binaries/Win64/UnrealEditor.modules" 988
"../../../Engine/Plugins/Experimental/ChaosSolverPlugin/Binaries/Win64/UnrealEditor.modules" 989
"../../../Engine/Plugins/Experimental/GeometryDataflow/Binaries/Win64/UnrealEditor.modules" 990
"../../../Engine/Plugins/Experimental/ChaosNiagara/Binaries/Win64/UnrealEditor.modules" 991
"../../../Engine/Plugins/Experimental/ChaosUserDataPT/Binaries/Win64/UnrealEditor.modules" 992
"../../../Engine/Plugins/Experimental/CharacterAI/Binaries/Win64/UnrealEditor.modules" 993
"../../../Engine/Plugins/Experimental/EditorTelemetry/Binaries/Win64/UnrealEditor.modules" 994
"../../../Engine/Plugins/Experimental/EditorPerformance/Binaries/Win64/UnrealEditor.modules" 995
"../../../Engine/Plugins/Experimental/LevelSequenceNavigatorBridge/Binaries/Win64/UnrealEditor.modules" 996
"../../../Engine/Plugins/Experimental/SequenceNavigator/Binaries/Win64/UnrealEditor.modules" 997
"../../../Engine/Plugins/Experimental/LocalizableMessage/Binaries/Win64/UnrealEditor.modules" 998
"../../../Engine/Plugins/Experimental/NFORDenoise/Binaries/Win64/UnrealEditor.modules" 999
"../../../Engine/Plugins/Experimental/PlatformCrypto/Binaries/Win64/UnrealEditor.modules" 1000
"../../../Engine/Plugins/Experimental/RuntimeTelemetry/Binaries/Win64/UnrealEditor.modules" 1001
"../../../Engine/Plugins/Experimental/SkeletalReduction/Binaries/Win64/UnrealEditor.modules" 1002
"../../../Engine/Plugins/Messaging/UdpMessaging/Binaries/Win64/UnrealEditor.modules" 1003
"../../../Engine/Plugins/Messaging/TcpMessaging/Binaries/Win64/UnrealEditor.modules" 1004
"../../../Engine/Plugins/Compression/OodleNetwork/Binaries/Win64/UnrealEditor.modules" 1005
"../../../Engine/Plugins/Tests/InterchangeTests/Binaries/Win64/UnrealEditor.modules" 1006
"../../../Engine/Plugins/FX/Cascade/Binaries/Win64/UnrealEditor.modules" 1007
"../../../Engine/Plugins/NNE/NNEDenoiser/Binaries/Win64/UnrealEditor.modules" 1008
"../../../Engine/Plugins/NNE/NNERuntimeORT/Binaries/Win64/UnrealEditor.modules" 1009
"../../../Engine/Plugins/FX/NiagaraSimCaching/Binaries/Win64/UnrealEditor.modules" 1010
"../../../Engine/Plugins/Runtime/ActorLayerUtilities/Binaries/Win64/UnrealEditor.modules" 1011
"../../../Engine/Plugins/Runtime/AndroidDeviceProfileSelector/Binaries/Win64/UnrealEditor.modules" 1012
"../../../Engine/Plugins/Runtime/AndroidFileServer/Binaries/Win64/UnrealEditor.modules" 1013
"../../../Engine/Plugins/Runtime/AndroidPermission/Binaries/Win64/UnrealEditor.modules" 1014
"../../../Engine/Plugins/Runtime/AppleImageUtils/Binaries/Win64/UnrealEditor.modules" 1015
"../../../Engine/Plugins/Runtime/AssetTags/Binaries/Win64/UnrealEditor.modules" 1016
"../../../Engine/Plugins/Runtime/ArchVisCharacter/Binaries/Win64/UnrealEditor.modules" 1017
"../../../Engine/Plugins/Runtime/CableComponent/Binaries/Win64/UnrealEditor.modules" 1018
"../../../Engine/Plugins/Runtime/ChunkDownloader/Binaries/Win64/UnrealEditor.modules" 1019
"../../../Engine/Plugins/Runtime/CustomMeshComponent/Binaries/Win64/UnrealEditor.modules" 1020
"../../../Engine/Plugins/Runtime/ExampleDeviceProfileSelector/Binaries/Win64/UnrealEditor.modules" 1021
"../../../Engine/Plugins/Runtime/InputDebugging/Binaries/Win64/UnrealEditor.modules" 1022
"../../../Engine/Plugins/Runtime/LocationServicesBPLibrary/Binaries/Win64/UnrealEditor.modules" 1023
"../../../Engine/Plugins/Runtime/GooglePAD/Binaries/Win64/UnrealEditor.modules" 1024
"../../../Engine/Plugins/Runtime/Metasound/Binaries/Win64/UnrealEditor.modules" 1025
"../../../Engine/Plugins/Runtime/AudioWidgets/Binaries/Win64/UnrealEditor.modules" 1026
"../../../Engine/Plugins/Runtime/AudioSynesthesia/Binaries/Win64/UnrealEditor.modules" 1027
"../../../Engine/Plugins/Editor/ContentBrowser/ContentBrowserAssetDataSource/Binaries/Win64/UnrealEditor.modules" 1028
"../../../Engine/Plugins/Runtime/WaveTable/Binaries/Win64/UnrealEditor.modules" 1029
"../../../Engine/Plugins/Runtime/MobilePatchingUtils/Binaries/Win64/UnrealEditor.modules" 1030
"../../../Engine/Plugins/Runtime/MsQuic/Binaries/Win64/UnrealEditor.modules" 1031
"../../../Engine/Plugins/Runtime/ResonanceAudio/Binaries/Win64/UnrealEditor.modules" 1032
"../../../Engine/Plugins/Runtime/SoundFields/Binaries/Win64/UnrealEditor.modules" 1033
"../../../Engine/Plugins/Runtime/Synthesis/Binaries/Win64/UnrealEditor.modules" 1034
"../../../Engine/Plugins/Runtime/WindowsDeviceProfileSelector/Binaries/Win64/UnrealEditor.modules" 1035
"../../../Engine/Plugins/Runtime/WindowsMoviePlayer/Binaries/Win64/UnrealEditor.modules" 1036
"../../../Engine/Plugins/2D/Paper2D/Binaries/Win64/UnrealEditor.modules" 1037
"../../../Engine/Plugins/Runtime/WebMMoviePlayer/Binaries/Win64/UnrealEditor.modules" 1038
"../../../Engine/Plugins/Media/WebMMedia/Binaries/Win64/UnrealEditor.modules" 1039
"../../../Engine/Plugins/Cameras/EngineCameras/Binaries/Win64/UnrealEditor.modules" 1040
"../../../Engine/Plugins/MovieScene/TemplateSequence/Binaries/Win64/UnrealEditor.modules" 1041
"../../../Engine/Plugins/Cameras/GameplayCameras/Binaries/Win64/UnrealEditor.modules" 1042
"../../../Engine/Plugins/VirtualProduction/CameraCalibrationCore/Binaries/Win64/UnrealEditor.modules" 1043
"../../../Engine/Plugins/Editor/AssetManagerEditor/Binaries/Win64/UnrealEditor.modules" 1044
"../../../Engine/Plugins/Cameras/CameraShakePreviewer/Binaries/Win64/UnrealEditor.modules" 1045
"../../../Engine/Plugins/Editor/BlueprintHeaderView/Binaries/Win64/UnrealEditor.modules" 1046
"../../../Engine/Plugins/Editor/ChangelistReview/Binaries/Win64/UnrealEditor.modules" 1047
"../../../Engine/Plugins/Editor/ColorGrading/Binaries/Win64/UnrealEditor.modules" 1048
"../../../Engine/Plugins/Editor/ObjectMixer/ObjectMixer/Binaries/Win64/UnrealEditor.modules" 1049
"../../../Engine/Plugins/Editor/CryptoKeys/Binaries/Win64/UnrealEditor.modules" 1050
"../../../Engine/Plugins/Editor/CurveEditorTools/Binaries/Win64/UnrealEditor.modules" 1051
"../../../Engine/Plugins/Editor/EditorDebugTools/Binaries/Win64/UnrealEditor.modules" 1052
"../../../Engine/Plugins/Editor/FacialAnimation/Binaries/Win64/UnrealEditor.modules" 1053
"../../../Engine/Plugins/Editor/GameplayTagsEditor/Binaries/Win64/UnrealEditor.modules" 1054
"../../../Engine/Plugins/Editor/GeometryMode/Binaries/Win64/UnrealEditor.modules" 1055
"../../../Engine/Plugins/Editor/MaterialAnalyzer/Binaries/Win64/UnrealEditor.modules" 1056
"../../../Engine/Plugins/Editor/PluginBrowser/Binaries/Win64/UnrealEditor.modules" 1057
"../../../Engine/Plugins/Editor/SequencerAnimTools/Binaries/Win64/UnrealEditor.modules" 1058
"../../../Engine/Plugins/Editor/SpeedTreeImporter/Binaries/Win64/UnrealEditor.modules" 1059
"../../../Engine/Plugins/Editor/WorldPartitionHLODUtilities/Binaries/Win64/UnrealEditor.modules" 1060
"../../../Engine/Plugins/Editor/UMGWidgetPreview/Binaries/Win64/UnrealEditor.modules" 1061
"../../../Engine/Plugins/Editor/UVEditor/Binaries/Win64/UnrealEditor.modules" 1062
"../../../Engine/Plugins/Enterprise/DatasmithContent/Binaries/Win64/UnrealEditor.modules" 1063
"../../../Engine/Plugins/Enterprise/GLTFExporter/Binaries/Win64/UnrealEditor.modules" 1064
"../../../Engine/Plugins/Editor/MobileLauncherProfileWizard/Binaries/Win64/UnrealEditor.modules" 1065
"../../../Engine/Plugins/Media/AndroidMedia/Binaries/Win64/UnrealEditor.modules" 1066
"../../../Engine/Plugins/Importers/AlembicImporter/Binaries/Win64/UnrealEditor.modules" 1067
"../../../Engine/Plugins/Media/AvfMedia/Binaries/Win64/UnrealEditor.modules" 1068
"../../../Engine/Plugins/Media/ImgMedia/Binaries/Win64/UnrealEditor.modules" 1069
"../../../Engine/Plugins/Media/MediaPlayerEditor/Binaries/Win64/UnrealEditor.modules" 1070
"../../../Engine/Plugins/Media/MediaCompositing/Binaries/Win64/UnrealEditor.modules" 1071
"../../../Engine/Plugins/Media/MediaPlate/Binaries/Win64/UnrealEditor.modules" 1072
"../../../Engine/Plugins/Experimental/Compositing/CompositeCore/Binaries/Win64/UnrealEditor.modules" 1073
"../../../Engine/Plugins/Media/WmfMedia/Binaries/Win64/UnrealEditor.modules" 1074
"../../../Engine/Plugins/Online/OnlineBase/Binaries/Win64/UnrealEditor.modules" 1075
"../../../Engine/Plugins/Online/OnlineSubsystem/Binaries/Win64/UnrealEditor.modules" 1076
"../../../Engine/Plugins/Online/OnlineSubsystemNull/Binaries/Win64/UnrealEditor.modules" 1077
"../../../Engine/Plugins/Online/OnlineSubsystemUtils/Binaries/Win64/UnrealEditor.modules" 1078
"../../../Engine/Plugins/Online/OnlineServices/Binaries/Win64/UnrealEditor.modules" 1079
"../../../Engine/Plugins/Editor/Localization/PortableObjectFileDataSource/Binaries/Win64/UnrealEditor.modules" 1080
"../../../Engine/Plugins/Editor/ContentBrowser/ContentBrowserClassDataSource/Binaries/Win64/UnrealEditor.modules" 1081
"../../../Engine/Plugins/Runtime/Windows/XInputDevice/Binaries/Win64/UnrealEditor.modules" 1082
"../../../Engine/Plugins/Editor/ObjectMixer/LightMixer/Binaries/Win64/UnrealEditor.modules" 1083
"../../../Engine/Config/BaseSourceControlSettings.ini" 1084
"C:/Users/conor/AppData/Local/UnrealEngine/5.6/Saved/Config/WindowsEditor/SourceControlSettings.ini" 1085
"../../../Engine/Content/Internationalization/icudt64l/coll/ucadata.icu" 1086
"../../../Engine/Content/Internationalization/icudt64l/coll/en.res" 1087
"../../../Engine/Content/Internationalization/icudt64l/coll/root.res" 1088
"../../../Engine/Content/Certificates/ThirdParty/cacert.pem" 1089
"../../../Engine/Config/ConsoleVariables.ini" 1090
"../../../Engine/Binaries/Win64/Android/UnrealEditor.modules" 1091
"../../../Engine/Binaries/Win64/IOS/UnrealEditor.modules" 1092
"../../../Engine/Binaries/Win64/Linux/UnrealEditor.modules" 1093
"../../../Engine/Content/Localization/Editor/en/Editor.locres" 1094
"../../../Engine/Content/Localization/EditorTutorials/en/EditorTutorials.locres" 1095
"../../../Engine/Content/Localization/Keywords/en/Keywords.locres" 1096
"../../../Engine/Content/Localization/Category/en/Category.locres" 1097
"../../../Engine/Content/Localization/ToolTips/en/ToolTips.locres" 1098
"../../../Engine/Content/Localization/PropertyNames/en/PropertyNames.locres" 1099
"../../../Engine/Content/Localization/Engine/en/Engine.locres" 1100
"../../../Engine/Plugins/MetaHuman/MetaHumanSDK/Content/Localization/MetaHumanSDK/en/MetaHumanSDK.locres" 1101
"../../../Engine/Plugins/Online/OnlineSubsystem/Content/Localization/OnlineSubsystem/en/OnlineSubsystem.locres" 1102
"../../../Engine/Plugins/Online/OnlineSubsystemUtils/Content/Localization/OnlineSubsystemUtils/en/OnlineSubsystemUtils.locres" 1103
"../../../Engine/Plugins/Online/IOS/OnlineSubsystemIOS/Content/Localization/OnlineSubsystemIOS/en/OnlineSubsystemIOS.locres" 1104
"../../../Engine/Plugins/Online/Android/OnlineSubsystemGooglePlay/Content/Localization/OnlineSubsystemGooglePlay/en/OnlineSubsystemGooglePlay.locres" 1105
"../../../Engine/Content/Internationalization/icudt64l/en_IE.res" 1106
"../../../Engine/Content/Internationalization/icudt64l/numberingSystems.res" 1107
"../../../Engine/Content/Internationalization/icudt64l/curr/supplementalData.res" 1108
"../../../Engine/Content/Internationalization/icudt64l/curr/en_IE.res" 1109
"../../../Engine/Content/Internationalization/icudt64l/curr/pool.res" 1110
"../../../Engine/Content/Internationalization/icudt64l/curr/en_001.res" 1111
"../../../Engine/Content/Internationalization/icudt64l/curr/en.res" 1112
"../../../Engine/Content/Internationalization/icudt64l/curr/root.res" 1113
"../../../Engine/Content/Internationalization/icudt64l/lang/af.res" 1114
"../../../Engine/Content/Internationalization/icudt64l/region/af.res" 1115
"../../../Engine/Content/Internationalization/icudt64l/lang/agq.res" 1116
"../../../Engine/Content/Internationalization/icudt64l/region/agq.res" 1117
"../../../Engine/Content/Internationalization/icudt64l/lang/ak.res" 1118
"../../../Engine/Content/Internationalization/icudt64l/region/ak.res" 1119
"../../../Engine/Content/Internationalization/icudt64l/lang/am.res" 1120
"../../../Engine/Content/Internationalization/icudt64l/region/am.res" 1121
"../../../Engine/Content/Internationalization/icudt64l/lang/ar.res" 1122
"../../../Engine/Content/Internationalization/icudt64l/region/ar.res" 1123
"../../../Engine/Content/Internationalization/icudt64l/region/ar_AE.res" 1124
"../../../Engine/Content/Internationalization/icudt64l/lang/ar_EG.res" 1125
"../../../Engine/Content/Internationalization/icudt64l/lang/ar_LY.res" 1126
"../../../Engine/Content/Internationalization/icudt64l/region/ar_LY.res" 1127
"../../../Engine/Content/Internationalization/icudt64l/lang/ar_SA.res" 1128
"../../../Engine/Content/Internationalization/icudt64l/region/ar_SA.res" 1129
"../../../Engine/Content/Internationalization/icudt64l/lang/as.res" 1130
"../../../Engine/Content/Internationalization/icudt64l/region/as.res" 1131
"../../../Engine/Content/Internationalization/icudt64l/lang/asa.res" 1132
"../../../Engine/Content/Internationalization/icudt64l/region/asa.res" 1133
"../../../Engine/Content/Internationalization/icudt64l/lang/ast.res" 1134
"../../../Engine/Content/Internationalization/icudt64l/region/ast.res" 1135
"../../../Engine/Content/Internationalization/icudt64l/lang/az.res" 1136
"../../../Engine/Content/Internationalization/icudt64l/lang/az_Cyrl.res" 1137
"../../../Engine/Content/Internationalization/icudt64l/lang/az_AZ.res" 1138
"../../../Engine/Content/Internationalization/icudt64l/lang/az_Latn_AZ.res" 1139
"../../../Engine/Content/Internationalization/icudt64l/lang/az_Latn.res" 1140
"../../../Engine/Content/Internationalization/icudt64l/region/az_AZ.res" 1141
"../../../Engine/Content/Internationalization/icudt64l/region/az_Latn_AZ.res" 1142
"../../../Engine/Content/Internationalization/icudt64l/region/az_Latn.res" 1143
"../../../Engine/Content/Internationalization/icudt64l/region/az.res" 1144
"../../../Engine/Content/Internationalization/icudt64l/region/az_Cyrl.res" 1145
"../../../Engine/Content/Internationalization/icudt64l/lang/bas.res" 1146
"../../../Engine/Content/Internationalization/icudt64l/region/bas.res" 1147
"../../../Engine/Content/Internationalization/icudt64l/lang/be.res" 1148
"../../../Engine/Content/Internationalization/icudt64l/region/be.res" 1149
"../../../Engine/Content/Internationalization/icudt64l/lang/bem.res" 1150
"../../../Engine/Content/Internationalization/icudt64l/region/bem.res" 1151
"../../../Engine/Content/Internationalization/icudt64l/lang/bez.res" 1152
"../../../Engine/Content/Internationalization/icudt64l/region/bez.res" 1153
"../../../Engine/Content/Internationalization/icudt64l/lang/bg.res" 1154
"../../../Engine/Content/Internationalization/icudt64l/region/bg.res" 1155
"../../../Engine/Content/Internationalization/icudt64l/lang/bm.res" 1156
"../../../Engine/Content/Internationalization/icudt64l/region/bm.res" 1157
"../../../Engine/Content/Internationalization/icudt64l/lang/bn.res" 1158
"../../../Engine/Content/Internationalization/icudt64l/region/bn.res" 1159
"../../../Engine/Content/Internationalization/icudt64l/lang/bn_IN.res" 1160
"../../../Engine/Content/Internationalization/icudt64l/region/bn_IN.res" 1161
"../../../Engine/Content/Internationalization/icudt64l/lang/bo.res" 1162
"../../../Engine/Content/Internationalization/icudt64l/region/bo.res" 1163
"../../../Engine/Content/Internationalization/icudt64l/region/bo_IN.res" 1164
"../../../Engine/Content/Internationalization/icudt64l/lang/br.res" 1165
"../../../Engine/Content/Internationalization/icudt64l/region/br.res" 1166
"../../../Engine/Content/Internationalization/icudt64l/lang/brx.res" 1167
"../../../Engine/Content/Internationalization/icudt64l/region/brx.res" 1168
"../../../Engine/Content/Internationalization/icudt64l/lang/bs.res" 1169
"../../../Engine/Content/Internationalization/icudt64l/lang/bs_Cyrl.res" 1170
"../../../Engine/Content/Internationalization/icudt64l/lang/bs_BA.res" 1171
"../../../Engine/Content/Internationalization/icudt64l/lang/bs_Latn_BA.res" 1172
"../../../Engine/Content/Internationalization/icudt64l/lang/bs_Latn.res" 1173
"../../../Engine/Content/Internationalization/icudt64l/region/bs_BA.res" 1174
"../../../Engine/Content/Internationalization/icudt64l/region/bs_Latn_BA.res" 1175
"../../../Engine/Content/Internationalization/icudt64l/region/bs_Latn.res" 1176
"../../../Engine/Content/Internationalization/icudt64l/region/bs.res" 1177
"../../../Engine/Content/Internationalization/icudt64l/region/bs_Cyrl.res" 1178
"../../../Engine/Content/Internationalization/icudt64l/lang/ca.res" 1179
"../../../Engine/Content/Internationalization/icudt64l/region/ca.res" 1180
"../../../Engine/Content/Internationalization/icudt64l/lang/ccp.res" 1181
"../../../Engine/Content/Internationalization/icudt64l/region/ccp.res" 1182
"../../../Engine/Content/Internationalization/icudt64l/lang/ce.res" 1183
"../../../Engine/Content/Internationalization/icudt64l/region/ce.res" 1184
"../../../Engine/Content/Internationalization/icudt64l/lang/ceb.res" 1185
"../../../Engine/Content/Internationalization/icudt64l/region/ceb.res" 1186
"../../../Engine/Content/Internationalization/icudt64l/lang/cgg.res" 1187
"../../../Engine/Content/Internationalization/icudt64l/region/cgg.res" 1188
"../../../Engine/Content/Internationalization/icudt64l/lang/chr.res" 1189
"../../../Engine/Content/Internationalization/icudt64l/region/chr.res" 1190
"../../../Engine/Content/Internationalization/icudt64l/lang/ckb.res" 1191
"../../../Engine/Content/Internationalization/icudt64l/region/ckb.res" 1192
"../../../Engine/Content/Internationalization/icudt64l/lang/cs.res" 1193
"../../../Engine/Content/Internationalization/icudt64l/region/cs.res" 1194
"../../../Engine/Content/Internationalization/icudt64l/lang/cy.res" 1195
"../../../Engine/Content/Internationalization/icudt64l/region/cy.res" 1196
"../../../Engine/Content/Internationalization/icudt64l/lang/da.res" 1197
"../../../Engine/Content/Internationalization/icudt64l/region/da.res" 1198
"../../../Engine/Content/Internationalization/icudt64l/lang/dav.res" 1199
"../../../Engine/Content/Internationalization/icudt64l/region/dav.res" 1200
"../../../Engine/Content/Internationalization/icudt64l/lang/de.res" 1201
"../../../Engine/Content/Internationalization/icudt64l/lang/de_AT.res" 1202
"../../../Engine/Content/Internationalization/icudt64l/region/de_AT.res" 1203
"../../../Engine/Content/Internationalization/icudt64l/region/de.res" 1204
"../../../Engine/Content/Internationalization/icudt64l/lang/de_CH.res" 1205
"../../../Engine/Content/Internationalization/icudt64l/region/de_CH.res" 1206
"../../../Engine/Content/Internationalization/icudt64l/lang/de_LU.res" 1207
"../../../Engine/Content/Internationalization/icudt64l/lang/dje.res" 1208
"../../../Engine/Content/Internationalization/icudt64l/region/dje.res" 1209
"../../../Engine/Content/Internationalization/icudt64l/lang/dsb.res" 1210
"../../../Engine/Content/Internationalization/icudt64l/region/dsb.res" 1211
"../../../Engine/Content/Internationalization/icudt64l/lang/dua.res" 1212
"../../../Engine/Content/Internationalization/icudt64l/region/dua.res" 1213
"../../../Engine/Content/Internationalization/icudt64l/lang/dyo.res" 1214
"../../../Engine/Content/Internationalization/icudt64l/region/dyo.res" 1215
"../../../Engine/Content/Internationalization/icudt64l/lang/dz.res" 1216
"../../../Engine/Content/Internationalization/icudt64l/region/dz.res" 1217
"../../../Engine/Content/Internationalization/icudt64l/lang/ebu.res" 1218
"../../../Engine/Content/Internationalization/icudt64l/region/ebu.res" 1219
"../../../Engine/Content/Internationalization/icudt64l/lang/ee.res" 1220
"../../../Engine/Content/Internationalization/icudt64l/region/ee.res" 1221
"../../../Engine/Content/Internationalization/icudt64l/lang/el.res" 1222
"../../../Engine/Content/Internationalization/icudt64l/region/el.res" 1223
"../../../Engine/Content/Internationalization/icudt64l/lang/en_150.res" 1224
"../../../Engine/Content/Internationalization/icudt64l/region/en_150.res" 1225
"../../../Engine/Content/Internationalization/icudt64l/lang/en_AG.res" 1226
"../../../Engine/Content/Internationalization/icudt64l/region/en_AG.res" 1227
"../../../Engine/Content/Internationalization/icudt64l/lang/en_AI.res" 1228
"../../../Engine/Content/Internationalization/icudt64l/region/en_AI.res" 1229
"../../../Engine/Content/Internationalization/icudt64l/lang/en_AT.res" 1230
"../../../Engine/Content/Internationalization/icudt64l/region/en_AT.res" 1231
"../../../Engine/Content/Internationalization/icudt64l/lang/en_AU.res" 1232
"../../../Engine/Content/Internationalization/icudt64l/region/en_AU.res" 1233
"../../../Engine/Content/Internationalization/icudt64l/lang/en_BB.res" 1234
"../../../Engine/Content/Internationalization/icudt64l/region/en_BB.res" 1235
"../../../Engine/Content/Internationalization/icudt64l/lang/en_BE.res" 1236
"../../../Engine/Content/Internationalization/icudt64l/region/en_BE.res" 1237
"../../../Engine/Content/Internationalization/icudt64l/lang/en_BM.res" 1238
"../../../Engine/Content/Internationalization/icudt64l/region/en_BM.res" 1239
"../../../Engine/Content/Internationalization/icudt64l/lang/en_BS.res" 1240
"../../../Engine/Content/Internationalization/icudt64l/region/en_BS.res" 1241
"../../../Engine/Content/Internationalization/icudt64l/lang/en_BW.res" 1242
"../../../Engine/Content/Internationalization/icudt64l/region/en_BW.res" 1243
"../../../Engine/Content/Internationalization/icudt64l/lang/en_BZ.res" 1244
"../../../Engine/Content/Internationalization/icudt64l/region/en_BZ.res" 1245
"../../../Engine/Content/Internationalization/icudt64l/lang/en_CA.res" 1246
"../../../Engine/Content/Internationalization/icudt64l/region/en_CA.res" 1247
"../../../Engine/Content/Internationalization/icudt64l/lang/en_CC.res" 1248
"../../../Engine/Content/Internationalization/icudt64l/region/en_CC.res" 1249
"../../../Engine/Content/Internationalization/icudt64l/lang/en_CH.res" 1250
"../../../Engine/Content/Internationalization/icudt64l/region/en_CH.res" 1251
"../../../Engine/Content/Internationalization/icudt64l/lang/en_CK.res" 1252
"../../../Engine/Content/Internationalization/icudt64l/region/en_CK.res" 1253
"../../../Engine/Content/Internationalization/icudt64l/lang/en_CM.res" 1254
"../../../Engine/Content/Internationalization/icudt64l/region/en_CM.res" 1255
"../../../Engine/Content/Internationalization/icudt64l/lang/en_CX.res" 1256
"../../../Engine/Content/Internationalization/icudt64l/region/en_CX.res" 1257
"../../../Engine/Content/Internationalization/icudt64l/lang/en_CY.res" 1258
"../../../Engine/Content/Internationalization/icudt64l/region/en_CY.res" 1259
"../../../Engine/Content/Internationalization/icudt64l/lang/en_DE.res" 1260
"../../../Engine/Content/Internationalization/icudt64l/region/en_DE.res" 1261
"../../../Engine/Content/Internationalization/icudt64l/lang/en_DG.res" 1262
"../../../Engine/Content/Internationalization/icudt64l/region/en_DG.res" 1263
"../../../Engine/Content/Internationalization/icudt64l/lang/en_DK.res" 1264
"../../../Engine/Content/Internationalization/icudt64l/region/en_DK.res" 1265
"../../../Engine/Content/Internationalization/icudt64l/lang/en_DM.res" 1266
"../../../Engine/Content/Internationalization/icudt64l/region/en_DM.res" 1267
"../../../Engine/Content/Internationalization/icudt64l/lang/en_ER.res" 1268
"../../../Engine/Content/Internationalization/icudt64l/region/en_ER.res" 1269
"../../../Engine/Content/Internationalization/icudt64l/lang/en_FI.res" 1270
"../../../Engine/Content/Internationalization/icudt64l/region/en_FI.res" 1271
"../../../Engine/Content/Internationalization/icudt64l/lang/en_FJ.res" 1272
"../../../Engine/Content/Internationalization/icudt64l/region/en_FJ.res" 1273
"../../../Engine/Content/Internationalization/icudt64l/lang/en_FK.res" 1274
"../../../Engine/Content/Internationalization/icudt64l/region/en_FK.res" 1275
"../../../Engine/Content/Internationalization/icudt64l/lang/en_FM.res" 1276
"../../../Engine/Content/Internationalization/icudt64l/region/en_FM.res" 1277
"../../../Engine/Content/Internationalization/icudt64l/lang/en_GD.res" 1278
"../../../Engine/Content/Internationalization/icudt64l/region/en_GD.res" 1279
"../../../Engine/Content/Internationalization/icudt64l/lang/en_GG.res" 1280
"../../../Engine/Content/Internationalization/icudt64l/region/en_GG.res" 1281
"../../../Engine/Content/Internationalization/icudt64l/lang/en_GH.res" 1282
"../../../Engine/Content/Internationalization/icudt64l/region/en_GH.res" 1283
"../../../Engine/Content/Internationalization/icudt64l/lang/en_GI.res" 1284
"../../../Engine/Content/Internationalization/icudt64l/region/en_GI.res" 1285
"../../../Engine/Content/Internationalization/icudt64l/lang/en_GM.res" 1286
"../../../Engine/Content/Internationalization/icudt64l/region/en_GM.res" 1287
"../../../Engine/Content/Internationalization/icudt64l/lang/en_GY.res" 1288
"../../../Engine/Content/Internationalization/icudt64l/region/en_GY.res" 1289
"../../../Engine/Content/Internationalization/icudt64l/lang/en_HK.res" 1290
"../../../Engine/Content/Internationalization/icudt64l/region/en_HK.res" 1291
"../../../Engine/Content/Internationalization/icudt64l/lang/en_IL.res" 1292
"../../../Engine/Content/Internationalization/icudt64l/region/en_IL.res" 1293
"../../../Engine/Content/Internationalization/icudt64l/lang/en_IM.res" 1294
"../../../Engine/Content/Internationalization/icudt64l/region/en_IM.res" 1295
"../../../Engine/Content/Internationalization/icudt64l/lang/en_IN.res" 1296
"../../../Engine/Content/Internationalization/icudt64l/region/en_IN.res" 1297
"../../../Engine/Content/Internationalization/icudt64l/lang/en_IO.res" 1298
"../../../Engine/Content/Internationalization/icudt64l/region/en_IO.res" 1299
"../../../Engine/Content/Internationalization/icudt64l/lang/en_JE.res" 1300
"../../../Engine/Content/Internationalization/icudt64l/region/en_JE.res" 1301
"../../../Engine/Content/Internationalization/icudt64l/lang/en_JM.res" 1302
"../../../Engine/Content/Internationalization/icudt64l/region/en_JM.res" 1303
"../../../Engine/Content/Internationalization/icudt64l/lang/en_KE.res" 1304
"../../../Engine/Content/Internationalization/icudt64l/region/en_KE.res" 1305
"../../../Engine/Content/Internationalization/icudt64l/lang/en_KI.res" 1306
"../../../Engine/Content/Internationalization/icudt64l/region/en_KI.res" 1307
"../../../Engine/Content/Internationalization/icudt64l/lang/en_KN.res" 1308
"../../../Engine/Content/Internationalization/icudt64l/region/en_KN.res" 1309
"../../../Engine/Content/Internationalization/icudt64l/lang/en_KY.res" 1310
"../../../Engine/Content/Internationalization/icudt64l/region/en_KY.res" 1311
"../../../Engine/Content/Internationalization/icudt64l/lang/en_LC.res" 1312
"../../../Engine/Content/Internationalization/icudt64l/region/en_LC.res" 1313
"../../../Engine/Content/Internationalization/icudt64l/lang/en_LR.res" 1314
"../../../Engine/Content/Internationalization/icudt64l/region/en_LR.res" 1315
"../../../Engine/Content/Internationalization/icudt64l/lang/en_LS.res" 1316
"../../../Engine/Content/Internationalization/icudt64l/region/en_LS.res" 1317
"../../../Engine/Content/Internationalization/icudt64l/lang/en_MG.res" 1318
"../../../Engine/Content/Internationalization/icudt64l/region/en_MG.res" 1319
"../../../Engine/Content/Internationalization/icudt64l/lang/en_MO.res" 1320
"../../../Engine/Content/Internationalization/icudt64l/region/en_MO.res" 1321
"../../../Engine/Content/Internationalization/icudt64l/lang/en_MS.res" 1322
"../../../Engine/Content/Internationalization/icudt64l/region/en_MS.res" 1323
"../../../Engine/Content/Internationalization/icudt64l/lang/en_MT.res" 1324
"../../../Engine/Content/Internationalization/icudt64l/region/en_MT.res" 1325
"../../../Engine/Content/Internationalization/icudt64l/lang/en_MU.res" 1326
"../../../Engine/Content/Internationalization/icudt64l/region/en_MU.res" 1327
"../../../Engine/Content/Internationalization/icudt64l/lang/en_MW.res" 1328
"../../../Engine/Content/Internationalization/icudt64l/region/en_MW.res" 1329
"../../../Engine/Content/Internationalization/icudt64l/lang/en_MY.res" 1330
"../../../Engine/Content/Internationalization/icudt64l/region/en_MY.res" 1331
"../../../Engine/Content/Internationalization/icudt64l/lang/en_NA.res" 1332
"../../../Engine/Content/Internationalization/icudt64l/region/en_NA.res" 1333
"../../../Engine/Content/Internationalization/icudt64l/lang/en_NF.res" 1334
"../../../Engine/Content/Internationalization/icudt64l/region/en_NF.res" 1335
"../../../Engine/Content/Internationalization/icudt64l/lang/en_NG.res" 1336
"../../../Engine/Content/Internationalization/icudt64l/region/en_NG.res" 1337
"../../../Engine/Content/Internationalization/icudt64l/lang/en_NL.res" 1338
"../../../Engine/Content/Internationalization/icudt64l/region/en_NL.res" 1339
"../../../Engine/Content/Internationalization/icudt64l/lang/en_NR.res" 1340
"../../../Engine/Content/Internationalization/icudt64l/region/en_NR.res" 1341
"../../../Engine/Content/Internationalization/icudt64l/lang/en_NU.res" 1342
"../../../Engine/Content/Internationalization/icudt64l/region/en_NU.res" 1343
"../../../Engine/Content/Internationalization/icudt64l/lang/en_NZ.res" 1344
"../../../Engine/Content/Internationalization/icudt64l/region/en_NZ.res" 1345
"../../../Engine/Content/Internationalization/icudt64l/lang/en_PG.res" 1346
"../../../Engine/Content/Internationalization/icudt64l/region/en_PG.res" 1347
"../../../Engine/Content/Internationalization/icudt64l/lang/en_PH.res" 1348
"../../../Engine/Content/Internationalization/icudt64l/region/en_PH.res" 1349
"../../../Engine/Content/Internationalization/icudt64l/lang/en_PK.res" 1350
"../../../Engine/Content/Internationalization/icudt64l/region/en_PK.res" 1351
"../../../Engine/Content/Internationalization/icudt64l/lang/en_PN.res" 1352
"../../../Engine/Content/Internationalization/icudt64l/region/en_PN.res" 1353
"../../../Engine/Content/Internationalization/icudt64l/lang/en_PW.res" 1354
"../../../Engine/Content/Internationalization/icudt64l/region/en_PW.res" 1355
"../../../Engine/Content/Internationalization/icudt64l/lang/en_RW.res" 1356
"../../../Engine/Content/Internationalization/icudt64l/region/en_RW.res" 1357
"../../../Engine/Content/Internationalization/icudt64l/lang/en_SB.res" 1358
"../../../Engine/Content/Internationalization/icudt64l/region/en_SB.res" 1359
"../../../Engine/Content/Internationalization/icudt64l/lang/en_SC.res" 1360
"../../../Engine/Content/Internationalization/icudt64l/region/en_SC.res" 1361
"../../../Engine/Content/Internationalization/icudt64l/lang/en_SD.res" 1362
"../../../Engine/Content/Internationalization/icudt64l/region/en_SD.res" 1363
"../../../Engine/Content/Internationalization/icudt64l/lang/en_SE.res" 1364
"../../../Engine/Content/Internationalization/icudt64l/region/en_SE.res" 1365
"../../../Engine/Content/Internationalization/icudt64l/lang/en_SG.res" 1366
"../../../Engine/Content/Internationalization/icudt64l/region/en_SG.res" 1367
"../../../Engine/Content/Internationalization/icudt64l/lang/en_SH.res" 1368
"../../../Engine/Content/Internationalization/icudt64l/region/en_SH.res" 1369
"../../../Engine/Content/Internationalization/icudt64l/lang/en_SI.res" 1370
"../../../Engine/Content/Internationalization/icudt64l/region/en_SI.res" 1371
"../../../Engine/Content/Internationalization/icudt64l/lang/en_SL.res" 1372
"../../../Engine/Content/Internationalization/icudt64l/region/en_SL.res" 1373
"../../../Engine/Content/Internationalization/icudt64l/lang/en_SS.res" 1374
"../../../Engine/Content/Internationalization/icudt64l/region/en_SS.res" 1375
"../../../Engine/Content/Internationalization/icudt64l/lang/en_SX.res" 1376
"../../../Engine/Content/Internationalization/icudt64l/region/en_SX.res" 1377
"../../../Engine/Content/Internationalization/icudt64l/lang/en_SZ.res" 1378
"../../../Engine/Content/Internationalization/icudt64l/region/en_SZ.res" 1379
"../../../Engine/Content/Internationalization/icudt64l/lang/en_TC.res" 1380
"../../../Engine/Content/Internationalization/icudt64l/region/en_TC.res" 1381
"../../../Engine/Content/Internationalization/icudt64l/lang/en_TK.res" 1382
"../../../Engine/Content/Internationalization/icudt64l/region/en_TK.res" 1383
"../../../Engine/Content/Internationalization/icudt64l/lang/en_TO.res" 1384
"../../../Engine/Content/Internationalization/icudt64l/region/en_TO.res" 1385
"../../../Engine/Content/Internationalization/icudt64l/lang/en_TT.res" 1386
"../../../Engine/Content/Internationalization/icudt64l/region/en_TT.res" 1387
"../../../Engine/Content/Internationalization/icudt64l/lang/en_TV.res" 1388
"../../../Engine/Content/Internationalization/icudt64l/region/en_TV.res" 1389
"../../../Engine/Content/Internationalization/icudt64l/lang/en_TZ.res" 1390
"../../../Engine/Content/Internationalization/icudt64l/region/en_TZ.res" 1391
"../../../Engine/Content/Internationalization/icudt64l/lang/en_UG.res" 1392
"../../../Engine/Content/Internationalization/icudt64l/region/en_UG.res" 1393
"../../../Engine/Content/Internationalization/icudt64l/lang/en_VC.res" 1394
"../../../Engine/Content/Internationalization/icudt64l/region/en_VC.res" 1395
"../../../Engine/Content/Internationalization/icudt64l/lang/en_VG.res" 1396
"../../../Engine/Content/Internationalization/icudt64l/region/en_VG.res" 1397
"../../../Engine/Content/Internationalization/icudt64l/lang/en_VU.res" 1398
"../../../Engine/Content/Internationalization/icudt64l/region/en_VU.res" 1399
"../../../Engine/Content/Internationalization/icudt64l/lang/en_WS.res" 1400
"../../../Engine/Content/Internationalization/icudt64l/region/en_WS.res" 1401
"../../../Engine/Content/Internationalization/icudt64l/lang/en_ZA.res" 1402
"../../../Engine/Content/Internationalization/icudt64l/region/en_ZA.res" 1403
"../../../Engine/Content/Internationalization/icudt64l/lang/en_ZM.res" 1404
"../../../Engine/Content/Internationalization/icudt64l/region/en_ZM.res" 1405
"../../../Engine/Content/Internationalization/icudt64l/lang/en_ZW.res" 1406
"../../../Engine/Content/Internationalization/icudt64l/region/en_ZW.res" 1407
"../../../Engine/Content/Internationalization/icudt64l/lang/eo.res" 1408
"../../../Engine/Content/Internationalization/icudt64l/region/eo.res" 1409
"../../../Engine/Content/Internationalization/icudt64l/lang/es.res" 1410
"../../../Engine/Content/Internationalization/icudt64l/lang/es_419.res" 1411
"../../../Engine/Content/Internationalization/icudt64l/region/es_419.res" 1412
"../../../Engine/Content/Internationalization/icudt64l/region/es.res" 1413
"../../../Engine/Content/Internationalization/icudt64l/lang/es_AR.res" 1414
"../../../Engine/Content/Internationalization/icudt64l/region/es_AR.res" 1415
"../../../Engine/Content/Internationalization/icudt64l/lang/es_BO.res" 1416
"../../../Engine/Content/Internationalization/icudt64l/region/es_BO.res" 1417
"../../../Engine/Content/Internationalization/icudt64l/lang/es_BR.res" 1418
"../../../Engine/Content/Internationalization/icudt64l/region/es_BR.res" 1419
"../../../Engine/Content/Internationalization/icudt64l/lang/es_BZ.res" 1420
"../../../Engine/Content/Internationalization/icudt64l/region/es_BZ.res" 1421
"../../../Engine/Content/Internationalization/icudt64l/lang/es_CL.res" 1422
"../../../Engine/Content/Internationalization/icudt64l/region/es_CL.res" 1423
"../../../Engine/Content/Internationalization/icudt64l/lang/es_CO.res" 1424
"../../../Engine/Content/Internationalization/icudt64l/region/es_CO.res" 1425
"../../../Engine/Content/Internationalization/icudt64l/lang/es_CR.res" 1426
"../../../Engine/Content/Internationalization/icudt64l/region/es_CR.res" 1427
"../../../Engine/Content/Internationalization/icudt64l/lang/es_CU.res" 1428
"../../../Engine/Content/Internationalization/icudt64l/region/es_CU.res" 1429
"../../../Engine/Content/Internationalization/icudt64l/lang/es_DO.res" 1430
"../../../Engine/Content/Internationalization/icudt64l/region/es_DO.res" 1431
"../../../Engine/Content/Internationalization/icudt64l/lang/es_EC.res" 1432
"../../../Engine/Content/Internationalization/icudt64l/region/es_EC.res" 1433
"../../../Engine/Content/Internationalization/icudt64l/lang/es_GT.res" 1434
"../../../Engine/Content/Internationalization/icudt64l/region/es_GT.res" 1435
"../../../Engine/Content/Internationalization/icudt64l/lang/es_HN.res" 1436
"../../../Engine/Content/Internationalization/icudt64l/region/es_HN.res" 1437
"../../../Engine/Content/Internationalization/icudt64l/lang/es_MX.res" 1438
"../../../Engine/Content/Internationalization/icudt64l/region/es_MX.res" 1439
"../../../Engine/Content/Internationalization/icudt64l/lang/es_NI.res" 1440
"../../../Engine/Content/Internationalization/icudt64l/region/es_NI.res" 1441
"../../../Engine/Content/Internationalization/icudt64l/lang/es_PA.res" 1442
"../../../Engine/Content/Internationalization/icudt64l/region/es_PA.res" 1443
"../../../Engine/Content/Internationalization/icudt64l/lang/es_PE.res" 1444
"../../../Engine/Content/Internationalization/icudt64l/region/es_PE.res" 1445
"../../../Engine/Content/Internationalization/icudt64l/lang/es_PR.res" 1446
"../../../Engine/Content/Internationalization/icudt64l/region/es_PR.res" 1447
"../../../Engine/Content/Internationalization/icudt64l/lang/es_PY.res" 1448
"../../../Engine/Content/Internationalization/icudt64l/region/es_PY.res" 1449
"../../../Engine/Content/Internationalization/icudt64l/lang/es_SV.res" 1450
"../../../Engine/Content/Internationalization/icudt64l/region/es_SV.res" 1451
"../../../Engine/Content/Internationalization/icudt64l/lang/es_US.res" 1452
"../../../Engine/Content/Internationalization/icudt64l/region/es_US.res" 1453
"../../../Engine/Content/Internationalization/icudt64l/lang/es_UY.res" 1454
"../../../Engine/Content/Internationalization/icudt64l/region/es_UY.res" 1455
"../../../Engine/Content/Internationalization/icudt64l/lang/es_VE.res" 1456
"../../../Engine/Content/Internationalization/icudt64l/region/es_VE.res" 1457
"../../../Engine/Content/Internationalization/icudt64l/lang/et.res" 1458
"../../../Engine/Content/Internationalization/icudt64l/region/et.res" 1459
"../../../Engine/Content/Internationalization/icudt64l/lang/eu.res" 1460
"../../../Engine/Content/Internationalization/icudt64l/region/eu.res" 1461
"../../../Engine/Content/Internationalization/icudt64l/lang/ewo.res" 1462
"../../../Engine/Content/Internationalization/icudt64l/region/ewo.res" 1463
"../../../Engine/Content/Internationalization/icudt64l/lang/fa.res" 1464
"../../../Engine/Content/Internationalization/icudt64l/lang/fa_AF.res" 1465
"../../../Engine/Content/Internationalization/icudt64l/region/fa_AF.res" 1466
"../../../Engine/Content/Internationalization/icudt64l/region/fa.res" 1467
"../../../Engine/Content/Internationalization/icudt64l/lang/ff.res" 1468
"../../../Engine/Content/Internationalization/icudt64l/lang/ff_Latn.res" 1469
"../../../Engine/Content/Internationalization/icudt64l/region/ff.res" 1470
"../../../Engine/Content/Internationalization/icudt64l/region/ff_Latn.res" 1471
"../../../Engine/Content/Internationalization/icudt64l/lang/ff_CM.res" 1472
"../../../Engine/Content/Internationalization/icudt64l/lang/ff_Latn_CM.res" 1473
"../../../Engine/Content/Internationalization/icudt64l/region/ff_CM.res" 1474
"../../../Engine/Content/Internationalization/icudt64l/region/ff_Latn_CM.res" 1475
"../../../Engine/Content/Internationalization/icudt64l/lang/ff_GN.res" 1476
"../../../Engine/Content/Internationalization/icudt64l/lang/ff_Latn_GN.res" 1477
"../../../Engine/Content/Internationalization/icudt64l/region/ff_GN.res" 1478
"../../../Engine/Content/Internationalization/icudt64l/region/ff_Latn_GN.res" 1479
"../../../Engine/Content/Internationalization/icudt64l/lang/ff_MR.res" 1480
"../../../Engine/Content/Internationalization/icudt64l/lang/ff_Latn_MR.res" 1481
"../../../Engine/Content/Internationalization/icudt64l/region/ff_MR.res" 1482
"../../../Engine/Content/Internationalization/icudt64l/region/ff_Latn_MR.res" 1483
"../../../Engine/Content/Internationalization/icudt64l/lang/ff_SN.res" 1484
"../../../Engine/Content/Internationalization/icudt64l/lang/ff_Latn_SN.res" 1485
"../../../Engine/Content/Internationalization/icudt64l/region/ff_SN.res" 1486
"../../../Engine/Content/Internationalization/icudt64l/region/ff_Latn_SN.res" 1487
"../../../Engine/Content/Internationalization/icudt64l/lang/fi.res" 1488
"../../../Engine/Content/Internationalization/icudt64l/region/fi.res" 1489
"../../../Engine/Content/Internationalization/icudt64l/lang/fil.res" 1490
"../../../Engine/Content/Internationalization/icudt64l/lang/fil_PH.res" 1491
"../../../Engine/Content/Internationalization/icudt64l/region/fil_PH.res" 1492
"../../../Engine/Content/Internationalization/icudt64l/region/fil.res" 1493
"../../../Engine/Content/Internationalization/icudt64l/lang/fo.res" 1494
"../../../Engine/Content/Internationalization/icudt64l/region/fo.res" 1495
"../../../Engine/Content/Internationalization/icudt64l/lang/fr.res" 1496
"../../../Engine/Content/Internationalization/icudt64l/lang/fr_BE.res" 1497
"../../../Engine/Content/Internationalization/icudt64l/region/fr_BE.res" 1498
"../../../Engine/Content/Internationalization/icudt64l/region/fr.res" 1499
"../../../Engine/Content/Internationalization/icudt64l/lang/fr_CA.res" 1500
"../../../Engine/Content/Internationalization/icudt64l/region/fr_CA.res" 1501
"../../../Engine/Content/Internationalization/icudt64l/lang/fr_CH.res" 1502
"../../../Engine/Content/Internationalization/icudt64l/lang/fur.res" 1503
"../../../Engine/Content/Internationalization/icudt64l/region/fur.res" 1504
"../../../Engine/Content/Internationalization/icudt64l/lang/fy.res" 1505
"../../../Engine/Content/Internationalization/icudt64l/region/fy.res" 1506
"../../../Engine/Content/Internationalization/icudt64l/lang/ga.res" 1507
"../../../Engine/Content/Internationalization/icudt64l/region/ga.res" 1508
"../../../Engine/Content/Internationalization/icudt64l/lang/gd.res" 1509
"../../../Engine/Content/Internationalization/icudt64l/region/gd.res" 1510
"../../../Engine/Content/Internationalization/icudt64l/lang/gl.res" 1511
"../../../Engine/Content/Internationalization/icudt64l/region/gl.res" 1512
"../../../Engine/Content/Internationalization/icudt64l/lang/gsw.res" 1513
"../../../Engine/Content/Internationalization/icudt64l/region/gsw.res" 1514
"../../../Engine/Content/Internationalization/icudt64l/lang/gu.res" 1515
"../../../Engine/Content/Internationalization/icudt64l/region/gu.res" 1516
"../../../Engine/Content/Internationalization/icudt64l/lang/guz.res" 1517
"../../../Engine/Content/Internationalization/icudt64l/region/guz.res" 1518
"../../../Engine/Content/Internationalization/icudt64l/lang/gv.res" 1519
"../../../Engine/Content/Internationalization/icudt64l/region/gv.res" 1520
"../../../Engine/Content/Internationalization/icudt64l/lang/ha.res" 1521
"../../../Engine/Content/Internationalization/icudt64l/region/ha.res" 1522
"../../../Engine/Content/Internationalization/icudt64l/lang/ha_NE.res" 1523
"../../../Engine/Content/Internationalization/icudt64l/region/ha_NE.res" 1524
"../../../Engine/Content/Internationalization/icudt64l/lang/haw.res" 1525
"../../../Engine/Content/Internationalization/icudt64l/region/haw.res" 1526
"../../../Engine/Content/Internationalization/icudt64l/lang/he.res" 1527
"../../../Engine/Content/Internationalization/icudt64l/lang/he_IL.res" 1528
"../../../Engine/Content/Internationalization/icudt64l/region/he_IL.res" 1529
"../../../Engine/Content/Internationalization/icudt64l/region/he.res" 1530
"../../../Engine/Content/Internationalization/icudt64l/lang/hi.res" 1531
"../../../Engine/Content/Internationalization/icudt64l/region/hi.res" 1532
"../../../Engine/Content/Internationalization/icudt64l/lang/hr.res" 1533
"../../../Engine/Content/Internationalization/icudt64l/region/hr.res" 1534
"../../../Engine/Content/Internationalization/icudt64l/lang/hsb.res" 1535
"../../../Engine/Content/Internationalization/icudt64l/region/hsb.res" 1536
"../../../Engine/Content/Internationalization/icudt64l/lang/hu.res" 1537
"../../../Engine/Content/Internationalization/icudt64l/region/hu.res" 1538
"../../../Engine/Content/Internationalization/icudt64l/lang/hy.res" 1539
"../../../Engine/Content/Internationalization/icudt64l/region/hy.res" 1540
"../../../Engine/Content/Internationalization/icudt64l/lang/ia.res" 1541
"../../../Engine/Content/Internationalization/icudt64l/region/ia.res" 1542
"../../../Engine/Content/Internationalization/icudt64l/lang/id.res" 1543
"../../../Engine/Content/Internationalization/icudt64l/lang/id_ID.res" 1544
"../../../Engine/Content/Internationalization/icudt64l/region/id_ID.res" 1545
"../../../Engine/Content/Internationalization/icudt64l/region/id.res" 1546
"../../../Engine/Content/Internationalization/icudt64l/lang/ig.res" 1547
"../../../Engine/Content/Internationalization/icudt64l/region/ig.res" 1548
"../../../Engine/Content/Internationalization/icudt64l/lang/ii.res" 1549
"../../../Engine/Content/Internationalization/icudt64l/region/ii.res" 1550
"../../../Engine/Content/Internationalization/icudt64l/lang/is.res" 1551
"../../../Engine/Content/Internationalization/icudt64l/region/is.res" 1552
"../../../Engine/Content/Internationalization/icudt64l/lang/it.res" 1553
"../../../Engine/Content/Internationalization/icudt64l/region/it.res" 1554
"../../../Engine/Content/Internationalization/icudt64l/lang/ja.res" 1555
"../../../Engine/Content/Internationalization/icudt64l/lang/ja_JP.res" 1556
"../../../Engine/Content/Internationalization/icudt64l/region/ja_JP.res" 1557
"../../../Engine/Content/Internationalization/icudt64l/region/ja.res" 1558
"../../../Engine/Content/Internationalization/icudt64l/lang/jgo.res" 1559
"../../../Engine/Content/Internationalization/icudt64l/region/jgo.res" 1560
"../../../Engine/Content/Internationalization/icudt64l/lang/jmc.res" 1561
"../../../Engine/Content/Internationalization/icudt64l/region/jmc.res" 1562
"../../../Engine/Content/Internationalization/icudt64l/lang/jv.res" 1563
"../../../Engine/Content/Internationalization/icudt64l/region/jv.res" 1564
"../../../Engine/Content/Internationalization/icudt64l/lang/ka.res" 1565
"../../../Engine/Content/Internationalization/icudt64l/region/ka.res" 1566
"../../../Engine/Content/Internationalization/icudt64l/lang/kab.res" 1567
"../../../Engine/Content/Internationalization/icudt64l/region/kab.res" 1568
"../../../Engine/Content/Internationalization/icudt64l/lang/kam.res" 1569
"../../../Engine/Content/Internationalization/icudt64l/region/kam.res" 1570
"../../../Engine/Content/Internationalization/icudt64l/lang/kde.res" 1571
"../../../Engine/Content/Internationalization/icudt64l/region/kde.res" 1572
"../../../Engine/Content/Internationalization/icudt64l/lang/kea.res" 1573
"../../../Engine/Content/Internationalization/icudt64l/region/kea.res" 1574
"../../../Engine/Content/Internationalization/icudt64l/lang/khq.res" 1575
"../../../Engine/Content/Internationalization/icudt64l/region/khq.res" 1576
"../../../Engine/Content/Internationalization/icudt64l/lang/ki.res" 1577
"../../../Engine/Content/Internationalization/icudt64l/region/ki.res" 1578
"../../../Engine/Content/Internationalization/icudt64l/lang/kk.res" 1579
"../../../Engine/Content/Internationalization/icudt64l/region/kk.res" 1580
"../../../Engine/Content/Internationalization/icudt64l/lang/kkj.res" 1581
"../../../Engine/Content/Internationalization/icudt64l/region/kkj.res" 1582
"../../../Engine/Content/Internationalization/icudt64l/lang/kl.res" 1583
"../../../Engine/Content/Internationalization/icudt64l/region/kl.res" 1584
"../../../Engine/Content/Internationalization/icudt64l/lang/kln.res" 1585
"../../../Engine/Content/Internationalization/icudt64l/region/kln.res" 1586
"../../../Engine/Content/Internationalization/icudt64l/lang/km.res" 1587
"../../../Engine/Content/Internationalization/icudt64l/region/km.res" 1588
"../../../Engine/Content/Internationalization/icudt64l/lang/kn.res" 1589
"../../../Engine/Content/Internationalization/icudt64l/region/kn.res" 1590
"../../../Engine/Content/Internationalization/icudt64l/lang/ko.res" 1591
"../../../Engine/Content/Internationalization/icudt64l/region/ko_KP.res" 1592
"../../../Engine/Content/Internationalization/icudt64l/region/ko.res" 1593
"../../../Engine/Content/Internationalization/icudt64l/lang/kok.res" 1594
"../../../Engine/Content/Internationalization/icudt64l/region/kok.res" 1595
"../../../Engine/Content/Internationalization/icudt64l/lang/ks.res" 1596
"../../../Engine/Content/Internationalization/icudt64l/region/ks.res" 1597
"../../../Engine/Content/Internationalization/icudt64l/lang/ksb.res" 1598
"../../../Engine/Content/Internationalization/icudt64l/region/ksb.res" 1599
"../../../Engine/Content/Internationalization/icudt64l/lang/ksf.res" 1600
"../../../Engine/Content/Internationalization/icudt64l/region/ksf.res" 1601
"../../../Engine/Content/Internationalization/icudt64l/lang/ksh.res" 1602
"../../../Engine/Content/Internationalization/icudt64l/region/ksh.res" 1603
"../../../Engine/Content/Internationalization/icudt64l/lang/ku.res" 1604
"../../../Engine/Content/Internationalization/icudt64l/region/ku.res" 1605
"../../../Engine/Content/Internationalization/icudt64l/lang/kw.res" 1606
"../../../Engine/Content/Internationalization/icudt64l/region/kw.res" 1607
"../../../Engine/Content/Internationalization/icudt64l/lang/ky.res" 1608
"../../../Engine/Content/Internationalization/icudt64l/region/ky.res" 1609
"../../../Engine/Content/Internationalization/icudt64l/lang/lag.res" 1610
"../../../Engine/Content/Internationalization/icudt64l/region/lag.res" 1611
"../../../Engine/Content/Internationalization/icudt64l/lang/lb.res" 1612
"../../../Engine/Content/Internationalization/icudt64l/region/lb.res" 1613
"../../../Engine/Content/Internationalization/icudt64l/lang/lg.res" 1614
"../../../Engine/Content/Internationalization/icudt64l/region/lg.res" 1615
"../../../Engine/Content/Internationalization/icudt64l/lang/lkt.res" 1616
"../../../Engine/Content/Internationalization/icudt64l/region/lkt.res" 1617
"../../../Engine/Content/Internationalization/icudt64l/lang/ln.res" 1618
"../../../Engine/Content/Internationalization/icudt64l/region/ln.res" 1619
"../../../Engine/Content/Internationalization/icudt64l/lang/lo.res" 1620
"../../../Engine/Content/Internationalization/icudt64l/region/lo.res" 1621
"../../../Engine/Content/Internationalization/icudt64l/lang/lrc.res" 1622
"../../../Engine/Content/Internationalization/icudt64l/region/lrc.res" 1623
"../../../Engine/Content/Internationalization/icudt64l/lang/lt.res" 1624
"../../../Engine/Content/Internationalization/icudt64l/region/lt.res" 1625
"../../../Engine/Content/Internationalization/icudt64l/lang/lu.res" 1626
"../../../Engine/Content/Internationalization/icudt64l/region/lu.res" 1627
"../../../Engine/Content/Internationalization/icudt64l/lang/luo.res" 1628
"../../../Engine/Content/Internationalization/icudt64l/region/luo.res" 1629
"../../../Engine/Content/Internationalization/icudt64l/lang/luy.res" 1630
"../../../Engine/Content/Internationalization/icudt64l/region/luy.res" 1631
"../../../Engine/Content/Internationalization/icudt64l/lang/lv.res" 1632
"../../../Engine/Content/Internationalization/icudt64l/region/lv.res" 1633
"../../../Engine/Content/Internationalization/icudt64l/lang/mas.res" 1634
"../../../Engine/Content/Internationalization/icudt64l/region/mas.res" 1635
"../../../Engine/Content/Internationalization/icudt64l/lang/mer.res" 1636
"../../../Engine/Content/Internationalization/icudt64l/region/mer.res" 1637
"../../../Engine/Content/Internationalization/icudt64l/lang/mfe.res" 1638
"../../../Engine/Content/Internationalization/icudt64l/region/mfe.res" 1639
"../../../Engine/Content/Internationalization/icudt64l/lang/mg.res" 1640
"../../../Engine/Content/Internationalization/icudt64l/region/mg.res" 1641
"../../../Engine/Content/Internationalization/icudt64l/lang/mgh.res" 1642
"../../../Engine/Content/Internationalization/icudt64l/region/mgh.res" 1643
"../../../Engine/Content/Internationalization/icudt64l/lang/mgo.res" 1644
"../../../Engine/Content/Internationalization/icudt64l/region/mgo.res" 1645
"../../../Engine/Content/Internationalization/icudt64l/lang/mi.res" 1646
"../../../Engine/Content/Internationalization/icudt64l/region/mi.res" 1647
"../../../Engine/Content/Internationalization/icudt64l/lang/mk.res" 1648
"../../../Engine/Content/Internationalization/icudt64l/region/mk.res" 1649
"../../../Engine/Content/Internationalization/icudt64l/lang/ml.res" 1650
"../../../Engine/Content/Internationalization/icudt64l/region/ml.res" 1651
"../../../Engine/Content/Internationalization/icudt64l/lang/mn.res" 1652
"../../../Engine/Content/Internationalization/icudt64l/region/mn.res" 1653
"../../../Engine/Content/Internationalization/icudt64l/lang/mr.res" 1654
"../../../Engine/Content/Internationalization/icudt64l/region/mr.res" 1655
"../../../Engine/Content/Internationalization/icudt64l/lang/ms.res" 1656
"../../../Engine/Content/Internationalization/icudt64l/region/ms.res" 1657
"../../../Engine/Content/Internationalization/icudt64l/lang/mt.res" 1658
"../../../Engine/Content/Internationalization/icudt64l/region/mt.res" 1659
"../../../Engine/Content/Internationalization/icudt64l/lang/mua.res" 1660
"../../../Engine/Content/Internationalization/icudt64l/region/mua.res" 1661
"../../../Engine/Content/Internationalization/icudt64l/lang/my.res" 1662
"../../../Engine/Content/Internationalization/icudt64l/region/my.res" 1663
"../../../Engine/Content/Internationalization/icudt64l/lang/mzn.res" 1664
"../../../Engine/Content/Internationalization/icudt64l/region/mzn.res" 1665
"../../../Engine/Content/Internationalization/icudt64l/lang/naq.res" 1666
"../../../Engine/Content/Internationalization/icudt64l/region/naq.res" 1667
"../../../Engine/Content/Internationalization/icudt64l/lang/nb.res" 1668
"../../../Engine/Content/Internationalization/icudt64l/lang/nb_NO.res" 1669
"../../../Engine/Content/Internationalization/icudt64l/region/nb_NO.res" 1670
"../../../Engine/Content/Internationalization/icudt64l/region/nb.res" 1671
"../../../Engine/Content/Internationalization/icudt64l/lang/nd.res" 1672
"../../../Engine/Content/Internationalization/icudt64l/region/nd.res" 1673
"../../../Engine/Content/Internationalization/icudt64l/lang/nds.res" 1674
"../../../Engine/Content/Internationalization/icudt64l/region/nds.res" 1675
"../../../Engine/Content/Internationalization/icudt64l/lang/ne.res" 1676
"../../../Engine/Content/Internationalization/icudt64l/region/ne.res" 1677
"../../../Engine/Content/Internationalization/icudt64l/lang/nl.res" 1678
"../../../Engine/Content/Internationalization/icudt64l/region/nl.res" 1679
"../../../Engine/Content/Internationalization/icudt64l/lang/nmg.res" 1680
"../../../Engine/Content/Internationalization/icudt64l/region/nmg.res" 1681
"../../../Engine/Content/Internationalization/icudt64l/lang/nn.res" 1682
"../../../Engine/Content/Internationalization/icudt64l/lang/nn_NO.res" 1683
"../../../Engine/Content/Internationalization/icudt64l/region/nn_NO.res" 1684
"../../../Engine/Content/Internationalization/icudt64l/region/nn.res" 1685
"../../../Engine/Content/Internationalization/icudt64l/lang/nnh.res" 1686
"../../../Engine/Content/Internationalization/icudt64l/region/nnh.res" 1687
"../../../Engine/Content/Internationalization/icudt64l/lang/nus.res" 1688
"../../../Engine/Content/Internationalization/icudt64l/region/nus.res" 1689
"../../../Engine/Content/Internationalization/icudt64l/lang/nyn.res" 1690
"../../../Engine/Content/Internationalization/icudt64l/region/nyn.res" 1691
"../../../Engine/Content/Internationalization/icudt64l/lang/om.res" 1692
"../../../Engine/Content/Internationalization/icudt64l/region/om.res" 1693
"../../../Engine/Content/Internationalization/icudt64l/lang/or.res" 1694
"../../../Engine/Content/Internationalization/icudt64l/region/or.res" 1695
"../../../Engine/Content/Internationalization/icudt64l/lang/os.res" 1696
"../../../Engine/Content/Internationalization/icudt64l/region/os.res" 1697
"../../../Engine/Content/Internationalization/icudt64l/lang/pa.res" 1698
"../../../Engine/Content/Internationalization/icudt64l/lang/pa_Arab.res" 1699
"../../../Engine/Content/Internationalization/icudt64l/lang/pa_PK.res" 1700
"../../../Engine/Content/Internationalization/icudt64l/lang/pa_Arab_PK.res" 1701
"../../../Engine/Content/Internationalization/icudt64l/region/pa_PK.res" 1702
"../../../Engine/Content/Internationalization/icudt64l/region/pa_Arab_PK.res" 1703
"../../../Engine/Content/Internationalization/icudt64l/region/pa_Arab.res" 1704
"../../../Engine/Content/Internationalization/icudt64l/lang/pa_Guru.res" 1705
"../../../Engine/Content/Internationalization/icudt64l/lang/pa_IN.res" 1706
"../../../Engine/Content/Internationalization/icudt64l/lang/pa_Guru_IN.res" 1707
"../../../Engine/Content/Internationalization/icudt64l/region/pa_IN.res" 1708
"../../../Engine/Content/Internationalization/icudt64l/region/pa_Guru_IN.res" 1709
"../../../Engine/Content/Internationalization/icudt64l/region/pa_Guru.res" 1710
"../../../Engine/Content/Internationalization/icudt64l/region/pa.res" 1711
"../../../Engine/Content/Internationalization/icudt64l/lang/pl.res" 1712
"../../../Engine/Content/Internationalization/icudt64l/region/pl.res" 1713
"../../../Engine/Content/Internationalization/icudt64l/lang/ps.res" 1714
"../../../Engine/Content/Internationalization/icudt64l/region/ps.res" 1715
"../../../Engine/Content/Internationalization/icudt64l/lang/ps_PK.res" 1716
"../../../Engine/Content/Internationalization/icudt64l/region/ps_PK.res" 1717
"../../../Engine/Content/Internationalization/icudt64l/lang/pt.res" 1718
"../../../Engine/Content/Internationalization/icudt64l/lang/pt_AO.res" 1719
"../../../Engine/Content/Internationalization/icudt64l/lang/pt_PT.res" 1720
"../../../Engine/Content/Internationalization/icudt64l/region/pt_AO.res" 1721
"../../../Engine/Content/Internationalization/icudt64l/region/pt_PT.res" 1722
"../../../Engine/Content/Internationalization/icudt64l/region/pt.res" 1723
"../../../Engine/Content/Internationalization/icudt64l/lang/pt_CH.res" 1724
"../../../Engine/Content/Internationalization/icudt64l/region/pt_CH.res" 1725
"../../../Engine/Content/Internationalization/icudt64l/lang/pt_CV.res" 1726
"../../../Engine/Content/Internationalization/icudt64l/region/pt_CV.res" 1727
"../../../Engine/Content/Internationalization/icudt64l/lang/pt_GQ.res" 1728
"../../../Engine/Content/Internationalization/icudt64l/region/pt_GQ.res" 1729
"../../../Engine/Content/Internationalization/icudt64l/lang/pt_GW.res" 1730
"../../../Engine/Content/Internationalization/icudt64l/region/pt_GW.res" 1731
"../../../Engine/Content/Internationalization/icudt64l/lang/pt_LU.res" 1732
"../../../Engine/Content/Internationalization/icudt64l/region/pt_LU.res" 1733
"../../../Engine/Content/Internationalization/icudt64l/lang/pt_MO.res" 1734
"../../../Engine/Content/Internationalization/icudt64l/region/pt_MO.res" 1735
"../../../Engine/Content/Internationalization/icudt64l/lang/pt_MZ.res" 1736
"../../../Engine/Content/Internationalization/icudt64l/region/pt_MZ.res" 1737
"../../../Engine/Content/Internationalization/icudt64l/lang/pt_ST.res" 1738
"../../../Engine/Content/Internationalization/icudt64l/region/pt_ST.res" 1739
"../../../Engine/Content/Internationalization/icudt64l/lang/pt_TL.res" 1740
"../../../Engine/Content/Internationalization/icudt64l/region/pt_TL.res" 1741
"../../../Engine/Content/Internationalization/icudt64l/lang/qu.res" 1742
"../../../Engine/Content/Internationalization/icudt64l/region/qu.res" 1743
"../../../Engine/Content/Internationalization/icudt64l/lang/rm.res" 1744
"../../../Engine/Content/Internationalization/icudt64l/region/rm.res" 1745
"../../../Engine/Content/Internationalization/icudt64l/lang/rn.res" 1746
"../../../Engine/Content/Internationalization/icudt64l/region/rn.res" 1747
"../../../Engine/Content/Internationalization/icudt64l/lang/ro.res" 1748
"../../../Engine/Content/Internationalization/icudt64l/lang/ro_MD.res" 1749
"../../../Engine/Content/Internationalization/icudt64l/region/ro_MD.res" 1750
"../../../Engine/Content/Internationalization/icudt64l/region/ro.res" 1751
"../../../Engine/Content/Internationalization/icudt64l/lang/rof.res" 1752
"../../../Engine/Content/Internationalization/icudt64l/region/rof.res" 1753
"../../../Engine/Content/Internationalization/icudt64l/lang/ru.res" 1754
"../../../Engine/Content/Internationalization/icudt64l/region/ru.res" 1755
"../../../Engine/Content/Internationalization/icudt64l/region/ru_UA.res" 1756
"../../../Engine/Content/Internationalization/icudt64l/lang/rw.res" 1757
"../../../Engine/Content/Internationalization/icudt64l/region/rw.res" 1758
"../../../Engine/Content/Internationalization/icudt64l/lang/rwk.res" 1759
"../../../Engine/Content/Internationalization/icudt64l/region/rwk.res" 1760
"../../../Engine/Content/Internationalization/icudt64l/lang/sah.res" 1761
"../../../Engine/Content/Internationalization/icudt64l/region/sah.res" 1762
"../../../Engine/Content/Internationalization/icudt64l/lang/saq.res" 1763
"../../../Engine/Content/Internationalization/icudt64l/region/saq.res" 1764
"../../../Engine/Content/Internationalization/icudt64l/lang/sbp.res" 1765
"../../../Engine/Content/Internationalization/icudt64l/region/sbp.res" 1766
"../../../Engine/Content/Internationalization/icudt64l/lang/sd.res" 1767
"../../../Engine/Content/Internationalization/icudt64l/region/sd.res" 1768
"../../../Engine/Content/Internationalization/icudt64l/lang/se.res" 1769
"../../../Engine/Content/Internationalization/icudt64l/lang/se_FI.res" 1770
"../../../Engine/Content/Internationalization/icudt64l/region/se_FI.res" 1771
"../../../Engine/Content/Internationalization/icudt64l/region/se.res" 1772
"../../../Engine/Content/Internationalization/icudt64l/lang/seh.res" 1773
"../../../Engine/Content/Internationalization/icudt64l/region/seh.res" 1774
"../../../Engine/Content/Internationalization/icudt64l/lang/ses.res" 1775
"../../../Engine/Content/Internationalization/icudt64l/region/ses.res" 1776
"../../../Engine/Content/Internationalization/icudt64l/lang/sg.res" 1777
"../../../Engine/Content/Internationalization/icudt64l/region/sg.res" 1778
"../../../Engine/Content/Internationalization/icudt64l/lang/shi.res" 1779
"../../../Engine/Content/Internationalization/icudt64l/lang/shi_Latn.res" 1780
"../../../Engine/Content/Internationalization/icudt64l/lang/shi_MA.res" 1781
"../../../Engine/Content/Internationalization/icudt64l/lang/shi_Tfng_MA.res" 1782
"../../../Engine/Content/Internationalization/icudt64l/lang/shi_Tfng.res" 1783
"../../../Engine/Content/Internationalization/icudt64l/region/shi_MA.res" 1784
"../../../Engine/Content/Internationalization/icudt64l/region/shi_Tfng_MA.res" 1785
"../../../Engine/Content/Internationalization/icudt64l/region/shi_Tfng.res" 1786
"../../../Engine/Content/Internationalization/icudt64l/region/shi.res" 1787
"../../../Engine/Content/Internationalization/icudt64l/region/shi_Latn.res" 1788
"../../../Engine/Content/Internationalization/icudt64l/lang/si.res" 1789
"../../../Engine/Content/Internationalization/icudt64l/region/si.res" 1790
"../../../Engine/Content/Internationalization/icudt64l/lang/sk.res" 1791
"../../../Engine/Content/Internationalization/icudt64l/region/sk.res" 1792
"../../../Engine/Content/Internationalization/icudt64l/lang/sl.res" 1793
"../../../Engine/Content/Internationalization/icudt64l/region/sl.res" 1794
"../../../Engine/Content/Internationalization/icudt64l/lang/smn.res" 1795
"../../../Engine/Content/Internationalization/icudt64l/region/smn.res" 1796
"../../../Engine/Content/Internationalization/icudt64l/lang/sn.res" 1797
"../../../Engine/Content/Internationalization/icudt64l/region/sn.res" 1798
"../../../Engine/Content/Internationalization/icudt64l/lang/so.res" 1799
"../../../Engine/Content/Internationalization/icudt64l/region/so.res" 1800
"../../../Engine/Content/Internationalization/icudt64l/lang/sq.res" 1801
"../../../Engine/Content/Internationalization/icudt64l/region/sq.res" 1802
"../../../Engine/Content/Internationalization/icudt64l/lang/sr.res" 1803
"../../../Engine/Content/Internationalization/icudt64l/lang/sr_Cyrl.res" 1804
"../../../Engine/Content/Internationalization/icudt64l/lang/sr_BA.res" 1805
"../../../Engine/Content/Internationalization/icudt64l/lang/sr_Cyrl_BA.res" 1806
"../../../Engine/Content/Internationalization/icudt64l/region/sr_BA.res" 1807
"../../../Engine/Content/Internationalization/icudt64l/region/sr_Cyrl_BA.res" 1808
"../../../Engine/Content/Internationalization/icudt64l/region/sr_Cyrl.res" 1809
"../../../Engine/Content/Internationalization/icudt64l/region/sr.res" 1810
"../../../Engine/Content/Internationalization/icudt64l/lang/sr_ME.res" 1811
"../../../Engine/Content/Internationalization/icudt64l/lang/sr_Latn_ME.res" 1812
"../../../Engine/Content/Internationalization/icudt64l/lang/sr_Latn.res" 1813
"../../../Engine/Content/Internationalization/icudt64l/region/sr_ME.res" 1814
"../../../Engine/Content/Internationalization/icudt64l/region/sr_Latn_ME.res" 1815
"../../../Engine/Content/Internationalization/icudt64l/region/sr_Latn.res" 1816
"../../../Engine/Content/Internationalization/icudt64l/lang/sr_Cyrl_ME.res" 1817
"../../../Engine/Content/Internationalization/icudt64l/region/sr_Cyrl_ME.res" 1818
"../../../Engine/Content/Internationalization/icudt64l/lang/sr_RS.res" 1819
"../../../Engine/Content/Internationalization/icudt64l/lang/sr_Cyrl_RS.res" 1820
"../../../Engine/Content/Internationalization/icudt64l/region/sr_RS.res" 1821
"../../../Engine/Content/Internationalization/icudt64l/region/sr_Cyrl_RS.res" 1822
"../../../Engine/Content/Internationalization/icudt64l/lang/sr_XK.res" 1823
"../../../Engine/Content/Internationalization/icudt64l/lang/sr_Cyrl_XK.res" 1824
"../../../Engine/Content/Internationalization/icudt64l/region/sr_XK.res" 1825
"../../../Engine/Content/Internationalization/icudt64l/region/sr_Cyrl_XK.res" 1826
"../../../Engine/Content/Internationalization/icudt64l/lang/sr_Latn_BA.res" 1827
"../../../Engine/Content/Internationalization/icudt64l/region/sr_Latn_BA.res" 1828
"../../../Engine/Content/Internationalization/icudt64l/lang/sr_Latn_RS.res" 1829
"../../../Engine/Content/Internationalization/icudt64l/region/sr_Latn_RS.res" 1830
"../../../Engine/Content/Internationalization/icudt64l/lang/sr_Latn_XK.res" 1831
"../../../Engine/Content/Internationalization/icudt64l/region/sr_Latn_XK.res" 1832
"../../../Engine/Content/Internationalization/icudt64l/lang/sv.res" 1833
"../../../Engine/Content/Internationalization/icudt64l/region/sv.res" 1834
"../../../Engine/Content/Internationalization/icudt64l/lang/sv_FI.res" 1835
"../../../Engine/Content/Internationalization/icudt64l/lang/sw.res" 1836
"../../../Engine/Content/Internationalization/icudt64l/lang/sw_CD.res" 1837
"../../../Engine/Content/Internationalization/icudt64l/region/sw_CD.res" 1838
"../../../Engine/Content/Internationalization/icudt64l/region/sw.res" 1839
"../../../Engine/Content/Internationalization/icudt64l/lang/sw_KE.res" 1840
"../../../Engine/Content/Internationalization/icudt64l/region/sw_KE.res" 1841
"../../../Engine/Content/Internationalization/icudt64l/lang/ta.res" 1842
"../../../Engine/Content/Internationalization/icudt64l/region/ta.res" 1843
"../../../Engine/Content/Internationalization/icudt64l/lang/te.res" 1844
"../../../Engine/Content/Internationalization/icudt64l/region/te.res" 1845
"../../../Engine/Content/Internationalization/icudt64l/lang/teo.res" 1846
"../../../Engine/Content/Internationalization/icudt64l/region/teo.res" 1847
"../../../Engine/Content/Internationalization/icudt64l/lang/tg.res" 1848
"../../../Engine/Content/Internationalization/icudt64l/region/tg.res" 1849
"../../../Engine/Content/Internationalization/icudt64l/lang/th.res" 1850
"../../../Engine/Content/Internationalization/icudt64l/lang/th_TH.res" 1851
"../../../Engine/Content/Internationalization/icudt64l/region/th_TH.res" 1852
"../../../Engine/Content/Internationalization/icudt64l/region/th.res" 1853
"../../../Engine/Content/Internationalization/icudt64l/lang/ti.res" 1854
"../../../Engine/Content/Internationalization/icudt64l/region/ti.res" 1855
"../../../Engine/Content/Internationalization/icudt64l/lang/tk.res" 1856
"../../../Engine/Content/Internationalization/icudt64l/region/tk.res" 1857
"../../../Engine/Content/Internationalization/icudt64l/lang/to.res" 1858
"../../../Engine/Content/Internationalization/icudt64l/region/to.res" 1859
"../../../Engine/Content/Internationalization/icudt64l/lang/tr.res" 1860
"../../../Engine/Content/Internationalization/icudt64l/region/tr.res" 1861
"../../../Engine/Content/Internationalization/icudt64l/lang/tt.res" 1862
"../../../Engine/Content/Internationalization/icudt64l/region/tt.res" 1863
"../../../Engine/Content/Internationalization/icudt64l/lang/twq.res" 1864
"../../../Engine/Content/Internationalization/icudt64l/region/twq.res" 1865
"../../../Engine/Content/Internationalization/icudt64l/lang/tzm.res" 1866
"../../../Engine/Content/Internationalization/icudt64l/region/tzm.res" 1867
"../../../Engine/Content/Internationalization/icudt64l/lang/ug.res" 1868
"../../../Engine/Content/Internationalization/icudt64l/region/ug.res" 1869
"../../../Engine/Content/Internationalization/icudt64l/lang/uk.res" 1870
"../../../Engine/Content/Internationalization/icudt64l/region/uk.res" 1871
"../../../Engine/Content/Internationalization/icudt64l/lang/ur.res" 1872
"../../../Engine/Content/Internationalization/icudt64l/lang/ur_IN.res" 1873
"../../../Engine/Content/Internationalization/icudt64l/region/ur_IN.res" 1874
"../../../Engine/Content/Internationalization/icudt64l/region/ur.res" 1875
"../../../Engine/Content/Internationalization/icudt64l/lang/uz.res" 1876
"../../../Engine/Content/Internationalization/icudt64l/lang/uz_Arab.res" 1877
"../../../Engine/Content/Internationalization/icudt64l/lang/uz_AF.res" 1878
"../../../Engine/Content/Internationalization/icudt64l/lang/uz_Arab_AF.res" 1879
"../../../Engine/Content/Internationalization/icudt64l/region/uz_AF.res" 1880
"../../../Engine/Content/Internationalization/icudt64l/region/uz_Arab_AF.res" 1881
"../../../Engine/Content/Internationalization/icudt64l/region/uz_Arab.res" 1882
"../../../Engine/Content/Internationalization/icudt64l/lang/uz_Cyrl.res" 1883
"../../../Engine/Content/Internationalization/icudt64l/lang/uz_UZ.res" 1884
"../../../Engine/Content/Internationalization/icudt64l/lang/uz_Latn_UZ.res" 1885
"../../../Engine/Content/Internationalization/icudt64l/lang/uz_Latn.res" 1886
"../../../Engine/Content/Internationalization/icudt64l/region/uz_UZ.res" 1887
"../../../Engine/Content/Internationalization/icudt64l/region/uz_Latn_UZ.res" 1888
"../../../Engine/Content/Internationalization/icudt64l/region/uz_Latn.res" 1889
"../../../Engine/Content/Internationalization/icudt64l/region/uz.res" 1890
"../../../Engine/Content/Internationalization/icudt64l/region/uz_Cyrl.res" 1891
"../../../Engine/Content/Internationalization/icudt64l/lang/vai.res" 1892
"../../../Engine/Content/Internationalization/icudt64l/lang/vai_Latn.res" 1893
"../../../Engine/Content/Internationalization/icudt64l/lang/vai_LR.res" 1894
"../../../Engine/Content/Internationalization/icudt64l/lang/vai_Vaii_LR.res" 1895
"../../../Engine/Content/Internationalization/icudt64l/lang/vai_Vaii.res" 1896
"../../../Engine/Content/Internationalization/icudt64l/region/vai_LR.res" 1897
"../../../Engine/Content/Internationalization/icudt64l/region/vai_Vaii_LR.res" 1898
"../../../Engine/Content/Internationalization/icudt64l/region/vai_Vaii.res" 1899
"../../../Engine/Content/Internationalization/icudt64l/region/vai.res" 1900
"../../../Engine/Content/Internationalization/icudt64l/region/vai_Latn.res" 1901
"../../../Engine/Content/Internationalization/icudt64l/lang/vi.res" 1902
"../../../Engine/Content/Internationalization/icudt64l/region/vi.res" 1903
"../../../Engine/Content/Internationalization/icudt64l/lang/vun.res" 1904
"../../../Engine/Content/Internationalization/icudt64l/region/vun.res" 1905
"../../../Engine/Content/Internationalization/icudt64l/lang/wae.res" 1906
"../../../Engine/Content/Internationalization/icudt64l/region/wae.res" 1907
"../../../Engine/Content/Internationalization/icudt64l/lang/wo.res" 1908
"../../../Engine/Content/Internationalization/icudt64l/region/wo.res" 1909
"../../../Engine/Content/Internationalization/icudt64l/lang/xh.res" 1910
"../../../Engine/Content/Internationalization/icudt64l/region/xh.res" 1911
"../../../Engine/Content/Internationalization/icudt64l/lang/xog.res" 1912
"../../../Engine/Content/Internationalization/icudt64l/region/xog.res" 1913
"../../../Engine/Content/Internationalization/icudt64l/lang/yav.res" 1914
"../../../Engine/Content/Internationalization/icudt64l/region/yav.res" 1915
"../../../Engine/Content/Internationalization/icudt64l/lang/yi.res" 1916
"../../../Engine/Content/Internationalization/icudt64l/region/yi.res" 1917
"../../../Engine/Content/Internationalization/icudt64l/lang/yo.res" 1918
"../../../Engine/Content/Internationalization/icudt64l/lang/yo_BJ.res" 1919
"../../../Engine/Content/Internationalization/icudt64l/region/yo_BJ.res" 1920
"../../../Engine/Content/Internationalization/icudt64l/region/yo.res" 1921
"../../../Engine/Content/Internationalization/icudt64l/lang/yue.res" 1922
"../../../Engine/Content/Internationalization/icudt64l/lang/yue_Hans.res" 1923
"../../../Engine/Content/Internationalization/icudt64l/lang/yue_CN.res" 1924
"../../../Engine/Content/Internationalization/icudt64l/lang/yue_Hans_CN.res" 1925
"../../../Engine/Content/Internationalization/icudt64l/region/yue_CN.res" 1926
"../../../Engine/Content/Internationalization/icudt64l/region/yue_Hans_CN.res" 1927
"../../../Engine/Content/Internationalization/icudt64l/region/yue_Hans.res" 1928
"../../../Engine/Content/Internationalization/icudt64l/lang/yue_Hant.res" 1929
"../../../Engine/Content/Internationalization/icudt64l/lang/yue_HK.res" 1930
"../../../Engine/Content/Internationalization/icudt64l/lang/yue_Hant_HK.res" 1931
"../../../Engine/Content/Internationalization/icudt64l/region/yue_HK.res" 1932
"../../../Engine/Content/Internationalization/icudt64l/region/yue_Hant_HK.res" 1933
"../../../Engine/Content/Internationalization/icudt64l/region/yue_Hant.res" 1934
"../../../Engine/Content/Internationalization/icudt64l/region/yue.res" 1935
"../../../Engine/Content/Internationalization/icudt64l/lang/zgh.res" 1936
"../../../Engine/Content/Internationalization/icudt64l/region/zgh.res" 1937
"../../../Engine/Content/Internationalization/icudt64l/lang/zh.res" 1938
"../../../Engine/Content/Internationalization/icudt64l/lang/zh_Hans.res" 1939
"../../../Engine/Content/Internationalization/icudt64l/lang/zh_CN.res" 1940
"../../../Engine/Content/Internationalization/icudt64l/lang/zh_Hans_CN.res" 1941
"../../../Engine/Content/Internationalization/icudt64l/region/zh_CN.res" 1942
"../../../Engine/Content/Internationalization/icudt64l/region/zh_Hans_CN.res" 1943
"../../../Engine/Content/Internationalization/icudt64l/region/zh_Hans.res" 1944
"../../../Engine/Content/Internationalization/icudt64l/region/zh.res" 1945
"../../../Engine/Content/Internationalization/icudt64l/lang/zh_HK.res" 1946
"../../../Engine/Content/Internationalization/icudt64l/lang/zh_Hant_HK.res" 1947
"../../../Engine/Content/Internationalization/icudt64l/lang/zh_Hant.res" 1948
"../../../Engine/Content/Internationalization/icudt64l/region/zh_HK.res" 1949
"../../../Engine/Content/Internationalization/icudt64l/region/zh_Hant_HK.res" 1950
"../../../Engine/Content/Internationalization/icudt64l/region/zh_Hant.res" 1951
"../../../Engine/Content/Internationalization/icudt64l/lang/zh_MO.res" 1952
"../../../Engine/Content/Internationalization/icudt64l/lang/zh_Hant_MO.res" 1953
"../../../Engine/Content/Internationalization/icudt64l/region/zh_MO.res" 1954
"../../../Engine/Content/Internationalization/icudt64l/region/zh_Hant_MO.res" 1955
"../../../Engine/Content/Internationalization/icudt64l/lang/zh_SG.res" 1956
"../../../Engine/Content/Internationalization/icudt64l/lang/zh_Hans_SG.res" 1957
"../../../Engine/Content/Internationalization/icudt64l/region/zh_SG.res" 1958
"../../../Engine/Content/Internationalization/icudt64l/region/zh_Hans_SG.res" 1959
"../../../Engine/Content/Internationalization/icudt64l/lang/zh_TW.res" 1960
"../../../Engine/Content/Internationalization/icudt64l/lang/zh_Hant_TW.res" 1961
"../../../Engine/Content/Internationalization/icudt64l/region/zh_TW.res" 1962
"../../../Engine/Content/Internationalization/icudt64l/region/zh_Hant_TW.res" 1963
"../../../Engine/Content/Internationalization/icudt64l/lang/zu.res" 1964
"../../../Engine/Content/Internationalization/icudt64l/region/zu.res" 1965
"../../../Engine/Content/Internationalization/icudt64l/lang/no.res" 1966
"../../../Engine/Content/Internationalization/icudt64l/lang/tl.res" 1967
"../../../Engine/Config/Android/DataDrivenPlatformInfo.ini" 1968
"../../../Engine/Config/IOS/DataDrivenPlatformInfo.ini" 1969
"../../../Engine/Config/Linux/DataDrivenPlatformInfo.ini" 1970
"../../../Engine/Config/Mac/DataDrivenPlatformInfo.ini" 1971
"../../../Engine/Config/TVOS/DataDrivenPlatformInfo.ini" 1972
"../../../Engine/Config/Unix/DataDrivenPlatformInfo.ini" 1973
"../../../Engine/Config/VulkanPC/DataDrivenPlatformInfo.ini" 1974
"../../../Engine/Config/Windows/DataDrivenPlatformInfo.ini" 1975
"../../../Engine/Platforms/VisionOS/Config/DataDrivenPlatformInfo.ini" 1976
"../../../Engine/Content/Renderer/TessellationTable.bin" 1977
"../../../Engine/DerivedDataCache/Compressed.ddp" 1978
"C:/Users/conor/AppData/Local/UnrealEngine/5.6/Saved/Zen/zen.version" 1979
"C:/Users/conor/AppData/Local/UnrealEngine/Common/Zen/Install/zen.version" 1980
"C:/Users/conor/AppData/Local/UnrealEngine/Common/Zen/Install/zenserver.runcontext" 1981
"C:/Users/conor/AppData/Local/UnrealEngine/Common/DerivedDataCache/TestData/0/TestData_4kb.dat" 1982
"C:/Users/conor/AppData/Local/UnrealEngine/Common/DerivedDataCache/TestData/1/TestData_4kb.dat" 1983
"C:/Users/conor/AppData/Local/UnrealEngine/Common/DerivedDataCache/TestData/0/TestData_8kb.dat" 1984
"C:/Users/conor/AppData/Local/UnrealEngine/Common/DerivedDataCache/TestData/1/TestData_8kb.dat" 1985
"C:/Users/conor/AppData/Local/UnrealEngine/Common/DerivedDataCache/TestData/0/TestData_16kb.dat" 1986
"C:/Users/conor/AppData/Local/UnrealEngine/Common/DerivedDataCache/TestData/1/TestData_16kb.dat" 1987
"C:/Users/conor/AppData/Local/UnrealEngine/Common/DerivedDataCache/TestData/0/TestData_64kb.dat" 1988
"C:/Users/conor/AppData/Local/UnrealEngine/Common/DerivedDataCache/TestData/1/TestData_64kb.dat" 1989
"C:/Users/conor/AppData/Local/UnrealEngine/Common/DerivedDataCache/TestData/0/TestData_128kb.dat" 1990
"C:/Users/conor/AppData/Local/UnrealEngine/Common/DerivedDataCache/TestData/1/TestData_128kb.dat" 1991
"C:/Users/conor/AppData/Local/UnrealEngine/Common/DerivedDataCache/TestData/0/TestData_256kb.dat" 1992
"C:/Users/conor/AppData/Local/UnrealEngine/Common/DerivedDataCache/TestData/1/TestData_256kb.dat" 1993
"C:/Users/conor/AppData/Roaming/Unreal Engine/UnrealBuildTool/BuildConfiguration.xml" 1994
"C:/Users/conor/OneDrive/Desktop/Documents/GitHub/3D-Platformer-Semester-2/3DPlatformer/Intermediate/ShaderAutogen/PCD3D_SM6/AutogenShaderHeaders.ush" 1995
"../../../Engine/Shaders/Private/HairStrands/HairStrandsVertexFactory.ush" 1996
"../../../Engine/Shaders/Private/VertexFactoryCommon.ush" 1997
"../../../Engine/Shaders/Private/Common.ush" 1998
"../../../Engine/Shaders/Public/Platform.ush" 1999
"../../../Engine/Shaders/Public/FP16Math.ush" 2000
"../../../Engine/Shaders/Public/Platform/D3D/D3DCommon.ush" 2001
"../../../Engine/Shaders/Shared/HLSLReservedSpaces.h" 2002
"../../../Engine/Shaders/Public/BindlessResources.ush" 2003
"../../../Engine/Shaders/Public/Platform/D3D/PlatformBindlessResources.ush" 2004
"../../../Engine/Shaders/Shared/RayTracingBuiltInResources.h" 2005
"../../../Engine/Shaders/Shared/RayTracingDefinitions.h" 2006
"../../../Engine/Shaders/Public/OverloadMacros.ush" 2007
"../../../Engine/Shaders/Public/ShaderVersion.ush" 2008
"../../../Engine/Shaders/Shared/ThirdParty/NVIDIA/nvHLSLExtns.h" 2009
"../../../Engine/Shaders/Shared/ThirdParty/NVIDIA/nvHLSLExtnsInternal.h" 2010
"../../../Engine/Shaders/Shared/ThirdParty/NVIDIA/nvShaderExtnEnums.h" 2011
"../../../Engine/Shaders/Private/PackUnpack.ush" 2012
"../../../Engine/Shaders/Private/GeneratedUniformBufferTypes.ush" 2013
"../../../Engine/Shaders/Private/Nanite/NanitePackedNaniteView.ush" 2014
"../../../Engine/Shaders/Private/HairStrands/HairStrandsVisibilityCommonStruct.ush" 2015
"../../../Engine/Shaders/Private/HairStrands/HairStrandsVoxelPageCommonStruct.ush" 2016
"../../../Engine/Shaders/Private/HairStrands/HairStrandsDeepShadowCommonStruct.ush" 2017
"../../../Engine/Shaders/Shared/LightSceneData.h" 2018
"../../../Engine/Shaders/Shared/HLSLTypeAliases.h" 2019
"../../../Engine/Shaders/Private/LargeWorldCoordinates.ush" 2020
"../../../Engine/Shaders/Private/DoubleFloat.ush" 2021
"../../../Engine/Shaders/Private/RandomPCG.ush" 2022
"../../../Engine/Shaders/Private/DoubleFloatOperations.ush" 2023
"../../../Engine/Shaders/Private/DoubleFloatVectorDefinition.ush" 2024
"../../../Engine/Shaders/Private/LWCOperations.ush" 2025
"../../../Engine/Shaders/Shared/LightViewData.h" 2026
"../../../Engine/Shaders/Shared/RayTracingTypes.h" 2027
"../../../Engine/Shaders/Shared/HLSLStaticAssert.h" 2028
"../../../Engine/Shaders/Private/CommonViewUniformBuffer.ush" 2029
"../../../Engine/Shaders/Private/InstancedStereo.ush" 2030
"../../../Engine/Shaders/Private/Definitions.usf" 2031
"../../../Engine/Shaders/Private/AssertionMacros.ush" 2032
"../../../Engine/Shaders/Private/FastMath.ush" 2033
"../../../Engine/Shaders/Private/FastMathThirdParty.ush" 2034
"../../../Engine/Shaders/Private/Random.ush" 2035
"../../../Engine/Shaders/Private/RandomInterleavedGradientNoise.ush" 2036
"../../../Engine/Shaders/Private/SceneData.ush" 2037
"../../../Engine/Shaders/Private/OctahedralCommon.ush" 2038
"../../../Engine/Shaders/Private/WaveOpUtil.ush" 2039
"../../../Engine/Shaders/Private/ByteBuffer.ush" 2040
"../../../Engine/Shaders/Shared/SceneDefinitions.h" 2041
"../../../Engine/Shaders/Private/SceneDataMobileLoader.ush" 2042
"../../../Engine/Shaders/Private/LocalVertexFactoryCommon.ush" 2043
"../../../Engine/Shaders/Private/HairStrands/HairStrandsVisibilityCommon.ush" 2044
"../../../Engine/Shaders/Shared/HairStrandsDefinitions.h" 2045
"../../../Engine/Shaders/Private/HairStrands/HairStrandsVertexFactoryCommon.ush" 2046
"../../../Engine/Shaders/Private/HairStrands/HairStrandsPack.ush" 2047
"../../../Engine/Shaders/Private/HairStrands/HairStrandsAttributeCommon.ush" 2048
"../../../Engine/Shaders/Private/HairStrands/HairStrandsAttributeTemplate.ush" 2049
"../../../Engine/Shaders/Private/VertexFactoryDefaultInterface.ush" 2050
"../../../Engine/Shaders/Private/HairStrands/HairCardsVertexFactory.ush" 2051
"../../../Engine/Shaders/Private/HairStrands/HairCardsAttributeCommon.ush" 2052
"../../../Engine/Shaders/Private/RayTracing/RayTracingCommon.ush" 2053
"../../../Engine/Shaders/Private/ShadingCommon.ush" 2054
"../../../Engine/Shaders/Shared/RayTracingPayloadType.h" 2055
"../../../Engine/Shaders/Private/RayTracing/RayTracingRayCone.ush" 2056
"../../../Engine/Shaders/Private/Substrate/Substrate.ush" 2057
"../../../Engine/Shaders/Private/ShadingEnergyConservation.ush" 2058
"../../../Engine/Shaders/Private/ShadingEnergyConservationTemplate.ush" 2059
"../../../Engine/Shaders/Private/BRDF.ush" 2060
"../../../Engine/Shaders/Private/ColorSpace.ush" 2061
"../../../Engine/Shaders/Private/DeferredShadingCommon.ush" 2062
"../../../Engine/Shaders/Private/LightAccumulator.ush" 2063
"../../../Engine/Shaders/Private/SceneTexturesCommon.ush" 2064
"../../../Engine/Shaders/Private/MonteCarlo.ush" 2065
"../../../Engine/Shaders/Private/GBufferHelpers.ush" 2066
"../../../Engine/Shaders/Private/SceneTextureParameters.ush" 2067
"../../../Engine/Shaders/Private/ParticipatingMediaCommon.ush" 2068
"../../../Engine/Shaders/Private/ThinFilmBSDF.ush" 2069
"../../../Engine/Shaders/Private/MortonCode.ush" 2070
"../../../Engine/Shaders/Private/SubsurfaceProfileCommon.ush" 2071
"../../../Engine/Shaders/Private/BurleyNormalizedSSSCommon.ush" 2072
"../../../Engine/Shaders/Private/GammaCorrectionCommon.ush" 2073
"../../../Engine/Shaders/Shared/SubstrateDefinitions.h" 2074
"../../../Engine/Shaders/Private/Substrate/SubstrateStatisticalOperators.ush" 2075
"../../../Engine/Shaders/Private/Substrate/SubstrateSubsurface.ush" 2076
"../../../Engine/Shaders/Private/TransmissionCommon.ush" 2077
"../../../Engine/Shaders/Private/Substrate/SubstrateExportCommon.ush" 2078
"../../../Engine/Shaders/Private/SpecularProfileCommon.ush" 2079
"../../../Engine/Shaders/Private/RayTracing/RayTracingCommonMetal.ush" 2080
"../../../Engine/Shaders/Private/PositionReconstructionCommon.ush" 2081
"../../../Engine/Shaders/Private/RayTracing/TraceRayInline.ush" 2082
"../../../Engine/Shaders/Private/RayTracing/TraceRayInlineCommon.ush" 2083
"../../../Engine/Shaders/Private/RayTracing/TraceRayInlineVulkan.ush" 2084
"../../../Engine/Shaders/Private/RayTracing/TraceRayInlineMetal.ush" 2085
"../../../Engine/Shaders/Private/RayTracing/TraceRayInlineD3D12.ush" 2086
"../../../Engine/Shaders/Private/RayTracing/RayTracingHitGroupCommon.ush" 2087
"../../../Engine/Shaders/Private/Nanite/NaniteRayTrace.ush" 2088
"../../../Engine/Shaders/Private/Nanite/NaniteDataDecode.ush" 2089
"../../../Engine/Shaders/Private/BitPacking.ush" 2090
"../../../Engine/Shaders/Private/BitStreamReaderImplementation.ush" 2091
"../../../Engine/Shaders/Private/BoneTransform.ush" 2092
"../../../Engine/Shaders/Private/Quaternion.ush" 2093
"../../../Engine/Shaders/Shared/NaniteDefinitions.h" 2094
"../../../Engine/Shaders/Shared/SkinningDefinitions.h" 2095
"../../../Engine/Shaders/Private/Nanite/NaniteAttributeDecode.ush" 2096
"../../../Engine/Shaders/Private/Barycentrics.ush" 2097
"../../../Engine/Shaders/Private/DualNumber.ush" 2098
"../../../Engine/Shaders/Shared/ThirdParty/RayTriangleIntersection.h" 2099
"../../../Engine/Shaders/Private/Nanite/NaniteVertexFetch.ush" 2100
"../../../Engine/Shaders/Private/Nanite/NaniteSceneCommon.ush" 2101
"../../../Engine/Plugins/FX/Niagara/Shaders/Private/NiagaraSpriteVertexFactory.ush" 2102
"../../../Engine/Shaders/Private/ParticleVertexFactoryCommon.ush" 2103
"../../../Engine/Plugins/FX/Niagara/Shaders/Private/NiagaraVFCommon.usf" 2104
"../../../Engine/Plugins/FX/Niagara/Shaders/Private/NiagaraVFParticleAccess.usf" 2105
"../../../Engine/Plugins/FX/Niagara/Shaders/Private/NiagaraParticleAccess.ush" 2106
"../../../Engine/Plugins/FX/Niagara/Shaders/Private/NiagaraRibbonVertexFactory.ush" 2107
"../../../Engine/Plugins/FX/Niagara/Shaders/Private/NiagaraMeshVertexFactory.ush" 2108
"../../../Engine/Plugins/FX/Niagara/Shaders/Private/NiagaraCommon.ush" 2109
"../../../Engine/Plugins/FX/Niagara/Shaders/Private/NiagaraMeshParticleUtils.ush" 2110
"../../../Engine/Shaders/Private/VectorFieldVisualizationVertexFactory.ush" 2111
"../../../Engine/Shaders/Private/Nanite/NaniteVertexFactory.ush" 2112
"../../../Engine/Shaders/Private/LightmapData.ush" 2113
"../../../Engine/Shaders/Private/SplineMeshCommon.ush" 2114
"../../../Engine/Shaders/Shared/SplineMeshShaderParams.h" 2115
"../../../Engine/Shaders/Private/ShaderPrint.ush" 2116
"../../../Engine/Shaders/Private/ShaderPrintCommon.ush" 2117
"../../../Engine/Shaders/Private/MiniFontCommon.ush" 2118
"../../../Engine/Shaders/Private/MaterialCache/MaterialCacheCommon.ush" 2119
"../../../Engine/Shaders/Shared/MaterialCacheDefinitions.h" 2120
"../../../Engine/Shaders/Private/Nanite/NaniteVertexDeformation.ush" 2121
"../../../Engine/Shaders/Private/ViewData.ush" 2122
"../../../Engine/Shaders/Shared/ViewDefinitions.h" 2123
"../../../Engine/Shaders/Private/Matrices.ush" 2124
"../../../Engine/Shaders/Private/ParticleSpriteVertexFactory.ush" 2125
"../../../Engine/Shaders/Private/ParticleGPUSpriteVertexFactory.ush" 2126
"../../../Engine/Shaders/Private/ParticleSimulationCommon.ush" 2127
"../../../Engine/Shaders/Private/ParticleBeamTrailVertexFactory.ush" 2128
"../../../Engine/Shaders/Private/MeshParticleVertexFactory.ush" 2129
"../../../Engine/Shaders/Private/LocalVertexFactory.ush" 2130
"../../../Engine/Shaders/Private/GpuSkinCommon.ush" 2131
"../../../Engine/Shaders/Private/GpuSkinVertexFactory.ush" 2132
"../../../Engine/Shaders/Private/GeometryCollectionVertexFactory.ush" 2133
"../../../Engine/Shaders/Private/GeometryCacheVertexFactory.ush" 2134
"../../../Engine/Shaders/Private/LandscapeVertexFactory.ush" 2135
"../../../Engine/Plugins/Experimental/Compositing/CompositeCore/Shaders/Private/CompositeCoreMerge.usf" 2136
"../../../Engine/Shaders/Private/ScreenPass.ush" 2137
"../../../Engine/Shaders/Private/LensDistortion.ush" 2138
"../../../Engine/Plugins/Experimental/Compositing/CompositeCore/Shaders/Private/CompositeCoreDisplayTransform.usf" 2139
"../../../Engine/Plugins/Experimental/Compositing/CompositeCore/Shaders/Private/CompositeCoreDilate.usf" 2140
"../../../Engine/Plugins/Media/WmfMedia/Shaders/Private/MediaHardwareVideoDecoding.usf" 2141
"../../../Engine/Shaders/Private/ColorUtils.ush" 2142
"../../../Engine/Plugins/Media/ImgMedia/Shaders/Private/ExrSwizzler.usf" 2143
"../../../Engine/Plugins/Enterprise/GLTFExporter/Shaders/Private/SimpleTexture2DPS.usf" 2144
"../../../Engine/Shaders/Private/SimpleElementNormalMapPixelShader.usf" 2145
"../../../Engine/Plugins/Runtime/HairStrands/Shaders/Private/NiagaraCopyVelocityGrid.usf" 2146
"../../../Engine/Plugins/Runtime/HairStrands/Shaders/Private/NiagaraClearVelocityGrid.usf" 2147
"../../../Engine/Plugins/Runtime/HairStrands/Shaders/Private/NiagaraClearPressureGrid.usf" 2148
"../../../Engine/Plugins/Runtime/HairStrands/Shaders/Private/NiagaraInterpolateGroomGuides.usf" 2149
"../../../Engine/Plugins/Runtime/HairStrands/Shaders/Private/NiagaraGroomInterpolationUtils.ush" 2150
"../../../Engine/Plugins/FX/Niagara/Shaders/Private/NiagaraQuaternionUtils.ush" 2151
"../../../Engine/Shaders/Private/HairStrands/HairStrandsMesh.usf" 2152
"../../../Engine/Shaders/Private/HairStrands/HairStrandsBindingCommon.ush" 2153
"../../../Engine/Shaders/Private/HairStrands/HairStrandsFollicleMask.usf" 2154
"../../../Engine/Shaders/Private/HairStrands/HairStrandsSkinUpdate.usf" 2155
"../../../Engine/Shaders/Private/HairStrands/HairStrandsClusterCulling.usf" 2156
"../../../Engine/Shaders/Private/ColorMap.ush" 2157
"../../../Engine/Shaders/Private/HairStrands/HairStrandsAABBCommon.ush" 2158
"../../../Engine/Shaders/Private/HairStrands/HairStrandsClusterCommon.ush" 2159
"../../../Engine/Shaders/Private/ThreadGroupPrefixSum.ush" 2160
"../../../Engine/Shaders/Private/HairStrands/HairStrandsRaytracingGeometry.usf" 2161
"../../../Engine/Shaders/Private/HairStrands/HairStrandsTangent.usf" 2162
"../../../Engine/Shaders/Private/HairStrands/HairCardsDeformation.usf" 2163
"../../../Engine/Shaders/Private/HairStrands/HairStrandsInterpolation.usf" 2164
"../../../Engine/Shaders/Private/HairStrands/HairStrandsGuideDeform.usf" 2165
"../../../Engine/Shaders/Private/HairStrands/HairStrandsTexturesGeneration.usf" 2166
"../../../Engine/Shaders/Private/HairStrands/HairCardsTextureCommon.ush" 2167
"../../../Engine/Shaders/Private/HairStrands/HairStrandsTranscode.usf" 2168
"../../../Engine/Shaders/Private/HairStrands/HairStrandsDebug.usf" 2169
"../../../Engine/Shaders/Private/HairShadingCommon.ush" 2170
"../../../Engine/Shaders/Private/PostProcessCommon.ush" 2171
"../../../Engine/Shaders/Private/ShadingModels.ush" 2172
"../../../Engine/Shaders/Private/CapsuleLight.ush" 2173
"../../../Engine/Shaders/Private/RectLight.ush" 2174
"../../../Engine/Shaders/Private/LightData.ush" 2175
"../../../Engine/Shaders/Shared/LightDefinitions.h" 2176
"../../../Engine/Shaders/Private/AreaLightCommon.ush" 2177
"../../../Engine/Shaders/Private/HairBsdf.ush" 2178
"../../../Engine/Shaders/Private/MobileGGX.ush" 2179
"../../../Engine/Shaders/Private/HairStrands/HairStrandsCommon.ush" 2180
"../../../Engine/Shaders/Private/HairStrands/HairStrandsEnvironmentLightingCommon.ush" 2181
"../../../Engine/Shaders/Private/HairStrands/HairStrandsDeepTransmittanceCommon.ush" 2182
"../../../Engine/Shaders/Private/HairStrands/HairStrandsDeepTransmittanceDualScattering.ush" 2183
"../../../Engine/Shaders/Private/HairStrands/HairStrandsDeepShadowCommon.ush" 2184
"../../../Engine/Shaders/Private/HairStrands/HairStrandsDebugCommonStruct.ush" 2185
"../../../Engine/Plugins/VirtualProduction/CameraCalibrationCore/Shaders/Private/CrosshairOverlay.usf" 2186
"../../../Engine/Plugins/VirtualProduction/CameraCalibrationCore/Shaders/Private/DisplacementMapBlending.usf" 2187
"../../../Engine/Plugins/VirtualProduction/CameraCalibrationCore/Shaders/Private/RecenterSTDisplacementMaps.usf" 2188
"../../../Engine/Plugins/VirtualProduction/CameraCalibrationCore/Shaders/Private/FillSTDisplacementMap.usf" 2189
"../../../Engine/Plugins/VirtualProduction/CameraCalibrationCore/Shaders/Private/InvertDisplacementMap.usf" 2190
"../../../Engine/Plugins/VirtualProduction/CameraCalibrationCore/Shaders/Private/CropDisplacementMap.usf" 2191
"../../../Engine/Plugins/VirtualProduction/CameraCalibrationCore/Shaders/Private/BlendDisplacementMaps.usf" 2192
"../../../Engine/Plugins/VirtualProduction/CameraCalibrationCore/Shaders/Private/DrawDisplacementMaps.usf" 2193
"../../../Engine/Plugins/VirtualProduction/CameraCalibrationCore/Shaders/Private/UndistortImagePoints.usf" 2194
"../../../Engine/Plugins/VirtualProduction/CameraCalibrationCore/Shaders/Private/DistortionSTMapProcessor.usf" 2195
"../../../Engine/Plugins/NNE/NNEDenoiser/Shaders/NNEDenoiserShadersTransferFunctionOidn.usf" 2196
"../../../Engine/Plugins/NNE/NNEDenoiser/Shaders/NNEDenoiserShadersMappedCopy.usf" 2197
"../../../Engine/Plugins/NNE/NNEDenoiser/Shaders/NNEDenoiserShadersDefaultIOProcess.usf" 2198
"../../../Engine/Plugins/NNE/NNEDenoiser/Shaders/NNEDenoiserShadersAutoExposureReduceFinal.usf" 2199
"../../../Engine/Plugins/NNE/NNEDenoiser/Shaders/NNEDenoiserShadersAutoExposureReduce.usf" 2200
"../../../Engine/Plugins/NNE/NNEDenoiser/Shaders/NNEDenoiserShadersAutoExposureDownsample.usf" 2201
"../../../Engine/Plugins/FX/Niagara/Shaders/Private/NiagaraVertexFactoryExport.usf" 2202
"../../../Engine/Shaders/Private/ComputeShaderUtils.ush" 2203
"../../../Engine/Shaders/Private/MaterialTemplate.ush" 2204
"../../../Engine/Shaders/Private/WorldSpaceMath.ush" 2205
"../../../Engine/Shaders/Private/EyeAdaptationCommon.ush" 2206
"../../../Engine/Shaders/Private/SobolRandom.ush" 2207
"../../../Engine/Shaders/Private/DepthOfFieldCommon.ush" 2208
"../../../Engine/Shaders/Private/CircleDOFCommon.ush" 2209
"../../../Engine/Shaders/Private/DistanceField/GlobalDistanceFieldShared.ush" 2210
"../../../Engine/Shaders/Private/PhysicsFieldSampler.ush" 2211
"../../../Engine/Shaders/Private/PhysicsFieldShared.ush" 2212
"../../../Engine/Shaders/Private/SparseVolumeTexture/SparseVolumeTextureCommon.ush" 2213
"../../../Engine/Shaders/Shared/EnvironmentComponentsFlags.h" 2214
"../../../Engine/Shaders/Private/MeshPaintTextureCommon.ush" 2215
"../../../Engine/Shaders/Private/VirtualTextureMaterial.ush" 2216
"../../../Engine/Shaders/Private/MaterialCache/MaterialCacheMaterialCommon.ush" 2217
"../../../Engine/Shaders/Private/MaterialCache/MaterialCacheABuffer.ush" 2218
"../../../Engine/Shaders/Private/SpeedTreeCommon.ush" 2219
"../../../Engine/Shaders/Private/VirtualTextureCommon.ush" 2220
"../../../Engine/Shaders/Private/MaterialTexture.ush" 2221
"../../../Engine/Shaders/Private/MinMaterialTexCoords.ush" 2222
"../../../Engine/Shaders/Private/SkyAtmosphereCommon.ush" 2223
"../../../Engine/Shaders/Private/SingleLayerWaterCommon.ush" 2224
"../../../Engine/Shaders/Private/TextureSampling.ush" 2225
"../../../Engine/Shaders/Private/PaniniProjection.ush" 2226
"../../../Engine/Shaders/Private/DBufferNormalReprojection.ush" 2227
"../../../Engine/Shaders/Public/SubstratePublic.ush" 2228
"../../../Engine/Shaders/Private/Substrate/SubstrateTree.ush" 2229
"../../../Engine/Shaders/Private/Substrate/SubstrateEvaluation.ush" 2230
"../../../Engine/Shaders/Private/Substrate/Glint/GlintThirdParty.ush" 2231
"../../../Engine/Shaders/Private/BlueNoise.ush" 2232
"../../../Engine/Shaders/Private/SHCommon.ush" 2233
"../../../Engine/Shaders/Private/ShadingModelsSampling.ush" 2234
"../../../Engine/Shaders/Private/HairStrands/HairBsdfSample.ush" 2235
"../../../Engine/Shaders/Private/Substrate/SubstrateLegacyConversion.ush" 2236
"../../../Engine/Shaders/Private/DBufferDecalShared.ush" 2237
"../../../Engine/Plugins/FX/Niagara/Shaders/Private/NiagaraSortKeyGen.usf" 2238
"../../../Engine/Plugins/FX/Niagara/Shaders/Private/NiagaraGPURayTracingTransforms.usf" 2239
"../../../Engine/Plugins/FX/Niagara/Shaders/Private/NiagaraDrawIndirectArgsGen.usf" 2240
"../../../Engine/Plugins/FX/Niagara/Shaders/Private/NiagaraDispatchIndirectArgsGen.usf" 2241
"../../../Engine/Plugins/FX/Niagara/Shaders/Private/Stateless/NiagaraStatelessSimulationDefault.usf" 2242
"../../../Engine/Plugins/FX/Niagara/Shaders/Private/Stateless/NiagaraStatelessSimulationTemplate.ush" 2243
"../../../Engine/Plugins/FX/Niagara/Shaders/Private/Stateless/NiagaraStatelessCommon.ush" 2244
"../../../Engine/Plugins/FX/Niagara/Shaders/Shared/NiagaraStatelessDefinitions.h" 2245
"../../../Engine/Plugins/FX/Niagara/Shaders/Shared/NiagaraStatelessBuiltDistribution.h" 2246
"../../../Engine/Plugins/FX/Niagara/Shaders/Private/Stateless/NiagaraStatelessDistribution.ush" 2247
"../../../Engine/Plugins/FX/Niagara/Shaders/Private/Stateless/Modules/NiagaraStatelessModule_CalculateAccurateVelocity.ush" 2248
"../../../Engine/Plugins/FX/Niagara/Shaders/Private/Stateless/Modules/NiagaraStatelessModule_CameraOffset.ush" 2249
"../../../Engine/Plugins/FX/Niagara/Shaders/Private/Stateless/Modules/NiagaraStatelessModule_DynamicMaterialParameters.ush" 2250
"../../../Engine/Plugins/FX/Niagara/Shaders/Private/Stateless/Modules/NiagaraStatelessModule_InitializeParticle.ush" 2251
"../../../Engine/Plugins/FX/Niagara/Shaders/Private/Stateless/Modules/NiagaraStatelessModule_InitialMeshOrientation.ush" 2252
"../../../Engine/Plugins/FX/Niagara/Shaders/Private/Stateless/Modules/NiagaraStatelessModule_MeshIndex.ush" 2253
"../../../Engine/Plugins/FX/Niagara/Shaders/Private/Stateless/Modules/NiagaraStatelessModule_MeshRotationRate.ush" 2254
"../../../Engine/Plugins/FX/Niagara/Shaders/Private/Stateless/Modules/NiagaraStatelessModule_RotateAroundPoint.ush" 2255
"../../../Engine/Plugins/FX/Niagara/Shaders/Private/Stateless/Modules/NiagaraStatelessModule_ShapeLocation.ush" 2256
"../../../Engine/Plugins/FX/Niagara/Shaders/Private/Stateless/Modules/NiagaraStatelessModule_ScaleColor.ush" 2257
"../../../Engine/Plugins/FX/Niagara/Shaders/Private/Stateless/Modules/NiagaraStatelessModule_ScaleRibbonWidth.ush" 2258
"../../../Engine/Plugins/FX/Niagara/Shaders/Private/Stateless/Modules/NiagaraStatelessModule_ScaleSpriteSize.ush" 2259
"../../../Engine/Plugins/FX/Niagara/Shaders/Private/Stateless/Modules/NiagaraStatelessModule_ScaleSpriteSizeBySpeed.ush" 2260
"../../../Engine/Plugins/FX/Niagara/Shaders/Private/Stateless/Modules/NiagaraStatelessModule_ScaleMeshSize.ush" 2261
"../../../Engine/Plugins/FX/Niagara/Shaders/Private/Stateless/Modules/NiagaraStatelessModule_ScaleMeshSizebySpeed.ush" 2262
"../../../Engine/Plugins/FX/Niagara/Shaders/Private/Stateless/Modules/NiagaraStatelessModule_SolveVelocitiesAndForces.ush" 2263
"../../../Engine/Plugins/FX/Niagara/Shaders/Private/Stateless/Modules/NiagaraStatelessModule_SpriteFacingAndAlignment.ush" 2264
"../../../Engine/Plugins/FX/Niagara/Shaders/Private/Stateless/Modules/NiagaraStatelessModule_SpriteRotationRate.ush" 2265
"../../../Engine/Plugins/FX/Niagara/Shaders/Private/Stateless/Modules/NiagaraStatelessModule_SubUVAnimation.ush" 2266
"../../../Engine/Plugins/FX/Niagara/Shaders/Private/NiagaraBlendSVTsToDenseBuffer.usf" 2267
"../../../Engine/Plugins/FX/Niagara/Shaders/Private/NiagaraSVTToDenseBuffer.usf" 2268
"../../../Engine/Plugins/FX/Niagara/Shaders/Private/NiagaraFillIntBuffer.usf" 2269
"../../../Engine/Plugins/FX/Niagara/Shaders/Private/NiagaraComputeFreeIDs.usf" 2270
"../../../Engine/Plugins/FX/Niagara/Shaders/Private/NiagaraInitFreeIDBuffer.usf" 2271
"../../../Engine/Plugins/FX/Niagara/Shaders/Private/NiagaraEmitterInstanceShader.usf" 2272
"../../../Engine/Plugins/FX/Niagara/Shaders/Private/NiagaraShaderVersion.ush" 2273
"../../../Engine/Plugins/FX/Niagara/Shaders/Private/NiagaraPhysicsCommon.ush" 2274
"../../../Engine/Plugins/FX/Niagara/Shaders/Private/Ribbons/NiagaraRibbonAggregationApply.usf" 2275
"../../../Engine/Plugins/FX/Niagara/Shaders/Private/Ribbons/NiagaraRibbonCommon.ush" 2276
"../../../Engine/Plugins/FX/Niagara/Shaders/Private/Ribbons/NiagaraRibbonAggregationStep.usf" 2277
"../../../Engine/Plugins/FX/Niagara/Shaders/Private/Ribbons/NiagaraRibbonGenerateIndices.usf" 2278
"../../../Engine/Plugins/FX/Niagara/Shaders/Private/Ribbons/NiagaraRibbonInitializeIndices.usf" 2279
"../../../Engine/Plugins/FX/Niagara/Shaders/Private/Ribbons/NiagaraRibbonRibbonUVParamCalculation.usf" 2280
"../../../Engine/Plugins/FX/Niagara/Shaders/Private/Ribbons/NiagaraRibbonVertexReductionFinalization.usf" 2281
"../../../Engine/Plugins/FX/Niagara/Shaders/Private/Ribbons/NiagaraRibbonVertexReductionInitialization.usf" 2282
"../../../Engine/Plugins/FX/Niagara/Shaders/Private/Ribbons/NiagaraRibbonSortParticles.usf" 2283
"../../../Engine/Plugins/FX/Niagara/Shaders/Private/NiagaraLWCHelper.usf" 2284
"../../../Engine/Plugins/FX/Niagara/Shaders/Private/NiagaraUpdateMeshGPUSceneInstances.usf" 2285
"../../../Engine/Shaders/Private/GPUScene/GPUSceneWriter.ush" 2286
"../../../Engine/Plugins/FX/Niagara/Shaders/Private/NiagaraGenerateMips.usf" 2287
"../../../Engine/Plugins/FX/Niagara/Shaders/Private/NiagaraDebugDraw.usf" 2288
"../../../Engine/Plugins/FX/Niagara/Shaders/Private/NiagaraDebugDraw.ush" 2289
"../../../Engine/Plugins/FX/Niagara/Shaders/Private/NiagaraVisualizeTexture.usf" 2290
"../../../Engine/Plugins/FX/Niagara/Shaders/Private/NiagaraClearCounts.usf" 2291
"../../../Engine/Plugins/FX/Niagara/Shaders/Private/NiagaraBatchedElements.usf" 2292
"../../../Engine/Plugins/FX/Niagara/Shaders/Private/NiagaraRayTracingShaders.usf" 2293
"../../../Engine/Plugins/FX/Niagara/Shaders/Private/NiagaraAsyncGpuTraceCommon.ush" 2294
"../../../Engine/Shaders/Private/HashTable.ush" 2295
"../../../Engine/Shaders/Private/Hash.ush" 2296
"../../../Engine/Shaders/Private/RayTracing/VFXTraceRay.ush" 2297
"../../../Engine/Plugins/FX/Niagara/Shaders/Private/NiagaraRayMarchingShaders.usf" 2298
"../../../Engine/Plugins/FX/Niagara/Shaders/Private/NiagaraRayTraceCollisionGroupShaders.usf" 2299
"../../../Engine/Plugins/FX/Niagara/Shaders/Private/NiagaraAsyncGpuTraceUtils.usf" 2300
"../../../Engine/Plugins/Experimental/NFORDenoise/Shaders/NFORDenoise.usf" 2301
"../../../Engine/Plugins/Experimental/NFORDenoise/Shaders/NFORRegressionCommon.ush" 2302
"../../../Engine/Plugins/Experimental/NFORDenoise/Shaders/NFORRegression.ush" 2303
"../../../Engine/Plugins/Runtime/ComputeFramework/Shaders/Private/ComputeKernel.usf" 2304
"../../../Engine/Plugins/Runtime/ComputeFramework/Shaders/Private/ComputeKernelCommon.ush" 2305
"../../../Engine/Shaders/Private/VirtualTextureAdapter.usf" 2306
"../../../Engine/Shaders/Private/BlockCompressionCommon.ush" 2307
"../../../Engine/Shaders/Private/BCCompressionCommon.ush" 2308
"../../../Engine/Shaders/Private/TranslucentLightingShaders.usf" 2309
"../../../Engine/Shaders/Private/CubemapCommon.ush" 2310
"../../../Engine/Shaders/Private/VectorFieldCompositeShaders.usf" 2311
"../../../Engine/Shaders/Private/UpdateTextureShaders.usf" 2312
"../../../Engine/Shaders/Private/StereoLayerShader.usf" 2313
"../../../Engine/Shaders/Private/SparseVolumeTexture/UpdateSparseVolumeTexture.usf" 2314
"../../../Engine/Shaders/Private/MorphTargets.usf" 2315
"../../../Engine/Shaders/Private/SimpleElementColorChannelMaskPixelShader.usf" 2316
"../../../Engine/Shaders/Private/SimpleElementHitProxyPixelShader.usf" 2317
"../../../Engine/Shaders/Private/SimpleElementPixelShader.usf" 2318
"../../../Engine/Shaders/Private/IESLightProfilesCommon.ush" 2319
"../../../Engine/Shaders/Private/SimpleElementVertexShader.usf" 2320
"../../../Engine/Shaders/Private/ScreenPixelShaderOES.usf" 2321
"../../../Engine/Shaders/Private/ScreenVertexShader.usf" 2322
"../../../Engine/Shaders/Private/ScreenPixelShader.usf" 2323
"../../../Engine/Shaders/Private/SSProfilePreIntegratedMobile.usf" 2324
"../../../Engine/Shaders/Private/SpecularProfile.usf" 2325
"../../../Engine/Shaders/Private/Nanite/NaniteStreaming.usf" 2326
"../../../Engine/Shaders/Private/Nanite/NaniteStreaming.ush" 2327
"../../../Engine/Shaders/Private/Nanite/NaniteTranscode.usf" 2328
"../../../Engine/Shaders/Private/VolumetricLightmapStreaming.usf" 2329
"../../../Engine/Shaders/Private/PhysicsFieldReset.usf" 2330
"../../../Engine/Shaders/Private/PhysicsFieldBuilder.usf" 2331
"../../../Engine/Shaders/Private/PhysicsFieldEval.ush" 2332
"../../../Engine/Shaders/Private/ParticleSortKeyGen.usf" 2333
"../../../Engine/Shaders/Private/ParticleBoundsShader.usf" 2334
"../../../Engine/Shaders/Private/ParticleSimVisualizeShader.usf" 2335
"../../../Engine/Shaders/Private/ParticleInjectionShader.usf" 2336
"../../../Engine/Shaders/Private/ParticleSimulationShader.usf" 2337
"../../../Engine/Shaders/Private/ParticleCurveInjectionShader.usf" 2338
"../../../Engine/Shaders/Private/CopyUIntBuffer.usf" 2339
"../../../Engine/Shaders/Private/RadixSortShaders.usf" 2340
"../../../Engine/Shaders/Private/RecomputeTangentsPerVertexPass.usf" 2341
"../../../Engine/Shaders/Private/RecomputeTangentsCommon.ush" 2342
"../../../Engine/Shaders/Private/RecomputeTangentsPerTrianglePass.usf" 2343
"../../../Engine/Shaders/Private/GpuSkinCacheComputeShader.usf" 2344
"../../../Engine/Shaders/Private/HeightFieldAtlasManagement.usf" 2345
"../../../Engine/Shaders/Private/Landscape/LandscapeEditLayersUtils.usf" 2346
"../../../Engine/Shaders/Private/Landscape/LandscapeCommon.ush" 2347
"../../../Engine/Shaders/Private/Landscape/LandscapeEditLayersWeightmaps.usf" 2348
"../../../Engine/Shaders/Private/Landscape/LandscapeEditLayersHeightmaps.usf" 2349
"../../../Engine/Shaders/Private/Landscape/LandscapeLayersWeightmapsPS.usf" 2350
"../../../Engine/Shaders/Private/Landscape/LandscapeLayersHeightmapsPS.usf" 2351
"../../../Engine/Shaders/Private/LandscapeLayersCS.usf" 2352
"../../../Engine/Shaders/Private/LandscapeLayersPS.usf" 2353
"../../../Engine/Shaders/Private/LandscapeLayersVS.usf" 2354
"../../../Engine/Shaders/Private/LandscapePhysicalMaterial.usf" 2355
"../../../Engine/Shaders/Private/LandscapeGrassWeight.usf" 2356
"../../../Engine/Shaders/Private/Landscape/LandscapeCulling.usf" 2357
"../../../Engine/Shaders/Private/Nanite/NaniteHZBCull.ush" 2358
"../../../Engine/Shaders/Private/HZB.ush" 2359
"../../../Engine/Shaders/Private/Landscape/LandscapeMergeTexturesPS.usf" 2360
"../../../Engine/Shaders/Private/WideCustomResolveShaders.usf" 2361
"../../../Engine/Shaders/Private/WideCustomResolve_Wide.ush" 2362
"../../../Engine/Shaders/Private/WideCustomResolve_Wider.ush" 2363
"../../../Engine/Shaders/Private/WideCustomResolve_Widest.ush" 2364
"../../../Engine/Shaders/Private/WaterInfoTextureBlur.usf" 2365
"../../../Engine/Shaders/Private/WaterInfoTextureMerge.usf" 2366
"../../../Engine/Shaders/Private/PageTableUpdate.usf" 2367
"../../../Engine/Shaders/Private/VirtualTextureCompress.usf" 2368
"../../../Engine/Shaders/Private/ASTCCompressionCommon.ush" 2369
"../../../Engine/Shaders/Private/IntegerSequenceEncoding.ush" 2370
"../../../Engine/Shaders/Private/ETCCompressionCommon.ush" 2371
"../../../Engine/Shaders/Private/VirtualTextureMaterial.usf" 2372
"../../../Engine/Shaders/Private/PixelShaderOutputCommon.ush" 2373
"../../../Engine/Shaders/Private/ShaderOutputCommon.ush" 2374
"../../../Engine/Shaders/Private/VolumetricRenderTarget.usf" 2375
"../../../Engine/Shaders/Private/HeightFogCommon.ush" 2376
"../../../Engine/Shaders/Private/LocalFogVolumes/LocalFogVolumeCommon.ush" 2377
"../../../Engine/Shaders/Private/ReflectionEnvironmentShared.ush" 2378
"../../../Engine/Shaders/Private/VolumetricFogVoxelization.usf" 2379
"../../../Engine/Shaders/Private/VolumetricCloudMaterialPixelCommon.ush" 2380
"../../../Engine/Shaders/Private/VolumetricFogLightFunction.usf" 2381
"../../../Engine/Shaders/Private/LightFunctionCommon.ush" 2382
"../../../Engine/Shaders/Private/VolumetricFog.usf" 2383
"../../../Engine/Shaders/Private/DeferredLightingCommon.ush" 2384
"../../../Engine/Shaders/Private/DynamicLightingCommon.ush" 2385
"../../../Engine/Shaders/Private/CapsuleLightIntegrate.ush" 2386
"../../../Engine/Shaders/Private/CapsuleLightSampling.ush" 2387
"../../../Engine/Shaders/Private/RectLightIntegrate.ush" 2388
"../../../Engine/Shaders/Private/ScreenSpaceShadowRayCast.ush" 2389
"../../../Engine/Shaders/Private/LightFunctionAtlas/LightFunctionAtlasCommon.usf" 2390
"../../../Engine/Shaders/Private/HeterogeneousVolumes/HeterogeneousVolumesAdaptiveVolumetricShadowMapSampling.ush" 2391
"../../../Engine/Shaders/Private/HeterogeneousVolumes/HeterogeneousVolumesAdaptiveVolumetricShadowMapUtils.ush" 2392
"../../../Engine/Shaders/Private/HeterogeneousVolumes/HeterogeneousVolumesRayMarchingUtils.ush" 2393
"../../../Engine/Shaders/Private/HeterogeneousVolumes/HeterogeneousVolumesRayMarchingTypes.ush" 2394
"../../../Engine/Shaders/Private/PathTracing/Utilities/PathTracingRandomSequence.ush" 2395
"../../../Engine/Shaders/Private/HeterogeneousVolumes/HeterogeneousVolumesTracingUtils.ush" 2396
"../../../Engine/Shaders/Private/VelocityCommon.ush" 2397
"../../../Engine/Shaders/Private/HeterogeneousVolumes/HeterogeneousVolumesTransmittanceVolumeUtils.ush" 2398
"../../../Engine/Shaders/Private/ForwardShadowingCommon.ush" 2399
"../../../Engine/Shaders/Private/ShadowFilteringCommon.ush" 2400
"../../../Engine/Shaders/Private/PixelQuadMessagePassing.ush" 2401
"../../../Engine/Shaders/Private/VolumeLightingCommon.ush" 2402
"../../../Engine/Shaders/Private/ShadowProjectionCommon.ush" 2403
"../../../Engine/Shaders/Private/VolumeLightingCommonSampling.ush" 2404
"../../../Engine/Shaders/Private/Lumen/LumenTranslucencyVolumeShared.ush" 2405
"../../../Engine/Shaders/Private/Lumen/LumenRadianceCacheInterpolation.ush" 2406
"../../../Engine/Shaders/Private/HeterogeneousVolumes/HeterogeneousVolumesAdaptiveVolumetricShadowMapSampler.ush" 2407
"../../../Engine/Shaders/Private/LightGridCommon.ush" 2408
"../../../Engine/Shaders/Private/DistanceFieldAOShared.ush" 2409
"../../../Engine/Shaders/Private/IntersectionUtils.ush" 2410
"../../../Engine/Shaders/Private/VolumetricLightmapShared.ush" 2411
"../../../Engine/Shaders/Private/LightDataUniforms.ush" 2412
"../../../Engine/Shaders/Private/VirtualShadowMaps/VirtualShadowMapProjectionCommon.ush" 2413
"../../../Engine/Shaders/Private/VirtualShadowMaps/VirtualShadowMapPageAccessCommon.ush" 2414
"../../../Engine/Shaders/Shared/VirtualShadowMapDefinitions.h" 2415
"../../../Engine/Shaders/Shared/HLSLMathAliases.h" 2416
"../../../Engine/Shaders/Private/VirtualShadowMaps/VirtualShadowMapProjectionStructs.ush" 2417
"../../../Engine/Shaders/Private/VolumetricCloudCommon.ush" 2418
"../../../Engine/Shaders/Private/VolumetricCloud.usf" 2419
"../../../Engine/Shaders/Private/VisualizeVolumetricLightmap.usf" 2420
"../../../Engine/Shaders/Private/VirtualShadowMaps/VirtualShadowMapProjectionComposite.usf" 2421
"../../../Engine/Shaders/Private/LightShaderParameters.ush" 2422
"../../../Engine/Shaders/Private/VirtualShadowMaps/VirtualShadowMapMaskBitsCommon.ush" 2423
"../../../Engine/Shaders/Private/VirtualShadowMaps/VirtualShadowMapLightGrid.ush" 2424
"../../../Engine/Shaders/Private/VirtualShadowMaps/VirtualShadowMapProjection.usf" 2425
"../../../Engine/Shaders/Private/Visualization.ush" 2426
"../../../Engine/Shaders/Private/VirtualShadowMaps/VirtualShadowMapProjectionFilter.ush" 2427
"../../../Engine/Shaders/Private/VirtualShadowMaps/VirtualShadowMapProjectionDirectional.ush" 2428
"../../../Engine/Shaders/Private/VirtualShadowMaps/VirtualShadowMapSMRTCommon.ush" 2429
"../../../Engine/Shaders/Private/VirtualShadowMaps/VirtualShadowMapSMRTTemplate.ush" 2430
"../../../Engine/Shaders/Private/VirtualShadowMaps/VirtualShadowMapProjectionSpot.ush" 2431
"../../../Engine/Shaders/Private/VirtualShadowMaps/VirtualShadowMapTransmissionCommon.ush" 2432
"../../../Engine/Shaders/Private/VirtualShadowMaps/VirtualShadowMapScreenRayTrace.ush" 2433
"../../../Engine/Shaders/Private/VirtualShadowMaps/VirtualShadowMapStats.ush" 2434
"../../../Engine/Shaders/Private/HairStrands/HairStrandsVoxelPageCommon.ush" 2435
"../../../Engine/Shaders/Private/HairStrands/HairStrandsVoxelPageTraversal.ush" 2436
"../../../Engine/Shaders/Private/VirtualShadowMaps/VirtualShadowMapCacheGPUInvalidation.usf" 2437
"../../../Engine/Shaders/Private/VirtualShadowMaps/VirtualShadowMapPageCacheCommon.ush" 2438
"../../../Engine/Shaders/Private/VirtualShadowMaps/VirtualShadowMapCacheInvalidation.ush" 2439
"../../../Engine/Shaders/Private/VirtualShadowMaps/VirtualShadowMapPageOverlap.ush" 2440
"../../../Engine/Shaders/Private/ScreenSpaceDenoise/SSDDefinitions.ush" 2441
"../../../Engine/Shaders/Private/InstanceCulling/InstanceCullingLoadBalancer.ush" 2442
"../../../Engine/Shaders/Private/VirtualShadowMaps/VirtualShadowMapCacheLoadBalancer.usf" 2443
"../../../Engine/Shaders/Private/VirtualShadowMaps/VirtualShadowMapCopyStats.usf" 2444
"../../../Engine/Shaders/Private/VirtualShadowMaps/VirtualShadowMapDebug.usf" 2445
"../../../Engine/Shaders/Private/VirtualShadowMaps/Desaturate.usf" 2446
"../../../Engine/Shaders/Private/VirtualShadowMaps/VirtualShadowMapPhysicalPageManagement.usf" 2447
"../../../Engine/Shaders/Private/ReductionCommon.ush" 2448
"../../../Engine/Shaders/Private/GPUMessaging.ush" 2449
"../../../Engine/Shaders/Private/VirtualShadowMaps/VirtualShadowMapPerPageDispatch.ush" 2450
"../../../Engine/Shaders/Private/VirtualShadowMaps/VirtualShadowMapCompactViews.usf" 2451
"../../../Engine/Shaders/Shared/SceneCullingDefinitions.h" 2452
"../../../Engine/Shaders/Private/VirtualShadowMaps/VirtualShadowMapBuildPerPageDrawCommands.usf" 2453
"../../../Engine/Shaders/Private/Nanite/NaniteCullingCommon.ush" 2454
"../../../Engine/Shaders/Private/Nanite/NaniteCulling.ush" 2455
"../../../Engine/Shaders/Private/Nanite/NaniteHierarchyTraversalCommon.ush" 2456
"../../../Engine/Shaders/Private/InstanceCulling/InstanceCullingCommon.ush" 2457
"../../../Engine/Shaders/Shared/InstanceCullingDefinitions.h" 2458
"../../../Engine/Shaders/Private/VirtualShadowMaps/VirtualShadowMapPrintStats.usf" 2459
"../../../Engine/Shaders/Private/VirtualShadowMaps/VirtualShadowMapPageManagement.usf" 2460
"../../../Engine/Shaders/Private/VirtualShadowMaps/VirtualShadowMapPageMarking.usf" 2461
"../../../Engine/Shaders/Shared/SingleLayerWaterDefinitions.h" 2462
"../../../Engine/Shaders/Private/HairStrands/HairStrandsTileCommon.ush" 2463
"../../../Engine/Shaders/Private/Froxel/Froxel.ush" 2464
"../../../Engine/Shaders/Shared/FroxelDefinitions.h" 2465
"../../../Engine/Shaders/Private/DiaphragmDOF/DOFCommon.ush" 2466
"../../../Engine/Shaders/Private/VariableRateShading/VRSShadingRatePreview.usf" 2467
"../../../Engine/Shaders/Private/VariableRateShading/VRSShadingRateCommon.ush" 2468
"../../../Engine/Shaders/Private/VariableRateShading/VRSShadingRateCombine.usf" 2469
"../../../Engine/Shaders/Private/VariableRateShading/VRSShadingRateFoveated.usf" 2470
"../../../Engine/Shaders/Private/VariableRateShading/VRSShadingRateReproject.usf" 2471
"../../../Engine/Shaders/Private/VariableRateShading/VRSShadingRateCalculate.usf" 2472
"../../../Engine/Shaders/Private/TranslucencyUpsampling.usf" 2473
"../../../Engine/Shaders/Private/ComposeSeparateTranslucency.usf" 2474
"../../../Engine/Shaders/Private/SeparateTranslucency.ush" 2475
"../../../Engine/Shaders/Private/TranslucentLightInjectionShaders.usf" 2476
"../../../Engine/Shaders/Private/TranslucentShadowDepthShaders.usf" 2477
"../../../Engine/Shaders/Private/ShadowDepthCommon.ush" 2478
"../../../Engine/Shaders/Private/RayTracing/RayTracingTest.usf" 2479
"../../../Engine/Shaders/Private/PostprocessSubsurfaceTile.usf" 2480
"../../../Engine/Shaders/Private/PostProcessSubsurfaceCommon.ush" 2481
"../../../Engine/Shaders/Private/Substrate/SubstrateVisualize.usf" 2482
"../../../Engine/Shaders/Private/Substrate/SubstrateTile.ush" 2483
"../../../Engine/Shaders/Shared/SubstrateVisualizeDefinitions.h" 2484
"../../../Engine/Shaders/Private/Substrate/SubstrateVisualizeCommon.ush" 2485
"../../../Engine/Shaders/Private/SkyLightingDiffuseShared.ush" 2486
"../../../Engine/Shaders/Private/SkyLightingShared.ush" 2487
"../../../Engine/Shaders/Private/ClearCoatCommon.ush" 2488
"../../../Engine/Shaders/Private/ReflectionEnvironmentComposite.ush" 2489
"../../../Engine/Shaders/Private/Substrate/SubstrateLightingCommon.ush" 2490
"../../../Engine/Shaders/Private/Substrate/SubstrateRoughRefraction.usf" 2491
"../../../Engine/Shaders/Private/PathTracing/Material/PathTracingFresnel.ush" 2492
"../../../Engine/Shaders/Private/PathTracing/Material/PathTracingGlossy.ush" 2493
"../../../Engine/Shaders/Private/Substrate/SubstrateMaterialSampling.usf" 2494
"../../../Engine/Shaders/Private/Substrate/SubstrateMaterialSampling.ush" 2495
"../../../Engine/Shaders/Private/Lumen/LumenPosition.ush" 2496
"../../../Engine/Shaders/Private/Substrate/SubstrateTile.usf" 2497
"../../../Engine/Shaders/Private/Substrate/SubstrateMaterialClassification.usf" 2498
"../../../Engine/Shaders/Private/Substrate/SubstrateDBuffer.usf" 2499
"../../../Engine/Shaders/Private/StochasticLighting/StochasticLightingDenoising.usf" 2500
"../../../Engine/Shaders/Private/Lumen/LumenMaterial.ush" 2501
"../../../Engine/Shaders/Private/StochasticLighting/StochasticLightingCommon.ush" 2502
"../../../Engine/Shaders/Private/SplineMeshSceneTexture.usf" 2503
"../../../Engine/Shaders/Private/SparseVolumeTexture/VisualizeSparseVolumeTexture.usf" 2504
"../../../Engine/Shaders/Private/SkyAtmosphere.usf" 2505
"../../../Engine/Shaders/Private/Skinning/SkinnedMeshDebug.usf" 2506
"../../../Engine/Shaders/Private/Skinning/AnimBankEval.usf" 2507
"../../../Engine/Shaders/Private/SingleLayerWaterComposite.usf" 2508
"../../../Engine/Shaders/Private/Froxel/FroxelBuild.ush" 2509
"../../../Engine/Shaders/Private/SingleLayerWaterRefractionCulling.usf" 2510
"../../../Engine/Shaders/Private/ScreenSpaceShadows.usf" 2511
"../../../Engine/Shaders/Private/bend_sss_gpu.ush" 2512
"../../../Engine/Shaders/Private/ShadowFactorsUpsampleCommon.ush" 2513
"../../../Engine/Shaders/Private/FirstPersonSelfShadow.usf" 2514
"../../../Engine/Shaders/Private/HZBTracing.ush" 2515
"../../../Engine/Shaders/Private/ShadowProjectionVertexShader.usf" 2516
"../../../Engine/Shaders/Private/ShadowProjectionPixelShader.usf" 2517
"../../../Engine/Shaders/Private/MobileLightingCommon.ush" 2518
"../../../Engine/Shaders/Private/PlanarReflectionShared.ush" 2519
"../../../Engine/Shaders/Private/MobileSSR.ush" 2520
"../../../Engine/Shaders/Private/SSRT/SSRTRayCast.ush" 2521
"../../../Engine/Shaders/Private/ShadowPercentageCloserFiltering.ush" 2522
"../../../Engine/Shaders/Private/TransmissionThickness.ush" 2523
"../../../Engine/Shaders/Private/CopyShadowMaps.usf" 2524
"../../../Engine/Shaders/Private/ShadowDepthPixelShader.usf" 2525
"../../../Engine/Shaders/Private/ShadowDepthVertexShader.usf" 2526
"../../../Engine/Shaders/Private/ShadingEnergyConservationTable.usf" 2527
"../../../Engine/Shaders/Shared/PathTracingDefinitions.h" 2528
"../../../Engine/Shaders/Private/ShadingFurnaceTest.usf" 2529
"../../../Engine/Shaders/Private/Substrate/SubstrateDeferredLighting.ush" 2530
"../../../Engine/Shaders/Private/ShaderPrintDraw.usf" 2531
"../../../Engine/Shaders/Private/ShaderPrintDrawPrimitive.usf" 2532
"../../../Engine/Shaders/Private/DefaultSSRTiles.usf" 2533
"../../../Engine/Shaders/Private/ScreenSpaceReflectionTileCommons.ush" 2534
"../../../Engine/Shaders/Private/SSRT/SSRTDiffuseIndirect.usf" 2535
"../../../Engine/Shaders/Private/SSRT/SSRTTileClassificationBuffer.ush" 2536
"../../../Engine/Shaders/Private/SSRT/SSRTReflections.usf" 2537
"../../../Engine/Shaders/Private/ScreenSpaceDenoise/SSDPublic.ush" 2538
"../../../Engine/Shaders/Private/SSRT/SSRTTileClassification.usf" 2539
"../../../Engine/Shaders/Private/SSRT/SSRTPrevFrameReduction.usf" 2540
"../../../Engine/Shaders/Private/ScreenSpaceDenoise/SSDComposeHarmonics.usf" 2541
"../../../Engine/Shaders/Private/ScreenSpaceDenoise/SSDPublicHarmonics.ush" 2542
"../../../Engine/Shaders/Private/ScreenSpaceDenoise/SSDSignalFramework.ush" 2543
"../../../Engine/Shaders/Private/ScreenSpaceDenoise/SSDCommon.ush" 2544
"../../../Engine/Shaders/Private/SphericalGaussian.ush" 2545
"../../../Engine/Shaders/Public/WaveBroadcastIntrinsics.ush" 2546
"../../../Engine/Shaders/Private/ScreenSpaceDenoise/SSDMetadata.ush" 2547
"../../../Engine/Shaders/Private/ScreenSpaceDenoise/SSDSignalCore.ush" 2548
"../../../Engine/Shaders/Private/ScreenSpaceDenoise/DenoisingCommon.ush" 2549
"../../../Engine/Shaders/Private/ScreenSpaceDenoise/SSDSignalArray.ush" 2550
"../../../Engine/Shaders/Private/ScreenSpaceDenoise/SSDSignalBufferEncoding.ush" 2551
"../../../Engine/Shaders/Private/ScreenSpaceDenoise/SSDPublicBufferEncoding.ush" 2552
"../../../Engine/Shaders/Private/Lumen/LumenBufferEncoding.ush" 2553
"../../../Engine/Shaders/Private/ScreenSpaceDenoise/SSDTemporalAccumulation.usf" 2554
"../../../Engine/Shaders/Private/ScreenSpaceDenoise/SSDSpatialKernel.ush" 2555
"../../../Engine/Shaders/Private/ScreenSpaceDenoise/SSDSignalAccumulatorArray.ush" 2556
"../../../Engine/Shaders/Private/ScreenSpaceDenoise/SSDSignalAccumulator.ush" 2557
"../../../Engine/Shaders/Private/ScreenSpaceDenoise/SSDSignalCompression.ush" 2558
"../../../Engine/Shaders/Private/ScreenSpaceDenoise/SSDSpatialAccumulation.usf" 2559
"../../../Engine/Shaders/Private/ScreenSpaceDenoise/SSDInjest.usf" 2560
"../../../Engine/Shaders/Private/ScreenSpaceDenoise/SSDCompressMetadata.usf" 2561
"../../../Engine/Shaders/Private/DownsampleDepthPixelShader.usf" 2562
"../../../Engine/Shaders/Private/ScreenPass.usf" 2563
"../../../Engine/Shaders/Private/HZB.usf" 2564
"../../../Engine/Shaders/Private/OcclusionFeedbackShaders.usf" 2565
"../../../Engine/Shaders/Private/HZBOcclusion.usf" 2566
"../../../Engine/Shaders/Private/OcclusionQueryPixelShader.usf" 2567
"../../../Engine/Shaders/Private/OcclusionQueryVertexShader.usf" 2568
"../../../Engine/Shaders/Private/HitProxyCopy.usf" 2569
"../../../Engine/Shaders/Private/HitProxyPixelShader.usf" 2570
"../../../Engine/Shaders/Private/HitProxyVertexShader.usf" 2571
"../../../Engine/Shaders/Private/SceneCulling/SceneCullingDebugRender.usf" 2572
"../../../Engine/Shaders/Private/SceneCulling/SceneCulling.ush" 2573
"../../../Engine/Shaders/Private/SceneCulling/SceneCullingBuildExplicitBounds.usf" 2574
"../../../Engine/Shaders/Private/SceneCapturePixelShader.usf" 2575
"../../../Engine/Shaders/Private/RendererUtils.usf" 2576
"../../../Engine/Shaders/Private/RTWriteMaskDecode.usf" 2577
"../../../Engine/Shaders/Private/ReflectionEnvironmentShaders.usf" 2578
"../../../Engine/Shaders/Private/RectLightAtlas.usf" 2579
"../../../Engine/Shaders/Private/RayTracing/TraceRayInlineStatistics.usf" 2580
"../../../Engine/Shaders/Private/RayTracing/CompositeSkyLightPS.usf" 2581
"../../../Engine/Shaders/Private/RayTracing/GenerateSkyLightVisibilityRaysCS.usf" 2582
"../../../Engine/Shaders/Private/RayTracing/RayTracingSkyLightCommon.ush" 2583
"../../../Engine/Shaders/Private/RayTracing/SkyLightVisibilityRaysData.ush" 2584
"../../../Engine/Shaders/Private/Raytracing/RaytracingSkylightRGS.usf" 2585
"../../../Engine/Shaders/Private/HairStrands/HairStrandsRaytracing.ush" 2586
"../../../Engine/Shaders/Private/Raytracing/RayTracingSkyLightEvaluation.ush" 2587
"../../../Engine/Shaders/Private/Raytracing/RayTracingDeferredShadingCommon.ush" 2588
"../../../Engine/Shaders/Private/RayTracing/RayTracingOcclusionRGS.usf" 2589
"../../../Engine/Shaders/Private/RayTracing/RayTracingDirectionalLight.ush" 2590
"../../../Engine/Shaders/Private/RayTracing/RayTracingRectLight.ush" 2591
"../../../Engine/Shaders/Private/RayTracing/RayTracingSphereLight.ush" 2592
"../../../Engine/Shaders/Private/RayTracing/RayTracingCapsuleLight.ush" 2593
"../../../Engine/Shaders/Private/Raytracing/RayTracingFeedback.usf" 2594
"../../../Engine/Shaders/Shared/RayTracingDebugTypes.h" 2595
"../../../Engine/Shaders/Private/RayTracing/RayTracingPrimaryRays.usf" 2596
"../../../Engine/Shaders/Private/RayTracing/RayTracingLightingCommon.ush" 2597
"../../../Engine/Shaders/Private/RayTracing/RayTracingLightCullingCommon.ush" 2598
"../../../Engine/Shaders/Private/RayTracing/RayTracingMaterialDefaultHitShaders.usf" 2599
"../../../Engine/Shaders/Private/RayTracing/RayTracingMaterialHitShaders.usf" 2600
"../../../Engine/Shaders/Private/RayTracing/RayTracingShaderUtils.ush" 2601
"../../../Engine/Shaders/Private/RayTracing/RayTracingCalcInterpolants.ush" 2602
"../../../Engine/Shaders/Private/LightmapCommon.ush" 2603
"../../../Engine/Shaders/Private/Lumen/LumenHardwareRayTracingPayloadCommon.ush" 2604
"../../../Engine/Shaders/Shared/LumenDefinitions.h" 2605
"../../../Engine/Shaders/Private/Substrate/SubstrateExport.ush" 2606
"../../../Engine/Shaders/Private/RayTracing/RayTracingLightingMS.usf" 2607
"../../../Engine/Shaders/Private/Lumen/LumenDiffuseColorBoost.ush" 2608
"../../../Engine/Shaders/Private/RayTracing/RayTracingLightFunctionCommon.ush" 2609
"../../../Engine/Shaders/Private/RayTracing/RayTracingBuildLightGrid.usf" 2610
"../../../Engine/Shaders/Private/Raytracing/RayTracingInstanceBufferUtil.usf" 2611
"../../../Engine/Shaders/Private/RayTracing/RayTracingDynamicMesh.usf" 2612
"../../../Engine/Shaders/Private/RayTracing/RayTracingDefaultDecalHitShader.usf" 2613
"../../../Engine/Shaders/Private/RayTracing/RayTracingDecalMaterialShader.usf" 2614
"../../../Engine/Shaders/Private/PathTracing/PathTracingShaderUtils.ush" 2615
"../../../Engine/Shaders/Private/PathTracing/PathTracingCommon.ush" 2616
"../../../Engine/Shaders/Private/PathTracing/Material/PathTracingMaterialCommon.ush" 2617
"../../../Engine/Shaders/Private/PathTracing/Utilities/PathTracingRIS.ush" 2618
"../../../Engine/Shaders/Private/RayTracing/RayTracingBuildDecalGrid.usf" 2619
"../../../Engine/Shaders/Private/RayTracing/RayTracingDebugHitStatsUtils.usf" 2620
"../../../Engine/Shaders/Private/RayTracing/RayTracingDebugInstanceOverlap.usf" 2621
"../../../Engine/Shaders/Private/RayTracing/RayTracingDebugPicking.usf" 2622
"../../../Engine/Shaders/Private/RayTracing/RayTracingDebugUtils.ush" 2623
"../../../Engine/Shaders/Private/RayTracing/RayTracingDebugTraversal.usf" 2624
"../../../Engine/Shaders/Private/RayTracing/RayTracingDeferredMaterials.ush" 2625
"../../../Engine/Shaders/Shared/ThirdParty/AMD/ags_shader_intrinsics_dx12.h" 2626
"../../../Engine/Shaders/Shared/RayTracingDebugDefinitions.h" 2627
"../../../Engine/Shaders/Private/RayTracing/RayTracingDebugHitStatsCHS.usf" 2628
"../../../Engine/Shaders/Private/RayTracing/RayTracingDebugHitStats.usf" 2629
"../../../Engine/Shaders/Private/RayTracing/RayTracingDebugMS.usf" 2630
"../../../Engine/Shaders/Private/RayTracing/RayTracingDebugCHS.usf" 2631
"../../../Engine/Shaders/Private/RayTracing/RayTracingDebug.usf" 2632
"../../../Engine/Shaders/Private/RayTracing/RayTracingBuiltInShaders.usf" 2633
"../../../Engine/Shaders/Private/RayTracing/RayTracingBarycentrics.usf" 2634
"../../../Engine/Shaders/Private/RayTracing/RayTracingAmbientOcclusionRGS.usf" 2635
"../../../Engine/Shaders/Private/VisualizeShadingModels.usf" 2636
"../../../Engine/Shaders/Private/MotionBlur/VisualizeMotionVectors.usf" 2637
"../../../Engine/Shaders/Private/TemporalSuperResolution/TSRVisualize.usf" 2638
"../../../Engine/Shaders/Private/TemporalSuperResolution/TSRColorSpace.ush" 2639
"../../../Engine/Shaders/Private/TemporalSuperResolution/TSRCommon.ush" 2640
"../../../Engine/Shaders/Public/DualPixelVectorization.ush" 2641
"../../../Engine/Shaders/Private/TemporalSuperResolution/TSRReprojectionField.ush" 2642
"../../../Engine/Shaders/Private/TemporalSuperResolution/TSRResolveHistory.usf" 2643
"../../../Engine/Shaders/Private/TemporalSuperResolution/TSRConvolutionNetwork.ush" 2644
"../../../Engine/Shaders/Private/TemporalSuperResolution/TSRKernels.ush" 2645
"../../../Engine/Shaders/Public/LaneVectorization.ush" 2646
"../../../Engine/Shaders/Private/TemporalSuperResolution/TSRUpdateHistory.usf" 2647
"../../../Engine/Shaders/Private/TemporalSuperResolution/TSRSpatialAntiAliasing.ush" 2648
"../../../Engine/Shaders/Private/TemporalSuperResolution/TSRSpatialAntiAliasing.usf" 2649
"../../../Engine/Shaders/Private/TemporalSuperResolution/TSRRejectShading.usf" 2650
"../../../Engine/Shaders/Private/TemporalSuperResolution/TSRShadingAnalysis.ush" 2651
"../../../Engine/Shaders/Private/TemporalSuperResolution/TSRConvolutionNetworkPass.ush" 2652
"../../../Engine/Shaders/Private/TemporalSuperResolution/TSRDecimateHistory.usf" 2653
"../../../Engine/Shaders/Private/TemporalSuperResolution/TSRDepthVelocityAnalysis.ush" 2654
"../../../Engine/Shaders/Private/TemporalSuperResolution/TSRClosestOccluder.ush" 2655
"../../../Engine/Shaders/Private/TemporalSuperResolution/TSRWeightRelaxation.usf" 2656
"../../../Engine/Shaders/Private/TemporalSuperResolution/TSRThinGeometryCommon.ush" 2657
"../../../Engine/Shaders/Private/TemporalSuperResolution/TSRDetectThinGeometry.usf" 2658
"../../../Engine/Shaders/Private/TemporalSuperResolution/TSRDilateVelocity.usf" 2659
"../../../Engine/Shaders/Private/MotionBlur/MotionBlurVelocityFlatten.ush" 2660
"../../../Engine/Shaders/Private/MotionBlur/MotionBlurCommon.ush" 2661
"../../../Engine/Shaders/Private/TemporalSuperResolution/TSRClearPrevTextures.usf" 2662
"../../../Engine/Shaders/Private/TemporalSuperResolution/TSRMeasureCoverage.usf" 2663
"../../../Engine/Shaders/Private/TemporalSuperResolution/TSRMeasureFlickeringLuma.usf" 2664
"../../../Engine/Shaders/Private/TemporalAA.usf" 2665
"../../../Engine/Shaders/Private/FilterPixelShader.usf" 2666
"../../../Engine/Shaders/Private/FilterVertexShader.usf" 2667
"../../../Engine/Shaders/Private/VisualizeVirtualTexture.usf" 2668
"../../../Engine/Shaders/Private/PostProcessVisualizeBuffer.usf" 2669
"../../../Engine/Shaders/Private/PostProcessVisualizeLocalExposure.usf" 2670
"../../../Engine/Shaders/Private/PostProcessHistogramCommon.ush" 2671
"../../../Engine/Shaders/Private/TonemapCommon.ush" 2672
"../../../Engine/Shaders/Private/ACES/ACESCommon.ush" 2673
"../../../Engine/Shaders/Private/ACES/ACESOutputTransform.ush" 2674
"../../../Engine/Shaders/Private/ACES/ACESUtilities.ush" 2675
"../../../Engine/Shaders/Private/ACES/ACESTonescale.ush" 2676
"../../../Engine/Shaders/Private/ACES/ACESDisplayEncoding.ush" 2677
"../../../Engine/Shaders/Private/ACES/ACES_v1.3.ush" 2678
"../../../Engine/Shaders/Private/PostProcessVisualizeLevelInstance.usf" 2679
"../../../Engine/Shaders/Private/PostProcessVisualizeHDR.usf" 2680
"../../../Engine/Shaders/Private/ShaderComplexityApplyPixelShader.usf" 2681
"../../../Engine/Shaders/Private/QuadOverdraw.ush" 2682
"../../../Engine/Shaders/Private/PostProcessUpscale.usf" 2683
"../../../Engine/Shaders/Private/PostProcessTonemap.usf" 2684
"../../../Engine/Shaders/Private/PostProcessing/FilmGrainPackConstants.usf" 2685
"../../../Engine/Shaders/Private/PostProcessing/FilmGrainReduce.usf" 2686
"../../../Engine/Shaders/Private/PostProcessTestImage.usf" 2687
"../../../Engine/Shaders/Private/PostProcessSubsurface.usf" 2688
"../../../Engine/Shaders/Private/SeparableSSS.ush" 2689
"../../../Engine/Shaders/Private/SubsurfaceBurleyNormalized.ush" 2690
"../../../Engine/Shaders/Private/PostProcessSelectionOutline.usf" 2691
"../../../Engine/Shaders/Private/MotionBlur/MotionBlurVisualize.usf" 2692
"../../../Engine/Shaders/Private/MotionBlur/MotionBlurApply.usf" 2693
"../../../Engine/Shaders/Private/MotionBlur/MotionBlurFilterTileClassify.usf" 2694
"../../../Engine/Shaders/Private/MotionBlur/MotionBlurTileScatter.usf" 2695
"../../../Engine/Shaders/Private/MotionBlur/MotionBlurTileGather.usf" 2696
"../../../Engine/Shaders/Private/MotionBlur/MotionBlurVelocityFlatten.usf" 2697
"../../../Engine/Shaders/Private/PostProcessMobile.usf" 2698
"../../../Engine/Shaders/Private/PostProcessMitchellNetravali.usf" 2699
"../../../Engine/Shaders/Private/PostProcessMaterialShaders.usf" 2700
"../../../Engine/Shaders/Private/NeuralPostProcessCommon.usf" 2701
"../../../Engine/Shaders/Private/PostProcessLocalExposure.usf" 2702
"../../../Engine/Shaders/Private/PostProcessLensFlares.usf" 2703
"../../../Engine/Shaders/Private/PostProcessGBufferHints.usf" 2704
"../../../Engine/Shaders/Private/PostProcessHMD.usf" 2705
"../../../Engine/Shaders/Private/Histogram.usf" 2706
"../../../Engine/Shaders/Private/PostProcessHistogramReduce.usf" 2707
"../../../Engine/Shaders/Private/PostProcessHistogram.usf" 2708
"../../../Engine/Shaders/Private/Bloom/BloomFinalizeApplyConstants.usf" 2709
"../../../Engine/Shaders/Private/Bloom/BloomCommon.ush" 2710
"../../../Engine/Shaders/Private/Bloom/BloomResizeKernel.usf" 2711
"../../../Engine/Shaders/Private/Bloom/BloomDownsampleKernel.usf" 2712
"../../../Engine/Shaders/Private/Bloom/BloomClampKernel.usf" 2713
"../../../Engine/Shaders/Private/Bloom/BloomPackKernelConstants.usf" 2714
"../../../Engine/Shaders/Private/Bloom/BloomSumScatterDispersionEnergy.usf" 2715
"../../../Engine/Shaders/Private/Bloom/BloomReduceKernelSurvey.usf" 2716
"../../../Engine/Shaders/Private/Bloom/BloomSurveyKernelCenterEnergy.usf" 2717
"../../../Engine/Shaders/Private/Bloom/BloomSurveyMaxScatterDispersion.usf" 2718
"../../../Engine/Shaders/Private/Bloom/BloomFindKernelCenter.usf" 2719
"../../../Engine/Shaders/Private/PostProcessEyeAdaptation.usf" 2720
"../../../Engine/Shaders/Private/TranslucencyVolumeCommon.ush" 2721
"../../../Engine/Shaders/Private/PostProcessEyeAdaptationUtils.usf" 2722
"../../../Engine/Shaders/Private/PostProcessDownsample.usf" 2723
"../../../Engine/Shaders/Private/PostProcessDOF.usf" 2724
"../../../Engine/Shaders/Private/PostProcessDeviceEncodingOnly.usf" 2725
"../../../Engine/Shaders/Private/PostProcessCompositePrimitives.usf" 2726
"../../../Engine/Shaders/Private/PostProcessCombineLUTs.usf" 2727
"../../../Engine/Shaders/Private/PostProcessVisualizeDOF.usf" 2728
"../../../Engine/Shaders/Private/PostProcessBloom.usf" 2729
"../../../Engine/Shaders/Private/PostProcessAmbientOcclusionMobile.usf" 2730
"../../../Engine/Shaders/Private/PostProcessAmbientOcclusionCommon.ush" 2731
"../../../Engine/Shaders/Private/FXAAShader.usf" 2732
"../../../Engine/Shaders/Private/Fxaa3_11.ush" 2733
"../../../Engine/Shaders/Private/PaniniProjection.usf" 2734
"../../../Engine/Shaders/Private/DiaphragmDOF/DOFRecombine.usf" 2735
"../../../Engine/Shaders/Private/DiaphragmDOF/DOFHybridScatterPixelShader.usf" 2736
"../../../Engine/Shaders/Private/DiaphragmDOF/DOFHybridScatterCommon.ush" 2737
"../../../Engine/Shaders/Private/DiaphragmDOF/DOFVignetteCommon.ush" 2738
"../../../Engine/Shaders/Private/DiaphragmDOF/DOFHybridScatterVertexShader.usf" 2739
"../../../Engine/Shaders/Private/DiaphragmDOF/DOFPostfiltering.usf" 2740
"../../../Engine/Shaders/Private/DiaphragmDOF/DOFGatherTileSuggest.ush" 2741
"../../../Engine/Shaders/Private/DiaphragmDOF/DOFCocTileCommon.ush" 2742
"../../../Engine/Shaders/Private/DiaphragmDOF/DOFGatherPass.usf" 2743
"../../../Engine/Shaders/Private/DiaphragmDOF/DOFGatherCommon.ush" 2744
"../../../Engine/Shaders/Private/DiaphragmDOF/DOFGatherAccumulator.ush" 2745
"../../../Engine/Shaders/Private/DiaphragmDOF/DOFGatherKernel.ush" 2746
"../../../Engine/Shaders/Private/DiaphragmDOF/DOFBokehLUT.usf" 2747
"../../../Engine/Shaders/Private/DiaphragmDOF/DOFHybridScatterCompilation.usf" 2748
"../../../Engine/Shaders/Private/DiaphragmDOF/DOFReduce.usf" 2749
"../../../Engine/Shaders/Private/DiaphragmDOF/DOFDownsample.ush" 2750
"../../../Engine/Shaders/Private/DiaphragmDOF/DOFHybridScatterCompilation.ush" 2751
"../../../Engine/Shaders/Private/DiaphragmDOF/DOFDownsample.usf" 2752
"../../../Engine/Shaders/Private/DiaphragmDOF/DOFCocTileDilate.usf" 2753
"../../../Engine/Shaders/Private/DiaphragmDOF/DOFCocTileFlatten.usf" 2754
"../../../Engine/Shaders/Private/DiaphragmDOF/DOFSetup.usf" 2755
"../../../Engine/Shaders/Private/Tools/DebugAlphaChannel.usf" 2756
"../../../Engine/Shaders/Private/PostProcessAlphaInvert.usf" 2757
"../../../Engine/Shaders/Private/PlanarReflectionShaders.usf" 2758
"../../../Engine/Shaders/Private/PhysicsFieldVisualizer.usf" 2759
"../../../Engine/Shaders/Private/PathTracing/PathTracingSpatialTemporalDenoising.usf" 2760
"../../../Engine/Shaders/Private/ColorDifference.ush" 2761
"../../../Engine/Shaders/Private/PathTracing/PathTracingCompositingPixelShader.usf" 2762
"../../../Engine/Shaders/Private/PathTracing/PathTracingAdaptiveUtils.ush" 2763
"../../../Engine/Shaders/Private/PathTracing/PathTracingDefaultHitShader.usf" 2764
"../../../Engine/Shaders/Private/PathTracing/PathTracingGPULightmassMaterialHitShader.usf" 2765
"../../../Engine/Shaders/Private/PathTracing/PathTracingMaterialHitShader.usf" 2766
"../../../Engine/Shaders/Private/PathTracing/Material/PathTracingSubstrateCommon.ush" 2767
"../../../Engine/Shaders/Private/PathTracing/PathTracingLightingMissShader.usf" 2768
"../../../Engine/Shaders/Private/PathTracing/PathTracingMissShader.usf" 2769
"../../../Engine/Shaders/Private/PathTracing/PathTracingAdaptiveStart.usf" 2770
"../../../Engine/Shaders/Private/PathTracing/PathTracingBuildAdaptiveError.usf" 2771
"../../../Engine/Shaders/Private/PathTracing/PathTracingVolumetricCloudMaterialShader.usf" 2772
"../../../Engine/Shaders/Private/PathTracing/Volume/PathTracingCloudsMaterialCommon.ush" 2773
"../../../Engine/Shaders/Private/PathTracing/Volume/PathTracingVolumeCommon.ush" 2774
"../../../Engine/Shaders/Private/PathTracing/Volume/PathTracingCloudsCommon.ush" 2775
"../../../Engine/Shaders/Private/PathTracing/Volume/PathTracingFog.ush" 2776
"../../../Engine/Shaders/Private/PathTracing/Volume/PathTracingAtmosphere.ush" 2777
"../../../Engine/Shaders/Private/PathTracing/Volume/PathTracingAtmosphereCommon.ush" 2778
"../../../Engine/Shaders/Private/PathTracing/Volume/PathTracingVolumeSampling.ush" 2779
"../../../Engine/Shaders/Private/PathTracing/PathTracingBuildCloudAccelerationMap.usf" 2780
"../../../Engine/Shaders/Private/PathTracing/PathTracingBuildAtmosphereLUT.usf" 2781
"../../../Engine/Shaders/Private/PathTracing/PathTracingSwizzleScanlines.usf" 2782
"../../../Engine/Shaders/Private/PathTracing/PathTracingInitExtinctionCoefficient.usf" 2783
"../../../Engine/Shaders/Private/PathTracing/PathTracingCopyDepth.usf" 2784
"../../../Engine/Shaders/Private/PathTracing/PathTracingDebug.usf" 2785
"../../../Engine/Shaders/Private/RayTracing/RayTracingDecalGrid.ush" 2786
"../../../Engine/Shaders/Private/PathTracing/Material/PathTracingMaterialSampling.ush" 2787
"../../../Engine/Shaders/Private/PathTracing/Material/PathTracingLambert.ush" 2788
"../../../Engine/Shaders/Private/PathTracing/Material/PathTracingSubstrate.ush" 2789
"../../../Engine/Shaders/Private/PathTracing/Material/PathTracingSubstrateFoliage.ush" 2790
"../../../Engine/Shaders/Private/PathTracing/Material/PathTracingSubstrateSolidGlass.ush" 2791
"../../../Engine/Shaders/Private/PathTracing/Material/PathTracingSubstrateThinGlass.ush" 2792
"../../../Engine/Shaders/Private/PathTracing/Material/PathTracingSolidGlass.ush" 2793
"../../../Engine/Shaders/Private/PathTracing/Material/PathTracingEnergyConservation.ush" 2794
"../../../Engine/Shaders/Private/PathTracing/Material/PathTracingThinGlass.ush" 2795
"../../../Engine/Shaders/Private/PathTracing/Material/PathTracingDefaultLit.ush" 2796
"../../../Engine/Shaders/Private/PathTracing/Material/PathTracingClearCoat.ush" 2797
"../../../Engine/Shaders/Private/PathTracing/Material/PathTracingTwoSidedFoliage.ush" 2798
"../../../Engine/Shaders/Private/PathTracing/Material/PathTracingCloth.ush" 2799
"../../../Engine/Shaders/Private/PathTracing/Material/PathTracingSubsurfaceProfile.ush" 2800
"../../../Engine/Shaders/Private/PathTracing/Material/PathTracingEye.ush" 2801
"../../../Engine/Shaders/Private/PathTracing/Material/PathTracingHair.ush" 2802
"../../../Engine/Shaders/Private/PathTracing/Material/PathTracingMedium.ush" 2803
"../../../Engine/Shaders/Private/PathTracing/Light/PathTracingLightSampling.ush" 2804
"../../../Engine/Shaders/Private/PathTracing/Light/PathTracingLightCommon.ush" 2805
"../../../Engine/Shaders/Private/PathTracing/Light/PathTracingDirectionalLight.ush" 2806
"../../../Engine/Shaders/Private/PathTracing/Light/PathTracingPointLight.ush" 2807
"../../../Engine/Shaders/Private/PathTracing/Light/PathTracingCapsuleLight.ush" 2808
"../../../Engine/Shaders/Private/PathTracing/Light/PathTracingRectLight.ush" 2809
"../../../Engine/Shaders/Private/PathTracing/Light/PathTracingSkyLight.ush" 2810
"../../../Engine/Shaders/Private/PathTracing/Light/PathTracingLightGrid.ush" 2811
"../../../Engine/Shaders/Private/PathTracing/PathTracing.usf" 2812
"../../../Engine/Shaders/Private/PathTracing/PathTracingCore.ush" 2813
"../../../Engine/Shaders/Private/HeterogeneousVolumes/HeterogeneousVolumesVoxelGridTypes.ush" 2814
"../../../Engine/Shaders/Private/PathTracing/Volume/PathTracingVolume.ush" 2815
"../../../Engine/Shaders/Private/PathTracing/Volume/PathTracingClouds.ush" 2816
"../../../Engine/Shaders/Private/PathTracing/Volume/PathTracingHeterogeneousVolumes.ush" 2817
"../../../Engine/Shaders/Private/HeterogeneousVolumes/HeterogeneousVolumesVoxelGridTraversal.ush" 2818
"../../../Engine/Shaders/Private/HeterogeneousVolumes/HeterogeneousVolumesVoxelGridUtils.ush" 2819
"../../../Engine/Shaders/Private/HeterogeneousVolumes/HeterogeneousVolumesFrustumVoxelGridUtils.ush" 2820
"../../../Engine/Shaders/Private/PathTracing/PathTracingBuildLightGrid.usf" 2821
"../../../Engine/Shaders/Private/PathTracing/PathTracingSkylightMISCompensation.usf" 2822
"../../../Engine/Shaders/Private/PathTracing/PathTracingSkylightPrepare.usf" 2823
"../../../Engine/Shaders/Private/OIT/OITSorting.usf" 2824
"../../../Engine/Shaders/Private/OITCombine.usf" 2825
"../../../Engine/Shaders/Private/OITCommon.ush" 2826
"../../../Engine/Shaders/Private/Nanite/Voxel/RasterizeBricks.usf" 2827
"../../../Engine/Shaders/Private/Nanite/Voxel/Brick.ush" 2828
"../../../Engine/Shaders/Private/Nanite/Voxel/Voxel.ush" 2829
"../../../Engine/Shaders/Private/Nanite/Voxel/ScatterBricks.usf" 2830
"../../../Engine/Shaders/Private/Nanite/Voxel/TileBricks.usf" 2831
"../../../Engine/Shaders/Private/Nanite/Voxel/AutoVoxel.usf" 2832
"../../../Engine/Shaders/Private/Nanite/NaniteDebugViews.usf" 2833
"../../../Engine/Shaders/Private/Nanite/NaniteEditorCommon.ush" 2834
"../../../Engine/Shaders/Private/BinarySearch.ush" 2835
"../../../Engine/Shaders/Private/Nanite/NaniteDepthDecode.usf" 2836
"../../../Engine/Shaders/Private/HTileEncoding.ush" 2837
"../../../Engine/Shaders/Private/Nanite/NaniteVisualize.usf" 2838
"../../../Engine/Shaders/Private/Nanite/NaniteStreamOut.usf" 2839
"../../../Engine/Shaders/Private/Nanite/NaniteHierarchyTraversal.ush" 2840
"../../../Engine/Shaders/Private/Nanite/NaniteSkinningUpdateViewData.usf" 2841
"../../../Engine/Shaders/Private/Skinning/TransformProviders.usf" 2842
"../../../Engine/Shaders/Private/Nanite/NaniteShadeBinning.usf" 2843
"../../../Engine/Shaders/Private/Nanite/NaniteShadeCommon.ush" 2844
"../../../Engine/Shaders/Private/Nanite/NaniteFastClear.usf" 2845
"../../../Engine/Shaders/Private/Nanite/NaniteExportGBuffer.usf" 2846
"../../../Engine/Shaders/Private/Nanite/NaniteClusterCulling.usf" 2847
"../../../Engine/Shaders/Private/Nanite/NanitePrintStats.usf" 2848
"../../../Engine/Shaders/Private/Nanite/NaniteRasterizer.usf" 2849
"../../../Engine/Shaders/Private/Nanite/NaniteRasterizationCommon.ush" 2850
"../../../Engine/Shaders/Private/Nanite/NaniteRasterizer.ush" 2851
"../../../Engine/Shaders/Private/Nanite/NaniteWritePixel.ush" 2852
"../../../Engine/Shaders/Private/Nanite/NaniteTessellation.ush" 2853
"../../../Engine/Shaders/Private/WorkDistribution.ush" 2854
"../../../Engine/Shaders/Private/Nanite/NaniteDice.ush" 2855
"../../../Engine/Shaders/Private/ShaderBundleWorkGraphCommon.ush" 2856
"../../../Engine/Shaders/Public/RootConstants.ush" 2857
"../../../Engine/Shaders/Public/Platform/D3D/D3DRootConstants.ush" 2858
"../../../Engine/Shaders/Private/Nanite/NaniteSplit.usf" 2859
"../../../Engine/Shaders/Private/Nanite/NaniteRasterBinning.usf" 2860
"../../../Engine/Shaders/Private/Nanite/NaniteInstanceCulling.usf" 2861
"../../../Engine/Shaders/Private/Nanite/NaniteImposter.ush" 2862
"../../../Engine/Shaders/Private/Nanite/NaniteInstanceHierarchyCulling.usf" 2863
"../../../Engine/Shaders/Private/WorkGroupLoadBalancer.ush" 2864
"../../../Engine/Shaders/Private/Nanite/NanitePrimitiveFilter.usf" 2865
"../../../Engine/Shaders/Private/Nanite/NaniteRasterClear.usf" 2866
"../../../Engine/Shaders/Private/Nanite/NaniteDepthExport.usf" 2867
"../../../Engine/Shaders/Private/Nanite/NaniteEmitShadow.usf" 2868
"../../../Engine/Shaders/Private/MobileDeferredUtils.usf" 2869
"../../../Engine/Shaders/Private/MobileLocalLightsBuffer.usf" 2870
"../../../Engine/Shaders/Private/MobileFog.usf" 2871
"../../../Engine/Shaders/Private/DistortApplyScreenPS.usf" 2872
"../../../Engine/Shaders/Private/MobileDeferredShading.usf" 2873
"../../../Engine/Shaders/Private/MobileBasePassPixelShader.usf" 2874
"../../../Engine/Shaders/Private/MobileBasePassCommon.ush" 2875
"../../../Engine/Shaders/Private/BasePassCommon.ush" 2876
"../../../Engine/Shaders/Private/ShadingModelsMaterial.ush" 2877
"../../../Engine/Shaders/Private/ThinTranslucentCommon.ush" 2878
"../../../Engine/Shaders/Private/SingleLayerWaterShading.ush" 2879
"../../../Engine/Shaders/Private/DistortionCommon.ush" 2880
"../../../Engine/Shaders/Private/Substrate/SubstrateMobileForwardLighting.ush" 2881
"../../../Engine/Shaders/Private/MobileBasePassVertexShader.usf" 2882
"../../../Engine/Shaders/Private/MeshEdges.usf" 2883
"../../../Engine/Shaders/Private/MegaLights/MegaLightsVSMTracing.usf" 2884
"../../../Engine/Shaders/Private/MegaLights/MegaLights.ush" 2885
"../../../Engine/Shaders/Shared/MegaLightsDefinitions.h" 2886
"../../../Engine/Shaders/Private/HairStrands/HairStrandsVisibilityUtils.ush" 2887
"../../../Engine/Shaders/Private/MegaLights/MegaLightsRayTracing.ush" 2888
"../../../Engine/Shaders/Private/MegaLights/MegaLightsRayTracing.usf" 2889
"../../../Engine/Shaders/Private/DistanceField/GlobalDistanceFieldUtils.ush" 2890
"../../../Engine/Shaders/Private/Lumen/LumenScreenTracing.ush" 2891
"../../../Engine/Shaders/Private/MegaLights/MegaLightsVolumeRayTracing.usf" 2892
"../../../Engine/Shaders/Private/MegaLights/MegaLightsVolume.ush" 2893
"../../../Engine/Shaders/Private/MegaLights/MegaLightsVolumeHardwareRayTracing.usf" 2894
"../../../Engine/Shaders/Private/Lumen/LumenHardwareRayTracingCommon.ush" 2895
"../../../Engine/Shaders/Private/RayTracing/RayTracingReflectionEnvironment.ush" 2896
"../../../Engine/Shaders/Private/Lumen/LumenHardwareRayTracingPlatformCommon.ush" 2897
"../../../Engine/Shaders/Private/Lumen/LumenReflectionsCombine.ush" 2898
"../../../Engine/Shaders/Private/Lumen/LumenTracingCommon.ush" 2899
"../../../Engine/Shaders/Private/Lumen/SurfaceCache/LumenSurfaceCacheSampling.ush" 2900
"../../../Engine/Shaders/Private/Lumen/SurfaceCache/LumenSurfaceCache.ush" 2901
"../../../Engine/Shaders/Private/Lumen/LumenCardCommon.ush" 2902
"../../../Engine/Shaders/Private/Lumen/LumenCardTileShadowDownsampleFactor.ush" 2903
"../../../Engine/Shaders/Private/MegaLights/MegaLightsHardwareRayTracing.usf" 2904
"../../../Engine/Shaders/Private/MegaLights/MegaLights.usf" 2905
"../../../Engine/Shaders/Private/MegaLights/MegaLightsShading.ush" 2906
"../../../Engine/Shaders/Private/MegaLights/MegaLightsFilterVisibleLightHash.usf" 2907
"../../../Engine/Shaders/Private/MegaLights/MegaLightsDenoiserSpatial.usf" 2908
"../../../Engine/Shaders/Private/Lumen/LumenReflectionDenoiserCommon.ush" 2909
"../../../Engine/Shaders/Private/MegaLights/MegaLightsDenoiserTemporal.usf" 2910
"../../../Engine/Shaders/Private/MegaLights/MegaLightsShading.usf" 2911
"../../../Engine/Shaders/Private/StochasticLighting/StochasticLightingUpsample.ush" 2912
"../../../Engine/Shaders/Private/MegaLights/MegaLightsVisibleLightHash.usf" 2913
"../../../Engine/Shaders/Private/MegaLights/MegaLightsVolumeShading.usf" 2914
"../../../Engine/Shaders/Private/MegaLights/MegaLightsSampling.usf" 2915
"../../../Engine/Shaders/Private/MegaLights/MegaLightsSampling.ush" 2916
"../../../Engine/Shaders/Private/MegaLights/MegaLightsVolumeSampling.usf" 2917
"../../../Engine/Shaders/Private/MaterialCache/MaterialCacheABufferPages.usf" 2918
"../../../Engine/Shaders/Private/MaterialCache/MaterialCacheShade.usf" 2919
"../../../Engine/Shaders/Private/MaterialCache/MaterialCacheUnwrapNaniteShade.usf" 2920
"../../../Engine/Shaders/Private/MaterialCache/MaterialCacheUnwrapPixelShader.usf" 2921
"../../../Engine/Shaders/Private/MaterialCache/MaterialCacheUnwrapVertexShader.usf" 2922
"../../../Engine/Shaders/Private/Lumen/LumenVisualizeRadianceCache.usf" 2923
"../../../Engine/Shaders/Private/Lumen/LumenRadianceCacheCommon.ush" 2924
"../../../Engine/Shaders/Private/Lumen/LumenVisualizeHardwareRayTracing.usf" 2925
"../../../Engine/Shaders/Private/Lumen/LumenVisualize.ush" 2926
"../../../Engine/Shaders/Private/Lumen/LumenHairTracing.ush" 2927
"../../../Engine/Shaders/Private/Lumen/LumenVisualize.usf" 2928
"../../../Engine/Shaders/Private/Lumen/LumenSoftwareRayTracing.ush" 2929
"../../../Engine/Shaders/Private/DistanceField/GlobalDistanceFieldObjectGrid.ush" 2930
"../../../Engine/Shaders/Private/DistanceFieldLightingShared.ush" 2931
"../../../Engine/Shaders/Private/Lumen/LumenVisualizeTraces.ush" 2932
"../../../Engine/Shaders/Private/Lumen/LumenTranslucencyVolumeLighting.usf" 2933
"../../../Engine/Shaders/Private/Lumen/LumenRadianceCacheMarkCommon.ush" 2934
"../../../Engine/Shaders/Private/Lumen/LumenTranslucencyVolumeLightingShared.ush" 2935
"../../../Engine/Shaders/Private/Lumen/LumenScreenProbeCommon.ush" 2936
"../../../Engine/Shaders/Private/RayTracing/RayGenUtils.ush" 2937
"../../../Engine/Shaders/Private/Lumen/LumenRadianceCacheTracingCommon.ush" 2938
"../../../Engine/Shaders/Private/Lumen/LumenTranslucencyVolumeHardwareRayTracing.usf" 2939
"../../../Engine/Shaders/Private/Lumen/LumenTranslucencyRadianceCacheMarkShaders.usf" 2940
"../../../Engine/Shaders/Private/Lumen/SurfaceCache/LumenSurfaceCache.usf" 2941
"../../../Engine/Shaders/Private/Lumen/LumenShortRangeAOHardwareRayTracing.usf" 2942
"../../../Engine/Shaders/Private/Lumen/LumenScreenSpaceBentNormal.ush" 2943
"../../../Engine/Shaders/Private/Lumen/LumenScreenSpaceBentNormal.usf" 2944
"../../../Engine/Shaders/Private/Lumen/LumenScreenProbeTracing.usf" 2945
"../../../Engine/Shaders/Private/Lumen/LumenScreenProbeTracingCommon.ush" 2946
"../../../Engine/Shaders/Private/Lumen/LumenFloatQuantization.ush" 2947
"../../../Engine/Shaders/Private/Lumen/LumenScreenProbeImportanceSampling.usf" 2948
"../../../Engine/Shaders/Private/Lumen/LumenScreenProbeImportanceSamplingShared.ush" 2949
"../../../Engine/Shaders/Private/Lumen/LumenScreenProbeHardwareRayTracing.usf" 2950
"../../../Engine/Shaders/Private/Lumen/LumenScreenProbeDebug.usf" 2951
"../../../Engine/Shaders/Private/Lumen/LumenScreenProbeGather.usf" 2952
"../../../Engine/Shaders/Private/Lumen/LumenScreenProbeGatherTemporal.usf" 2953
"../../../Engine/Shaders/Private/Lumen/LumenScreenProbeFiltering.usf" 2954
"../../../Engine/Shaders/Private/Lumen/LumenSceneLighting.usf" 2955
"../../../Engine/Shaders/Private/Lumen/LumenCardTile.ush" 2956
"../../../Engine/Shaders/Private/Lumen/LumenSceneLighting.ush" 2957
"../../../Engine/Shaders/Private/Lumen/Radiosity/LumenRadiosity.ush" 2958
"../../../Engine/Shaders/Private/Lumen/LumenSceneLightingDebug.usf" 2959
"../../../Engine/Shaders/Private/Lumen/LumenScene.usf" 2960
"../../../Engine/Shaders/Private/Lumen/LumenSceneDirectLightingHardwareRayTracing.usf" 2961
"../../../Engine/Shaders/Private/Lumen/LumenSceneDirectLightingStochastic.ush" 2962
"../../../Engine/Shaders/Private/Lumen/LumenReflectionCommon.ush" 2963
"../../../Engine/Shaders/Private/Lumen/LumenSceneDirectLighting.ush" 2964
"../../../Engine/Shaders/Private/Lumen/LumenSceneDebugHardwareRayTracing.usf" 2965
"../../../Engine/Shaders/Private/Lumen/LumenSceneDirectLightingStochastic.usf" 2966
"../../../Engine/Shaders/Private/Lumen/LumenSceneDirectLightingSoftwareRayTracing.usf" 2967
"../../../Engine/Shaders/Private/DistanceFieldShadowingShared.ush" 2968
"../../../Engine/Shaders/Private/Lumen/LumenSceneDirectLightingPerLightShadowCommon.ush" 2969
"../../../Engine/Shaders/Private/Lumen/LumenSceneDirectLightingShadowMask.usf" 2970
"../../../Engine/Shaders/Private/Lumen/LumenSceneDirectLighting.usf" 2971
"../../../Engine/Shaders/Private/Lumen/LumenSceneDirectLightingCulling.usf" 2972
"../../../Engine/Shaders/Private/Lumen/LumenCardComputeShader.usf" 2973
"../../../Engine/Shaders/Private/Lumen/LumenCardBasePass.ush" 2974
"../../../Engine/Shaders/Private/Lumen/LumenCardPixelShader.usf" 2975
"../../../Engine/Shaders/Private/Lumen/LumenCardVertexShader.usf" 2976
"../../../Engine/Shaders/Private/Lumen/LumenReSTIRGather.usf" 2977
"../../../Engine/Shaders/Private/Lumen/LumenReflectionTracing.usf" 2978
"../../../Engine/Shaders/Private/Lumen/LumenReflectionDenoiserSpatial.usf" 2979
"../../../Engine/Shaders/Private/Lumen/LumenReflectionDenoiserClear.usf" 2980
"../../../Engine/Shaders/Private/Lumen/LumenReflectionDenoiserTemporal.usf" 2981
"../../../Engine/Shaders/Private/Lumen/LumenReflectionResolve.usf" 2982
"../../../Engine/Shaders/Private/Lumen/LumenReflections.usf" 2983
"../../../Engine/Shaders/Private/Lumen/RayTracedTranslucency.usf" 2984
"../../../Engine/Shaders/Private/Lumen/LumenReflectionHardwareRayTracing.usf" 2985
"../../../Engine/Shaders/Private/Lumen/Radiosity/LumenVisualizeRadiosityProbes.usf" 2986
"../../../Engine/Shaders/Private/Lumen/Radiosity/LumenRadiosity.usf" 2987
"../../../Engine/Shaders/Private/Lumen/Radiosity/LumenRadiosityHardwareRayTracing.usf" 2988
"../../../Engine/Shaders/Private/Lumen/Radiosity/LumenRadiosityCulling.usf" 2989
"../../../Engine/Shaders/Private/Lumen/LumenRadianceCacheHardwareRayTracing.usf" 2990
"../../../Engine/Shaders/Private/Lumen/LumenRadianceCache.usf" 2991
"../../../Engine/Shaders/Private/Lumen/LumenRadianceCacheUpdate.ush" 2992
"../../../Engine/Shaders/Private/Lumen/LumenRadianceCacheDebug.usf" 2993
"../../../Engine/Shaders/Private/Lumen/LumenRadianceCacheUpdate.usf" 2994
"../../../Engine/Shaders/Private/Lumen/LumenMeshSDFCulling.usf" 2995
"../../../Engine/Shaders/Private/HybridIndirectLighting.ush" 2996
"../../../Engine/Shaders/Private/MeshDistanceFieldCommon.ush" 2997
"../../../Engine/Shaders/Private/Lumen/LumenIrradianceFieldGather.usf" 2998
"../../../Engine/Shaders/Private/Lumen/LumenHardwareRayTracingMaterials.usf" 2999
"../../../Engine/Shaders/Private/Lumen/LumenFrontLayerTranslucency.usf" 3000
"../../../Engine/Shaders/Private/LocalFogVolumes/LocalFogVolumeSplat.usf" 3001
"../../../Engine/Shaders/Private/LocalFogVolumes/LocalFogVolumeTiledCulling.usf" 3002
"../../../Engine/Shaders/Private/LightShaftShader.usf" 3003
"../../../Engine/Shaders/Private/StationaryLightOverlapShaders.usf" 3004
"../../../Engine/Shaders/Private/DeferredLightPixelShaders.usf" 3005
"../../../Engine/Shaders/Private/DeferredLightVertexShaders.usf" 3006
"../../../Engine/Shaders/Private/LightMapDensityShader.usf" 3007
"../../../Engine/Shaders/Private/LightGridInjection.usf" 3008
"../../../Engine/Shaders/Shared/LightGridDefinitions.h" 3009
"../../../Engine/Shaders/Private/LightFunctionPixelShader.usf" 3010
"../../../Engine/Shaders/Private/LightFunctionVertexShader.usf" 3011
"../../../Engine/Shaders/Private/LightFunctionAtlas/LightFunctionAtlasRender.usf" 3012
"../../../Engine/Shaders/Private/InstanceCulling/InstanceCullingOcclusionQuery.usf" 3013
"../../../Engine/Shaders/Private/InstanceCulling/InstanceCullingSetup.ush" 3014
"../../../Engine/Shaders/Private/InstanceCulling/BuildInstanceDrawCommands.usf" 3015
"../../../Engine/Shaders/Private/InstanceCulling/InstanceCompactionCommon.ush" 3016
"../../../Engine/Shaders/Private/SceneDataMobileWriter.ush" 3017
"../../../Engine/Shaders/Private/InstanceCulling/CompactVisibleInstances.usf" 3018
"../../../Engine/Shaders/Private/ReflectionEnvironmentPixelShader.usf" 3019
"../../../Engine/Shaders/Private/AmbientCubemapComposite.usf" 3020
"../../../Engine/Shaders/Private/DiffuseIndirectComposite.usf" 3021
"../../../Engine/Shaders/Private/IESAtlas.usf" 3022
"../../../Engine/Shaders/Private/HeterogeneousVolumes/HeterogeneousVolumesVoxelGridShadows.usf" 3023
"../../../Engine/Shaders/Private/HeterogeneousVolumes/HeterogeneousVolumesStochasticFiltering.ush" 3024
"../../../Engine/Shaders/Private/HeterogeneousVolumes/HeterogeneousVolumesVoxelGridRenderingUtils.ush" 3025
"../../../Engine/Shaders/Private/HeterogeneousVolumes/HeterogeneousVolumesLightingUtils.ush" 3026
"../../../Engine/Shaders/Private/HeterogeneousVolumes/HeterogeneousVolumesVoxelGridRendering.usf" 3027
"../../../Engine/Shaders/Private/HeterogeneousVolumes/HeterogeneousVolumesVoxelGridPipeline.usf" 3028
"../../../Engine/Shaders/Private/HeterogeneousVolumes/HeterogeneousVolumesMaterialBakingPipeline.usf" 3029
"../../../Engine/Shaders/Private/HeterogeneousVolumes/HeterogeneousVolumesLiveShadingUtils.ush" 3030
"../../../Engine/Shaders/Private/HeterogeneousVolumes/HeterogeneousVolumesFrustumVoxelGrid.usf" 3031
"../../../Engine/Shaders/Private/HeterogeneousVolumes/HeterogeneousVolumesSparseVoxelPipeline.usf" 3032
"../../../Engine/Shaders/Private/HeterogeneousVolumes/HeterogeneousVolumesSparseVoxelUtils.ush" 3033
"../../../Engine/Shaders/Private/HeterogeneousVolumes/HeterogeneousVolumesSparseVoxelUniformBufferUtils.ush" 3034
"../../../Engine/Shaders/Private/HeterogeneousVolumes/HeterogeneousVolumesPreshadingPipeline.usf" 3035
"../../../Engine/Shaders/Private/HeterogeneousVolumes/HeterogeneousVolumesLiveShadingShadows.usf" 3036
"../../../Engine/Shaders/Private/HeterogeneousVolumes/HeterogeneousVolumesLiveShadingGlobalPipeline.usf" 3037
"../../../Engine/Shaders/Private/HeterogeneousVolumes/HeterogeneousVolumesLiveShadingPipeline.usf" 3038
"../../../Engine/Shaders/Private/HeterogeneousVolumes/HeterogeneousVolumesHardwareRayTracing.usf" 3039
"../../../Engine/Shaders/Private/HeterogeneousVolumes/HeterogeneousVolumesAmbientOcclusionPipeline.usf" 3040
"../../../Engine/Shaders/Private/HeterogeneousVolumes/HeterogeneousVolumesComposite.usf" 3041
"../../../Engine/Shaders/Private/HdrCustomResolveShaders.usf" 3042
"../../../Engine/Shaders/Private/HairStrands/RenderCurveRaster.usf" 3043
"../../../Engine/Shaders/Private/HairStrands/HairStrandsVoxelRasterCompute.usf" 3044
"../../../Engine/Shaders/Private/HairStrands/HairStrandsHitProxy.usf" 3045
"../../../Engine/Shaders/Private/HairStrands/HairStrandsVisibilityRasterComputeNaive.usf" 3046
"../../../Engine/Shaders/Private/HairStrands/HairStrandsVisibilityRasterHW.usf" 3047
"../../../Engine/Shaders/Private/HairStrands/HairStrandsVisibilityRasterCompute.usf" 3048
"../../../Engine/Shaders/Private/HairStrands/HairStrandsVisibilityRasterClassification.usf" 3049
"../../../Engine/Shaders/Private/HairStrands/HairStrandsCoverage.usf" 3050
"../../../Engine/Shaders/Private/HairStrands/HairStrandsVisibilityDepthPS.usf" 3051
"../../../Engine/Shaders/Private/HairStrands/HairStrandsVisibilityTransmittanceDepthPS.usf" 3052
"../../../Engine/Shaders/Private/HairStrands/HairStrandsVisibilityFillOpaqueDepthPS.usf" 3053
"../../../Engine/Shaders/Private/HairStrands/HairStrandsVisibilityCompactionComputeRaster.usf" 3054
"../../../Engine/Shaders/Private/HairStrands/HairStrandsVisibilityCompaction.usf" 3055
"../../../Engine/Shaders/Private/HairStrands/HairStrandsVisibilityCopyIndirectArg.usf" 3056
"../../../Engine/Shaders/Private/HairStrands/HairStrandsVisibilityClearPS.usf" 3057
"../../../Engine/Shaders/Private/HairStrands/HairStrandsVisibilityPS.usf" 3058
"../../../Engine/Shaders/Private/HairStrands/HairStrandsVisibilityVS.usf" 3059
"../../../Engine/Shaders/Private/HairStrands/HairStrandsVelocity.usf" 3060
"../../../Engine/Shaders/Private/HairStrands/HairStrandsVisibilityComputeSampleCoverage.usf" 3061
"../../../Engine/Shaders/Private/HairStrands/HairStrandsMaterialPS.usf" 3062
"../../../Engine/Shaders/Private/HairStrands/HairStrandsMaterialCommon.ush" 3063
"../../../Engine/Shaders/Private/HairStrands/HairStrandsMaterialVS.usf" 3064
"../../../Engine/Shaders/Private/HairStrands/HairStrandsLightSample.usf" 3065
"../../../Engine/Shaders/Private/HairStrands/HairStrandsDeepShadowMask.usf" 3066
"../../../Engine/Shaders/Private/HairStrands/HairStrandsDeepTransmittanceMask.usf" 3067
"../../../Engine/Shaders/Private/HairStrands/HairStrandsVisibilityTile.usf" 3068
"../../../Engine/Shaders/Private/HairStrands/HairStrandsDeepShadowPS.usf" 3069
"../../../Engine/Shaders/Private/HairStrands/HairStrandsDeepShadowVS.usf" 3070
"../../../Engine/Shaders/Private/HairStrands/HairStrandsAABB.usf" 3071
"../../../Engine/Shaders/Private/HairStrands/HairStrandsLUT.usf" 3072
"../../../Engine/Shaders/Private/HairStrands/HairStrandsForwardRaster.usf" 3073
"../../../Engine/Shaders/Private/HairStrands/HairStrandsForwardCulling.usf" 3074
"../../../Engine/Shaders/Private/HairStrands/HairStrandsEnvironmentLighting.usf" 3075
"../../../Engine/Shaders/Private/HairStrands/HairStrandsEnvironmentAO.usf" 3076
"../../../Engine/Shaders/Private/HairStrands/HairStrandsDeepShadowAllocation.usf" 3077
"../../../Engine/Shaders/Private/HairStrands/HairStrandsVoxelDebug.usf" 3078
"../../../Engine/Shaders/Private/HairStrands/HairStrandsComposition.usf" 3079
"../../../Engine/Shaders/Private/HairStrands/HairStrandsGBufferCommon.ush" 3080
"../../../Engine/Shaders/Private/GPUScene/GPUSceneDataManagement.usf" 3081
"../../../Engine/Shaders/Private/GPUSceneDebugRender.usf" 3082
"../../../Engine/Shaders/Private/GPUFeedbackCompaction.usf" 3083
"../../../Engine/Shaders/Private/GPUFastFourierTransform.usf" 3084
"../../../Engine/Shaders/Private/GPUFastFourierTransform2DCore.ush" 3085
"../../../Engine/Shaders/Private/GPUFastFourierTransformCore.ush" 3086
"../../../Engine/Shaders/Private/GPUBenchmark.usf" 3087
"../../../Engine/Shaders/Private/DistanceField/GlobalDistanceFieldDebug.usf" 3088
"../../../Engine/Shaders/Private/DistanceField/GlobalDistanceFieldUpdate.ush" 3089
"../../../Engine/Shaders/Private/DistanceField/GlobalDistanceFieldMip.usf" 3090
"../../../Engine/Shaders/Private/DistanceField/GlobalDistanceField.usf" 3091
"../../../Engine/Shaders/Private/DistanceField/GlobalDistanceFieldCompositeObjects.usf" 3092
"../../../Engine/Shaders/Private/DistanceField/GlobalDistanceFieldHeightfields.usf" 3093
"../../../Engine/Shaders/Private/HeightfieldLightingShared.ush" 3094
"../../../Engine/Shaders/Private/GenerateConservativeDepth.usf" 3095
"../../../Engine/Shaders/Private/HeightFogPixelShader.usf" 3096
"../../../Engine/Shaders/Private/HeightFogVertexShader.usf" 3097
"../../../Engine/Shaders/Private/DistortFiltering.usf" 3098
"../../../Engine/Shaders/Private/DistortAccumulatePS.usf" 3099
"../../../Engine/Shaders/Private/DistortAccumulateVS.usf" 3100
"../../../Engine/Shaders/Private/DistanceFieldVisualization.usf" 3101
"../../../Engine/Shaders/Private/DistanceFieldStreaming.usf" 3102
"../../../Engine/Shaders/Private/DistanceFieldShadowing.usf" 3103
"../../../Engine/Shaders/Private/DistanceFieldScreenGridLighting.usf" 3104
"../../../Engine/Shaders/Private/DistanceFieldObjectCulling.usf" 3105
"../../../Engine/Shaders/Private/DistanceFieldLightingPost.usf" 3106
"../../../Engine/Shaders/Private/DitheredTransitionStencil.usf" 3107
"../../../Engine/Shaders/Private/CopyDepthTexture.usf" 3108
"../../../Engine/Shaders/Private/CopyDepthTextureCS.usf" 3109
"../../../Engine/Shaders/Private/DeferredDecal.usf" 3110
"../../../Engine/Shaders/Private/DecalCommon.ush" 3111
"../../../Engine/Shaders/Private/DebugViewModeVertexShader.usf" 3112
"../../../Engine/Shaders/Private/DebugViewModeCommon.ush" 3113
"../../../Engine/Shaders/Private/DebugViewModePixelShader.usf" 3114
"../../../Engine/Shaders/Private/DebugProbes.usf" 3115
"../../../Engine/Shaders/Private/MeshDecals.usf" 3116
"../../../Engine/Shaders/Private/PostProcessAmbientOcclusion.usf" 3117
"../../../Engine/Shaders/Private/ClusteredDeferredShadingPixelShader.usf" 3118
"../../../Engine/Shaders/Private/ClusteredDeferredShadingVertexShader.usf" 3119
"../../../Engine/Shaders/Private/CapsuleShadowShaders.usf" 3120
"../../../Engine/Shaders/Private/BasePassPixelShader.usf" 3121
"../../../Engine/Shaders/Private/ForwardLightingCommon.ush" 3122
"../../../Engine/Shaders/Private/Substrate/SubstrateForwardLighting.ush" 3123
"../../../Engine/Shaders/Private/ComputeShaderOutputCommon.ush" 3124
"../../../Engine/Shaders/Private/BasePassVertexShader.usf" 3125
"../../../Engine/Shaders/Private/BasePassVertexCommon.ush" 3126
"../../../Engine/Shaders/Private/SimpleElementVolumeTexturePreviewPixelShader.usf" 3127
"../../../Engine/Shaders/Private/SimpleElementTexture2DPreviewPixelShader.usf" 3128
"../../../Engine/Shaders/Private/meshpaintdilatepixelshader.usf" 3129
"../../../Engine/Shaders/Private/meshpaintdilatevertexshader.usf" 3130
"../../../Engine/Shaders/Private/MeshPaintPixelShader.usf" 3131
"../../../Engine/Shaders/Private/MeshPaintVertexShader.usf" 3132
"../../../Engine/Shaders/Private/SlateElementPixelShader.usf" 3133
"../../../Engine/Shaders/Private/SlateShaderCommon.ush" 3134
"../../../Engine/Shaders/Private/SlateMaskingShader.usf" 3135
"../../../Engine/Shaders/Private/SlateVertexShader.usf" 3136
"../../../Engine/Shaders/Private/CompositeUIPixelShader.usf" 3137
"../../../Engine/Shaders/Private/ColorDeficiency.ush" 3138
"../../../Engine/Shaders/Private/SlatePostProcessColorDeficiencyPixelShader.usf" 3139
"../../../Engine/Shaders/Private/SlatePostProcessPixelShader.usf" 3140
"../../../Engine/Shaders/Private/Tools/VisualizeTexture.usf" 3141
"../../../Engine/Shaders/Private/UpdateDescriptorHandle.usf" 3142
"../../../Engine/Shaders/Private/ByteBuffer.usf" 3143
"../../../Engine/Shaders/Private/ShaderBundleWorkGraphDispatch.usf" 3144
"../../../Engine/Shaders/Private/ShaderBundleDispatch.usf" 3145
"../../../Engine/Shaders/Private/ResolveVertexShader.usf" 3146
"../../../Engine/Shaders/Private/ResolvePixelShader.usf" 3147
"../../../Engine/Shaders/Private/Tools/SetupIndirectArgs.usf" 3148
"../../../Engine/Shaders/Private/ClearReplacementShaders.usf" 3149
"../../../Engine/Shaders/Private/Tools/DrawTexture.usf" 3150
"../../../Engine/Shaders/Private/RayTracing/RayTracingValidation.usf" 3151
"../../../Engine/Shaders/Private/RenderGraphUtilities.usf" 3152
"../../../Engine/Shaders/Private/OneColorShader.usf" 3153
"../../../Engine/Shaders/Private/OculusShaders.usf" 3154
"../../../Engine/Shaders/Private/MediaShaders.usf" 3155
"../../../Engine/Shaders/Private/GPUMessaging.usf" 3156
"../../../Engine/Shaders/Private/Tools/GPUDebugCrashUtils.usf" 3157
"../../../Engine/Shaders/Private/NullPixelShader.usf" 3158
"../../../Engine/Shaders/Private/ComputeGenerateMips.usf" 3159
"../../../Engine/Shaders/Private/Tools/DumpTexture.usf" 3160
"../../../Engine/Shaders/Private/CopyTextureShaders.usf" 3161
"../../../Engine/Shaders/Private/Tools/FullscreenVertexShader.usf" 3162
"../../../Engine/Shaders/Private/RayTracing/RayTracingDispatchDesc.usf" 3163
"../../../Engine/Shaders/Private/Bink.usf" 3164
"../../../Engine/Shaders/Private/VelocityShader.usf" 3165
"../../../Engine/Shaders/Private/DepthOnlyPixelShader.usf" 3166
"../../../Engine/Shaders/Private/PositionOnlyDepthVertexShader.usf" 3167
"../../../Engine/Shaders/Private/DepthOnlyVertexShader.usf" 3168
"../../../Engine/Shaders/Private/AnisotropyPassShader.usf" 3169
"/Engine/EngineResources/WhiteSquareTexture" 3170
"../../../Engine/Content/EngineResources/WhiteSquareTexture.uasset" 3171
"/Engine/EngineResources/GradientTexture0" 3172
"../../../Engine/Content/EngineResources/GradientTexture0.uasset" 3173
"/Engine/EngineResources/Black" 3174
"../../../Engine/Content/EngineResources/Black.uasset" 3175
"/Engine/EditorResources/S_Actor" 3176
"../../../Engine/Content/EditorResources/S_Actor.uasset" 3177
"/Engine/EngineFonts/RobotoDistanceField" 3178
"../../../Engine/Content/EngineFonts/RobotoDistanceField.uasset" 3179
"/Engine/EngineMaterials/DefaultTextMaterialOpaque" 3180
"../../../Engine/Content/EngineMaterials/DefaultTextMaterialOpaque.uasset" 3181
"/Engine/Functions/Engine_MaterialFunctions01/Shading/PowerToRoughness" 3182
"../../../Engine/Content/Functions/Engine_MaterialFunctions01/Shading/PowerToRoughness.uasset" 3183
"/Engine/Functions/Engine_MaterialFunctions01/Shading/ConvertFromDiffSpec" 3184
"../../../Engine/Content/Functions/Engine_MaterialFunctions01/Shading/ConvertFromDiffSpec.uasset" 3185
"/Engine/EngineMaterials/WorldGridMaterial" 3186
"../../../Engine/Content/EngineMaterials/WorldGridMaterial.uasset" 3187
"../../../Engine/Content/Functions/Engine_MaterialFunctions01/Opacity/CameraDepthFade.uasset" 3188
"../../../Engine/Content/EngineMaterials/T_Default_Material_Grid_M.uasset" 3189
"../../../Engine/Content/EngineMaterials/T_Default_Material_Grid_N.uasset" 3190
"/Engine/EngineMaterials/DefaultDeferredDecalMaterial" 3191
"../../../Engine/Content/EngineMaterials/DefaultDeferredDecalMaterial.uasset" 3192
"../../../Engine/Content/EngineMaterials/DefaultDiffuse.uasset" 3193
"/Engine/EngineMaterials/DefaultLightFunctionMaterial" 3194
"../../../Engine/Content/EngineMaterials/DefaultLightFunctionMaterial.uasset" 3195
"/Engine/EngineMaterials/DefaultPostProcessMaterial" 3196
"../../../Engine/Content/EngineMaterials/DefaultPostProcessMaterial.uasset" 3197
"../../../Engine/Content/Functions/Engine_MaterialFunctions02/Utility/BreakOutFloat2Components.uasset" 3198
"/Engine/EditorResources/S_Trigger" 3199
"../../../Engine/Content/EditorResources/S_Trigger.uasset" 3200
"/Engine/EditorResources/S_BoxReflectionCapture" 3201
"../../../Engine/Content/EditorResources/S_BoxReflectionCapture.uasset" 3202
"/Engine/EngineResources/DefaultTexture" 3203
"../../../Engine/Content/EngineResources/DefaultTexture.uasset" 3204
"/Engine/EditorResources/S_TriggerBox" 3205
"../../../Engine/Content/EditorResources/S_TriggerBox.uasset" 3206
"/Engine/EditorResources/S_TriggerCapsule" 3207
"../../../Engine/Content/EditorResources/S_TriggerCapsule.uasset" 3208
"/Engine/EditorResources/S_TriggerSphere" 3209
"../../../Engine/Content/EditorResources/S_TriggerSphere.uasset" 3210
"/Engine/EngineDamageTypes/DmgTypeBP_Environmental" 3211
"../../../Engine/Content/EngineDamageTypes/DmgTypeBP_Environmental.uasset" 3212
"/Engine/EngineMeshes/Sphere" 3213
"../../../Engine/Content/EngineMeshes/Sphere.uasset" 3214
"/Engine/EngineResources/DefaultTextureCube" 3215
"../../../Engine/Content/EngineResources/DefaultTextureCube.uasset" 3216
"/Engine/EngineResources/DefaultVolumeTexture" 3217
"../../../Engine/Content/EngineResources/DefaultVolumeTexture.uasset" 3218
"../../../Engine/Content/EngineResources/DefaultVolumeTexture2D.uasset" 3219
"/Engine/VREditor/TransformGizmo/SM_Sequencer_Node" 3220
"../../../Engine/Content/VREditor/TransformGizmo/SM_Sequencer_Node.uasset" 3221
"../../../Engine/Content/VREditor/TransformGizmo/Main.uasset" 3222
"../../../Engine/Content/VREditor/TransformGizmo/Xray.uasset" 3223
"/Engine/EditorResources/S_Solver" 3224
"../../../Engine/Content/EditorResources/S_Solver.uasset" 3225
"/Engine/EngineDebugMaterials/VolumeToRender" 3226
"../../../Engine/Content/EngineDebugMaterials/VolumeToRender.uasset" 3227
"/Engine/EngineDebugMaterials/M_VolumeRenderSphereTracePP" 3228
"../../../Engine/Content/EngineDebugMaterials/M_VolumeRenderSphereTracePP.uasset" 3229
"../../../Engine/Content/Functions/Engine_MaterialFunctions02/Utility/CameraDirectionVector.uasset" 3230
"/Engine/EditorMeshes/Camera/SM_CraneRig_Base" 3231
"../../../Engine/Content/EditorMeshes/Camera/SM_CraneRig_Base.uasset" 3232
"../../../Engine/Content/EditorMaterials/Camera/MI_CineMat_Rig.uasset" 3233
"../../../Engine/Content/EditorMaterials/Camera/CineMat.uasset" 3234
"/Engine/EditorMeshes/Camera/SM_CraneRig_Arm" 3235
"../../../Engine/Content/EditorMeshes/Camera/SM_CraneRig_Arm.uasset" 3236
"/Engine/EditorMeshes/Camera/SM_CraneRig_Mount" 3237
"../../../Engine/Content/EditorMeshes/Camera/SM_CraneRig_Mount.uasset" 3238
"/Engine/EditorMeshes/Camera/SM_CraneRig_Body" 3239
"../../../Engine/Content/EditorMeshes/Camera/SM_CraneRig_Body.uasset" 3240
"/Engine/EditorMeshes/Camera/SM_RailRig_Track" 3241
"../../../Engine/Content/EditorMeshes/Camera/SM_RailRig_Track.uasset" 3242
"/Engine/EditorMeshes/Camera/SM_RailRig_Mount" 3243
"../../../Engine/Content/EditorMeshes/Camera/SM_RailRig_Mount.uasset" 3244
"/Engine/EditorLandscapeResources/SplineEditorMesh" 3245
"../../../Engine/Content/EditorLandscapeResources/SplineEditorMesh.uasset" 3246
"../../../Engine/Content/EditorLandscapeResources/SplineEditorMeshMat.uasset" 3247
"/Engine/BasicShapes/Cube" 3248
"../../../Engine/Content/BasicShapes/Cube.uasset" 3249
"/CameraCalibrationCore/Materials/M_DefaultOddSquare" 3250
"../../Plugins/VirtualProduction/CameraCalibrationCore/Content/Materials/M_DefaultOddSquare.uasset" 3251
"/CameraCalibrationCore/Materials/M_DefaultEvenSquare" 3252
"../../Plugins/VirtualProduction/CameraCalibrationCore/Content/Materials/M_DefaultEvenSquare.uasset" 3253
"/HairStrands/Materials/HairDebugMaterial" 3254
"../../Plugins/Runtime/HairStrands/Content/Materials/HairDebugMaterial.uasset" 3255
"../../../Engine/Content/Functions/Engine_MaterialFunctions02/Utility/MakeFloat2.uasset" 3256
"../../../Engine/Content/Functions/Engine_MaterialFunctions02/Utility/MakeFloat3.uasset" 3257
"../../../Engine/Content/EngineMaterials/HairColorMap.uasset" 3258
"../../../Engine/Content/EngineMaterials/HairDebugColor.uasset" 3259
"../../Plugins/Runtime/HairStrands/Content/Materials/HairGroupColors.uasset" 3260
"/HairStrands/Materials/HairDefaultMaterial" 3261
"../../Plugins/Runtime/HairStrands/Content/Materials/HairDefaultMaterial.uasset" 3262
"/HairStrands/Materials/HairCardsDefaultMaterial" 3263
"../../Plugins/Runtime/HairStrands/Content/Materials/HairCardsDefaultMaterial.uasset" 3264
"/HairStrands/Materials/HairMeshesDefaultMaterial" 3265
"../../Plugins/Runtime/HairStrands/Content/Materials/HairMeshesDefaultMaterial.uasset" 3266
"/Engine/EngineMaterials/Widget3DPassThrough_Translucent" 3267
"../../../Engine/Content/EngineMaterials/Widget3DPassThrough_Translucent.uasset" 3268
"../../../Engine/Content/EngineMaterials/Widget3DPassThrough.uasset" 3269
"/Engine/EngineMaterials/Widget3DPassThrough_Translucent_OneSided" 3270
"../../../Engine/Content/EngineMaterials/Widget3DPassThrough_Translucent_OneSided.uasset" 3271
"/Engine/EngineMaterials/Widget3DPassThrough_Opaque" 3272
"../../../Engine/Content/EngineMaterials/Widget3DPassThrough_Opaque.uasset" 3273
"/Engine/EngineMaterials/Widget3DPassThrough_Opaque_OneSided" 3274
"../../../Engine/Content/EngineMaterials/Widget3DPassThrough_Opaque_OneSided.uasset" 3275
"/Engine/EngineMaterials/Widget3DPassThrough_Masked" 3276
"../../../Engine/Content/EngineMaterials/Widget3DPassThrough_Masked.uasset" 3277
"/Engine/EngineMaterials/Widget3DPassThrough_Masked_OneSided" 3278
"../../../Engine/Content/EngineMaterials/Widget3DPassThrough_Masked_OneSided.uasset" 3279
"/Engine/VREditor/ViewportInteractionAssetContainerData" 3280
"../../../Engine/Content/VREditor/ViewportInteractionAssetContainerData.uasset" 3281
"../../../Engine/Content/VREditor/SnapGrid/SnapGridMaterial.uasset" 3282
"../../../Engine/Content/VREditor/TransformGizmo/TransformGizmoMaterial_Inst.uasset" 3283
"../../../Engine/Content/VREditor/TransformGizmo/TranslucentTransformGizmoMaterial_Inst.uasset" 3284
"../../../Engine/Content/VREditor/SnapGrid/SnapGridPlaneMesh.uasset" 3285
"../../../Engine/Content/VREditor/Sounds/UI/Drop_Item_From_ContentBrowser.uasset" 3286
"../../../Engine/Content/VREditor/Sounds/UI/Gizmo_Handle_Clicked.uasset" 3287
"../../../Engine/Content/VREditor/Sounds/UI/Object_PickUp.uasset" 3288
"../../../Engine/Content/VREditor/Sounds/UI/Object_Snaps_To_Another_Actor.uasset" 3289
"../../../Engine/Content/VREditor/Sounds/UI/Object_Snaps_To_Grid.uasset" 3290
"../../../Engine/Content/VREditor/Sounds/UI/Scaling_Down.uasset" 3291
"../../../Engine/Content/VREditor/Sounds/UI/Scaling_Up.uasset" 3292
"../../../Engine/Content/VREditor/Sounds/UI/Selection_Changes.uasset" 3293
"../../../Engine/Content/VREditor/TransformGizmo/PlaneTranslationHandle.uasset" 3294
"../../../Engine/Content/VREditor/TransformGizmo/RotationHandleFull.uasset" 3295
"../../../Engine/Content/VREditor/TransformGizmo/RotationHandleIndicator.uasset" 3296
"../../../Engine/Content/VREditor/TransformGizmo/RotationHandleQuarter.uasset" 3297
"../../../Engine/Content/VREditor/TransformGizmo/StartRotationHandleIndicator.uasset" 3298
"../../../Engine/Content/VREditor/TransformGizmo/TransformGizmoFreeRotation.uasset" 3299
"../../../Engine/Content/VREditor/TransformGizmo/TranslateArrowHandle.uasset" 3300
"../../../Engine/Content/VREditor/TransformGizmo/UniformScaleHandle.uasset" 3301
"../../../Engine/Content/Functions/Engine_MaterialFunctions02/Math/Transform3x3Matrix.uasset" 3302
"../../../Engine/Content/Functions/Engine_MaterialFunctions02/SplitComponents.uasset" 3303
"../../../Engine/Content/VREditor/TransformGizmo/TransformGizmoMaterial.uasset" 3304
"../../../Engine/Content/VREditor/TransformGizmo/TranslucentTransformGizmoMaterial.uasset" 3305
"../../../Engine/Content/Functions/Engine_MaterialFunctions02/Utility/BreakOutFloat3Components.uasset" 3306
"../../../Engine/Content/VREditor/LaserPointer/VR_LaserPower_01.uasset" 3307
"/Engine/VREditor/TransformGizmo/BoundingBoxCorner" 3308
"../../../Engine/Content/VREditor/TransformGizmo/BoundingBoxCorner.uasset" 3309
"/Engine/VREditor/TransformGizmo/BoundingBoxEdge" 3310
"../../../Engine/Content/VREditor/TransformGizmo/BoundingBoxEdge.uasset" 3311
"/Engine/ArtTools/RenderToTexture/Meshes/S_1_Unit_Plane" 3312
"../../../Engine/Content/ArtTools/RenderToTexture/Meshes/S_1_Unit_Plane.uasset" 3313
"/Engine/EngineDebugMaterials/M_SimpleUnlitTranslucent" 3314
"../../../Engine/Content/EngineDebugMaterials/M_SimpleUnlitTranslucent.uasset" 3315
"/Engine/EngineFonts/Roboto" 3316
"../../../Engine/Content/EngineFonts/Roboto.uasset" 3317
"../../../Engine/Content/EngineFonts/Faces/DroidSansFallback.uasset" 3318
"../../../Engine/Content/EngineFonts/Faces/RobotoBold.uasset" 3319
"../../../Engine/Content/EngineFonts/Faces/RobotoBoldItalic.uasset" 3320
"../../../Engine/Content/EngineFonts/Faces/RobotoItalic.uasset" 3321
"../../../Engine/Content/EngineFonts/Faces/RobotoLight.uasset" 3322
"../../../Engine/Content/EngineFonts/Faces/RobotoRegular.uasset" 3323
"/Engine/EditorMaterials/ParticleSystems/PSysThumbnail_NoImage" 3324
"../../../Engine/Content/EditorMaterials/ParticleSystems/PSysThumbnail_NoImage.uasset" 3325
"/Engine/EditorMaterials/ParticleSystems/PSysThumbnail_OOD" 3326
"../../../Engine/Content/EditorMaterials/ParticleSystems/PSysThumbnail_OOD.uasset" 3327
"/Engine/EngineResources/LandscapeVisibilityLayerInfo" 3328
"../../../Engine/Content/EngineResources/LandscapeVisibilityLayerInfo.uasset" 3329
"/ACLPlugin/ACLAnimBoneCompressionSettings" 3330
"../../Plugins/Animation/ACLPlugin/Content/ACLAnimBoneCompressionSettings.uasset" 3331
"/Engine/Animation/DefaultRecorderBoneCompression" 3332
"../../../Engine/Content/Animation/DefaultRecorderBoneCompression.uasset" 3333
"/ACLPlugin/ACLAnimCurveCompressionSettings" 3334
"../../Plugins/Animation/ACLPlugin/Content/ACLAnimCurveCompressionSettings.uasset" 3335
"/Engine/Animation/DefaultVariableFrameStrippingSettings" 3336
"../../../Engine/Content/Animation/DefaultVariableFrameStrippingSettings.uasset" 3337
"/ControlRig/Controls/ControlRigXRayMaterial" 3338
"../../Plugins/Animation/ControlRig/Content/Controls/ControlRigXRayMaterial.uasset" 3339
"/ControlRig/Controls/DefaultGizmoLibraryNormalized" 3340
"../../Plugins/Animation/ControlRig/Content/Controls/DefaultGizmoLibraryNormalized.uasset" 3341
"/ControlRig/M_Manip" 3342
"../../Plugins/Animation/ControlRig/Content/M_Manip.uasset" 3343
"../../../Engine/Content/Functions/Engine_MaterialFunctions02/WorldPositionOffset/CameraOffset.uasset" 3344
"/AudioWidgets/Resources/ScrubHandleDown_Clamped" 3345
"../../Plugins/Runtime/AudioWidgets/Content/Resources/ScrubHandleDown_Clamped.uasset" 3346
"/Paper2D/MaskedUnlitSpriteMaterial" 3347
"../../Plugins/2D/Paper2D/Content/MaskedUnlitSpriteMaterial.uasset" 3348
"../../Plugins/2D/Paper2D/Content/DefaultSpriteMaterial.uasset" 3349
"../../Plugins/2D/Paper2D/Content/PlaceholderTextures/DummySpriteTexture.uasset" 3350
"/Paper2D/OpaqueUnlitSpriteMaterial" 3351
"../../Plugins/2D/Paper2D/Content/OpaqueUnlitSpriteMaterial.uasset" 3352
"/Paper2D/DefaultPaperTerrainMaterial" 3353
"../../Plugins/2D/Paper2D/Content/DefaultPaperTerrainMaterial.uasset" 3354
"../../Plugins/2D/Paper2D/Content/DummySprite.uasset" 3355
"/SpeedTreeImporter/SpeedTree9/SpeedTreeMaster" 3356
"../../Plugins/Editor/SpeedTreeImporter/Content/SpeedTree9/SpeedTreeMaster.uasset" 3357
"../../../Engine/Content/Functions/Engine_MaterialFunctions02/ObjectLocalBounds.uasset" 3358
"../../../Engine/Content/Functions/Engine_MaterialFunctions02/SafeNormalize.uasset" 3359
"../../../Engine/Content/Functions/Engine_MaterialFunctions02/Utility/VectorLength.uasset" 3360
"../../../Engine/Content/Functions/Engine_MaterialFunctions02/UVs/BoundingBoxBased_0-1_UVW.uasset" 3361
"../../../Engine/Content/Functions/Engine_MaterialFunctions02/WorldPositionOffset/ObjectScale.uasset" 3362
"../../Plugins/Editor/SpeedTreeImporter/Content/SpeedTree9/SpeedTreeBranchMotion.uasset" 3363
"../../Plugins/Editor/SpeedTreeImporter/Content/SpeedTree9/SpeedTreeCameraFacing.uasset" 3364
"../../Plugins/Editor/SpeedTreeImporter/Content/SpeedTree9/SpeedTreeWind.uasset" 3365
"../../Plugins/Editor/SpeedTreeImporter/Content/SpeedTree9/SpeedTreeWindMotion.uasset" 3366
"../../Plugins/Editor/SpeedTreeImporter/Content/SpeedTree9/UnpackDirection.uasset" 3367
"../../Plugins/Editor/SpeedTreeImporter/Content/SpeedTree9/UnpackInteger3.uasset" 3368
"../../Plugins/Editor/SpeedTreeImporter/Content/SpeedTree9/Empty.uasset" 3369
"../../Plugins/Editor/SpeedTreeImporter/Content/SpeedTree9/EmptyNormal.uasset" 3370
"../../Plugins/Editor/SpeedTreeImporter/Content/SpeedTree9/game_wind_noise.uasset" 3371
"/SpeedTreeImporter/SpeedTree9/SpeedTreeBillboardMaster" 3372
"../../Plugins/Editor/SpeedTreeImporter/Content/SpeedTree9/SpeedTreeBillboardMaster.uasset" 3373
"../../Plugins/Editor/SpeedTreeImporter/Content/SpeedTree9/SpeedTreeBillboard.uasset" 3374
"/MediaPlate/SM_MediaPlateScreen" 3375
"../../Plugins/Media/MediaPlate/Content/SM_MediaPlateScreen.uasset" 3376
"/Engine/BasicShapes/BasicShapeMaterial" 3377
"../../../Engine/Content/BasicShapes/BasicShapeMaterial.uasset" 3378
"/Engine/EditorMaterials/Dataflow/DataflowVertexMaterial" 3379
"../../../Engine/Content/EditorMaterials/Dataflow/DataflowVertexMaterial.uasset" 3380
"/Engine/EditorMaterials/Dataflow/DataflowTwoSidedVertexMaterial" 3381
"../../../Engine/Content/EditorMaterials/Dataflow/DataflowTwoSidedVertexMaterial.uasset" 3382
"/Engine/EditorLandscapeResources/LayerVisMaterial" 3383
"../../../Engine/Content/EditorLandscapeResources/LayerVisMaterial.uasset" 3384
"../../../Engine/Content/EditorLandscapeResources/WhiteSquareTexture.uasset" 3385
"/Engine/EditorLandscapeResources/SelectBrushMaterial_Selected" 3386
"../../../Engine/Content/EditorLandscapeResources/SelectBrushMaterial_Selected.uasset" 3387
"../../../Engine/Content/EditorLandscapeResources/SelectBrushMaterial.uasset" 3388
"../../../Engine/Content/Functions/Engine_MaterialFunctions03/Math/WithinRangeFloat2.uasset" 3389
"../../../Engine/Content/EditorLandscapeResources/DefaultAlphaTexture.uasset" 3390
"/Engine/EditorLandscapeResources/SelectBrushMaterial_SelectedRegion" 3391
"../../../Engine/Content/EditorLandscapeResources/SelectBrushMaterial_SelectedRegion.uasset" 3392
"/Engine/EditorLandscapeResources/MaskBrushMaterial_MaskedRegion" 3393
"../../../Engine/Content/EditorLandscapeResources/MaskBrushMaterial_MaskedRegion.uasset" 3394
"../../../Engine/Content/EditorLandscapeResources/MaskBrushMaterial.uasset" 3395
"/Engine/EditorLandscapeResources/ColorMaskBrushMaterial_MaskedRegion" 3396
"../../../Engine/Content/EditorLandscapeResources/ColorMaskBrushMaterial_MaskedRegion.uasset" 3397
"../../../Engine/Content/EditorLandscapeResources/ColorMaskBrushMaterial.uasset" 3398
"/Engine/EditorLandscapeResources/LandscapeDirtyMaterial" 3399
"../../../Engine/Content/EditorLandscapeResources/LandscapeDirtyMaterial.uasset" 3400
"/Engine/EditorLandscapeResources/LandscapeLayerUsageMaterial" 3401
"../../../Engine/Content/EditorLandscapeResources/LandscapeLayerUsageMaterial.uasset" 3402
"../../../Engine/Content/Functions/Engine_MaterialFunctions01/Debug/DebugIntValues.uasset" 3403
"../../../Engine/Content/Functions/Engine_MaterialFunctions01/Texturing/ScaleUVsByCenter.uasset" 3404
"../../../Engine/Content/Functions/Engine_MaterialFunctions01/Texturing/TextureCropping.uasset" 3405
"../../../Engine/Content/Functions/Engine_MaterialFunctions02/WorldPositionOffset/LocalPosition.uasset" 3406
"../../../Engine/Content/Functions/Engine_MaterialFunctions02/ExampleContent/DebugNumberStrip.uasset" 3407
"C:/Users/conor/AppData/Local/UnrealEngine/Editor/UInteractiveToolsPresetCollectionAsset_DefaultCollection.json" 3408
"/Engine/EngineMaterials/NaniteHiddenSectionMaterial" 3409
"../../../Engine/Content/EngineMaterials/NaniteHiddenSectionMaterial.uasset" 3410
"/Engine/EngineMaterials/RemoveSurfaceMaterial" 3411
"../../../Engine/Content/EngineMaterials/RemoveSurfaceMaterial.uasset" 3412
"/Engine/EngineDebugMaterials/DebugMeshMaterial" 3413
"../../../Engine/Content/EngineDebugMaterials/DebugMeshMaterial.uasset" 3414
"/Engine/EngineMaterials/EmissiveMeshMaterial" 3415
"../../../Engine/Content/EngineMaterials/EmissiveMeshMaterial.uasset" 3416
"../../../Engine/Content/EngineMaterials/DefaultWhiteGrid_Low.uasset" 3417
"/Engine/EngineMaterials/M_InvalidLightmapSettings" 3418
"../../../Engine/Content/EngineMaterials/M_InvalidLightmapSettings.uasset" 3419
"../../../Engine/Content/EngineMaterials/InvalidLightmapSettings.uasset" 3420
"/Engine/EngineMaterials/GizmoMaterial" 3421
"../../../Engine/Content/EngineMaterials/GizmoMaterial.uasset" 3422
"/Engine/EngineMaterials/PhAT_JointLimitMaterial" 3423
"../../../Engine/Content/EngineMaterials/PhAT_JointLimitMaterial.uasset" 3424
"/Engine/EngineMaterials/FlattenMaterial" 3425
"../../../Engine/Content/EngineMaterials/FlattenMaterial.uasset" 3426
"../../../Engine/Content/EngineMaterials/BaseFlattenDiffuseMap.uasset" 3427
"../../../Engine/Content/EngineMaterials/BaseFlattenEmissiveMap.uasset" 3428
"../../../Engine/Content/EngineMaterials/BaseFlattenGrayscaleMap.uasset" 3429
"../../../Engine/Content/EngineMaterials/BaseFlattenLinearColor.uasset" 3430
"../../../Engine/Content/EngineMaterials/BaseFlattenNormalMap.uasset" 3431
"../../../Engine/Content/Functions/Engine_MaterialFunctions02/PivotPainter2/Black_1x1_EXR_Texture.uasset" 3432
"/Engine/EngineMaterials/FlattenMaterial_VT" 3433
"../../../Engine/Content/EngineMaterials/FlattenMaterial_VT.uasset" 3434
"../../../Engine/Content/EngineMaterials/BaseFlattenDiffuseMap_VT.uasset" 3435
"../../../Engine/Content/EngineMaterials/BaseFlattenEmissiveMap_VT.uasset" 3436
"../../../Engine/Content/EngineMaterials/BaseFlattenGrayscaleMap_VT.uasset" 3437
"../../../Engine/Content/EngineMaterials/BaseFlattenLinearColor_VT.uasset" 3438
"../../../Engine/Content/EngineMaterials/BaseFlattenNormalMap_VT.uasset" 3439
"../../../Engine/Content/EngineMaterials/Black_1x1_EXR_Texture_VT.uasset" 3440
"/Engine/EngineMaterials/FlattenMaterial_WS_Normal_VT" 3441
"../../../Engine/Content/EngineMaterials/FlattenMaterial_WS_Normal_VT.uasset" 3442
"/Engine/EngineMaterials/Good64x64TilingNoiseHighFreq" 3443
"../../../Engine/Content/EngineMaterials/Good64x64TilingNoiseHighFreq.uasset" 3444
"/Engine/EngineMaterials/DefaultBokeh" 3445
"../../../Engine/Content/EngineMaterials/DefaultBokeh.uasset" 3446
"/Engine/EngineMaterials/MiniFont" 3447
"../../../Engine/Content/EngineMaterials/MiniFont.uasset" 3448
"/Engine/EngineMaterials/WeightMapPlaceholderTexture" 3449
"../../../Engine/Content/EngineMaterials/WeightMapPlaceholderTexture.uasset" 3450
"/Engine/EngineMaterials/WeightMapArrayPlaceholderTexture" 3451
"../../../Engine/Content/EngineMaterials/WeightMapArrayPlaceholderTexture.uasset" 3452
"/Engine/EngineMaterials/DefaultWhiteGrid" 3453
"../../../Engine/Content/EngineMaterials/DefaultWhiteGrid.uasset" 3454
"/Engine/EngineMaterials/PreintegratedSkinBRDF" 3455
"../../../Engine/Content/EngineMaterials/PreintegratedSkinBRDF.uasset" 3456
"/Engine/EngineMaterials/LTC/GGX_LTCAmp" 3457
"../../../Engine/Content/EngineMaterials/LTC/GGX_LTCAmp.uasset" 3458
"/Engine/EngineMaterials/LTC/GGX_LTCMat" 3459
"../../../Engine/Content/EngineMaterials/LTC/GGX_LTCMat.uasset" 3460
"/Engine/EngineMaterials/EnergyConservation/GGX_ReflectionEnergy" 3461
"../../../Engine/Content/EngineMaterials/EnergyConservation/GGX_ReflectionEnergy.uasset" 3462
"/Engine/EngineMaterials/EnergyConservation/GGX_TransmissionEnergyArray" 3463
"../../../Engine/Content/EngineMaterials/EnergyConservation/GGX_TransmissionEnergyArray.uasset" 3464
"/Engine/EngineMaterials/EnergyConservation/SheenLegacy_Energy" 3465
"../../../Engine/Content/EngineMaterials/EnergyConservation/SheenLegacy_Energy.uasset" 3466
"/Engine/EngineMaterials/DefaultPhysicalMaterial" 3467
"../../../Engine/Content/EngineMaterials/DefaultPhysicalMaterial.uasset" 3468
"/Engine/EngineMaterials/DefaultDestructiblePhysicalMaterial" 3469
"../../../Engine/Content/EngineMaterials/DefaultDestructiblePhysicalMaterial.uasset" 3470
"C:/Users/conor/AppData/Local/UnrealEngine/Editor/ProjectEditorRecords.json" 3471
"/Niagara/ParameterDefinitions/SpriteRenderer" 3472
"../../Plugins/FX/Niagara/Content/ParameterDefinitions/SpriteRenderer.uasset" 3473
"/Niagara/ParameterDefinitions/RibbonRenderer" 3474
"../../Plugins/FX/Niagara/Content/ParameterDefinitions/RibbonRenderer.uasset" 3475
"/Niagara/ParameterDefinitions/MeshRenderer" 3476
"../../Plugins/FX/Niagara/Content/ParameterDefinitions/MeshRenderer.uasset" 3477
"/Niagara/ParameterDefinitions/LightRenderer" 3478
"../../Plugins/FX/Niagara/Content/ParameterDefinitions/LightRenderer.uasset" 3479
"/Niagara/ParameterDefinitions/DecalRenderer" 3480
"../../Plugins/FX/Niagara/Content/ParameterDefinitions/DecalRenderer.uasset" 3481
"/Niagara/ParameterDefinitions/CoreParameters" 3482
"../../Plugins/FX/Niagara/Content/ParameterDefinitions/CoreParameters.uasset" 3483
"/DeformerGraph/Deformers/DG_LinearBlendSkin_Morph_Cloth" 3484
"../../Plugins/Animation/DeformerGraph/Content/Deformers/DG_LinearBlendSkin_Morph_Cloth.uasset" 3485
"../../Plugins/Animation/DeformerGraph/Content/DeformerFunctions/DG_Function_LinearBlendSkin_Morph_Cloth.uasset" 3486
"/DeformerGraph/Deformers/DG_LinearBlendSkin_Morph_Cloth_RecomputeNormals" 3487
"../../Plugins/Animation/DeformerGraph/Content/Deformers/DG_LinearBlendSkin_Morph_Cloth_RecomputeNormals.uasset" 3488
"../../Plugins/Animation/DeformerGraph/Content/DeformerFunctions/DG_Function_ComputeNormalsTangents.uasset" 3489
"../../Plugins/Animation/DeformerGraph/Content/DeformerFunctions/DG_Function_LinearBlendSkin_Morph_Cloth_PositionOnly.uasset" 3490
"/Engine/BasicShapes/Sphere" 3491
"../../../Engine/Content/BasicShapes/Sphere.uasset" 3492
"../../../Engine/Content/EngineMaterials/DefaultMaterial.uasset" 3493
"/Engine/BasicShapes/Cylinder" 3494
"../../../Engine/Content/BasicShapes/Cylinder.uasset" 3495
"/Engine/BasicShapes/Cone" 3496
"../../../Engine/Content/BasicShapes/Cone.uasset" 3497
"/Engine/BasicShapes/Plane" 3498
"../../../Engine/Content/BasicShapes/Plane.uasset" 3499
"/Engine/EngineFonts/DroidSansMono" 3500
"../../../Engine/Content/EngineFonts/DroidSansMono.uasset" 3501
"../../../Engine/Content/EngineFonts/Faces/DroidSansMono.uasset" 3502
"../../../Engine/Documentation/Source/Shared/Types/ABrush/ABrush.INT.udn" 3503
"../../../Engine/Content/Internationalization/icudt64l/brkitr/en.res" 3504
"../../../Engine/Content/Internationalization/icudt64l/brkitr/root.res" 3505
"../../../Engine/Content/Internationalization/icudt64l/brkitr/char.brk" 3506
"../../../Engine/Content/Internationalization/icudt64l/brkitr/word.brk" 3507
"/Engine/EditorResources/SequenceRecorder/Countdown" 3508
"../../../Engine/Content/EditorResources/SequenceRecorder/Countdown.uasset" 3509
"/Engine/EditorResources/SequenceRecorder/RecordingIndicator" 3510
"../../../Engine/Content/EditorResources/SequenceRecorder/RecordingIndicator.uasset" 3511
"/Engine/EditorMaterials/PhAT_UnselectedMaterial" 3512
"../../../Engine/Content/EditorMaterials/PhAT_UnselectedMaterial.uasset" 3513
"/Engine/EditorMaterials/PhAT_NoCollisionMaterial" 3514
"../../../Engine/Content/EditorMaterials/PhAT_NoCollisionMaterial.uasset" 3515
"/Engine/EditorResources/S_Terrain" 3516
"../../../Engine/Content/EditorResources/S_Terrain.uasset" 3517
"../../../Engine/Plugins/FX/Niagara/Shaders/Private/NiagaraDataInterfaceTexture2DArrayTemplate.ush" 3518
"../../../Engine/Plugins/FX/Niagara/Shaders/Private/NiagaraDataInterfaceActorComponentTemplate.ush" 3519
"../../../Engine/Plugins/FX/Niagara/Shaders/Private/NiagaraDataInterfaceArrayTemplate.ush" 3520
"../../../Engine/Plugins/FX/Niagara/Shaders/Private/NiagaraDataInterfaceArrayRWTemplate.ush" 3521
"../../../Engine/Plugins/FX/Niagara/Shaders/Private/NiagaraDataInterfaceAsyncGpuTrace.ush" 3522
"../../../Engine/Plugins/FX/Niagara/Shaders/Private/NiagaraDataInterfaceAsyncGpuTraceTemplate.ush" 3523
"../../../Engine/Plugins/FX/Niagara/Shaders/Private/NiagaraDataInterfaceCamera.ush" 3524
"../../../Engine/Plugins/Experimental/ChaosNiagara/Shaders/NiagaraDataInterfaceChaosDestruction.ush" 3525
"../../../Engine/Plugins/FX/Niagara/Shaders/Private/NiagaraDataInterfaceCollisionQuery.ush" 3526
"C:/Users/conor/OneDrive/Desktop/Documents/GitHub/3D-Platformer-Semester-2/3DPlatformer/Intermediate/ShaderAutogen/PCD3D_SM5/AutogenShaderHeaders.ush" 3527
"../../../Engine/Plugins/FX/Niagara/Shaders/Private/NiagaraDataInterfaceCollisionQueryTemplate.ush" 3528
"../../../Engine/Plugins/FX/Niagara/Shaders/Private/NiagaraDataInterfaceCurveTemplate.ush" 3529
"../../../Engine/Plugins/FX/Niagara/Shaders/Private/NiagaraDataInterfaceCubeTextureTemplate.ush" 3530
"../../../Engine/Plugins/FX/Niagara/Shaders/Private/DataChannel/NiagaraDataInterfaceDataChannelCommon.ush" 3531
"../../../Engine/Plugins/FX/Niagara/Shaders/Private/DataChannel/NiagaraDataInterfaceDataChannelTemplateCommon.ush" 3532
"../../../Engine/Plugins/FX/Niagara/Shaders/Private/DataChannel/NiagaraDataInterfaceDataChannelTemplateReadCommon.ush" 3533
"../../../Engine/Plugins/FX/Niagara/Shaders/Private/DataChannel/NiagaraDataInterfaceDataChannelTemplate_Read.ush" 3534
"../../../Engine/Plugins/FX/Niagara/Shaders/Private/DataChannel/NiagaraDataInterfaceDataChannelTemplate_Consume.ush" 3535
"../../../Engine/Plugins/FX/Niagara/Shaders/Private/DataChannel/NiagaraDataInterfaceDataChannelTemplateWriteCommon.ush" 3536
"../../../Engine/Plugins/FX/Niagara/Shaders/Private/DataChannel/NiagaraDataInterfaceDataChannelTemplate_Append.ush" 3537
"../../../Engine/Plugins/FX/Niagara/Shaders/Private/NiagaraDataInterfaceDataTableTemplate.ush" 3538
"../../../Engine/Plugins/FX/Niagara/Shaders/Private/NiagaraDataInterfaceDebugDraw.ush" 3539
"../../../Engine/Plugins/FX/Niagara/Shaders/Private/NiagaraDataInterfaceDebugDrawTemplate.ush" 3540
"../../../Engine/Plugins/FX/Niagara/Shaders/Private/NiagaraDataInterfaceDynamicMeshTemplate.ush" 3541
"../../../Engine/Plugins/FX/Niagara/Shaders/Private/NiagaraDataInterfaceEmitterPropertiesTemplate.ush" 3542
"../../../Engine/Plugins/FX/Niagara/Shaders/Private/NiagaraDataInterfaceExportTemplate.ush" 3543
"../../../Engine/Plugins/FX/Niagara/Shaders/Private/NiagaraDataInterfaceGBufferTemplate.ush" 3544
"../../../Engine/Plugins/Experimental/ChaosNiagara/Shaders/NiagaraDataInterfaceGeometryCollection.ush" 3545
"../../../Engine/Plugins/FX/Niagara/Shaders/Private/NiagaraTransformUtils.ush" 3546
"../../../Engine/Plugins/Runtime/HairStrands/Shaders/Private/NiagaraStrandsExternalForce.ush" 3547
"../../../Engine/Plugins/Runtime/HairStrands/Shaders/Private/NiagaraHookeSpringMaterial.ush" 3548
"../../../Engine/Plugins/Runtime/HairStrands/Shaders/Private/NiagaraAngularSpringMaterial.ush" 3549
"../../../Engine/Plugins/Runtime/HairStrands/Shaders/Private/NiagaraConstantVolumeMaterial.ush" 3550
"../../../Engine/Plugins/Runtime/HairStrands/Shaders/Private/NiagaraCosseratRodMaterial.ush" 3551
"../../../Engine/Plugins/Runtime/HairStrands/Shaders/Private/NiagaraStaticCollisionConstraint.ush" 3552
"../../../Engine/Plugins/Runtime/HairStrands/Shaders/Private/NiagaraDataInterfaceHairStrands.ush" 3553
"../../../Engine/Plugins/Runtime/HairStrands/Shaders/Private/NiagaraDataInterfaceHairStrandsTemplate.ush" 3554
"../../../Engine/Plugins/FX/Niagara/Shaders/Private/NiagaraDataInterfaceIntRenderTarget2D.ush" 3555
"../../../Engine/Plugins/FX/Niagara/Shaders/Private/NiagaraDataInterfaceLandscape.ush" 3556
"../../../Engine/Plugins/FX/Niagara/Shaders/Private/NiagaraDataInterfaceMemoryBufferTemplate.ush" 3557
"../../../Engine/Plugins/FX/Niagara/Shaders/Private/NiagaraDataInterfaceMeshRendererInfoTemplate.ush" 3558
"../../../Engine/Plugins/FX/Niagara/Shaders/Private/NiagaraDataInterfaceOcclusion.ush" 3559
"../../../Engine/Plugins/FX/Niagara/Shaders/Private/NiagaraDataInterfacePhysicsAsset.ush" 3560
"../../../Engine/Plugins/Experimental/ChaosNiagara/Shaders/NiagaraDataInterfacePhysicsField.ush" 3561
"../../../Engine/Plugins/FX/Niagara/Shaders/Private/NiagaraDataInterfacePlatformSetTemplate.ush" 3562
"../../../Engine/Plugins/Runtime/HairStrands/Shaders/Private/NiagaraDataInterfaceVelocityGrid.ush" 3563
"../../../Engine/Plugins/Runtime/HairStrands/Shaders/Private/NiagaraDataInterfaceVelocityGridTemplate.ush" 3564
"../../../Engine/Plugins/Runtime/HairStrands/Shaders/Private/NiagaraDataInterfacePressureGrid.ush" 3565
"../../../Engine/Plugins/Runtime/HairStrands/Shaders/Private/NiagaraDataInterfacePressureGridTemplate.ush" 3566
"../../../Engine/Plugins/FX/Niagara/Shaders/Private/NiagaraDataInterfaceRenderTarget2DTemplate.ush" 3567
"../../../Engine/Plugins/FX/Niagara/Shaders/Private/NiagaraDataInterfaceRenderTarget2DArrayTemplate.ush" 3568
"../../../Engine/Plugins/FX/Niagara/Shaders/Private/NiagaraDataInterfaceRenderTargetCubeTemplate.ush" 3569
"../../../Engine/Plugins/FX/Niagara/Shaders/Private/NiagaraDataInterfaceRenderTargetVolumeTemplate.ush" 3570
"../../../Engine/Plugins/FX/Niagara/Shaders/Private/NiagaraDataInterfaceRigidMeshCollisionQuery.ush" 3571
"../../../Engine/Plugins/FX/Niagara/Shaders/Private/NiagaraDistanceFieldQueries.ush" 3572
"../../../Engine/Plugins/FX/Niagara/Shaders/Private/NiagaraDataInterfaceSceneCapture2DTemplate.ush" 3573
"../../../Engine/Plugins/FX/Niagara/Shaders/Private/NiagaraDataInterfaceSimCacheReaderTemplate.ush" 3574
"../../../Engine/Plugins/FX/Niagara/Shaders/Private/NiagaraDataInterfaceSimpleCounterTemplate.ush" 3575
"../../../Engine/Plugins/FX/Niagara/Shaders/Private/NiagaraDataInterfaceSkeletalMesh.ush" 3576
"../../../Engine/Plugins/FX/Niagara/Shaders/Private/NiagaraBaryCentricUtils.ush" 3577
"../../../Engine/Plugins/FX/Niagara/Shaders/Private/NiagaraDataInterfaceSkeletalMeshTemplate.ush" 3578
"../../../Engine/Plugins/FX/Niagara/Shaders/Private/NiagaraDataInterfaceSocketReaderTemplate.ush" 3579
"../../../Engine/Plugins/FX/Niagara/Shaders/Private/NiagaraDataInterfaceSparseVolumeTextureTemplate.ush" 3580
"../../../Engine/Plugins/FX/Niagara/Shaders/Private/NiagaraDataInterfaceSplineTemplate.ush" 3581
"../../../Engine/Plugins/FX/Niagara/Shaders/Private/NiagaraDataInterfaceSpriteRendererInfoTemplate.ush" 3582
"../../../Engine/Plugins/FX/Niagara/Shaders/Private/NiagaraDataInterfaceStaticMeshTemplate.ush" 3583
"../../../Engine/Plugins/FX/Niagara/Shaders/Private/NiagaraDataInterfaceTextureTemplate.ush" 3584
"../../../Engine/Plugins/FX/Niagara/Shaders/Private/NiagaraDataInterfaceVirtualTexture.ush" 3585
"../../../Engine/Plugins/FX/Niagara/Shaders/Private/NiagaraDataInterfaceVirtualTextureTemplate.ush" 3586
"../../../Engine/Plugins/FX/Niagara/Shaders/Private/NiagaraDataInterfaceVolumeCache.ush" 3587
"../../../Engine/Plugins/FX/Niagara/Shaders/Private/NiagaraDataInterfaceVolumeTextureTemplate.ush" 3588
"C:/Users/conor/OneDrive/Desktop/Documents/GitHub/3D-Platformer-Semester-2/3DPlatformer/Content/Fab/FBX_format/block-grass-curve.uasset" 3589
"C:/Users/conor/OneDrive/Desktop/Documents/GitHub/3D-Platformer-Semester-2/3DPlatformer/Content/Fab/FBX_format/block-grass-edge.uasset" 3590
"C:/Users/conor/OneDrive/Desktop/Documents/GitHub/3D-Platformer-Semester-2/3DPlatformer/Content/Fab/FBX_format/barrel.uasset" 3591
"C:/Users/conor/OneDrive/Desktop/Documents/GitHub/3D-Platformer-Semester-2/3DPlatformer/Content/Fab/FBX_format/block-grass-hexagon.uasset" 3592
"C:/Users/conor/OneDrive/Desktop/Documents/GitHub/3D-Platformer-Semester-2/3DPlatformer/Content/Fab/FBX_format/block-grass_big.uasset" 3593
"C:/Users/conor/OneDrive/Desktop/Documents/GitHub/3D-Platformer-Semester-2/3DPlatformer/Content/Fab/FBX_format/block-grass-overhang-large-slope-steep.uasset" 3594
"C:/Users/conor/OneDrive/Desktop/Documents/GitHub/3D-Platformer-Semester-2/3DPlatformer/Content/Fab/FBX_format/brick.uasset" 3595
"C:/Users/conor/OneDrive/Desktop/Documents/GitHub/3D-Platformer-Semester-2/3DPlatformer/Content/Fab/FBX_format/block-grass-corner-low.uasset" 3596
"C:/Users/conor/OneDrive/Desktop/Documents/GitHub/3D-Platformer-Semester-2/3DPlatformer/Content/Fab/FBX_format/block-grass-curve-low.uasset" 3597
"C:/Users/conor/OneDrive/Desktop/Documents/GitHub/3D-Platformer-Semester-2/3DPlatformer/Content/Fab/FBX_format/altar-stone.uasset" 3598
"C:/Users/conor/OneDrive/Desktop/Documents/GitHub/3D-Platformer-Semester-2/3DPlatformer/Content/LevelPrototyping/Textures/T_GridChecker_A.uasset" 3599
"C:/Users/conor/OneDrive/Desktop/Documents/GitHub/3D-Platformer-Semester-2/3DPlatformer/Content/LevelPrototyping/Materials/MI_PrototypeGrid_Gray.uasset" 3600
"../../../Engine/Content/Functions/Engine_MaterialFunctions01/ImageAdjustment/CheapContrast.uasset" 3601
"C:/Users/conor/OneDrive/Desktop/Documents/GitHub/3D-Platformer-Semester-2/3DPlatformer/Content/LevelPrototyping/Materials/MF_ProcGrid.uasset" 3602
"C:/Users/conor/OneDrive/Desktop/Documents/GitHub/3D-Platformer-Semester-2/3DPlatformer/Content/LevelPrototyping/Meshes/SM_Cube.uasset" 3603
"../../../Engine/Content/EngineSky/VolumetricClouds/VT_Lightning.uasset" 3604
"../../../Engine/Content/Functions/Engine_MaterialFunctions01/Units/Km-to-Cm.uasset" 3605
"../../../Engine/Content/Functions/Engine_MaterialFunctions02/Utility/MakeFloat4.uasset" 3606
"../../../Engine/Content/Functions/Engine_MaterialFunctions02/Utility/BreakOutFloat4Components.uasset" 3607
"../../../Engine/Content/Functions/Engine_MaterialFunctions01/Gradient/LinearGradient.uasset" 3608
"../../../Engine/Content/EngineSky/VolumetricClouds/T_CloudMask.uasset" 3609
"C:/Users/conor/OneDrive/Desktop/Documents/GitHub/3D-Platformer-Semester-2/3DPlatformer/Content/LevelPrototyping/Materials/M_PrototypeGrid.uasset" 3610
"C:/Users/conor/OneDrive/Desktop/Documents/GitHub/3D-Platformer-Semester-2/3DPlatformer/Content/Fab/FBX_format/bench.uasset" 3611
"C:/Users/conor/OneDrive/Desktop/Documents/GitHub/3D-Platformer-Semester-2/3DPlatformer/Content/Materials/RoadRunnerEscapes.uasset" 3612
"C:/Users/conor/OneDrive/Desktop/Documents/GitHub/3D-Platformer-Semester-2/3DPlatformer/Content/Materials/Invisible.uasset" 3613
"C:/Users/conor/OneDrive/Desktop/Documents/GitHub/3D-Platformer-Semester-2/3DPlatformer/Content/BP_DeathBox.uasset" 3614
"C:/Users/conor/OneDrive/Desktop/Documents/GitHub/3D-Platformer-Semester-2/3DPlatformer/Content/BP_DissapearingPlatform.uasset" 3615
"../../../Engine/Content/EngineSky/VolumetricClouds/m_SimpleVolumetricCloud.uasset" 3616
"../../../Engine/Content/EngineSky/VolumetricClouds/T_CloudPattern.uasset" 3617
"../../../Engine/Content/EngineSky/VolumetricClouds/T_Profile_08.uasset" 3618
"../../../Engine/Content/EngineSky/VolumetricClouds/m_SimpleVolumetricCloud_Inst.uasset" 3619
"../../../Engine/Content/EngineSky/VolumetricClouds/VT_PerlinWorley_Balanced.uasset" 3620
"/Game/Fab/FBX_format/barrel" 3621
"C:/Users/conor/OneDrive/Desktop/Documents/GitHub/3D-Platformer-Semester-2/3DPlatformer/Content/Fab/FBX_format/colormap1.uasset" 3622
"/Game/Fab/FBX_format/block-grass-corner-low" 3623
"/Game/Fab/FBX_format/block-grass-curve-low" 3624
"/Game/Fab/FBX_format/block-grass-curve" 3625
"/Game/Fab/FBX_format/altar-stone" 3626
"/Game/Fab/FBX_format/block-grass-edge" 3627
"/Game/Fab/FBX_format/block-grass-hexagon" 3628
"/Game/Fab/FBX_format/block-grass-overhang-large-slope-steep" 3629
"/Game/Fab/FBX_format/block-grass_big" 3630
"/Game/Fab/FBX_format/brick" 3631
"/Game/LevelPrototyping/Materials/MF_ProcGrid" 3632
"/Game/LevelPrototyping/Materials/M_PrototypeGrid" 3633
"/Game/LevelPrototyping/Materials/MI_PrototypeGrid_Gray" 3634
"/Game/LevelPrototyping/Meshes/SM_Cube" 3635
"/Engine/Functions/Engine_MaterialFunctions01/Units/Km-to-Cm" 3636
"/Engine/EngineSky/VolumetricClouds/VT_Lightning" 3637
"/Engine/Functions/Engine_MaterialFunctions02/Utility/MakeFloat4" 3638
"/Engine/Functions/Engine_MaterialFunctions02/Utility/BreakOutFloat4Components" 3639
"/Engine/EngineSky/VolumetricClouds/m_SimpleVolumetricCloud" 3640
"/Engine/EngineSky/VolumetricClouds/T_CloudMask" 3641
"/Engine/EngineSky/VolumetricClouds/T_CloudPattern" 3642
"/Engine/EngineSky/VolumetricClouds/T_Profile_08" 3643
"/Engine/EngineSky/VolumetricClouds/VT_PerlinWorley_Balanced" 3644
"/Engine/EngineSky/VolumetricClouds/m_SimpleVolumetricCloud_Inst" 3645
"/Game/Fab/FBX_format/bench" 3646
"/Game/Materials/RoadRunnerEscapes" 3647
"/Game/Materials/Invisible" 3648
"/Game/BP_DeathBox" 3649
"C:/Users/conor/OneDrive/Desktop/Documents/GitHub/3D-Platformer-Semester-2/3DPlatformer/Content/ThirdPerson/Blueprints/BP_ThirdPersonCharacter.uasset" 3650
"C:/Users/conor/OneDrive/Desktop/Documents/GitHub/3D-Platformer-Semester-2/3DPlatformer/Content/ThirdPerson/Blueprints/Gooberman_Skeleton_AnimBlueprint.uasset" 3651
"../../../Engine/Content/EditorBlueprintResources/StandardMacros.uasset" 3652
"C:/Users/conor/OneDrive/Desktop/Documents/GitHub/3D-Platformer-Semester-2/3DPlatformer/Content/BluePrints/BP_Coffin.uasset" 3653
"C:/Users/conor/OneDrive/Desktop/Documents/GitHub/3D-Platformer-Semester-2/3DPlatformer/Content/BP_3DPlatformerGameInstance.uasset" 3654
"C:/Users/conor/OneDrive/Desktop/Documents/GitHub/3D-Platformer-Semester-2/3DPlatformer/Content/Enemies/BP_EnemyAI.uasset" 3655
"C:/Users/conor/OneDrive/Desktop/Documents/GitHub/3D-Platformer-Semester-2/3DPlatformer/Content/Enemies/BP_EnemyMovementTest.uasset" 3656
"C:/Users/conor/OneDrive/Desktop/Documents/GitHub/3D-Platformer-Semester-2/3DPlatformer/Content/Enemies/BP_StaticVacuumableObject.uasset" 3657
"C:/Users/conor/OneDrive/Desktop/Documents/GitHub/3D-Platformer-Semester-2/3DPlatformer/Content/Input/Touch/BPI_TouchInterface.uasset" 3658
"C:/Users/conor/OneDrive/Desktop/Documents/GitHub/3D-Platformer-Semester-2/3DPlatformer/Content/ThirdPerson/Blueprints/ScreenShake/CS_Land.uasset" 3659
"C:/Users/conor/OneDrive/Desktop/Documents/GitHub/3D-Platformer-Semester-2/3DPlatformer/Content/ThirdPerson/Levels/AtticAssets/BP_AtticInsulation.uasset" 3660
"C:/Users/conor/OneDrive/Desktop/Documents/GitHub/3D-Platformer-Semester-2/3DPlatformer/Content/Input/Actions/IA_Attack.uasset" 3661
"C:/Users/conor/OneDrive/Desktop/Documents/GitHub/3D-Platformer-Semester-2/3DPlatformer/Content/Input/Actions/IA_CameraFix.uasset" 3662
"C:/Users/conor/OneDrive/Desktop/Documents/GitHub/3D-Platformer-Semester-2/3DPlatformer/Content/Input/Actions/IA_Crouch.uasset" 3663
"C:/Users/conor/OneDrive/Desktop/Documents/GitHub/3D-Platformer-Semester-2/3DPlatformer/Content/Input/Actions/IA_Jump.uasset" 3664
"C:/Users/conor/OneDrive/Desktop/Documents/GitHub/3D-Platformer-Semester-2/3DPlatformer/Content/Input/Actions/IA_LevelReset.uasset" 3665
"C:/Users/conor/OneDrive/Desktop/Documents/GitHub/3D-Platformer-Semester-2/3DPlatformer/Content/Input/Actions/IA_Look.uasset" 3666
"C:/Users/conor/OneDrive/Desktop/Documents/GitHub/3D-Platformer-Semester-2/3DPlatformer/Content/Input/Actions/IA_MouseLook.uasset" 3667
"C:/Users/conor/OneDrive/Desktop/Documents/GitHub/3D-Platformer-Semester-2/3DPlatformer/Content/Input/Actions/IA_Move.uasset" 3668
"C:/Users/conor/OneDrive/Desktop/Documents/GitHub/3D-Platformer-Semester-2/3DPlatformer/Content/Input/Actions/IA_Pause.uasset" 3669
"C:/Users/conor/OneDrive/Desktop/Documents/GitHub/3D-Platformer-Semester-2/3DPlatformer/Content/Input/Actions/IA_Vacuum.uasset" 3670
"C:/Users/conor/OneDrive/Desktop/Documents/GitHub/3D-Platformer-Semester-2/3DPlatformer/Content/Materials/VacuumWindTexture_Mat.uasset" 3671
"C:/Users/conor/OneDrive/Desktop/Documents/GitHub/3D-Platformer-Semester-2/3DPlatformer/Content/ThirdPerson/BlobShadow/shadow_Mat.uasset" 3672
"C:/Users/conor/OneDrive/Desktop/Documents/GitHub/3D-Platformer-Semester-2/3DPlatformer/Content/ThirdPerson/Blueprints/CharacterColour.uasset" 3673
"C:/Users/conor/OneDrive/Desktop/Documents/GitHub/3D-Platformer-Semester-2/3DPlatformer/Content/ThirdPerson/Blueprints/Particles/BetterVacuum_System.uasset" 3674
"C:/Users/conor/OneDrive/Desktop/Documents/GitHub/3D-Platformer-Semester-2/3DPlatformer/Content/ThirdPerson/Blueprints/Particles/Land_Burst_System.uasset" 3675
"C:/Users/conor/OneDrive/Desktop/Documents/GitHub/3D-Platformer-Semester-2/3DPlatformer/Content/Free_Sounds_Pack/wav/Rock_Impact_11.uasset" 3676
"C:/Users/conor/OneDrive/Desktop/Documents/GitHub/3D-Platformer-Semester-2/3DPlatformer/Content/Sounds/PlayerSound/Dash/Dash_Sound.uasset" 3677
"C:/Users/conor/OneDrive/Desktop/Documents/GitHub/3D-Platformer-Semester-2/3DPlatformer/Content/Sounds/PlayerSound/JumpSounds/JumpSound.uasset" 3678
"C:/Users/conor/OneDrive/Desktop/Documents/GitHub/3D-Platformer-Semester-2/3DPlatformer/Content/Sounds/PlayerSound/VacuumHumming.uasset" 3679
"C:/Users/conor/OneDrive/Desktop/Documents/GitHub/3D-Platformer-Semester-2/3DPlatformer/Content/ThirdPerson/Blueprints/Gooberman.uasset" 3680
"C:/Users/conor/OneDrive/Desktop/Documents/GitHub/3D-Platformer-Semester-2/3DPlatformer/Content/ThirdPerson/UI/WB_CassettePlayerMenu.uasset" 3681
"C:/Users/conor/OneDrive/Desktop/Documents/GitHub/3D-Platformer-Semester-2/3DPlatformer/Content/ThirdPerson/UI/WB_DeathHUD.uasset" 3682
"C:/Users/conor/OneDrive/Desktop/Documents/GitHub/3D-Platformer-Semester-2/3DPlatformer/Content/ThirdPerson/UI/WB_InputDeviceCheck.uasset" 3683
"C:/Users/conor/OneDrive/Desktop/Documents/GitHub/3D-Platformer-Semester-2/3DPlatformer/Content/ThirdPerson/UI/WB_MainMenu.uasset" 3684
"C:/Users/conor/OneDrive/Desktop/Documents/GitHub/3D-Platformer-Semester-2/3DPlatformer/Content/ThirdPerson/UI/WB_PauseMenu.uasset" 3685
"C:/Users/conor/OneDrive/Desktop/Documents/GitHub/3D-Platformer-Semester-2/3DPlatformer/Content/ThirdPerson/UI/WB_StandardHUD.uasset" 3686
"C:/Users/conor/OneDrive/Desktop/Documents/GitHub/3D-Platformer-Semester-2/3DPlatformer/Content/ThirdPerson/UI/WB_WinScreen.uasset" 3687
"C:/Users/conor/OneDrive/Desktop/Documents/GitHub/3D-Platformer-Semester-2/3DPlatformer/Content/ThirdPerson/Blueprints/CharacterAnimations/Falling_Idle_Anim.uasset" 3688
"C:/Users/conor/OneDrive/Desktop/Documents/GitHub/3D-Platformer-Semester-2/3DPlatformer/Content/ThirdPerson/Blueprints/CharacterAnimations/Idle_Anim.uasset" 3689
"C:/Users/conor/OneDrive/Desktop/Documents/GitHub/3D-Platformer-Semester-2/3DPlatformer/Content/ThirdPerson/Blueprints/CharacterAnimations/Jumping_Up_Anim.uasset" 3690
"C:/Users/conor/OneDrive/Desktop/Documents/GitHub/3D-Platformer-Semester-2/3DPlatformer/Content/ThirdPerson/Blueprints/CharacterAnimations/Sucking_Anim.uasset" 3691
"C:/Users/conor/OneDrive/Desktop/Documents/GitHub/3D-Platformer-Semester-2/3DPlatformer/Content/ThirdPerson/Blueprints/CharacterAnimations/Gooberman_Skeleton_BlendSpace1D.uasset" 3692
"C:/Users/conor/OneDrive/Desktop/Documents/GitHub/3D-Platformer-Semester-2/3DPlatformer/Content/ThirdPerson/Blueprints/CharacterAnimations/Gooberman_SuckToSuckWalk.uasset" 3693
"C:/Users/conor/OneDrive/Desktop/Documents/GitHub/3D-Platformer-Semester-2/3DPlatformer/Content/Sounds/PlayerSound/Step/LeafSteps/LeafStep.uasset" 3694
"C:/Users/conor/OneDrive/Desktop/Documents/GitHub/3D-Platformer-Semester-2/3DPlatformer/Content/Sounds/PlayerSound/Step/NormalStep/NormalStepSound.uasset" 3695
"C:/Users/conor/OneDrive/Desktop/Documents/GitHub/3D-Platformer-Semester-2/3DPlatformer/Content/ThirdPerson/Blueprints/Gooberman_Skeleton.uasset" 3696
"C:/Users/conor/OneDrive/Desktop/Documents/GitHub/3D-Platformer-Semester-2/3DPlatformer/Content/Characters/Mannequins/Meshes/SKM_Quinn_Simple.uasset" 3697
"C:/Users/conor/OneDrive/Desktop/Documents/GitHub/3D-Platformer-Semester-2/3DPlatformer/Content/Fab/KenneyGraveyardPack/FBX_format/coffin.uasset" 3698
"C:/Users/conor/OneDrive/Desktop/Documents/GitHub/3D-Platformer-Semester-2/3DPlatformer/Content/Animations/AI/Rat/AP_EnemyAI.uasset" 3699
"C:/Users/conor/OneDrive/Desktop/Documents/GitHub/3D-Platformer-Semester-2/3DPlatformer/Content/Animations/AI/Rat/RatAttack_Anim_Montage.uasset" 3700
"C:/Users/conor/OneDrive/Desktop/Documents/GitHub/3D-Platformer-Semester-2/3DPlatformer/Content/Enemies/Rat.uasset" 3701
"C:/Users/conor/OneDrive/Desktop/Documents/GitHub/3D-Platformer-Semester-2/3DPlatformer/Content/Sounds/EnemySound/EnemyGetsSucked.uasset" 3702
"C:/Users/conor/OneDrive/Desktop/Documents/GitHub/3D-Platformer-Semester-2/3DPlatformer/Content/Fab/Mouse_Droid/mouse_droid/Materials/myszobot_002.uasset" 3703
"C:/Users/conor/OneDrive/Desktop/Documents/GitHub/3D-Platformer-Semester-2/3DPlatformer/Content/Fab/Mouse_Droid/mouse_droid/StaticMeshes/mouse_droid.uasset" 3704
"C:/Users/conor/OneDrive/Desktop/Documents/GitHub/3D-Platformer-Semester-2/3DPlatformer/Content/Meshes/LeafPile/Leaves_Mat.uasset" 3705
"C:/Users/conor/OneDrive/Desktop/Documents/GitHub/3D-Platformer-Semester-2/3DPlatformer/Content/Meshes/LeafPile/LeafPile.uasset" 3706
"C:/Users/conor/OneDrive/Desktop/Documents/GitHub/3D-Platformer-Semester-2/3DPlatformer/Content/BluePrints/BP_TutorialBox.uasset" 3707
"C:/Users/conor/OneDrive/Desktop/Documents/GitHub/3D-Platformer-Semester-2/3DPlatformer/Content/ThirdPerson/Levels/ChaseSceneAssets/BP_MovingIce.uasset" 3708
"C:/Users/conor/OneDrive/Desktop/Documents/GitHub/3D-Platformer-Semester-2/3DPlatformer/Content/ThirdPerson/Levels/AtticAssets/insulation_Mat.uasset" 3709
"C:/Users/conor/OneDrive/Desktop/Documents/GitHub/3D-Platformer-Semester-2/3DPlatformer/Content/Materials/VacuumWindTexture.uasset" 3710
"C:/Users/conor/OneDrive/Desktop/Documents/GitHub/3D-Platformer-Semester-2/3DPlatformer/Content/ThirdPerson/BlobShadow/shadow.uasset" 3711
"C:/Users/conor/OneDrive/Desktop/Documents/GitHub/3D-Platformer-Semester-2/3DPlatformer/Content/ThirdPerson/Blueprints/Capture.uasset" 3712
"../../Plugins/FX/Niagara/Content/DefaultAssets/DefaultSpriteMaterial.uasset" 3713
"C:/Users/conor/OneDrive/Desktop/Documents/GitHub/3D-Platformer-Semester-2/3DPlatformer/Content/ThirdPerson/Blueprints/Particles/BetterVacuum.uasset" 3714
"../../Plugins/FX/Niagara/Content/DynamicInputs/UniformRange/V2/RandomRangeFloat.uasset" 3715
"../../Plugins/FX/Niagara/Content/DynamicInputs/ValueFromCurve/FloatFromCurve.uasset" 3716
"../../Plugins/FX/Niagara/Content/Modules/Emitter/EmitterState.uasset" 3717
"../../Plugins/FX/Niagara/Content/Modules/Emitter/SpawnBurst_Instantaneous.uasset" 3718
"../../Plugins/FX/Niagara/Content/Modules/Solvers/SolveForcesAndVelocity.uasset" 3719
"../../Plugins/FX/Niagara/Content/Modules/Spawn/Initialization/V2/InitializeParticle.uasset" 3720
"../../Plugins/FX/Niagara/Content/Modules/Spawn/Velocity/AddVelocity.uasset" 3721
"../../Plugins/FX/Niagara/Content/Modules/System/SystemState.uasset" 3722
"../../Plugins/FX/Niagara/Content/Modules/Update/Color/ScaleColor.uasset" 3723
"../../Plugins/FX/Niagara/Content/Modules/Update/Forces/Drag.uasset" 3724
"../../Plugins/FX/Niagara/Content/Modules/Update/Forces/GravityForce.uasset" 3725
"../../Plugins/FX/Niagara/Content/Modules/Update/Forces/VortexForce.uasset" 3726
"../../Plugins/FX/Niagara/Content/Modules/Update/Lifetime/ParticleState.uasset" 3727
"../../Plugins/FX/Niagara/Content/Modules/Update/Size/ScaleSpriteSizeBySpeed.uasset" 3728
"../../Plugins/FX/Niagara/Content/Enums/Angles/ENiagara_AngleInput.uasset" 3729
"../../Plugins/FX/Niagara/Content/Enums/ENiagara_ColorInitializationMode.uasset" 3730
"../../Plugins/FX/Niagara/Content/Enums/ENiagara_EmitterStateOptions.uasset" 3731
"../../Plugins/FX/Niagara/Content/Enums/ENiagara_InfiniteLoopDuration.uasset" 3732
"../../Plugins/FX/Niagara/Content/Enums/ENiagara_LifetimeMode.uasset" 3733
"../../Plugins/FX/Niagara/Content/Enums/ENiagara_MassInitializationMode.uasset" 3734
"../../Plugins/FX/Niagara/Content/Enums/ENiagara_PositionInitializationMode.uasset" 3735
"../../Plugins/FX/Niagara/Content/Enums/ENiagara_SizeScaleMode.uasset" 3736
"../../Plugins/FX/Niagara/Content/Enums/ENiagara_SpriteRotationMode.uasset" 3737
"../../Plugins/FX/Niagara/Content/Enums/ENiagara_UVFlippingMode.uasset" 3738
"../../Plugins/FX/Niagara/Content/Enums/ENiagaraChannelCorrelation.uasset" 3739
"../../Plugins/FX/Niagara/Content/Enums/ENiagaraEmitterLifeCycleMode.uasset" 3740
"../../Plugins/FX/Niagara/Content/Enums/ENiagaraEmitterScalabilityMode_Limited.uasset" 3741
"../../Plugins/FX/Niagara/Content/Enums/ENiagaraInactiveMode.uasset" 3742
"../../Plugins/FX/Niagara/Content/Enums/ENiagaraRandomnessEvaluation.uasset" 3743
"../../Plugins/FX/Niagara/Content/Enums/ENiagaraRandomnessMode.uasset" 3744
"../../Plugins/FX/Niagara/Content/Enums/ENiagaraScaleColorMode.uasset" 3745
"../../Plugins/FX/Niagara/Content/Enums/ENiagaraSystemInactiveMode.uasset" 3746
"../../Plugins/FX/Niagara/Content/Enums/Ribbons/ENiagara_UnsetDirectSet.uasset" 3747
"../../Plugins/FX/Niagara/Content/Enums/Ribbons/ENiagara_UnsetDirectSetRandom.uasset" 3748
"../../Plugins/FX/Niagara/Content/Enums/Transforms/ENiagara_RotationMode.uasset" 3749
"../../Plugins/FX/Niagara/Content/Enums/Utility/ENiagara_VelocityMode.uasset" 3750
"C:/Users/conor/OneDrive/Desktop/Documents/GitHub/3D-Platformer-Semester-2/3DPlatformer/Content/ThirdPerson/Blueprints/Particles/Land_BurstMaterial.uasset" 3751
"C:/Users/conor/OneDrive/Desktop/Documents/GitHub/3D-Platformer-Semester-2/3DPlatformer/Content/ThirdPerson/Blueprints/Particles/Land_Burst.uasset" 3752
"../../Plugins/FX/Niagara/Content/DynamicInputs/TypeConversions/Vector2DFromFloat.uasset" 3753
"../../Plugins/FX/Niagara/Content/Modules/Spawn/Location/V2/ShapeLocation.uasset" 3754
"../../Plugins/FX/Niagara/Content/Modules/Update/Size/ScaleSpriteSize.uasset" 3755
"../../Plugins/FX/Niagara/Content/Enums/ENiagara_AttributeSamplingApplyOutput.uasset" 3756
"../../Plugins/FX/Niagara/Content/Enums/ENiagaraShapeTorusMode.uasset" 3757
"../../Plugins/FX/Niagara/Content/Enums/ENiagaraSphereDistributionMode.uasset" 3758
"../../Plugins/FX/Niagara/Content/Enums/ENiagaraTorusDistributionMode.uasset" 3759
"../../Plugins/FX/Niagara/Content/Enums/Location/ENiagara_BoxPlaneMode.uasset" 3760
"../../Plugins/FX/Niagara/Content/Enums/Location/ENiagara_ConeMode.uasset" 3761
"../../Plugins/FX/Niagara/Content/Enums/Location/ENiagara_CylinderMode.uasset" 3762
"../../Plugins/FX/Niagara/Content/Enums/Location/ENiagara_LocationShapes.uasset" 3763
"../../Plugins/FX/Niagara/Content/Enums/Location/ENiagaraRingDiscMode.uasset" 3764
"../../Plugins/FX/Niagara/Content/Enums/Transforms/ENiagara_OffsetMode.uasset" 3765
"../../Plugins/FX/Niagara/Content/Enums/Transforms/ENiagara_ScaleMode.uasset" 3766
"../../Plugins/FX/Niagara/Content/Enums/Transforms/ENiagara_TransformOrder.uasset" 3767
"../../Plugins/FX/Niagara/Content/Enums/Transforms/ENiagara_TransformType.uasset" 3768
"C:/Users/conor/OneDrive/Desktop/Documents/GitHub/3D-Platformer-Semester-2/3DPlatformer/Content/Sounds/PlayerSound/JumpSounds/AlexGrunt1.uasset" 3769
"C:/Users/conor/OneDrive/Desktop/Documents/GitHub/3D-Platformer-Semester-2/3DPlatformer/Content/Sounds/PlayerSound/JumpSounds/AlexGrunt2.uasset" 3770
"C:/Users/conor/OneDrive/Desktop/Documents/GitHub/3D-Platformer-Semester-2/3DPlatformer/Content/Sounds/PlayerSound/JumpSounds/AlexGrunt3.uasset" 3771
"C:/Users/conor/OneDrive/Desktop/Documents/GitHub/3D-Platformer-Semester-2/3DPlatformer/Content/Sounds/PlayerSound/JumpSounds/crimin_grunt.uasset" 3772
"C:/Users/conor/OneDrive/Desktop/Documents/GitHub/3D-Platformer-Semester-2/3DPlatformer/Content/Sounds/PlayerSound/JumpSounds/DanielGrunt.uasset" 3773
"C:/Users/conor/OneDrive/Desktop/Documents/GitHub/3D-Platformer-Semester-2/3DPlatformer/Content/Sounds/PlayerSound/JumpSounds/EimearGrunt.uasset" 3774
"C:/Users/conor/OneDrive/Desktop/Documents/GitHub/3D-Platformer-Semester-2/3DPlatformer/Content/Sounds/PlayerSound/JumpSounds/JoeGrunt1.uasset" 3775
"C:/Users/conor/OneDrive/Desktop/Documents/GitHub/3D-Platformer-Semester-2/3DPlatformer/Content/Sounds/PlayerSound/JumpSounds/JoeGrunt2.uasset" 3776
"C:/Users/conor/OneDrive/Desktop/Documents/GitHub/3D-Platformer-Semester-2/3DPlatformer/Content/Sounds/PlayerSound/JumpSounds/JoeGrunt3.uasset" 3777
"C:/Users/conor/OneDrive/Desktop/Documents/GitHub/3D-Platformer-Semester-2/3DPlatformer/Content/Sounds/PlayerSound/JumpSounds/MalikGrunt.uasset" 3778
"C:/Users/conor/OneDrive/Desktop/Documents/GitHub/3D-Platformer-Semester-2/3DPlatformer/Content/Sounds/PlayerSound/JumpSounds/playerjump.uasset" 3779
"C:/Users/conor/OneDrive/Desktop/Documents/GitHub/3D-Platformer-Semester-2/3DPlatformer/Content/ThirdPerson/Blueprints/openPBR_shader1.uasset" 3780
"C:/Users/conor/OneDrive/Desktop/Documents/GitHub/3D-Platformer-Semester-2/3DPlatformer/Content/ThirdPerson/Blueprints/Gooberman_PhysicsAsset.uasset" 3781
"C:/Users/conor/OneDrive/Desktop/Documents/GitHub/3D-Platformer-Semester-2/3DPlatformer/Content/ThirdPerson/UI/Cassette.uasset" 3782
"C:/Users/conor/OneDrive/Desktop/Documents/GitHub/3D-Platformer-Semester-2/3DPlatformer/Content/ThirdPerson/UI/Xbox_View_button_svg.uasset" 3783
"C:/Users/conor/OneDrive/Desktop/Documents/GitHub/3D-Platformer-Semester-2/3DPlatformer/Content/Sounds/UI/UIDeviceSelect.uasset" 3784
"C:/Users/conor/OneDrive/Desktop/Documents/GitHub/3D-Platformer-Semester-2/3DPlatformer/Content/ThirdPerson/Levels/InputCheckLevel/Images/controllericon.uasset" 3785
"C:/Users/conor/OneDrive/Desktop/Documents/GitHub/3D-Platformer-Semester-2/3DPlatformer/Content/ThirdPerson/Levels/InputCheckLevel/Images/keyboardicon.uasset" 3786
"C:/Users/conor/OneDrive/Desktop/Documents/GitHub/3D-Platformer-Semester-2/3DPlatformer/Content/Sounds/UI/UIButtonCue.uasset" 3787
"C:/Users/conor/OneDrive/Desktop/Documents/GitHub/3D-Platformer-Semester-2/3DPlatformer/Content/ThirdPerson/UI/download.uasset" 3788
"C:/Users/conor/OneDrive/Desktop/Documents/GitHub/3D-Platformer-Semester-2/3DPlatformer/Content/ThirdPerson/UI/UIclipboard.uasset" 3789
"C:/Users/conor/OneDrive/Desktop/Documents/GitHub/3D-Platformer-Semester-2/3DPlatformer/Content/ThirdPerson/Blueprints/CharacterAnimations/Running_Anim.uasset" 3790
"C:/Users/conor/OneDrive/Desktop/Documents/GitHub/3D-Platformer-Semester-2/3DPlatformer/Content/ThirdPerson/Blueprints/CharacterAnimations/SuckingWalking_Anim.uasset" 3791
"C:/Users/conor/OneDrive/Desktop/Documents/GitHub/3D-Platformer-Semester-2/3DPlatformer/Content/Sounds/PlayerSound/Step/LeafSteps/Step1.uasset" 3792
"C:/Users/conor/OneDrive/Desktop/Documents/GitHub/3D-Platformer-Semester-2/3DPlatformer/Content/Sounds/PlayerSound/Step/LeafSteps/Step2.uasset" 3793
"C:/Users/conor/OneDrive/Desktop/Documents/GitHub/3D-Platformer-Semester-2/3DPlatformer/Content/Sounds/PlayerSound/Step/LeafSteps/Step3.uasset" 3794
"C:/Users/conor/OneDrive/Desktop/Documents/GitHub/3D-Platformer-Semester-2/3DPlatformer/Content/Sounds/PlayerSound/Step/LeafSteps/Step4.uasset" 3795
"C:/Users/conor/OneDrive/Desktop/Documents/GitHub/3D-Platformer-Semester-2/3DPlatformer/Content/Sounds/PlayerSound/Step/LeafSteps/Step5.uasset" 3796
"C:/Users/conor/OneDrive/Desktop/Documents/GitHub/3D-Platformer-Semester-2/3DPlatformer/Content/Free_Sounds_Pack/wav/Punch_2-1.uasset" 3797
"C:/Users/conor/OneDrive/Desktop/Documents/GitHub/3D-Platformer-Semester-2/3DPlatformer/Content/Free_Sounds_Pack/wav/Rock_Impact_37.uasset" 3798
"C:/Users/conor/OneDrive/Desktop/Documents/GitHub/3D-Platformer-Semester-2/3DPlatformer/Content/Free_Sounds_Pack/wav/Shield_Metal_Impact_1-3.uasset" 3799
"C:/Users/conor/OneDrive/Desktop/Documents/GitHub/3D-Platformer-Semester-2/3DPlatformer/Content/Free_Sounds_Pack/wav/Shield_Wood_Impact_2-1.uasset" 3800
"C:/Users/conor/OneDrive/Desktop/Documents/GitHub/3D-Platformer-Semester-2/3DPlatformer/Content/Interface_And_Item_Sounds/WAV/Click_02.uasset" 3801
"C:/Users/conor/OneDrive/Desktop/Documents/GitHub/3D-Platformer-Semester-2/3DPlatformer/Content/Interface_And_Item_Sounds/WAV/Click_03.uasset" 3802
"C:/Users/conor/OneDrive/Desktop/Documents/GitHub/3D-Platformer-Semester-2/3DPlatformer/Content/Interface_And_Item_Sounds/WAV/Click_04.uasset" 3803
"C:/Users/conor/OneDrive/Desktop/Documents/GitHub/3D-Platformer-Semester-2/3DPlatformer/Content/Characters/Mannequins/Materials/Quinn/MI_Quinn_01.uasset" 3804
"C:/Users/conor/OneDrive/Desktop/Documents/GitHub/3D-Platformer-Semester-2/3DPlatformer/Content/Characters/Mannequins/Materials/Quinn/MI_Quinn_02.uasset" 3805
"C:/Users/conor/OneDrive/Desktop/Documents/GitHub/3D-Platformer-Semester-2/3DPlatformer/Content/Characters/Mannequins/Meshes/SK_Mannequin.uasset" 3806
"C:/Users/conor/OneDrive/Desktop/Documents/GitHub/3D-Platformer-Semester-2/3DPlatformer/Content/Characters/Mannequins/Rigs/PA_Mannequin.uasset" 3807
"C:/Users/conor/OneDrive/Desktop/Documents/GitHub/3D-Platformer-Semester-2/3DPlatformer/Content/Fab/KenneyGraveyardPack/FBX_format/colormap1.uasset" 3808
"C:/Users/conor/OneDrive/Desktop/Documents/GitHub/3D-Platformer-Semester-2/3DPlatformer/Content/Animations/AI/Rat/WalkBlendSpace.uasset" 3809
"C:/Users/conor/OneDrive/Desktop/Documents/GitHub/3D-Platformer-Semester-2/3DPlatformer/Content/Enemies/Rat_Skeleton.uasset" 3810
"C:/Users/conor/OneDrive/Desktop/Documents/GitHub/3D-Platformer-Semester-2/3DPlatformer/Content/Animations/AI/Rat/RatAttack_Anim.uasset" 3811
"C:/Users/conor/OneDrive/Desktop/Documents/GitHub/3D-Platformer-Semester-2/3DPlatformer/Content/Animations/AI/Rat/Idle_Skeleton.uasset" 3812
"C:/Users/conor/OneDrive/Desktop/Documents/GitHub/3D-Platformer-Semester-2/3DPlatformer/Content/Enemies/Rat_PhysicsAsset.uasset" 3813
"C:/Users/conor/OneDrive/Desktop/Documents/GitHub/3D-Platformer-Semester-2/3DPlatformer/Content/Sounds/EnemySound/Vacuum1.uasset" 3814
"C:/Users/conor/OneDrive/Desktop/Documents/GitHub/3D-Platformer-Semester-2/3DPlatformer/Content/Sounds/EnemySound/vacuum3.uasset" 3815
"C:/Users/conor/OneDrive/Desktop/Documents/GitHub/3D-Platformer-Semester-2/3DPlatformer/Content/Sounds/EnemySound/Vacuum4.uasset" 3816
"C:/Users/conor/OneDrive/Desktop/Documents/GitHub/3D-Platformer-Semester-2/3DPlatformer/Content/Sounds/EnemySound/Vacuum5.uasset" 3817
"C:/Users/conor/OneDrive/Desktop/Documents/GitHub/3D-Platformer-Semester-2/3DPlatformer/Content/Sounds/EnemySound/Vacuum7.uasset" 3818
"../../Plugins/Interchange/Assets/Content/gltf/MaterialInstances/MI_Default_Opaque_DS.uasset" 3819
"C:/Users/conor/OneDrive/Desktop/Documents/GitHub/3D-Platformer-Semester-2/3DPlatformer/Content/Fab/Mouse_Droid/mouse_droid/Textures/mouse_droid_texture_1.uasset" 3820
"C:/Users/conor/OneDrive/Desktop/Documents/GitHub/3D-Platformer-Semester-2/3DPlatformer/Content/Fab/Mouse_Droid/mouse_droid/Textures/mouse_droid_texture_2.uasset" 3821
"C:/Users/conor/OneDrive/Desktop/Documents/GitHub/3D-Platformer-Semester-2/3DPlatformer/Content/Meshes/LeafPile/Leaves.uasset" 3822
"C:/Users/conor/OneDrive/Desktop/Documents/GitHub/3D-Platformer-Semester-2/3DPlatformer/Content/ThirdPerson/Levels/ChaseSceneAssets/Ice_Mat.uasset" 3823
"C:/Users/conor/OneDrive/Desktop/Documents/GitHub/3D-Platformer-Semester-2/3DPlatformer/Content/ThirdPerson/Levels/AtticAssets/insulation.uasset" 3824
"../../Plugins/FX/Niagara/Content/Functions/V2/CalculateRandomRangeFloat.uasset" 3825
"../../Plugins/FX/Niagara/Content/Functions/Emitter/EmitterChangeState.uasset" 3826
"../../Plugins/FX/Niagara/Content/Icons/Modules/T_Icon_Scalability_Emitter.uasset" 3827
"../../Plugins/FX/Niagara/Content/Icons/Modules/T_Icon_Scalability_System.uasset" 3828
"../../Plugins/FX/Niagara/Content/Functions/DirectionAndLengthSafe.uasset" 3829
"../../Plugins/FX/Niagara/Content/Functions/Drag/DragVelocity.uasset" 3830
"../../Plugins/FX/Niagara/Content/Functions/Math/CentimeterMeterConversion.uasset" 3831
"../../Plugins/FX/Niagara/Content/Functions/Rotation/MultiplyVectorWithQuaternion.uasset" 3832
"../../Plugins/FX/Niagara/Content/Modules/Solvers/ApplyRotationVector.uasset" 3833
"../../Plugins/FX/Niagara/Content/Icons/Modules/T_Icon_Solver_LimitAccel.uasset" 3834
"../../Plugins/FX/Niagara/Content/Icons/Modules/T_Icon_Solver_LimitSpeed.uasset" 3835
"../../Plugins/FX/Niagara/Content/Icons/Modules/T_Icon_Solver_RotationalSolve.uasset" 3836
"../../Plugins/FX/Niagara/Content/Functions/LinearColor/HueShiftLinearColor.uasset" 3837
"../../Plugins/FX/Niagara/Content/Functions/Localspace/SimulationPosition.uasset" 3838
"../../Plugins/FX/Niagara/Content/Functions/Localspace/TransformVector.uasset" 3839
"../../Plugins/FX/Niagara/Content/Functions/V2/CalculateRandomBool.uasset" 3840
"../../Plugins/FX/Niagara/Content/Functions/V2/CalculateRandomRange.uasset" 3841
"../../Plugins/FX/Niagara/Content/Functions/V2/CalculateRandomRangeInteger.uasset" 3842
"../../Plugins/FX/Niagara/Content/Functions/Math/CalculateRandomPointInConeSphereIntersection.uasset" 3843
"../../Plugins/FX/Niagara/Content/Functions/Math/SaturateFloat.uasset" 3844
"../../Plugins/FX/Niagara/Content/Functions/Rotation/AngleUnitConverter.uasset" 3845
"../../Plugins/FX/Niagara/Content/Functions/Rotation/AxisAngleToQuaternion.uasset" 3846
"../../Plugins/FX/Niagara/Content/Functions/Rotation/FindQuatBetween.uasset" 3847
"../../Plugins/FX/Niagara/Content/Functions/Rotation/InvertQuaternion.uasset" 3848
"../../Plugins/FX/Niagara/Content/Functions/Rotation/MakeQuaternionFrom3BasisVectors.uasset" 3849
"../../Plugins/FX/Niagara/Content/Functions/Rotation/MultiplyQuaternion.uasset" 3850
"../../Plugins/FX/Niagara/Content/Functions/Rotation/TransformStack/TransformStack_Rotation.uasset" 3851
"../../Plugins/FX/Niagara/Content/Functions/Rotation/XYZRotationToQuaternion.uasset" 3852
"../../Plugins/FX/Niagara/Content/Functions/V2/CalculateRandomUnitVector.uasset" 3853
"../../Plugins/FX/Niagara/Content/Functions/V2/DistanceBasedFalloff.uasset" 3854
"../../Plugins/FX/Niagara/Content/Functions/System/SystemChangeState.uasset" 3855
"../../Plugins/FX/Niagara/Content/Functions/Localspace/PositionToVector.uasset" 3856
"../../Plugins/FX/Niagara/Content/Functions/Localspace/TransformPosition.uasset" 3857
"../../Plugins/FX/Niagara/Content/Functions/NormalizeDistanceRange.uasset" 3858
"../../Plugins/FX/Niagara/Content/Functions/ProjectVectorOnPlane.uasset" 3859
"../../Plugins/FX/Niagara/Content/Icons/Modules/T_Icon_Particle_InfiniteLife.uasset" 3860
"../../Plugins/FX/Niagara/Content/Functions/NormalizedExecutionIndex.uasset" 3861
"../../Plugins/FX/Niagara/Content/Functions/ParametricTorus.uasset" 3862
"../../Plugins/FX/Niagara/Content/Functions/ParametricTorusKnot.uasset" 3863
"../../Plugins/FX/Niagara/Content/Functions/PolarToCartesianCoordinates.uasset" 3864
"../../Plugins/FX/Niagara/Content/Functions/RandomPointInBox.uasset" 3865
"../../Plugins/FX/Niagara/Content/Functions/Rotation/RotateVector2D.uasset" 3866
"../../Plugins/FX/Niagara/Content/Functions/SphericalToCartesianCoordinates.uasset" 3867
"../../Plugins/FX/Niagara/Content/Functions/V2/RemapRange.uasset" 3868
"../../Plugins/FX/Niagara/Content/Enums/ENiagaraExpansionMode.uasset" 3869
"../../Plugins/FX/Niagara/Content/Enums/SpriteRenderer/ENiagara_ScaleSpriteSize.uasset" 3870
"C:/Users/conor/OneDrive/Desktop/Documents/GitHub/3D-Platformer-Semester-2/3DPlatformer/Content/Interface_And_Item_Sounds/WAV/Futuristic_Click_02.uasset" 3871
"C:/Users/conor/OneDrive/Desktop/Documents/GitHub/3D-Platformer-Semester-2/3DPlatformer/Content/Interface_And_Item_Sounds/WAV/Click_06.uasset" 3872
"C:/Users/conor/OneDrive/Desktop/Documents/GitHub/3D-Platformer-Semester-2/3DPlatformer/Content/Interface_And_Item_Sounds/WAV/Click_07.uasset" 3873
"C:/Users/conor/OneDrive/Desktop/Documents/GitHub/3D-Platformer-Semester-2/3DPlatformer/Content/Interface_And_Item_Sounds/WAV/Click_08.uasset" 3874
"C:/Users/conor/OneDrive/Desktop/Documents/GitHub/3D-Platformer-Semester-2/3DPlatformer/Content/Characters/Mannequins/Materials/M_Mannequin.uasset" 3875
"C:/Users/conor/OneDrive/Desktop/Documents/GitHub/3D-Platformer-Semester-2/3DPlatformer/Content/Characters/Mannequins/Textures/Quinn/T_Quinn_01_D.uasset" 3876
"C:/Users/conor/OneDrive/Desktop/Documents/GitHub/3D-Platformer-Semester-2/3DPlatformer/Content/Characters/Mannequins/Textures/Quinn/T_Quinn_01_MRA.uasset" 3877
"C:/Users/conor/OneDrive/Desktop/Documents/GitHub/3D-Platformer-Semester-2/3DPlatformer/Content/Characters/Mannequins/Textures/Quinn/T_Quinn_01_N.uasset" 3878
"C:/Users/conor/OneDrive/Desktop/Documents/GitHub/3D-Platformer-Semester-2/3DPlatformer/Content/Characters/Mannequins/Textures/Quinn/T_Quinn_02_D.uasset" 3879
"C:/Users/conor/OneDrive/Desktop/Documents/GitHub/3D-Platformer-Semester-2/3DPlatformer/Content/Characters/Mannequins/Textures/Quinn/T_Quinn_02_MRA.uasset" 3880
"C:/Users/conor/OneDrive/Desktop/Documents/GitHub/3D-Platformer-Semester-2/3DPlatformer/Content/Characters/Mannequins/Textures/Quinn/T_Quinn_02_N.uasset" 3881
"C:/Users/conor/OneDrive/Desktop/Documents/GitHub/3D-Platformer-Semester-2/3DPlatformer/Content/Fab/KenneyGraveyardPack/FBX_format/colormap.uasset" 3882
"C:/Users/conor/OneDrive/Desktop/Documents/GitHub/3D-Platformer-Semester-2/3DPlatformer/Content/Animations/AI/Rat/Idle_Anim.uasset" 3883
"C:/Users/conor/OneDrive/Desktop/Documents/GitHub/3D-Platformer-Semester-2/3DPlatformer/Content/Animations/AI/Rat/RatFast_Run_Anim.uasset" 3884
"C:/Users/conor/OneDrive/Desktop/Documents/GitHub/3D-Platformer-Semester-2/3DPlatformer/Content/Animations/AI/Rat/RatWalking_Anim.uasset" 3885
"../../Plugins/Interchange/Assets/Content/gltf/M_Default.uasset" 3886
"C:/Users/conor/OneDrive/Desktop/Documents/GitHub/3D-Platformer-Semester-2/3DPlatformer/Content/ThirdPerson/Levels/ChaseSceneAssets/Ice.uasset" 3887
"../../Plugins/FX/Niagara/Content/Functions/Localspace/TransformBase.uasset" 3888
"../../Plugins/FX/Niagara/Content/Functions/RandomRangeFloat.uasset" 3889
"../../Plugins/FX/Niagara/Content/Functions/Rotation/MatrixToQuaternion.uasset" 3890
"../../Plugins/FX/Niagara/Content/Functions/ChannelMasks/SelectV4Channel.uasset" 3891
"../../Plugins/FX/Niagara/Content/Enums/ENiagaraVector4_Channels.uasset" 3892
"../../Plugins/FX/Niagara/Content/Functions/IsolateLongestVectorComponent.uasset" 3893
"C:/Users/conor/OneDrive/Desktop/Documents/GitHub/3D-Platformer-Semester-2/3DPlatformer/Content/Characters/Mannequins/Textures/Manny/T_Manny_01_BN.uasset" 3894
"C:/Users/conor/OneDrive/Desktop/Documents/GitHub/3D-Platformer-Semester-2/3DPlatformer/Content/Characters/Mannequins/Textures/Manny/T_Manny_01_D.uasset" 3895
"C:/Users/conor/OneDrive/Desktop/Documents/GitHub/3D-Platformer-Semester-2/3DPlatformer/Content/Characters/Mannequins/Textures/Manny/T_Manny_01_MRA.uasset" 3896
"C:/Users/conor/OneDrive/Desktop/Documents/GitHub/3D-Platformer-Semester-2/3DPlatformer/Content/Characters/Mannequins/Textures/Shared/T_UE_Logo_M.uasset" 3897
"../../Plugins/Interchange/Assets/Content/Functions/MF_IridescenceNoLUT.uasset" 3898
"../../Plugins/Interchange/Assets/Content/gltf/MaterialBodies/MF_Default_Body.uasset" 3899
"../../Plugins/Interchange/Assets/Content/gltf/MaterialFunctions/MF_BaseColor.uasset" 3900
"../../Plugins/Interchange/Assets/Content/gltf/MaterialFunctions/MF_Emissive.uasset" 3901
"../../Plugins/Interchange/Assets/Content/gltf/MaterialFunctions/MF_IOR.uasset" 3902
"../../Plugins/Interchange/Assets/Content/gltf/MaterialFunctions/MF_Iridescence.uasset" 3903
"../../Plugins/Interchange/Assets/Content/gltf/MaterialFunctions/MF_MetallicRoughness.uasset" 3904
"../../Plugins/Interchange/Assets/Content/gltf/MaterialFunctions/MF_Normals.uasset" 3905
"../../Plugins/Interchange/Assets/Content/gltf/MaterialFunctions/MF_Occlusion.uasset" 3906
"../../Plugins/Interchange/Assets/Content/gltf/MaterialFunctions/MF_RotateNormals_TS.uasset" 3907
"../../Plugins/Interchange/Assets/Content/gltf/MaterialFunctions/MF_RotateV2.uasset" 3908
"../../Plugins/Interchange/Assets/Content/gltf/MaterialFunctions/MF_ScaleNormal.uasset" 3909
"../../Plugins/Interchange/Assets/Content/gltf/MaterialFunctions/MF_Specular.uasset" 3910
"../../Plugins/Interchange/Assets/Content/gltf/MaterialFunctions/MF_SpecularAnisotropy.uasset" 3911
"../../Plugins/Interchange/Assets/Content/gltf/MaterialFunctions/MF_TransformUVs.uasset" 3912
"../../Plugins/Interchange/Assets/Content/gltf/Textures/T_Anisotropy_Direction_Linear.uasset" 3913
"../../Plugins/Interchange/Assets/Content/gltf/Textures/T_Generic_N.uasset" 3914
"../../Plugins/Interchange/Assets/Content/gltf/Textures/T_White_Linear.uasset" 3915
"../../Plugins/Interchange/Assets/Content/gltf/Textures/T_White_srgb.uasset" 3916
"../../Plugins/FX/Niagara/Content/Functions/GetRandomInfo.uasset" 3917
"/Game/BP_DissapearingPlatform" 3918
"C:/Users/conor/OneDrive/Desktop/Documents/GitHub/3D-Platformer-Semester-2/3DPlatformer/Content/Fab/FBX_format/Textures/colormap_Mat.uasset" 3919
"C:/Users/conor/OneDrive/Desktop/Documents/GitHub/3D-Platformer-Semester-2/3DPlatformer/Content/Fab/FBX_format/block-grass-low-hexagon.uasset" 3920
"C:/Users/conor/OneDrive/Desktop/Documents/GitHub/3D-Platformer-Semester-2/3DPlatformer/Content/Fab/FBX_format/Textures/colormap.uasset" 3921
"C:/Users/conor/OneDrive/Desktop/Documents/GitHub/3D-Platformer-Semester-2/3DPlatformer/Content/Fab/Shield/shield/Textures/shield_texture_0.uasset" 3922
"C:/Users/conor/OneDrive/Desktop/Documents/GitHub/3D-Platformer-Semester-2/3DPlatformer/Content/Fab/Shield/shield/Materials/Material_44.uasset" 3923
"C:/Users/conor/OneDrive/Desktop/Documents/GitHub/3D-Platformer-Semester-2/3DPlatformer/Content/Materials/Obstacle/rough-fabric-texture-pattern-background_252591-2336.uasset" 3924
"C:/Users/conor/OneDrive/Desktop/Documents/GitHub/3D-Platformer-Semester-2/3DPlatformer/Content/Materials/Obstacle/Cylinder.uasset" 3925
"C:/Users/conor/OneDrive/Desktop/Documents/GitHub/3D-Platformer-Semester-2/3DPlatformer/Content/Materials/Obstacle/Cube.uasset" 3926
"C:/Users/conor/OneDrive/Desktop/Documents/GitHub/3D-Platformer-Semester-2/3DPlatformer/Content/Fab/Shield/shield/Textures/shield_texture_1.uasset" 3927
"C:/Users/conor/OneDrive/Desktop/Documents/GitHub/3D-Platformer-Semester-2/3DPlatformer/Content/Fab/Shield/shield/Textures/shield_texture_2.uasset" 3928
"C:/Users/conor/OneDrive/Desktop/Documents/GitHub/3D-Platformer-Semester-2/3DPlatformer/Content/BP_Shield.uasset" 3929
"C:/Users/conor/OneDrive/Desktop/Documents/GitHub/3D-Platformer-Semester-2/3DPlatformer/Content/Materials/Obstacle/Cube_Mat.uasset" 3930
"C:/Users/conor/OneDrive/Desktop/Documents/GitHub/3D-Platformer-Semester-2/3DPlatformer/Content/Fab/Shield/shield/StaticMeshes/shield.uasset" 3931
"C:/Users/conor/OneDrive/Desktop/Documents/GitHub/3D-Platformer-Semester-2/3DPlatformer/Content/SwingingAxeObstacle/AxeHandleTexture.uasset" 3932
"C:/Users/conor/OneDrive/Desktop/Documents/GitHub/3D-Platformer-Semester-2/3DPlatformer/Content/SwingingAxeObstacle/AxeHeadTexture.uasset" 3933
"C:/Users/conor/OneDrive/Desktop/Documents/GitHub/3D-Platformer-Semester-2/3DPlatformer/Content/SwingingAxeObstacle/pCylinder2.uasset" 3934
"C:/Users/conor/OneDrive/Desktop/Documents/GitHub/3D-Platformer-Semester-2/3DPlatformer/Content/SwingingAxeObstacle/AxeHeadTexture_Mat.uasset" 3935
"C:/Users/conor/OneDrive/Desktop/Documents/GitHub/3D-Platformer-Semester-2/3DPlatformer/Content/BP_SwingingAxe.uasset" 3936
"C:/Users/conor/OneDrive/Desktop/Documents/GitHub/3D-Platformer-Semester-2/3DPlatformer/Content/trampoline/Materials/metal.uasset" 3937
"C:/Users/conor/OneDrive/Desktop/Documents/GitHub/3D-Platformer-Semester-2/3DPlatformer/Content/trampoline/Materials/blue-plastic.uasset" 3938
"C:/Users/conor/OneDrive/Desktop/Documents/GitHub/3D-Platformer-Semester-2/3DPlatformer/Content/SwingingAxeObstacle/pCube1.uasset" 3939
"C:/Users/conor/OneDrive/Desktop/Documents/GitHub/3D-Platformer-Semester-2/3DPlatformer/Content/trampoline/StaticMeshes/Object_3.uasset" 3940
"C:/Users/conor/OneDrive/Desktop/Documents/GitHub/3D-Platformer-Semester-2/3DPlatformer/Content/trampoline/Materials/black-rubber.uasset" 3941
"C:/Users/conor/OneDrive/Desktop/Documents/GitHub/3D-Platformer-Semester-2/3DPlatformer/Content/trampoline/StaticMeshes/Object_4.uasset" 3942
"C:/Users/conor/OneDrive/Desktop/Documents/GitHub/3D-Platformer-Semester-2/3DPlatformer/Content/trampoline/StaticMeshes/Object_2.uasset" 3943
"C:/Users/conor/OneDrive/Desktop/Documents/GitHub/3D-Platformer-Semester-2/3DPlatformer/Content/BP_SpinningPlatform.uasset" 3944
"C:/Users/conor/OneDrive/Desktop/Documents/GitHub/3D-Platformer-Semester-2/3DPlatformer/Content/BP_SpinningObstacle.uasset" 3945
"C:/Users/conor/OneDrive/Desktop/Documents/GitHub/3D-Platformer-Semester-2/3DPlatformer/Content/SwingingAxeObstacle/AxeHandleTexture_Mat.uasset" 3946
"C:/Users/conor/OneDrive/Desktop/Documents/GitHub/3D-Platformer-Semester-2/3DPlatformer/Content/BP_Trampoline.uasset" 3947
"C:/Users/conor/OneDrive/Desktop/Documents/GitHub/3D-Platformer-Semester-2/3DPlatformer/Content/ThirdPerson/Level_1.umap" 3948
"C:/Users/conor/OneDrive/Desktop/Documents/GitHub/3D-Platformer-Semester-2/3DPlatformer/Content/LevelPrototyping/Meshes/SM_Cylinder.uasset" 3949
"C:/Users/conor/OneDrive/Desktop/Documents/GitHub/3D-Platformer-Semester-2/3DPlatformer/Content/ThirdPerson/OutDatedLevel_1.umap" 3950
"C:/Users/conor/OneDrive/Desktop/Documents/GitHub/3D-Platformer-Semester-2/3DPlatformer/Content/LevelPrototyping/Meshes/SM_Ramp.uasset" 3951
"C:/Users/conor/OneDrive/Desktop/Documents/GitHub/3D-Platformer-Semester-2/3DPlatformer/Content/Materials/RoadRunnerEscapes_Mat.uasset" 3952
"C:/Users/conor/OneDrive/Desktop/Documents/GitHub/3D-Platformer-Semester-2/3DPlatformer/Content/LevelPrototyping/Meshes/SM_QuarterCylinder.uasset" 3953
"/Game/trampoline/StaticMeshes/Object_2" 3954
"/Game/trampoline/StaticMeshes/Object_3" 3955
"/Game/trampoline/StaticMeshes/Object_4" 3956
"/Game/BP_SwingingAxe" 3957
"/Game/BP_SpinningPlatform" 3958
"/Game/BP_SpinningObstacle" 3959
"/Game/BP_Shield" 3960
"C:/Users/conor/OneDrive/Desktop/Documents/GitHub/3D-Platformer-Semester-2/3DPlatformer/Content/ThirdPerson/PresentationLevel.umap" 3961
"C:/Users/conor/OneDrive/Desktop/Documents/GitHub/3D-Platformer-Semester-2/3DPlatformer/Content/Fab/Megascans/3D/Saloon_Wooden_Interior_Kit_wbpveaydw/Low/wbpveaydw_tier_3/StaticMeshes/wbpveaydw_LOD0_TIER3_001.uasset" 3962
"C:/Users/conor/OneDrive/Desktop/Documents/GitHub/3D-Platformer-Semester-2/3DPlatformer/Content/Fab/Megascans/3D/Saloon_Wooden_Interior_Kit_wbpveaydw/Low/wbpveaydw_tier_3/Textures/T_wbpveaydw_1K_B.uasset" 3963
"C:/Users/conor/OneDrive/Desktop/Documents/GitHub/3D-Platformer-Semester-2/3DPlatformer/Content/ThirdPerson/Level_2.umap" 3964
"../../../Engine/Content/EngineDebugMaterials/M_SimpleOpaque.uasset" 3965
"C:/Users/conor/OneDrive/Desktop/Documents/GitHub/3D-Platformer-Semester-2/3DPlatformer/Content/Fab/FBX_format/sign.uasset" 3966
"../../../Engine/Content/EditorMaterials/Camera/MI_CineMat_CamViewFinder.uasset" 3967
"C:/Users/conor/OneDrive/Desktop/Documents/GitHub/3D-Platformer-Semester-2/3DPlatformer/Content/Sounds/House/Retro__Spooky_Soundscape__The_Whispering_Shadows_Dungeon__Clement_Panchout_2016.uasset" 3968
"C:/Users/conor/OneDrive/Desktop/Documents/GitHub/3D-Platformer-Semester-2/3DPlatformer/Content/Fab/Megascans/3D/Saloon_Wooden_Interior_Kit_wbpveaydw/Low/wbpveaydw_tier_3/Textures/T_wbpveaydw_1K_ORM.uasset" 3969
"C:/Users/conor/OneDrive/Desktop/Documents/GitHub/3D-Platformer-Semester-2/3DPlatformer/Content/BP_Sign.uasset" 3970
"/Game/BP_Trampoline" 3971
"C:/Users/conor/OneDrive/Desktop/Documents/GitHub/3D-Platformer-Semester-2/3DPlatformer/Content/Fab/Megascans/3D/Saloon_Wooden_Interior_Kit_wbpveaydw/Low/wbpveaydw_tier_3/Textures/T_wbpveaydw_1K_N.uasset" 3972
"../../../Engine/Plugins/Fab/Content/Textures/Standard/T_DefaultColor.uasset" 3973
"../../../Engine/Plugins/Fab/Content/MaterialFunctions/QMF_NormalAdjustments.uasset" 3974
"../../../Engine/Plugins/Fab/Content/MaterialFunctions/QMF_AOAdjustments.uasset" 3975
"../../../Engine/Plugins/Fab/Content/Textures/Standard/T_DefaultMasks.uasset" 3976
"../../../Engine/Plugins/Fab/Content/MaterialFunctions/QMF_BaseColorAdjustments.uasset" 3977
"../../../Engine/Plugins/Fab/Content/MaterialFunctions/QMF_RoughnessAdjustments.uasset" 3978
"../../../Engine/Plugins/Fab/Content/Materials/Standard/M_MS_Base.uasset" 3979
"C:/Users/conor/OneDrive/Desktop/Documents/GitHub/3D-Platformer-Semester-2/3DPlatformer/Content/Fab/Megascans/3D/Saloon_Wooden_Interior_Kit_wbpveaydw/Low/wbpveaydw_tier_3/Materials/MI_wbpveaydw.uasset" 3980
"../../../Engine/Plugins/Fab/Content/Textures/Standard/T_DefaultDisplacement.uasset" 3981
"../../../Engine/Plugins/Fab/Content/Textures/Standard/T_DefaultNormal.uasset" 3982
"C:/Users/conor/OneDrive/Desktop/Documents/GitHub/3D-Platformer-Semester-2/3DPlatformer/Content/Fab/Medieval_House_4/medieval_house_5/Textures/medieval_house_5_texture_1.uasset" 3983
"C:/Users/conor/OneDrive/Desktop/Documents/GitHub/3D-Platformer-Semester-2/3DPlatformer/Content/Fab/Megascans/3D/Saloon_Wooden_Interior_Kit_wbpveaydw/Low/wbpveaydw_tier_3/StaticMeshes/wbpveaydw_LOD0_TIER3_003.uasset" 3984
"C:/Users/conor/OneDrive/Desktop/Documents/GitHub/3D-Platformer-Semester-2/3DPlatformer/Content/Fab/Medieval_House_4/medieval_house_5/Textures/medieval_house_5_texture_0.uasset" 3985
"C:/Users/conor/OneDrive/Desktop/Documents/GitHub/3D-Platformer-Semester-2/3DPlatformer/Content/Fab/Medieval_House_4/medieval_house_5/Textures/medieval_house_5_texture_2.uasset" 3986
"/Game/LevelPrototyping/Meshes/SM_Cylinder" 3987
"/Game/LevelPrototyping/Meshes/SM_QuarterCylinder" 3988
"/Game/LevelPrototyping/Meshes/SM_Ramp" 3989
"/Game/Materials/RoadRunnerEscapes_Mat" 3990
"/Game/ThirdPerson/Level_1" 3991
"C:/Users/conor/OneDrive/Desktop/Documents/GitHub/3D-Platformer-Semester-2/3DPlatformer/Content/Fab/LivingRoom/FBX_files/Couch.uasset" 3992
"C:/Users/conor/OneDrive/Desktop/Documents/GitHub/3D-Platformer-Semester-2/3DPlatformer/Content/Fab/LivingRoom/FBX_files/Armchair.uasset" 3993
"C:/Users/conor/OneDrive/Desktop/Documents/GitHub/3D-Platformer-Semester-2/3DPlatformer/Content/Fab/Medieval_House_4/medieval_house_5/Materials/Medieval_House_Mat.uasset" 3994
"C:/Users/conor/OneDrive/Desktop/Documents/GitHub/3D-Platformer-Semester-2/3DPlatformer/Content/Fab/LivingRoom/FBX_files/Double_Bed.uasset" 3995
"C:/Users/conor/OneDrive/Desktop/Documents/GitHub/3D-Platformer-Semester-2/3DPlatformer/Content/Fab/LivingRoom/FBX_files/Cylinder_Lamp.uasset" 3996
"C:/Users/conor/OneDrive/Desktop/Documents/GitHub/3D-Platformer-Semester-2/3DPlatformer/Content/Fab/LivingRoom/FBX_files/Gaming_Screen.uasset" 3997
"/Game/Fab/Medieval_House_4/medieval_house_5/Textures/medieval_house_5_texture_0" 3998
"C:/Users/conor/OneDrive/Desktop/Documents/GitHub/3D-Platformer-Semester-2/3DPlatformer/Content/Fab/LivingRoom/FBX_files/Dark_Case.uasset" 3999
"/Game/Fab/Medieval_House_4/medieval_house_5/Textures/medieval_house_5_texture_1" 4000
"/Game/Fab/Medieval_House_4/medieval_house_5/Textures/medieval_house_5_texture_2" 4001
"/Game/Fab/Megascans/3D/Saloon_Wooden_Interior_Kit_wbpveaydw/Low/wbpveaydw_tier_3/StaticMeshes/wbpveaydw_LOD0_TIER3_003" 4002
"/Game/Fab/Megascans/3D/Saloon_Wooden_Interior_Kit_wbpveaydw/Low/wbpveaydw_tier_3/StaticMeshes/wbpveaydw_LOD0_TIER3_001" 4003
"/Engine/EditorMaterials/Camera/MI_CineMat_CamViewFinder" 4004
"/Game/Sounds/House/Retro__Spooky_Soundscape__The_Whispering_Shadows_Dungeon__Clement_Panchout_2016" 4005
"/Game/ThirdPerson/Level_2" 4006
"../../../Engine/Plugins/Interchange/Assets/Content/Functions/MF_PhongToMetalRoughness.uasset" 4007
"C:/Users/conor/OneDrive/Desktop/Documents/GitHub/3D-Platformer-Semester-2/3DPlatformer/Content/Fab/LivingRoom/FBX_files/Round_Table.uasset" 4008
"C:/Users/conor/OneDrive/Desktop/Documents/GitHub/3D-Platformer-Semester-2/3DPlatformer/Content/Fab/LivingRoom/FBX_files/Twin_Wardrobe.uasset" 4009
"/InterchangeAssets/Functions/MF_PhongToMetalRoughness" 4010
"../../../Engine/Content/EngineDebugMaterials/MAT_LevelColorationLitLightmapUV.uasset" 4011
"C:/Users/conor/OneDrive/Desktop/Documents/GitHub/3D-Platformer-Semester-2/3DPlatformer/Content/Fab/Low_Poly_Key/key/StaticMeshes/key.uasset" 4012
"C:/Users/conor/OneDrive/Desktop/Documents/GitHub/3D-Platformer-Semester-2/3DPlatformer/Content/Fab/LivingRoom/FBX_files/Short_Nightstand.uasset" 4013
"C:/Users/conor/OneDrive/Desktop/Documents/GitHub/3D-Platformer-Semester-2/3DPlatformer/Content/Fab/Low_Poly_Key/key/Materials/Material_001.uasset" 4014
"C:/Users/conor/OneDrive/Desktop/Documents/GitHub/3D-Platformer-Semester-2/3DPlatformer/Content/BluePrints/BP_Key.uasset" 4015
"C:/Users/conor/OneDrive/Desktop/Documents/GitHub/3D-Platformer-Semester-2/3DPlatformer/Content/Fab/LivingRoom/FBX_files/Material.uasset" 4016
"C:/Users/conor/OneDrive/Desktop/Documents/GitHub/3D-Platformer-Semester-2/3DPlatformer/Content/BluePrints/BP_LevelentranceBox.uasset" 4017
"C:/Users/conor/OneDrive/Desktop/Documents/GitHub/3D-Platformer-Semester-2/3DPlatformer/Content/Fab/MoneyCollectible/PiggyBankModel.uasset" 4018
"C:/Users/conor/OneDrive/Desktop/Documents/GitHub/3D-Platformer-Semester-2/3DPlatformer/Content/Fab/MoneyCollectible/pigskin.uasset" 4019
"C:/Users/conor/OneDrive/Desktop/Documents/GitHub/3D-Platformer-Semester-2/3DPlatformer/Content/Free_Sounds_Pack/wav/Cash_Register_1-2.uasset" 4020
"C:/Users/conor/OneDrive/Desktop/Documents/GitHub/3D-Platformer-Semester-2/3DPlatformer/Content/BluePrints/PiggyBank.uasset" 4021
"C:/Users/conor/OneDrive/Desktop/Documents/GitHub/3D-Platformer-Semester-2/3DPlatformer/Content/BP_BounceTriggerForLivingRoomAssets.uasset" 4022
"C:/Users/conor/OneDrive/Desktop/Documents/GitHub/3D-Platformer-Semester-2/3DPlatformer/Content/ThirdPerson/Levels/LivingRoom.umap" 4023
"C:/Users/conor/OneDrive/Desktop/Documents/GitHub/3D-Platformer-Semester-2/3DPlatformer/Content/ThirdPerson/Levels/KitchenLevelAssets/Lava.uasset" 4024
"C:/Users/conor/OneDrive/Desktop/Documents/GitHub/3D-Platformer-Semester-2/3DPlatformer/Content/ThirdPerson/Levels/KitchenLevelAssets/Lava_Mat.uasset" 4025
"C:/Users/conor/OneDrive/Desktop/Documents/GitHub/3D-Platformer-Semester-2/3DPlatformer/Content/Sounds/House/Clement_Panchout_-_Sweet_70s.uasset" 4026
"C:/Users/conor/OneDrive/Desktop/Documents/GitHub/3D-Platformer-Semester-2/3DPlatformer/Content/ThirdPerson/Levels/KitchenLevelAssets/BP_SinkAC.uasset" 4027
"C:/Users/conor/OneDrive/Desktop/Documents/GitHub/3D-Platformer-Semester-2/3DPlatformer/Content/Fab/Kitchen/individualsfiles/trash.uasset" 4028
"/Game/Fab/Medieval_House_4/medieval_house_5/Materials/Medieval_House_Mat" 4029
"C:/Users/conor/OneDrive/Desktop/Documents/GitHub/3D-Platformer-Semester-2/3DPlatformer/Content/ThirdPerson/Levels/KitchenLevelAssets/KitchenSlamTrigger.uasset" 4030
"/Game/Fab/Kitchen/individualsfiles/trash" 4031
"C:/Users/conor/OneDrive/Desktop/Documents/GitHub/3D-Platformer-Semester-2/3DPlatformer/Content/Fab/Megascans/Surfaces/Worn_Wooden_Floor_ugcwcevaw/Low/ugcwcevaw_tier_3/Textures/T_ugcwcevaw_1K_B.uasset" 4032
"C:/Users/conor/OneDrive/Desktop/Documents/GitHub/3D-Platformer-Semester-2/3DPlatformer/Content/Fab/Megascans/Surfaces/Worn_Wooden_Floor_ugcwcevaw/Low/ugcwcevaw_tier_3/Textures/T_ugcwcevaw_1K_N.uasset" 4033
"C:/Users/conor/OneDrive/Desktop/Documents/GitHub/3D-Platformer-Semester-2/3DPlatformer/Content/Fab/Kitchen/individualsfiles/blancblanc.uasset" 4034
"C:/Users/conor/OneDrive/Desktop/Documents/GitHub/3D-Platformer-Semester-2/3DPlatformer/Content/Fab/Kitchen/individualsfiles/nwar.uasset" 4035
"/Game/ThirdPerson/Levels/KitchenLevelAssets/KitchenSlamTrigger" 4036
"../../../Engine/Content/TemplateResources/M_Template_Master.uasset" 4037
"../../../Engine/Content/TemplateResources/MI_Template_BaseGray_Metal.uasset" 4038
"../../../Engine/Content/TemplateResources/MI_Template_BaseOrange.uasset" 4039
"/Game/ThirdPerson/Levels/KitchenLevelAssets/BP_SinkAC" 4040
"/Game/ThirdPerson/Levels/KitchenLevelAssets/Lava_Mat" 4041
"/Game/Sounds/House/Clement_Panchout_-_Sweet_70s" 4042
"/Game/BP_BounceTriggerForLivingRoomAssets" 4043
"/Game/BluePrints/PiggyBank" 4044
"/Game/BluePrints/BP_LevelentranceBox" 4045
"/Game/BluePrints/BP_Key" 4046
"/Engine/EngineDebugMaterials/MAT_LevelColorationLitLightmapUV" 4047
"/Game/Fab/LivingRoom/FBX_files/Twin_Wardrobe" 4048
"/Game/Fab/LivingRoom/FBX_files/Short_Nightstand" 4049
"/Game/Fab/LivingRoom/FBX_files/Round_Table" 4050
"/Game/Fab/LivingRoom/FBX_files/Gaming_Screen" 4051
"/Game/Fab/LivingRoom/FBX_files/Double_Bed" 4052
"/Game/Fab/LivingRoom/FBX_files/Dark_Case" 4053
"/Game/Fab/LivingRoom/FBX_files/Cylinder_Lamp" 4054
"/Game/Fab/LivingRoom/FBX_files/Couch" 4055
"/Game/Fab/LivingRoom/FBX_files/Armchair" 4056
"C:/Users/conor/OneDrive/Desktop/Documents/GitHub/3D-Platformer-Semester-2/3DPlatformer/Content/Fab/Megascans/Surfaces/Worn_Wooden_Floor_ugcwcevaw/Low/ugcwcevaw_tier_3/Textures/T_ugcwcevaw_1K_ORM.uasset" 4057
"C:/Users/conor/OneDrive/Desktop/Documents/GitHub/3D-Platformer-Semester-2/3DPlatformer/Content/Fab/Kitchen/individualsfiles/fridge.uasset" 4058
"C:/Users/conor/OneDrive/Desktop/Documents/GitHub/3D-Platformer-Semester-2/3DPlatformer/Content/Fab/Kitchen/individualsfiles/barchair4.uasset" 4059
"C:/Users/conor/OneDrive/Desktop/Documents/GitHub/3D-Platformer-Semester-2/3DPlatformer/Content/Fab/Kitchen/individualsfiles/chair3.uasset" 4060
"C:/Users/conor/OneDrive/Desktop/Documents/GitHub/3D-Platformer-Semester-2/3DPlatformer/Content/Fab/Megascans/Surfaces/Worn_Wooden_Floor_ugcwcevaw/Low/ugcwcevaw_tier_3/Materials/MI_ugcwcevaw.uasset" 4061
"C:/Users/conor/OneDrive/Desktop/Documents/GitHub/3D-Platformer-Semester-2/3DPlatformer/Content/Fab/Kitchen/individualsfiles/gris.uasset" 4062
"C:/Users/conor/OneDrive/Desktop/Documents/GitHub/3D-Platformer-Semester-2/3DPlatformer/Content/Fab/Kitchen/individualsfiles/noirverre.uasset" 4063
"C:/Users/conor/OneDrive/Desktop/Documents/GitHub/3D-Platformer-Semester-2/3DPlatformer/Content/Fab/Kitchen/individualsfiles/gazini_re.uasset" 4064
"C:/Users/conor/OneDrive/Desktop/Documents/GitHub/3D-Platformer-Semester-2/3DPlatformer/Content/Fab/Kitchen/individualsfiles/glassmartini.uasset" 4065
"C:/Users/conor/OneDrive/Desktop/Documents/GitHub/3D-Platformer-Semester-2/3DPlatformer/Content/Fab/Kitchen/individualsfiles/hote.uasset" 4066
"C:/Users/conor/OneDrive/Desktop/Documents/GitHub/3D-Platformer-Semester-2/3DPlatformer/Content/Fab/Kitchen/individualsfiles/VERRE.uasset" 4067
"C:/Users/conor/OneDrive/Desktop/Documents/GitHub/3D-Platformer-Semester-2/3DPlatformer/Content/Fab/Kitchen/individualsfiles/rougeverre.uasset" 4068
"C:/Users/conor/OneDrive/Desktop/Documents/GitHub/3D-Platformer-Semester-2/3DPlatformer/Content/Fab/Kitchen/individualsfiles/noircarreaux.uasset" 4069
"C:/Users/conor/OneDrive/Desktop/Documents/GitHub/3D-Platformer-Semester-2/3DPlatformer/Content/Fab/Kitchen/individualsfiles/table.uasset" 4070
"/Game/ThirdPerson/Levels/LivingRoom" 4071
"C:/Users/conor/OneDrive/Desktop/Documents/GitHub/3D-Platformer-Semester-2/3DPlatformer/Content/Fab/Kitchen/individualsfiles/vertverre.uasset" 4072
"C:/Users/conor/OneDrive/Desktop/Documents/GitHub/3D-Platformer-Semester-2/3DPlatformer/Content/Fab/Kitchen/individualsfiles/fer.uasset" 4073
"C:/Users/conor/OneDrive/Desktop/Documents/GitHub/3D-Platformer-Semester-2/3DPlatformer/Content/Fab/Kitchen/individualsfiles/workplan_001.uasset" 4074
"C:/Users/conor/OneDrive/Desktop/Documents/GitHub/3D-Platformer-Semester-2/3DPlatformer/Content/Fab/Kitchen/individualsfiles/jar_001.uasset" 4075
"C:/Users/conor/OneDrive/Desktop/Documents/GitHub/3D-Platformer-Semester-2/3DPlatformer/Content/Fab/Kitchen/individualsfiles/jaune.uasset" 4076
"C:/Users/conor/OneDrive/Desktop/Documents/GitHub/3D-Platformer-Semester-2/3DPlatformer/Content/Fab/Kitchen/individualsfiles/bois.uasset" 4077
"C:/Users/conor/OneDrive/Desktop/Documents/GitHub/3D-Platformer-Semester-2/3DPlatformer/Content/Fab/Kitchen/individualsfiles/workplan_002.uasset" 4078
"C:/Users/conor/OneDrive/Desktop/Documents/GitHub/3D-Platformer-Semester-2/3DPlatformer/Content/Fab/Kitchen/individualsfiles/jar.uasset" 4079
"C:/Users/conor/OneDrive/Desktop/Documents/GitHub/3D-Platformer-Semester-2/3DPlatformer/Content/Materials/KitchenWall_Mat.uasset" 4080
"C:/Users/conor/OneDrive/Desktop/Documents/GitHub/3D-Platformer-Semester-2/3DPlatformer/Content/Materials/shopping.uasset" 4081
"../../../Engine/Plugins/Fab/Content/Materials/Standard/M_MS_Srf.uasset" 4082
"../../../Engine/Plugins/Fab/Content/MaterialFunctions/QMF_Tiling.uasset" 4083
"/Game/Fab/Kitchen/individualsfiles/rougeverre" 4084
"/Game/Fab/Kitchen/individualsfiles/glassmartini" 4085
"/Game/Fab/Kitchen/individualsfiles/noirverre" 4086
"/Game/Fab/Megascans/Surfaces/Worn_Wooden_Floor_ugcwcevaw/Low/ugcwcevaw_tier_3/Textures/T_ugcwcevaw_1K_N" 4087
"/Game/Fab/Kitchen/individualsfiles/gris" 4088
"/Game/Fab/Megascans/Surfaces/Worn_Wooden_Floor_ugcwcevaw/Low/ugcwcevaw_tier_3/Textures/T_ugcwcevaw_1K_ORM" 4089
"/Game/Fab/Megascans/Surfaces/Worn_Wooden_Floor_ugcwcevaw/Low/ugcwcevaw_tier_3/Textures/T_ugcwcevaw_1K_B" 4090
"C:/Users/conor/OneDrive/Desktop/Documents/GitHub/3D-Platformer-Semester-2/3DPlatformer/Content/ThirdPerson/Levels/Kitchen.umap" 4091
"C:/Users/conor/OneDrive/Desktop/Documents/GitHub/3D-Platformer-Semester-2/3DPlatformer/Content/ThirdPerson/Levels/BarRoom/_GENERATED/conor/dominoes_4_396F2F00.uasset" 4092
"/Game/Fab/Kitchen/individualsfiles/workplan_002" 4093
"C:/Users/conor/OneDrive/Desktop/Documents/GitHub/3D-Platformer-Semester-2/3DPlatformer/Content/Fab/Card/source/spades-A_Cards/Textures/texture1142.uasset" 4094
"C:/Users/conor/OneDrive/Desktop/Documents/GitHub/3D-Platformer-Semester-2/3DPlatformer/Content/Fab/Card/source/spades-A_Cards/Materials/204.uasset" 4095
"/Game/Fab/Kitchen/individualsfiles/workplan_001" 4096
"/Game/Fab/Kitchen/individualsfiles/table" 4097
"/Game/Fab/Kitchen/individualsfiles/jar_001" 4098
"/Game/Fab/Kitchen/individualsfiles/jar" 4099
"/Game/Fab/Kitchen/individualsfiles/hote" 4100
"/Game/Fab/Kitchen/individualsfiles/gazini_re" 4101
"/Game/Fab/Kitchen/individualsfiles/fridge" 4102
"/Game/Materials/KitchenWall_Mat" 4103
"/Game/Fab/Kitchen/individualsfiles/chair3" 4104
"/Game/Fab/Kitchen/individualsfiles/barchair4" 4105
"../../../Engine/Plugins/Interchange/Assets/Content/gltf/MaterialFunctions/MF_SpecGlossToMetalRoughness.uasset" 4106
"/Game/Fab/Megascans/Surfaces/Worn_Wooden_Floor_ugcwcevaw/Low/ugcwcevaw_tier_3/Materials/MI_ugcwcevaw" 4107
"../../../Engine/Plugins/Interchange/Assets/Content/gltf/MaterialBodies/MF_SpecularGlossiness_Body.uasset" 4108
"C:/Users/conor/OneDrive/Desktop/Documents/GitHub/3D-Platformer-Semester-2/3DPlatformer/Content/Fab/Card/source/spades-A_Cards/StaticMeshes/spades-A_Cards_node_0.uasset" 4109
"/Game/Fab/Card/source/spades-A_Cards/Textures/texture1142" 4110
"/Game/ThirdPerson/Levels/Kitchen" 4111
"../../../Engine/Plugins/Interchange/Assets/Content/gltf/MaterialFunctions/MF_PerceivedBrightness.uasset" 4112
"../../../Engine/Plugins/Interchange/Assets/Content/gltf/MaterialInstances/MI_SpecularGlossiness_Blend_DS.uasset" 4113
"../../../Engine/Plugins/Interchange/Assets/Content/gltf/MaterialFunctions/MF_MaxComponentValue.uasset" 4114
"../../../Engine/Content/Functions/Engine_MaterialFunctions02/Math/AddComponents.uasset" 4115
"../../../Engine/Plugins/Interchange/Assets/Content/gltf/MaterialFunctions/MF_DiffuseSpecGloss.uasset" 4116
"C:/Users/conor/OneDrive/Desktop/Documents/GitHub/3D-Platformer-Semester-2/3DPlatformer/Content/Fab/Coin/coin/Materials/Coin.uasset" 4117
"C:/Users/conor/OneDrive/Desktop/Documents/GitHub/3D-Platformer-Semester-2/3DPlatformer/Content/Fab/Coin/coin/StaticMeshes/coin.uasset" 4118
"C:/Users/conor/OneDrive/Desktop/Documents/GitHub/3D-Platformer-Semester-2/3DPlatformer/Content/Fab/Dice/dice/Materials/Material.uasset" 4119
"C:/Users/conor/OneDrive/Desktop/Documents/GitHub/3D-Platformer-Semester-2/3DPlatformer/Content/Fab/Dice/dice/Materials/Numbers.uasset" 4120
"C:/Users/conor/OneDrive/Desktop/Documents/GitHub/3D-Platformer-Semester-2/3DPlatformer/Content/Fab/Dice/dice/StaticMeshes/dice.uasset" 4121
"C:/Users/conor/OneDrive/Desktop/Documents/GitHub/3D-Platformer-Semester-2/3DPlatformer/Content/Fab/Dominoes/dominoes/Materials/Domino_White.uasset" 4122
"C:/Users/conor/OneDrive/Desktop/Documents/GitHub/3D-Platformer-Semester-2/3DPlatformer/Content/Fab/Dominoes/dominoes/Materials/Domino_Black.uasset" 4123
"../../../Engine/Content/Functions/Engine_MaterialFunctions01/Texturing/FlattenNormal.uasset" 4124
"C:/Users/conor/OneDrive/Desktop/Documents/GitHub/3D-Platformer-Semester-2/3DPlatformer/Content/ThirdPerson/Levels/BarRoom/PoolTable/source/lambert1.uasset" 4125
"C:/Users/conor/OneDrive/Desktop/Documents/GitHub/3D-Platformer-Semester-2/3DPlatformer/Content/ThirdPerson/Levels/BarRoom/PoolTable/source/PoolTable.uasset" 4126
"C:/Users/conor/OneDrive/Desktop/Documents/GitHub/3D-Platformer-Semester-2/3DPlatformer/Content/ThirdPerson/Levels/BarRoom/PoolTable/textures/PoolTable_poolTable_BaseColor.uasset" 4127
"C:/Users/conor/OneDrive/Desktop/Documents/GitHub/3D-Platformer-Semester-2/3DPlatformer/Content/ThirdPerson/Levels/BarRoom/PoolTable/textures/PoolTable_poolTable_BaseColor_Mat.uasset" 4128
"../../../Engine/Content/Functions/Engine_MaterialFunctions03/Math/RemapValueRange.uasset" 4129
"../../../Engine/Plugins/Interchange/Assets/Content/gltf/MaterialBodies/MF_ClearCoat_Body.uasset" 4130
"../../../Engine/Plugins/Interchange/Assets/Content/gltf/MaterialFunctions/MF_Clearcoat.uasset" 4131
"../../../Engine/Plugins/Interchange/Assets/Content/Functions/MF_Iridescence.uasset" 4132
"../../../Engine/Plugins/Interchange/Assets/Content/gltf/MaterialInstances/MI_ClearCoat_Opaque_DS.uasset" 4133
"../../../Engine/Plugins/Interchange/Assets/Content/Utilities/New_LUT.uasset" 4134
"../../../Engine/Plugins/Interchange/Assets/Content/gltf/M_ClearCoat.uasset" 4135
"../../../Engine/Plugins/Interchange/Assets/Content/gltf/M_SpecularGlossiness.uasset" 4136
"/Engine/EditorResources/EmptyActor" 4137
"../../../Engine/Content/EditorResources/EmptyActor.uasset" 4138
"C:/Users/conor/OneDrive/Desktop/Documents/GitHub/3D-Platformer-Semester-2/3DPlatformer/Content/Fab/Ceiling_Fan/scene/Textures/lambert1_baseColor.uasset" 4139
"C:/Users/conor/OneDrive/Desktop/Documents/GitHub/3D-Platformer-Semester-2/3DPlatformer/Content/Fab/Ceiling_Fan/scene/Textures/lambert1_emissive.uasset" 4140
"/Game/ThirdPerson/Levels/BarRoom/PoolTable/textures/PoolTable_poolTable_BaseColor_Mat" 4141
"/Game/ThirdPerson/Levels/BarRoom/PoolTable/source/PoolTable" 4142
"/Game/Fab/Dominoes/dominoes/Materials/Domino_Black" 4143
"/Game/Fab/Dominoes/dominoes/Materials/Domino_White" 4144
"/Game/Fab/Dice/dice/StaticMeshes/dice" 4145
"/Game/Fab/Coin/coin/StaticMeshes/coin" 4146
"/Game/Fab/Card/source/spades-A_Cards/Materials/204" 4147
"/Game/Fab/Card/source/spades-A_Cards/StaticMeshes/spades-A_Cards_node_0" 4148
"/Game/ThirdPerson/Levels/BarRoom/_GENERATED/conor/dominoes_4_396F2F00" 4149
"/Game/Fab/Ceiling_Fan/scene/Textures/lambert1_baseColor" 4150
"C:/Users/conor/OneDrive/Desktop/Documents/GitHub/3D-Platformer-Semester-2/3DPlatformer/Content/Fab/Ceiling_Fan/scene/Materials/lambert1.uasset" 4151
"C:/Users/conor/OneDrive/Desktop/Documents/GitHub/3D-Platformer-Semester-2/3DPlatformer/Content/Fab/Glass_dirt/scene/StaticMeshes/istockphoto-872334598-612x612.uasset" 4152
"/Game/Fab/Ceiling_Fan/scene/Textures/lambert1_emissive" 4153
"C:/Users/conor/OneDrive/Desktop/Documents/GitHub/3D-Platformer-Semester-2/3DPlatformer/Content/Fab/Glass_dirt/scene/Textures/Gelas_emissive.uasset" 4154
"C:/Users/conor/OneDrive/Desktop/Documents/GitHub/3D-Platformer-Semester-2/3DPlatformer/Content/Fab/Ceiling_Fan/scene/Textures/lambert1_normal.uasset" 4155
"C:/Users/conor/OneDrive/Desktop/Documents/GitHub/3D-Platformer-Semester-2/3DPlatformer/Content/Fab/Glass_dirt/scene/Textures/Gelas_normal.uasset" 4156
"C:/Users/conor/OneDrive/Desktop/Documents/GitHub/3D-Platformer-Semester-2/3DPlatformer/Content/Fab/Glass_dirt/scene/Materials/Gelas.uasset" 4157
"C:/Users/conor/OneDrive/Desktop/Documents/GitHub/3D-Platformer-Semester-2/3DPlatformer/Content/Fab/Glass_dirt/scene/StaticMeshes/scene.uasset" 4158
"../../../Engine/Plugins/Interchange/Assets/Content/gltf/MaterialInstances/MI_Default_Blend_DS.uasset" 4159
"C:/Users/conor/OneDrive/Desktop/Documents/GitHub/3D-Platformer-Semester-2/3DPlatformer/Content/Fab/Glass_dirt/scene/StaticMeshes/WhiskeyLiquid.uasset" 4160
"C:/Users/conor/OneDrive/Desktop/Documents/GitHub/3D-Platformer-Semester-2/3DPlatformer/Content/Fab/Glass_dirt/scene/Textures/Gelas_metallicRoughness.uasset" 4161
"C:/Users/conor/OneDrive/Desktop/Documents/GitHub/3D-Platformer-Semester-2/3DPlatformer/Content/Enemies/PoolBall/BP_PoolBallCollision.uasset" 4162
"C:/Users/conor/OneDrive/Desktop/Documents/GitHub/3D-Platformer-Semester-2/3DPlatformer/Content/Sounds/House/Clement_Panchout___Fluttering_in_the_Sun____The_GodMOTHer_.uasset" 4163
"C:/Users/conor/OneDrive/Desktop/Documents/GitHub/3D-Platformer-Semester-2/3DPlatformer/Content/Enemies/PoolBall/AC_PoolBall.uasset" 4164
"C:/Users/conor/OneDrive/Desktop/Documents/GitHub/3D-Platformer-Semester-2/3DPlatformer/Content/Fab/Glass_dirt/scene/StaticMeshes/istockphoto-872334598-612x612_Mat.uasset" 4165
"C:/Users/conor/OneDrive/Desktop/Documents/GitHub/3D-Platformer-Semester-2/3DPlatformer/Content/Enemies/PoolBall/red.uasset" 4166
"C:/Users/conor/OneDrive/Desktop/Documents/GitHub/3D-Platformer-Semester-2/3DPlatformer/Content/Fab/Ceiling_Fan/scene/Textures/lambert1_metallicRoughness.uasset" 4167
"/Game/Fab/Glass_dirt/scene/StaticMeshes/WhiskeyLiquid" 4168
"C:/Users/conor/OneDrive/Desktop/Documents/GitHub/3D-Platformer-Semester-2/3DPlatformer/Content/Enemies/PoolBall/yellow.uasset" 4169
"C:/Users/conor/OneDrive/Desktop/Documents/GitHub/3D-Platformer-Semester-2/3DPlatformer/Content/Fab/Ceiling_Fan/scene/StaticMeshes/scene.uasset" 4170
"C:/Users/conor/OneDrive/Desktop/Documents/GitHub/3D-Platformer-Semester-2/3DPlatformer/Content/Enemies/rat_texture.uasset" 4171
"C:/Users/conor/OneDrive/Desktop/Documents/GitHub/3D-Platformer-Semester-2/3DPlatformer/Content/Enemies/PoolBall/red_Mat.uasset" 4172
"C:/Users/conor/OneDrive/Desktop/Documents/GitHub/3D-Platformer-Semester-2/3DPlatformer/Content/Enemies/PoolBall/yellow_Mat.uasset" 4173
"C:/Users/conor/OneDrive/Desktop/Documents/GitHub/3D-Platformer-Semester-2/3DPlatformer/Content/Fab/Glass_dirt/scene/Textures/Gelas_baseColor.uasset" 4174
"C:/Users/conor/OneDrive/Desktop/Documents/GitHub/3D-Platformer-Semester-2/3DPlatformer/Content/Enemies/rat_texture_Mat.uasset" 4175
"C:/Users/conor/OneDrive/Desktop/Documents/GitHub/3D-Platformer-Semester-2/3DPlatformer/Content/ThirdPerson/Levels/BarRoom/BarLevel.umap" 4176
"C:/Users/conor/OneDrive/Desktop/Documents/GitHub/3D-Platformer-Semester-2/3DPlatformer/Content/ThirdPerson/Levels/Music/DownstairsChaseMusic.uasset" 4177
"/InterchangeAssets/gltf/MaterialInstances/MI_Default_Blend_DS" 4178
"/Game/Fab/Glass_dirt/scene/Textures/Gelas_normal" 4179
"/Game/Fab/Glass_dirt/scene/Textures/Gelas_metallicRoughness" 4180
"/Game/Fab/Glass_dirt/scene/Textures/Gelas_emissive" 4181
"/Game/Fab/Glass_dirt/scene/StaticMeshes/istockphoto-872334598-612x612" 4182
"/Game/Fab/Ceiling_Fan/scene/Textures/lambert1_normal" 4183
"/Game/ThirdPerson/Levels/Music/DownstairsChaseMusic" 4184
"/Game/ThirdPerson/Levels/BarRoom/BarLevel" 4185
"../../../Engine/Content/Functions/Engine_MaterialFunctions01/Texturing/BakedDisplacement.uasset" 4186
"../../../Engine/Plugins/Enterprise/DatasmithContent/Content/Materials/FBXImporter/VRED/CellularFlakes.uasset" 4187
"../../../Engine/Plugins/Enterprise/DatasmithContent/Content/Materials/FBXImporter/VRED/SimplifiedFlakes.uasset" 4188
"../../../Engine/Plugins/Enterprise/DatasmithContent/Content/Materials/FBXImporter/VRED/PlanarMapping.uasset" 4189
"../../../Engine/Plugins/Enterprise/DatasmithContent/Content/Materials/FBXImporter/VRED/TriplanarMapping.uasset" 4190
"/Engine/Functions/Engine_MaterialFunctions01/Texturing/BakedDisplacement" 4191
"../../../Engine/Content/EditorShapes/Textures/T_ShapeNormal.uasset" 4192
"C:/Users/conor/OneDrive/Desktop/Documents/GitHub/3D-Platformer-Semester-2/3DPlatformer/Content/Fab/KenneySurvivalPack/FBX_format/colormap.uasset" 4193
"/Engine/EditorShapes/Textures/T_ShapeNormal" 4194
"C:/Users/conor/OneDrive/Desktop/Documents/GitHub/3D-Platformer-Semester-2/3DPlatformer/Content/Fab/KenneySurvivalPack/FBX_format/colormap1.uasset" 4195
"C:/Users/conor/OneDrive/Desktop/Documents/GitHub/3D-Platformer-Semester-2/3DPlatformer/Content/Fab/KenneySurvivalPack/FBX_format/box-large.uasset" 4196
"/Game/Fab/KenneySurvivalPack/FBX_format/colormap" 4197
"C:/Users/conor/OneDrive/Desktop/Documents/GitHub/3D-Platformer-Semester-2/3DPlatformer/Content/Fab/LivingRoom/FBX_files/Nightstand.uasset" 4198
"/Game/Fab/LivingRoom/FBX_files/Nightstand" 4199
"C:/Users/conor/OneDrive/Desktop/Documents/GitHub/3D-Platformer-Semester-2/3DPlatformer/Content/Fab/LivingRoom/FBX_files/Old_Screen.uasset" 4200
"C:/Users/conor/OneDrive/Desktop/Documents/GitHub/3D-Platformer-Semester-2/3DPlatformer/Content/Fab/LivingRoom/FBX_files/Pink_Vase.uasset" 4201
"/Game/Fab/KenneySurvivalPack/FBX_format/box-large" 4202
"C:/Users/conor/OneDrive/Desktop/Documents/GitHub/3D-Platformer-Semester-2/3DPlatformer/Content/Fab/LivingRoom/FBX_files/Standart_Bookshelf.uasset" 4203
"C:/Users/conor/OneDrive/Desktop/Documents/GitHub/3D-Platformer-Semester-2/3DPlatformer/Content/Fab/Megascans/3D/Modular_Stairs_and_Handrail_Kit_wczwafvdw/Low/wczwafvdw_tier_3/Textures/T_wczwafvdw_1K_B.uasset" 4204
"C:/Users/conor/OneDrive/Desktop/Documents/GitHub/3D-Platformer-Semester-2/3DPlatformer/Content/Fab/Megascans/3D/Modular_Stairs_and_Handrail_Kit_wczwafvdw/Low/wczwafvdw_tier_3/Textures/T_wczwafvdw_1K_N.uasset" 4205
"C:/Users/conor/OneDrive/Desktop/Documents/GitHub/3D-Platformer-Semester-2/3DPlatformer/Content/Fab/Megascans/3D/Modular_Stairs_and_Handrail_Kit_wczwafvdw/Low/wczwafvdw_tier_3/Textures/T_wczwafvdw_1K_ORM.uasset" 4206
"C:/Users/conor/OneDrive/Desktop/Documents/GitHub/3D-Platformer-Semester-2/3DPlatformer/Content/Fab/Megascans/3D/Modular_Stairs_and_Handrail_Kit_wczwafvdw/Low/wczwafvdw_tier_3/Materials/MI_wczwafvdw.uasset" 4207
"C:/Users/conor/OneDrive/Desktop/Documents/GitHub/3D-Platformer-Semester-2/3DPlatformer/Content/Fab/Megascans/3D/Modular_Stairs_and_Handrail_Kit_wczwafvdw/Low/wczwafvdw_tier_3/StaticMeshes/wczwafvdw_LOD0_TIER3_002.uasset" 4208
"/Game/Fab/Megascans/3D/Modular_Stairs_and_Handrail_Kit_wczwafvdw/Low/wczwafvdw_tier_3/Materials/MI_wczwafvdw" 4209
"C:/Users/conor/OneDrive/Desktop/Documents/GitHub/3D-Platformer-Semester-2/3DPlatformer/Content/Fab/Megascans/3D/Saloon_Wooden_Interior_Kit_wbpveaydw/Low/wbpveaydw_tier_3/StaticMeshes/wbpveaydw_LOD0_TIER3_002.uasset" 4210
"C:/Users/conor/OneDrive/Desktop/Documents/GitHub/3D-Platformer-Semester-2/3DPlatformer/Content/Fab/A_wooden_ladder/shaded.uasset" 4211
"C:/Users/conor/OneDrive/Desktop/Documents/GitHub/3D-Platformer-Semester-2/3DPlatformer/Content/Fab/A_wooden_ladder/shaded_Mat.uasset" 4212
"/Game/Fab/LivingRoom/FBX_files/Standart_Bookshelf" 4213
"/Game/Fab/LivingRoom/FBX_files/Pink_Vase" 4214
"../../../Engine/Content/Functions/MaterialLayerFunctions/MatLayerBlend_Standard.uasset" 4215
"/Game/Fab/LivingRoom/FBX_files/Old_Screen" 4216
"../../../Engine/Content/EngineMaterials/DefaultNormal.uasset" 4217
"/Engine/EngineMaterials/DefaultNormal" 4218
"../../../Engine/Plugins/Enterprise/DatasmithContent/Content/Materials/FBXImporter/VRED/VREDTextureRead.uasset" 4219
"C:/Users/conor/OneDrive/Desktop/Documents/GitHub/3D-Platformer-Semester-2/3DPlatformer/Content/ThirdPerson/Levels/ChaseSceneAssets/Levels/ChaseLevelDownstairs.umap" 4220
"C:/Users/conor/OneDrive/Desktop/Documents/GitHub/3D-Platformer-Semester-2/3DPlatformer/Content/ThirdPerson/Levels/KitchenFixed.umap" 4221
"C:/Users/conor/OneDrive/Desktop/Documents/GitHub/3D-Platformer-Semester-2/3DPlatformer/Content/Fab/Kitchen/individualsfiles/bartable.uasset" 4222
"/Game/Fab/A_wooden_ladder/shaded_Mat" 4223
"C:/Users/conor/OneDrive/Desktop/Documents/GitHub/3D-Platformer-Semester-2/3DPlatformer/Content/Fab/Kitchen/individualsfiles/chair1.uasset" 4224
"C:/Users/conor/OneDrive/Desktop/Documents/GitHub/3D-Platformer-Semester-2/3DPlatformer/Content/Fab/A_wooden_ladder/lod.uasset" 4225
"C:/Users/conor/OneDrive/Desktop/Documents/GitHub/3D-Platformer-Semester-2/3DPlatformer/Content/Fab/Kitchen/individualsfiles/workplan.uasset" 4226
"C:/Users/conor/OneDrive/Desktop/Documents/GitHub/3D-Platformer-Semester-2/3DPlatformer/Content/Fab/Megascans/3D/Ice_Cliff_veipbcmcb/Low/veipbcmcb_tier_3/Textures/T_veipbcmcb_1K_B.uasset" 4227
"C:/Users/conor/OneDrive/Desktop/Documents/GitHub/3D-Platformer-Semester-2/3DPlatformer/Content/Fab/Megascans/3D/Ice_Cliff_veipbcmcb/Low/veipbcmcb_tier_3/Textures/T_veipbcmcb_1K_N.uasset" 4228
"C:/Users/conor/OneDrive/Desktop/Documents/GitHub/3D-Platformer-Semester-2/3DPlatformer/Content/Fab/Megascans/3D/Ice_Cliff_veipbcmcb/Low/veipbcmcb_tier_3/Textures/T_veipbcmcb_1K_ORM.uasset" 4229
"C:/Users/conor/OneDrive/Desktop/Documents/GitHub/3D-Platformer-Semester-2/3DPlatformer/Content/Fab/Megascans/3D/Ice_Cliff_veipbcmcb/Low/veipbcmcb_tier_3/Textures/T_veipbcmcb_1K_T.uasset" 4230
"../../../Engine/Plugins/Fab/Content/MaterialFunctions/QMF_Transmission.uasset" 4231
"../../../Engine/Plugins/Fab/Content/Materials/Standard/M_MS_Base_Trm.uasset" 4232
"../../../Engine/Content/Functions/Engine_MaterialFunctions02/Texturing/CustomRotator.uasset" 4233
"/Game/Fab/Megascans/3D/Saloon_Wooden_Interior_Kit_wbpveaydw/Low/wbpveaydw_tier_3/StaticMeshes/wbpveaydw_LOD0_TIER3_002" 4234
"/Game/Fab/Megascans/3D/Modular_Stairs_and_Handrail_Kit_wczwafvdw/Low/wczwafvdw_tier_3/StaticMeshes/wczwafvdw_LOD0_TIER3_002" 4235
"../../../Engine/Content/Functions/Engine_MaterialFunctions02/Fresnel_Function.uasset" 4236
"/Engine/Functions/MaterialLayerFunctions/MatLayerBlend_Standard" 4237
"C:/Users/conor/OneDrive/Desktop/Documents/GitHub/3D-Platformer-Semester-2/3DPlatformer/Content/Fab/Megascans/3D/Ice_Cliff_veipbcmcb/Low/veipbcmcb_tier_3/Materials/MI_veipbcmcb.uasset" 4238
"/Fab/Materials/Standard/M_MS_Base_Trm" 4239
"C:/Users/conor/OneDrive/Desktop/Documents/GitHub/3D-Platformer-Semester-2/3DPlatformer/Content/Fab/Megascans/3D/Ice_Cliff_veipbcmcb/Low/veipbcmcb_tier_3/StaticMeshes/veipbcmcb_tier_3.uasset" 4240
"C:/Users/conor/OneDrive/Desktop/Documents/GitHub/3D-Platformer-Semester-2/3DPlatformer/Content/Fab/Megascans/3D/Ice_Cliff_veipbcmcb/Low/veipbcmcb_tier_3/StaticMeshes/MoreTransparentIce_Mat.uasset" 4241
"C:/Users/conor/OneDrive/Desktop/Documents/GitHub/3D-Platformer-Semester-2/3DPlatformer/Content/Fab/Medieval_House_4/medieval_house_5/StaticMeshes/medieval_house_5.uasset" 4242
"C:/Users/conor/OneDrive/Desktop/Documents/GitHub/3D-Platformer-Semester-2/3DPlatformer/Content/Materials/images.uasset" 4243
"C:/Users/conor/OneDrive/Desktop/Documents/GitHub/3D-Platformer-Semester-2/3DPlatformer/Content/Materials/PM_TutorialLevelFloor.uasset" 4244
"/Game/Fab/Megascans/3D/Ice_Cliff_veipbcmcb/Low/veipbcmcb_tier_3/Textures/T_veipbcmcb_1K_T" 4245
"/Game/Fab/Megascans/3D/Ice_Cliff_veipbcmcb/Low/veipbcmcb_tier_3/Textures/T_veipbcmcb_1K_ORM" 4246
"/Game/Fab/Megascans/3D/Ice_Cliff_veipbcmcb/Low/veipbcmcb_tier_3/Textures/T_veipbcmcb_1K_N" 4247
"/Engine/Functions/Engine_MaterialFunctions02/Texturing/CustomRotator" 4248
"../../../Engine/Content/Functions/MaterialLayerFunctions/MatLayerBlend_Simple.uasset" 4249
"/Game/Fab/Megascans/3D/Ice_Cliff_veipbcmcb/Low/veipbcmcb_tier_3/Textures/T_veipbcmcb_1K_B" 4250
"/Game/Fab/A_wooden_ladder/lod" 4251
"../../../Engine/Plugins/Enterprise/DatasmithContent/Content/Materials/FBXImporter/VRED/UVMapping.uasset" 4252
"/Game/ThirdPerson/Levels/KitchenFixed" 4253
"../../../Engine/Content/EngineDebugMaterials/LightmapResolutionMaterial.uasset" 4254
"/Engine/Functions/Engine_MaterialFunctions02/Fresnel_Function" 4255
"/Game/Fab/Kitchen/individualsfiles/workplan" 4256
"/Game/Fab/Kitchen/individualsfiles/chair1" 4257
"/Game/Fab/Kitchen/individualsfiles/bartable" 4258
"C:/Users/conor/OneDrive/Desktop/Documents/GitHub/3D-Platformer-Semester-2/3DPlatformer/Content/ThirdPerson/Levels/InputCheckLevel/InputCheck.umap" 4259
"C:/Users/conor/OneDrive/Desktop/Documents/GitHub/3D-Platformer-Semester-2/3DPlatformer/Content/Materials/Gass_Mat.uasset" 4260
"C:/Users/conor/OneDrive/Desktop/Documents/GitHub/3D-Platformer-Semester-2/3DPlatformer/Content/Fab/KenneySurvivalPack/FBX_format/floor.uasset" 4261
"C:/Users/conor/OneDrive/Desktop/Documents/GitHub/3D-Platformer-Semester-2/3DPlatformer/Content/Fab/KenneyGraveyardPack/FBX_format/pine_FoliageType.uasset" 4262
"C:/Users/conor/OneDrive/Desktop/Documents/GitHub/3D-Platformer-Semester-2/3DPlatformer/Content/Free_Sounds_Pack/wav/Ambient_Wind_Loop_1.uasset" 4263
"/Engine/EngineDebugMaterials/LightmapResolutionMaterial" 4264
"C:/Users/conor/OneDrive/Desktop/Documents/GitHub/3D-Platformer-Semester-2/3DPlatformer/Content/Fab/KenneySurvivalPack/FBX_format/tree-log.uasset" 4265
"C:/Users/conor/OneDrive/Desktop/Documents/GitHub/3D-Platformer-Semester-2/3DPlatformer/Content/Fab/KenneySurvivalPack/FBX_format/signpost-single.uasset" 4266
"C:/Users/conor/OneDrive/Desktop/Documents/GitHub/3D-Platformer-Semester-2/3DPlatformer/Content/Fab/KenneySurvivalPack/FBX_format/rock-c.uasset" 4267
"C:/Users/conor/OneDrive/Desktop/Documents/GitHub/3D-Platformer-Semester-2/3DPlatformer/Content/Fab/KenneySurvivalPack/FBX_format/rock-a.uasset" 4268
"C:/Users/conor/OneDrive/Desktop/Documents/GitHub/3D-Platformer-Semester-2/3DPlatformer/Content/Fab/KenneySurvivalPack/FBX_format/resource-wood.uasset" 4269
"C:/Users/conor/OneDrive/Desktop/Documents/GitHub/3D-Platformer-Semester-2/3DPlatformer/Content/Fab/KenneySurvivalPack/FBX_format/rock-b.uasset" 4270
"C:/Users/conor/OneDrive/Desktop/Documents/GitHub/3D-Platformer-Semester-2/3DPlatformer/Content/Fab/KenneyGraveyardPack/FBX_format/crypt-small-roof.uasset" 4271
"C:/Users/conor/OneDrive/Desktop/Documents/GitHub/3D-Platformer-Semester-2/3DPlatformer/Content/Fab/KenneySurvivalPack/FBX_format/fence-fortified.uasset" 4272
"/Game/Materials/PM_TutorialLevelFloor" 4273
"/Game/Materials/images" 4274
"/Game/Fab/Medieval_House_4/medieval_house_5/StaticMeshes/medieval_house_5" 4275
"/Game/Fab/Megascans/3D/Ice_Cliff_veipbcmcb/Low/veipbcmcb_tier_3/StaticMeshes/MoreTransparentIce_Mat" 4276
"../../../Engine/Plugins/Enterprise/DatasmithContent/Content/Materials/FBXImporter/VRED/RemapDistribution.uasset" 4277
"/Game/Fab/Megascans/3D/Ice_Cliff_veipbcmcb/Low/veipbcmcb_tier_3/StaticMeshes/veipbcmcb_tier_3" 4278
"/Engine/Functions/MaterialLayerFunctions/MatLayerBlend_Simple" 4279
"/DatasmithContent/Materials/FBXImporter/VRED/SimplifiedFlakes" 4280
"C:/Users/conor/OneDrive/Desktop/Documents/GitHub/3D-Platformer-Semester-2/3DPlatformer/Content/Fab/KenneyGraveyardPack/FBX_format/rocks-tall.uasset" 4281
"C:/Users/conor/OneDrive/Desktop/Documents/GitHub/3D-Platformer-Semester-2/3DPlatformer/Content/Fab/KenneyGraveyardPack/FBX_format/trunk-long.uasset" 4282
"C:/Users/conor/OneDrive/Desktop/Documents/GitHub/3D-Platformer-Semester-2/3DPlatformer/Content/Fab/KenneyGraveyardPack/FBX_format/shovel-dirt.uasset" 4283
"C:/Users/conor/OneDrive/Desktop/Documents/GitHub/3D-Platformer-Semester-2/3DPlatformer/Content/Fab/KenneyGraveyardPack/FBX_format/crypt-small.uasset" 4284
"C:/Users/conor/OneDrive/Desktop/Documents/GitHub/3D-Platformer-Semester-2/3DPlatformer/Content/Fab/KenneyGraveyardPack/FBX_format/pine-fall-crooked.uasset" 4285
"C:/Users/conor/OneDrive/Desktop/Documents/GitHub/3D-Platformer-Semester-2/3DPlatformer/Content/Fab/KenneyGraveyardPack/FBX_format/lightpost-single.uasset" 4286
"C:/Users/conor/OneDrive/Desktop/Documents/GitHub/3D-Platformer-Semester-2/3DPlatformer/Content/Fab/KenneyGraveyardPack/FBX_format/trunk.uasset" 4287
"../../../Engine/Plugins/Enterprise/DatasmithContent/Content/Materials/FBXImporter/VRED/MetallicCarpaint.uasset" 4288
"C:/Users/conor/OneDrive/Desktop/Documents/GitHub/3D-Platformer-Semester-2/3DPlatformer/Content/Fab/KenneyGraveyardPack/FBX_format/pine-fall.uasset" 4289
"../../../Engine/Plugins/Enterprise/DatasmithContent/Content/Materials/AliasReference.uasset" 4290
"/DatasmithContent/Materials/FBXImporter/VRED/CellularFlakes" 4291
"../../../Engine/Plugins/Enterprise/DatasmithContent/Content/Materials/FBXImporter/VRED/VREDRepeatMode.uasset" 4292
"/Game/Fab/KenneyGraveyardPack/FBX_format/crypt-small-roof" 4293
"/Game/Fab/KenneySurvivalPack/FBX_format/fence-fortified" 4294
"/Game/Fab/KenneySurvivalPack/FBX_format/resource-wood" 4295
"/Game/Fab/KenneySurvivalPack/FBX_format/rock-a" 4296
"/Game/Fab/KenneySurvivalPack/FBX_format/rock-b" 4297
"/Game/Fab/KenneySurvivalPack/FBX_format/rock-c" 4298
"/Game/Fab/KenneySurvivalPack/FBX_format/signpost-single" 4299
"/Game/Fab/KenneySurvivalPack/FBX_format/tree-log" 4300
"/Game/Fab/KenneySurvivalPack/FBX_format/floor" 4301
"/Game/Fab/KenneyGraveyardPack/FBX_format/pine_FoliageType" 4302
"C:/Users/conor/OneDrive/Desktop/Documents/GitHub/3D-Platformer-Semester-2/3DPlatformer/Content/Fab/KenneyGraveyardPack/FBX_format/pine.uasset" 4303
"/Game/Free_Sounds_Pack/wav/Ambient_Wind_Loop_1" 4304
"/Game/ThirdPerson/Levels/InputCheckLevel/InputCheck" 4305
"C:/Users/conor/OneDrive/Desktop/Documents/GitHub/3D-Platformer-Semester-2/3DPlatformer/Content/Fab/KenneyGraveyardPack/FBX_format/pine-crooked.uasset" 4306
"C:/Users/conor/OneDrive/Desktop/Documents/GitHub/3D-Platformer-Semester-2/3DPlatformer/Content/Fab/KenneyGraveyardPack/FBX_format/grave.uasset" 4307
"C:/Users/conor/OneDrive/Desktop/Documents/GitHub/3D-Platformer-Semester-2/3DPlatformer/Content/Fab/KenneyGraveyardPack/FBX_format/fence.uasset" 4308
"C:/Users/conor/OneDrive/Desktop/Documents/GitHub/3D-Platformer-Semester-2/3DPlatformer/Content/Fab/KenneyGraveyardPack/FBX_format/grave-border.uasset" 4309
"C:/Users/conor/OneDrive/Desktop/Documents/GitHub/3D-Platformer-Semester-2/3DPlatformer/Content/Animations/AI/Rat/RatSitting.uasset" 4310
"/DatasmithContent/Materials/FBXImporter/VRED/TriplanarMapping" 4311
"C:/Users/conor/OneDrive/Desktop/Documents/GitHub/3D-Platformer-Semester-2/3DPlatformer/Content/Fab/KenneyGraveyardPack/FBX_format/fence-gate.uasset" 4312
"C:/Users/conor/OneDrive/Desktop/Documents/GitHub/3D-Platformer-Semester-2/3DPlatformer/Content/Animations/AI/Rat/RatSitting_Anim.uasset" 4313
"../../../Engine/Content/EngineResources/GrayDarkTextureCube.uasset" 4314
"C:/Users/conor/OneDrive/Desktop/Documents/GitHub/3D-Platformer-Semester-2/3DPlatformer/Content/Fab/Crown/crown/Materials/Crown.uasset" 4315
"C:/Users/conor/OneDrive/Desktop/Documents/GitHub/3D-Platformer-Semester-2/3DPlatformer/Content/Animations/AI/Rat/RatSitting_PhysicsAsset.uasset" 4316
"C:/Users/conor/OneDrive/Desktop/Documents/GitHub/3D-Platformer-Semester-2/3DPlatformer/Content/ThirdPerson/TutorialLevel.umap" 4317
"C:/Users/conor/OneDrive/Desktop/Documents/GitHub/3D-Platformer-Semester-2/3DPlatformer/Content/Fab/KenneyGraveyardPack/FBX_format/candle.uasset" 4318
"C:/Users/conor/OneDrive/Desktop/Documents/GitHub/3D-Platformer-Semester-2/3DPlatformer/Content/Fab/Crown/crown/Textures/crown_texture_0.uasset" 4319
"C:/Users/conor/OneDrive/Desktop/Documents/GitHub/3D-Platformer-Semester-2/3DPlatformer/Content/Fab/Crown/crown/Textures/crown_texture_1.uasset" 4320
"C:/Users/conor/OneDrive/Desktop/Documents/GitHub/3D-Platformer-Semester-2/3DPlatformer/Content/Fab/Crown/crown/StaticMeshes/crown.uasset" 4321
"C:/Users/conor/OneDrive/Desktop/Documents/GitHub/3D-Platformer-Semester-2/3DPlatformer/Content/Fab/Crown/crown/Textures/crown_texture_2.uasset" 4322
"/DatasmithContent/Materials/FBXImporter/VRED/PlanarMapping" 4323
"/Game/Fab/KenneyGraveyardPack/FBX_format/pine-fall" 4324
"/Game/Fab/KenneyGraveyardPack/FBX_format/pine-fall-crooked" 4325
"/DatasmithContent/Materials/AliasReference" 4326
"/Game/Fab/KenneyGraveyardPack/FBX_format/shovel-dirt" 4327
"/Game/Fab/KenneyGraveyardPack/FBX_format/trunk-long" 4328
"/Game/Fab/KenneyGraveyardPack/FBX_format/trunk" 4329
"/Game/Fab/KenneyGraveyardPack/FBX_format/rocks-tall" 4330
"/Game/Fab/KenneyGraveyardPack/FBX_format/lightpost-single" 4331
"/Game/Fab/KenneyGraveyardPack/FBX_format/crypt-small" 4332
"/DatasmithContent/Materials/FBXImporter/VRED/VREDTextureRead" 4333
"/Game/ThirdPerson/Levels/ChaseSceneAssets/Levels/ChaseLevelDownstairs" 4334
"/Engine/EditorResources/LightIcons/S_LightError" 4335
"../../../Engine/Content/EditorResources/LightIcons/S_LightError.uasset" 4336
"/Engine/EditorResources/AudioIcons/S_AudioComponent_AutoActivate" 4337
"../../../Engine/Content/EditorResources/AudioIcons/S_AudioComponent_AutoActivate.uasset" 4338
"../../../Engine/Plugins/Interchange/Assets/Shaders/ThinFilmFunctions.usf" 4339
"C:/Users/conor/OneDrive/Desktop/Documents/GitHub/3D-Platformer-Semester-2/3DPlatformer/Content/ThirdPerson/Levels/AtticAssets/atticwall.uasset" 4340
"C:/Users/conor/OneDrive/Desktop/Documents/GitHub/3D-Platformer-Semester-2/3DPlatformer/Content/ThirdPerson/Levels/AtticAssets/atticsupport.uasset" 4341
"/Game/Fab/Crown/crown/Materials/Crown" 4342
"C:/Users/conor/OneDrive/Desktop/Documents/GitHub/3D-Platformer-Semester-2/3DPlatformer/Content/ThirdPerson/Levels/AtticAssets/atticwall_Mat.uasset" 4343
"C:/Users/conor/OneDrive/Desktop/Documents/GitHub/3D-Platformer-Semester-2/3DPlatformer/Content/Fab/Trapdoor/source/TrapDoor.uasset" 4344
"C:/Users/conor/OneDrive/Desktop/Documents/GitHub/3D-Platformer-Semester-2/3DPlatformer/Content/Fab/Trapdoor/source/Material.uasset" 4345
"C:/Users/conor/OneDrive/Desktop/Documents/GitHub/3D-Platformer-Semester-2/3DPlatformer/Content/Sounds/House/White_Noise_Clip_for_30_Seconds.uasset" 4346
"C:/Users/conor/OneDrive/Desktop/Documents/GitHub/3D-Platformer-Semester-2/3DPlatformer/Content/ThirdPerson/Levels/Attic.umap" 4347
"C:/Users/conor/OneDrive/Desktop/Documents/GitHub/3D-Platformer-Semester-2/3DPlatformer/Content/ThirdPerson/Levels/AtticAssets/atticsupport_Mat.uasset" 4348
"C:/Users/conor/OneDrive/Desktop/Documents/GitHub/3D-Platformer-Semester-2/3DPlatformer/Content/ThirdPerson/Blueprints/Particles/Dust.uasset" 4349
"../../../Engine/Plugins/FX/Niagara/Content/DynamicInputs/UniformRange/V2/RandomRangeVector.uasset" 4350
"../../../Engine/Plugins/FX/Niagara/Content/Modules/Update/Forces/AerodynamicDrag.uasset" 4351
"../../../Engine/Plugins/FX/Niagara/Content/Functions/DirectionAndLength.uasset" 4352
"../../../Engine/Plugins/FX/Niagara/Content/Modules/Update/Forces/WindForce.uasset" 4353
"/Game/Fab/Crown/crown/StaticMeshes/crown" 4354
"/Game/ThirdPerson/TutorialLevel" 4355
"../../../Engine/Plugins/FX/Niagara/Content/VectorFields/Assets/TilingCurl64.uasset" 4356
"/Niagara/Functions/DirectionAndLength" 4357
"../../../Engine/Plugins/FX/Niagara/Content/Enums/Wind/ENiagaraWindOffsetMode.uasset" 4358
"../../../Engine/Plugins/FX/Niagara/Content/Enums/Wind/ENiagaraWindTurbulenceContributionMode.uasset" 4359
"../../../Engine/Plugins/FX/Niagara/Content/Enums/Wind/ENiagaraWindFrictionMode.uasset" 4360
"../../../Engine/Plugins/FX/Niagara/Content/Enums/Wind/ENiagaraWindFrictionDistanceMode.uasset" 4361
"../../../Engine/Plugins/FX/Niagara/Content/Enums/ENiagaraAerodynamicDragPivotMode.uasset" 4362
"../../../Engine/Plugins/FX/Niagara/Content/Enums/Wind/ENiagaraWindCombingMode.uasset" 4363
"../../../Engine/Plugins/FX/Niagara/Content/Enums/ENiagaraCurlNoiseQuality.uasset" 4364
"../../../Engine/Plugins/FX/Niagara/Content/Enums/ENiagaraDragCoefficientShapeMode.uasset" 4365
"../../../Engine/Plugins/FX/Niagara/Content/Enums/Wind/ENiagaraWindGroundMaskMode.uasset" 4366
"../../../Engine/Plugins/FX/Niagara/Content/Enums/Wind/ENiagaraWindTurbulenceMode.uasset" 4367
"C:/Users/conor/OneDrive/Desktop/Documents/GitHub/3D-Platformer-Semester-2/3DPlatformer/Content/ThirdPerson/Levels/HubLevel.umap" 4368
"../../../Engine/Plugins/FX/Niagara/Content/Modules/Emitter/SpawnRate.uasset" 4369
"../../../Engine/Plugins/FX/Niagara/Content/Enums/Wind/ENiagaraWindTurbulenceFrequencyMode.uasset" 4370
"C:/Users/conor/OneDrive/Desktop/Documents/GitHub/3D-Platformer-Semester-2/3DPlatformer/Content/ThirdPerson/Blueprints/Particles/Dust_System.uasset" 4371
"C:/Users/conor/OneDrive/Desktop/Documents/GitHub/3D-Platformer-Semester-2/3DPlatformer/Content/BluePrints/BP_LockedLevelentranceBox.uasset" 4372
"/Niagara/VectorFields/Assets/TilingCurl64" 4373
"../../../Engine/Content/EngineDebugMaterials/BlackUnlitMaterial.uasset" 4374
"/Niagara/DynamicInputs/UniformRange/V2/RandomRangeVector" 4375
"/Game/Sounds/House/White_Noise_Clip_for_30_Seconds" 4376
"/Game/Fab/Trapdoor/source/TrapDoor" 4377
"/Game/ThirdPerson/Levels/AtticAssets/atticsupport_Mat" 4378
"/Game/ThirdPerson/Levels/AtticAssets/atticwall_Mat" 4379
"C:/Users/conor/OneDrive/Desktop/Documents/GitHub/3D-Platformer-Semester-2/3DPlatformer/Content/ThirdPerson/Levels/ChaseSceneAssets/BP_ChasePoolBall.uasset" 4380
"C:/Users/conor/OneDrive/Desktop/Documents/GitHub/3D-Platformer-Semester-2/3DPlatformer/Content/ThirdPerson/Levels/ChaseSceneAssets/BP_WallTrigger.uasset" 4381
"/Game/BluePrints/BP_LockedLevelentranceBox" 4382
"C:/Users/conor/OneDrive/Desktop/Documents/GitHub/3D-Platformer-Semester-2/3DPlatformer/Content/ThirdPerson/Levels/ChaseSceneAssets/BP_ExtendingWall.uasset" 4383
"C:/Users/conor/OneDrive/Desktop/Documents/GitHub/3D-Platformer-Semester-2/3DPlatformer/Content/ThirdPerson/Levels/HubLevelUpStairs.umap" 4384
"C:/Users/conor/OneDrive/Desktop/Documents/GitHub/3D-Platformer-Semester-2/3DPlatformer/Content/__ExternalActors__/ThirdPerson/Lvl_ThirdPerson/D/RI/R8L7GQXCHQGMMKBPTBJTNA.uasset" 4385
"C:/Users/conor/OneDrive/Desktop/Documents/GitHub/3D-Platformer-Semester-2/3DPlatformer/Content/ThirdPerson/Levels/Music/UpstairsChaseMusic.uasset" 4386
"C:/Users/conor/OneDrive/Desktop/Documents/GitHub/3D-Platformer-Semester-2/3DPlatformer/Content/ThirdPerson/Levels/ChaseSceneAssets/Levels/ChaseUpstairs.umap" 4387
"C:/Users/conor/OneDrive/Desktop/Documents/GitHub/3D-Platformer-Semester-2/3DPlatformer/Content/Input/Touch/UI_Thumbstick.uasset" 4388
"../../../Engine/Content/MobileResources/HUD/VirtualJoystick_Background.uasset" 4389
"../../../Engine/Content/MobileResources/HUD/VirtualJoystick_Thumb.uasset" 4390
"/Niagara/Modules/Update/Forces/AerodynamicDrag" 4391
"../../../Engine/Plugins/FX/Niagara/Content/VectorFields/Assets/TilingCurl16.uasset" 4392
"../../../Engine/Plugins/FX/Niagara/Content/VectorFields/Assets/TilingCurl32.uasset" 4393
"/Niagara/Enums/ENiagaraCurlNoiseQuality" 4394
"/Niagara/Enums/Wind/ENiagaraWindTurbulenceMode" 4395
"/Niagara/Enums/Wind/ENiagaraWindTurbulenceFrequencyMode" 4396
"/Niagara/Enums/Wind/ENiagaraWindTurbulenceContributionMode" 4397
"/Niagara/Enums/Wind/ENiagaraWindOffsetMode" 4398
"/Niagara/Enums/Wind/ENiagaraWindGroundMaskMode" 4399
"/Game/ThirdPerson/Levels/Attic" 4400
"/Niagara/Enums/Wind/ENiagaraWindFrictionMode" 4401
"/Niagara/Enums/Wind/ENiagaraWindFrictionDistanceMode" 4402
"/Niagara/Enums/Wind/ENiagaraWindCombingMode" 4403
"C:/Users/conor/OneDrive/Desktop/Documents/GitHub/3D-Platformer-Semester-2/3DPlatformer/Content/ThirdPerson/Lvl_ThirdPerson.umap" 4404
"C:/Users/conor/OneDrive/Desktop/Documents/GitHub/3D-Platformer-Semester-2/3DPlatformer/Content/Input/Touch/UI_TouchSimple.uasset" 4405
"/Niagara/Modules/Update/Forces/WindForce" 4406
"C:/Users/conor/OneDrive/Desktop/Documents/GitHub/3D-Platformer-Semester-2/3DPlatformer/Content/Input/IMC_MouseLook.uasset" 4407
"C:/Users/conor/OneDrive/Desktop/Documents/GitHub/3D-Platformer-Semester-2/3DPlatformer/Content/Fab/KenneySurvivalPack/FBX_format/tree.uasset" 4408
"C:/Users/conor/OneDrive/Desktop/Documents/GitHub/3D-Platformer-Semester-2/3DPlatformer/Content/Input/IMC_Default.uasset" 4409
"C:/Users/conor/OneDrive/Desktop/Documents/GitHub/3D-Platformer-Semester-2/3DPlatformer/Content/Fab/KenneySurvivalPack/FBX_format/tree-autumn.uasset" 4410
"C:/Users/conor/OneDrive/Desktop/Documents/GitHub/3D-Platformer-Semester-2/3DPlatformer/Content/Enemies/BP_Enemy.uasset" 4411
"C:/Users/conor/OneDrive/Desktop/Documents/GitHub/3D-Platformer-Semester-2/3DPlatformer/Content/ThirdPerson/Blueprints/BP_ThirdPersonGameMode.uasset" 4412
"C:/Users/conor/OneDrive/Desktop/Documents/GitHub/3D-Platformer-Semester-2/3DPlatformer/Content/ThirdPerson/EndGameScreen.umap" 4413
"../../../Engine/Content/EngineSounds/Submixes/MasterReverbEffectPreset.uasset" 4414
"../../../Engine/Content/EngineSounds/Submixes/MasterEQEffectPreset.uasset" 4415
"../../../Engine/Content/EngineSounds/Submixes/MasterEQSubmixDefault.uasset" 4416
"C:/Users/conor/OneDrive/Desktop/Documents/GitHub/3D-Platformer-Semester-2/3DPlatformer/Content/ThirdPerson/Blueprints/BP_ThirdPersonPlayerController.uasset" 4417
"../../../Engine/Content/EngineSounds/Submixes/MasterSubmixDefault.uasset" 4418
"../../../Engine/Content/EngineSounds/Submixes/MasterReverbSubmixDefault.uasset" 4419
"/Engine/MobileResources/HUD/VirtualJoystick_Thumb" 4420
"/Game/ThirdPerson/Levels/HubLevel" 4421
"/Game/Input/Touch/UI_Thumbstick" 4422
"/Game/ThirdPerson/Levels/ChaseSceneAssets/Levels/ChaseUpstairs" 4423
"/Game/ThirdPerson/Levels/HubLevelUpStairs" 4424
"C:/Users/conor/OneDrive/Desktop/Documents/GitHub/3D-Platformer-Semester-2/3DPlatformer/Content/ThirdPerson/Levels/MenuScreenLevel.umap" 4425
"C:/Users/conor/OneDrive/Desktop/Documents/GitHub/3D-Platformer-Semester-2/3DPlatformer/Content/ThirdPerson/Levels/CassettePlayerLevel.umap" 4426
"C:/Users/conor/OneDrive/Desktop/Documents/GitHub/3D-Platformer-Semester-2/3DPlatformer/Content/Sounds/TapeScript/BenTapeRecording.uasset" 4427
"C:/Users/conor/OneDrive/Desktop/Documents/GitHub/3D-Platformer-Semester-2/3DPlatformer/Content/Fab/Card/source/spades-A_Cards/Materials/49.uasset" 4428
"C:/Users/conor/OneDrive/Desktop/Documents/GitHub/3D-Platformer-Semester-2/3DPlatformer/Content/Fab/Card/source/spades-A_Cards/Textures/texture166.uasset" 4429
"../../../Engine/Plugins/Interchange/Assets/Content/gltf/MaterialInstances/MI_ClearCoat_Mask.uasset" 4430
"../../../Engine/Plugins/Interchange/Assets/Content/gltf/MaterialInstances/MI_ClearCoat_Blend.uasset" 4431
"../../../Engine/Plugins/Interchange/Assets/Content/gltf/MaterialInstances/MI_ClearCoat_Mask_DS.uasset" 4432
"../../../Engine/Plugins/Interchange/Assets/Content/gltf/MaterialInstances/MI_SpecularGlossiness_Mask_DS.uasset" 4433
"../../../Engine/Plugins/Interchange/Assets/Content/gltf/MaterialInstances/MI_ClearCoat_Blend_DS.uasset" 4434
"../../../Engine/Plugins/Interchange/Assets/Content/gltf/MaterialInstances/MI_ClearCoat_Opaque.uasset" 4435
"../../../Engine/Plugins/Interchange/Assets/Content/gltf/MaterialInstances/MI_Default_Mask_DS.uasset" 4436
"../../../Engine/Plugins/Interchange/Assets/Content/gltf/MaterialInstances/MI_Default_Mask.uasset" 4437
"../../../Engine/Plugins/Interchange/Assets/Content/gltf/MaterialInstances/MI_Default_Opaque.uasset" 4438
"../../../Engine/Plugins/Interchange/Assets/Content/gltf/MaterialInstances/MI_Default_Blend.uasset" 4439
"../../../Engine/Plugins/Interchange/Assets/Content/gltf/MaterialFunctions/MF_Sheen.uasset" 4440
"/Engine/EngineSounds/Submixes/MasterReverbSubmixDefault" 4441
"/Game/__ExternalActors__/ThirdPerson/Lvl_ThirdPerson/D/RI/R8L7GQXCHQGMMKBPTBJTNA" 4442
"/Game/Enemies/BP_Enemy" 4443
"/Game/ThirdPerson/EndGameScreen" 4444
"/InterchangeAssets/gltf/MaterialFunctions/MF_Sheen" 4445
"/InterchangeAssets/gltf/MaterialInstances/MI_Default_Mask_DS" 4446
"/InterchangeAssets/gltf/MaterialInstances/MI_Default_Blend" 4447
"/InterchangeAssets/gltf/MaterialInstances/MI_Default_Mask" 4448
"/InterchangeAssets/gltf/MaterialInstances/MI_Default_Opaque" 4449
"/InterchangeAssets/gltf/MaterialInstances/MI_ClearCoat_Blend_DS" 4450
"/InterchangeAssets/gltf/MaterialInstances/MI_ClearCoat_Mask_DS" 4451
"../../../Engine/Plugins/Interchange/Assets/Content/gltf/MaterialInstances/MI_Sheen_Mask.uasset" 4452
"../../../Engine/Plugins/Interchange/Assets/Content/gltf/MaterialInstances/MI_Sheen_Opaque.uasset" 4453
"../../../Engine/Plugins/Interchange/Assets/Content/gltf/MaterialBodies/MF_Sheen_Body.uasset" 4454
"../../../Engine/Plugins/Interchange/Assets/Content/gltf/M_Sheen.uasset" 4455
"/Game/__ExternalActors__/ThirdPerson/Lvl_ThirdPerson/0/9R/UKIMD8EYGPZFS8OC6GX24A" 4456
"C:/Users/conor/OneDrive/Desktop/Documents/GitHub/3D-Platformer-Semester-2/3DPlatformer/Content/__ExternalActors__/ThirdPerson/Lvl_ThirdPerson/0/9R/UKIMD8EYGPZFS8OC6GX24A.uasset" 4457
"C:/Users/conor/OneDrive/Desktop/Documents/GitHub/3D-Platformer-Semester-2/3DPlatformer/Content/ThirdPerson/MI_ThirdPersonColWay.uasset" 4458
"C:/Users/conor/OneDrive/Desktop/Documents/GitHub/3D-Platformer-Semester-2/3DPlatformer/Content/LevelPrototyping/Materials/MI_DefaultColorway.uasset" 4459
"C:/Users/conor/OneDrive/Desktop/Documents/GitHub/3D-Platformer-Semester-2/3DPlatformer/Content/LevelPrototyping/Materials/M_FlatCol.uasset" 4460
"/Game/__ExternalActors__/ThirdPerson/Lvl_ThirdPerson/1/EU/X5MT1GOX9C5UUGZAKRVC3R" 4461
"C:/Users/conor/OneDrive/Desktop/Documents/GitHub/3D-Platformer-Semester-2/3DPlatformer/Content/__ExternalActors__/ThirdPerson/Lvl_ThirdPerson/1/EU/X5MT1GOX9C5UUGZAKRVC3R.uasset" 4462
"/Game/__ExternalActors__/ThirdPerson/Lvl_ThirdPerson/1/K3/79QZQ7KG2RXNWMD6RSPKUM" 4463
"C:/Users/conor/OneDrive/Desktop/Documents/GitHub/3D-Platformer-Semester-2/3DPlatformer/Content/__ExternalActors__/ThirdPerson/Lvl_ThirdPerson/1/K3/79QZQ7KG2RXNWMD6RSPKUM.uasset" 4464
"/Game/__ExternalActors__/ThirdPerson/Lvl_ThirdPerson/1/KL/UYSRPQ5SOYIFVLEQINPH31" 4465
"C:/Users/conor/OneDrive/Desktop/Documents/GitHub/3D-Platformer-Semester-2/3DPlatformer/Content/__ExternalActors__/ThirdPerson/Lvl_ThirdPerson/1/KL/UYSRPQ5SOYIFVLEQINPH31.uasset" 4466
"/Game/__ExternalActors__/ThirdPerson/Lvl_ThirdPerson/1/MV/2U2IE6JXO1320Q32RJQKSE" 4467
"C:/Users/conor/OneDrive/Desktop/Documents/GitHub/3D-Platformer-Semester-2/3DPlatformer/Content/__ExternalActors__/ThirdPerson/Lvl_ThirdPerson/1/MV/2U2IE6JXO1320Q32RJQKSE.uasset" 4468
"/Game/__ExternalActors__/ThirdPerson/Lvl_ThirdPerson/1/X5/JDOWWCJ7DZVSHT4Y29GQ4D" 4469
"C:/Users/conor/OneDrive/Desktop/Documents/GitHub/3D-Platformer-Semester-2/3DPlatformer/Content/__ExternalActors__/ThirdPerson/Lvl_ThirdPerson/1/X5/JDOWWCJ7DZVSHT4Y29GQ4D.uasset" 4470
"/Game/__ExternalActors__/ThirdPerson/Lvl_ThirdPerson/2/AM/9YGDW7FMEY1CZD31VUYO11" 4471
"C:/Users/conor/OneDrive/Desktop/Documents/GitHub/3D-Platformer-Semester-2/3DPlatformer/Content/__ExternalActors__/ThirdPerson/Lvl_ThirdPerson/2/AM/9YGDW7FMEY1CZD31VUYO11.uasset" 4472
"../../../Engine/Content/EngineSky/M_SimpleSkyDome.uasset" 4473
"../../../Engine/Content/EngineSky/SM_SkySphere.uasset" 4474
"../../../Engine/Content/EngineSky/M_Sky_Panning_Clouds2.uasset" 4475
"../../../Engine/Content/EngineSky/T_Sky_Blue.uasset" 4476
"../../../Engine/Content/EngineSky/T_Sky_Clouds_M.uasset" 4477
"../../../Engine/Content/EngineSky/T_Sky_Stars.uasset" 4478
"/Game/__ExternalActors__/ThirdPerson/Lvl_ThirdPerson/2/AX/QEPSHOMS1K2ANUR3LXWOJM" 4479
"C:/Users/conor/OneDrive/Desktop/Documents/GitHub/3D-Platformer-Semester-2/3DPlatformer/Content/__ExternalActors__/ThirdPerson/Lvl_ThirdPerson/2/AX/QEPSHOMS1K2ANUR3LXWOJM.uasset" 4480
"/Game/__ExternalActors__/ThirdPerson/Lvl_ThirdPerson/2/TV/DYUIEBPX2N8UFXT326WX2O" 4481
"C:/Users/conor/OneDrive/Desktop/Documents/GitHub/3D-Platformer-Semester-2/3DPlatformer/Content/__ExternalActors__/ThirdPerson/Lvl_ThirdPerson/2/TV/DYUIEBPX2N8UFXT326WX2O.uasset" 4482
"/Game/__ExternalActors__/ThirdPerson/Lvl_ThirdPerson/2/V0/9XTUAMN5S6UUCFB5K0ZGZM" 4483
"C:/Users/conor/OneDrive/Desktop/Documents/GitHub/3D-Platformer-Semester-2/3DPlatformer/Content/__ExternalActors__/ThirdPerson/Lvl_ThirdPerson/2/V0/9XTUAMN5S6UUCFB5K0ZGZM.uasset" 4484
"/Game/__ExternalActors__/ThirdPerson/Lvl_ThirdPerson/3/0N/NTRPN55OWWUSD03K29ZOSH" 4485
"C:/Users/conor/OneDrive/Desktop/Documents/GitHub/3D-Platformer-Semester-2/3DPlatformer/Content/__ExternalActors__/ThirdPerson/Lvl_ThirdPerson/3/0N/NTRPN55OWWUSD03K29ZOSH.uasset" 4486
"/Game/__ExternalActors__/ThirdPerson/Lvl_ThirdPerson/3/C5/3LNK9WKCBL4YVMWIBXQZ1I" 4487
"C:/Users/conor/OneDrive/Desktop/Documents/GitHub/3D-Platformer-Semester-2/3DPlatformer/Content/__ExternalActors__/ThirdPerson/Lvl_ThirdPerson/3/C5/3LNK9WKCBL4YVMWIBXQZ1I.uasset" 4488
"/Game/__ExternalActors__/ThirdPerson/Lvl_ThirdPerson/3/D3/XWEMBL7KZTNQP83W1KTMXE" 4489
"C:/Users/conor/OneDrive/Desktop/Documents/GitHub/3D-Platformer-Semester-2/3DPlatformer/Content/__ExternalActors__/ThirdPerson/Lvl_ThirdPerson/3/D3/XWEMBL7KZTNQP83W1KTMXE.uasset" 4490
"/Game/__ExternalActors__/ThirdPerson/Lvl_ThirdPerson/3/E2/L159AMTR83MORHTF2GEOKE" 4491
"C:/Users/conor/OneDrive/Desktop/Documents/GitHub/3D-Platformer-Semester-2/3DPlatformer/Content/__ExternalActors__/ThirdPerson/Lvl_ThirdPerson/3/E2/L159AMTR83MORHTF2GEOKE.uasset" 4492
"/Game/__ExternalActors__/ThirdPerson/Lvl_ThirdPerson/3/L5/790AP8RYBMX9YBLGTW6WE6" 4493
"C:/Users/conor/OneDrive/Desktop/Documents/GitHub/3D-Platformer-Semester-2/3DPlatformer/Content/__ExternalActors__/ThirdPerson/Lvl_ThirdPerson/3/L5/790AP8RYBMX9YBLGTW6WE6.uasset" 4494
"/Game/__ExternalActors__/ThirdPerson/Lvl_ThirdPerson/3/RO/EOIS3Q4YH8MXQ7806NB2LE" 4495
"C:/Users/conor/OneDrive/Desktop/Documents/GitHub/3D-Platformer-Semester-2/3DPlatformer/Content/__ExternalActors__/ThirdPerson/Lvl_ThirdPerson/3/RO/EOIS3Q4YH8MXQ7806NB2LE.uasset" 4496
"/Game/__ExternalActors__/ThirdPerson/Lvl_ThirdPerson/4/CQ/I205QOSSXONYWBP69RVMVA" 4497
"C:/Users/conor/OneDrive/Desktop/Documents/GitHub/3D-Platformer-Semester-2/3DPlatformer/Content/__ExternalActors__/ThirdPerson/Lvl_ThirdPerson/4/CQ/I205QOSSXONYWBP69RVMVA.uasset" 4498
"/Game/__ExternalActors__/ThirdPerson/Lvl_ThirdPerson/5/25/3IO0LF8AOO4YLSEAEN2JO1" 4499
"C:/Users/conor/OneDrive/Desktop/Documents/GitHub/3D-Platformer-Semester-2/3DPlatformer/Content/__ExternalActors__/ThirdPerson/Lvl_ThirdPerson/5/25/3IO0LF8AOO4YLSEAEN2JO1.uasset" 4500
"/Game/__ExternalActors__/ThirdPerson/Lvl_ThirdPerson/5/9M/BJR5SDQDQW7QDFFPNUUMNX" 4501
"C:/Users/conor/OneDrive/Desktop/Documents/GitHub/3D-Platformer-Semester-2/3DPlatformer/Content/__ExternalActors__/ThirdPerson/Lvl_ThirdPerson/5/9M/BJR5SDQDQW7QDFFPNUUMNX.uasset" 4502
"/Game/__ExternalActors__/ThirdPerson/Lvl_ThirdPerson/5/KG/ETKAO35ANVW90XFH3J8GJ2" 4503
"C:/Users/conor/OneDrive/Desktop/Documents/GitHub/3D-Platformer-Semester-2/3DPlatformer/Content/__ExternalActors__/ThirdPerson/Lvl_ThirdPerson/5/KG/ETKAO35ANVW90XFH3J8GJ2.uasset" 4504
"/Game/__ExternalActors__/ThirdPerson/Lvl_ThirdPerson/5/W9/ZAAGYIUQZ2W6WEO3HPXAX7" 4505
"C:/Users/conor/OneDrive/Desktop/Documents/GitHub/3D-Platformer-Semester-2/3DPlatformer/Content/__ExternalActors__/ThirdPerson/Lvl_ThirdPerson/5/W9/ZAAGYIUQZ2W6WEO3HPXAX7.uasset" 4506
"/Game/__ExternalActors__/ThirdPerson/Lvl_ThirdPerson/6/3C/KAT90QYQLFOHNMOF9BEDZK" 4507
"C:/Users/conor/OneDrive/Desktop/Documents/GitHub/3D-Platformer-Semester-2/3DPlatformer/Content/__ExternalActors__/ThirdPerson/Lvl_ThirdPerson/6/3C/KAT90QYQLFOHNMOF9BEDZK.uasset" 4508
"/Game/__ExternalActors__/ThirdPerson/Lvl_ThirdPerson/6/40/2ATUGAEUL3BT1LWMCPW5DB" 4509
"C:/Users/conor/OneDrive/Desktop/Documents/GitHub/3D-Platformer-Semester-2/3DPlatformer/Content/__ExternalActors__/ThirdPerson/Lvl_ThirdPerson/6/40/2ATUGAEUL3BT1LWMCPW5DB.uasset" 4510
"/Game/__ExternalActors__/ThirdPerson/Lvl_ThirdPerson/6/74/3KAMC8SI00DXNHNPHNSBTF" 4511
"C:/Users/conor/OneDrive/Desktop/Documents/GitHub/3D-Platformer-Semester-2/3DPlatformer/Content/__ExternalActors__/ThirdPerson/Lvl_ThirdPerson/6/74/3KAMC8SI00DXNHNPHNSBTF.uasset" 4512
"/Game/__ExternalActors__/ThirdPerson/Lvl_ThirdPerson/6/8I/HFL05AWIVBP8M8UXTV4H5K" 4513
"C:/Users/conor/OneDrive/Desktop/Documents/GitHub/3D-Platformer-Semester-2/3DPlatformer/Content/__ExternalActors__/ThirdPerson/Lvl_ThirdPerson/6/8I/HFL05AWIVBP8M8UXTV4H5K.uasset" 4514
"/Game/__ExternalActors__/ThirdPerson/Lvl_ThirdPerson/6/G9/77SUGCMHUBU5E7FP1DLCVD" 4515
"C:/Users/conor/OneDrive/Desktop/Documents/GitHub/3D-Platformer-Semester-2/3DPlatformer/Content/__ExternalActors__/ThirdPerson/Lvl_ThirdPerson/6/G9/77SUGCMHUBU5E7FP1DLCVD.uasset" 4516
"/Game/__ExternalActors__/ThirdPerson/Lvl_ThirdPerson/6/UK/OT5UOZ3WBJ9P30TU3DBDEK" 4517
"C:/Users/conor/OneDrive/Desktop/Documents/GitHub/3D-Platformer-Semester-2/3DPlatformer/Content/__ExternalActors__/ThirdPerson/Lvl_ThirdPerson/6/UK/OT5UOZ3WBJ9P30TU3DBDEK.uasset" 4518
"/Game/__ExternalActors__/ThirdPerson/Lvl_ThirdPerson/6/XM/SN8KJL01L24VVIYC52MNFR" 4519
"C:/Users/conor/OneDrive/Desktop/Documents/GitHub/3D-Platformer-Semester-2/3DPlatformer/Content/__ExternalActors__/ThirdPerson/Lvl_ThirdPerson/6/XM/SN8KJL01L24VVIYC52MNFR.uasset" 4520
"/Game/__ExternalActors__/ThirdPerson/Lvl_ThirdPerson/6/YB/C5UDZYKFL5M0YW62JXMPIZ" 4521
"C:/Users/conor/OneDrive/Desktop/Documents/GitHub/3D-Platformer-Semester-2/3DPlatformer/Content/__ExternalActors__/ThirdPerson/Lvl_ThirdPerson/6/YB/C5UDZYKFL5M0YW62JXMPIZ.uasset" 4522
"/Game/__ExternalActors__/ThirdPerson/Lvl_ThirdPerson/6/YB/PM8P9W82FDPBYCTXZMJZRX" 4523
"C:/Users/conor/OneDrive/Desktop/Documents/GitHub/3D-Platformer-Semester-2/3DPlatformer/Content/__ExternalActors__/ThirdPerson/Lvl_ThirdPerson/6/YB/PM8P9W82FDPBYCTXZMJZRX.uasset" 4524
"/Game/__ExternalActors__/ThirdPerson/Lvl_ThirdPerson/7/GV/W5DNM2FP1ON7VGU0C2BGMV" 4525
"C:/Users/conor/OneDrive/Desktop/Documents/GitHub/3D-Platformer-Semester-2/3DPlatformer/Content/__ExternalActors__/ThirdPerson/Lvl_ThirdPerson/7/GV/W5DNM2FP1ON7VGU0C2BGMV.uasset" 4526
"/Game/__ExternalActors__/ThirdPerson/Lvl_ThirdPerson/7/JD/OCW0UZT4ANZZD9YHEAOMAP" 4527
"C:/Users/conor/OneDrive/Desktop/Documents/GitHub/3D-Platformer-Semester-2/3DPlatformer/Content/__ExternalActors__/ThirdPerson/Lvl_ThirdPerson/7/JD/OCW0UZT4ANZZD9YHEAOMAP.uasset" 4528
"/Game/__ExternalActors__/ThirdPerson/Lvl_ThirdPerson/7/O7/IHUOIGG1MW1YZY097JJ8O7" 4529
"C:/Users/conor/OneDrive/Desktop/Documents/GitHub/3D-Platformer-Semester-2/3DPlatformer/Content/__ExternalActors__/ThirdPerson/Lvl_ThirdPerson/7/O7/IHUOIGG1MW1YZY097JJ8O7.uasset" 4530
"/Game/__ExternalActors__/ThirdPerson/Lvl_ThirdPerson/7/XU/RW3P9HUUCOCG5TL3TPG6XF" 4531
"C:/Users/conor/OneDrive/Desktop/Documents/GitHub/3D-Platformer-Semester-2/3DPlatformer/Content/__ExternalActors__/ThirdPerson/Lvl_ThirdPerson/7/XU/RW3P9HUUCOCG5TL3TPG6XF.uasset" 4532
"/Game/__ExternalActors__/ThirdPerson/Lvl_ThirdPerson/8/0N/1OONKTGJMLVBN21M6JE59I" 4533
"C:/Users/conor/OneDrive/Desktop/Documents/GitHub/3D-Platformer-Semester-2/3DPlatformer/Content/__ExternalActors__/ThirdPerson/Lvl_ThirdPerson/8/0N/1OONKTGJMLVBN21M6JE59I.uasset" 4534
"/Game/__ExternalActors__/ThirdPerson/Lvl_ThirdPerson/8/7A/C0UVMH95QVQO1KMTVK7MSB" 4535
"C:/Users/conor/OneDrive/Desktop/Documents/GitHub/3D-Platformer-Semester-2/3DPlatformer/Content/__ExternalActors__/ThirdPerson/Lvl_ThirdPerson/8/7A/C0UVMH95QVQO1KMTVK7MSB.uasset" 4536
"/Game/__ExternalActors__/ThirdPerson/Lvl_ThirdPerson/8/HN/XXZLD30WH49IXWEHJXSVAR" 4537
"C:/Users/conor/OneDrive/Desktop/Documents/GitHub/3D-Platformer-Semester-2/3DPlatformer/Content/__ExternalActors__/ThirdPerson/Lvl_ThirdPerson/8/HN/XXZLD30WH49IXWEHJXSVAR.uasset" 4538
"/Game/__ExternalActors__/ThirdPerson/Lvl_ThirdPerson/8/VS/XX060WNO6GEZU5BZQCLZPP" 4539
"C:/Users/conor/OneDrive/Desktop/Documents/GitHub/3D-Platformer-Semester-2/3DPlatformer/Content/__ExternalActors__/ThirdPerson/Lvl_ThirdPerson/8/VS/XX060WNO6GEZU5BZQCLZPP.uasset" 4540
"/Game/__ExternalActors__/ThirdPerson/Lvl_ThirdPerson/8/WI/FHUVUALB8C8XRJ0PY9XXTI" 4541
"C:/Users/conor/OneDrive/Desktop/Documents/GitHub/3D-Platformer-Semester-2/3DPlatformer/Content/__ExternalActors__/ThirdPerson/Lvl_ThirdPerson/8/WI/FHUVUALB8C8XRJ0PY9XXTI.uasset" 4542
"/Game/__ExternalActors__/ThirdPerson/Lvl_ThirdPerson/8/XH/SKCKQTQDTE8ZNW6C0FCBRO" 4543
"C:/Users/conor/OneDrive/Desktop/Documents/GitHub/3D-Platformer-Semester-2/3DPlatformer/Content/__ExternalActors__/ThirdPerson/Lvl_ThirdPerson/8/XH/SKCKQTQDTE8ZNW6C0FCBRO.uasset" 4544
"/Game/__ExternalActors__/ThirdPerson/Lvl_ThirdPerson/9/5G/29Z6AXUGZPZ0CXHLK2DICG" 4545
"C:/Users/conor/OneDrive/Desktop/Documents/GitHub/3D-Platformer-Semester-2/3DPlatformer/Content/__ExternalActors__/ThirdPerson/Lvl_ThirdPerson/9/5G/29Z6AXUGZPZ0CXHLK2DICG.uasset" 4546
"/Game/__ExternalActors__/ThirdPerson/Lvl_ThirdPerson/9/6V/AV0JKCFBVPU58UEBGB0GC0" 4547
"C:/Users/conor/OneDrive/Desktop/Documents/GitHub/3D-Platformer-Semester-2/3DPlatformer/Content/__ExternalActors__/ThirdPerson/Lvl_ThirdPerson/9/6V/AV0JKCFBVPU58UEBGB0GC0.uasset" 4548
"/Game/__ExternalActors__/ThirdPerson/Lvl_ThirdPerson/9/EE/OCR348BHEJWLHO72TR249H" 4549
"C:/Users/conor/OneDrive/Desktop/Documents/GitHub/3D-Platformer-Semester-2/3DPlatformer/Content/__ExternalActors__/ThirdPerson/Lvl_ThirdPerson/9/EE/OCR348BHEJWLHO72TR249H.uasset" 4550
"/Game/__ExternalActors__/ThirdPerson/Lvl_ThirdPerson/9/UM/1F7R5WQFM2D9KH7A94JFBU" 4551
"C:/Users/conor/OneDrive/Desktop/Documents/GitHub/3D-Platformer-Semester-2/3DPlatformer/Content/__ExternalActors__/ThirdPerson/Lvl_ThirdPerson/9/UM/1F7R5WQFM2D9KH7A94JFBU.uasset" 4552
"/Game/__ExternalActors__/ThirdPerson/Lvl_ThirdPerson/A/3J/Q8CQM512VVS7UZZW0KQRSV" 4553
"C:/Users/conor/OneDrive/Desktop/Documents/GitHub/3D-Platformer-Semester-2/3DPlatformer/Content/__ExternalActors__/ThirdPerson/Lvl_ThirdPerson/A/3J/Q8CQM512VVS7UZZW0KQRSV.uasset" 4554
"/Game/__ExternalActors__/ThirdPerson/Lvl_ThirdPerson/A/8N/4L4W0MLV9WFUGRTMUBLBOP" 4555
"C:/Users/conor/OneDrive/Desktop/Documents/GitHub/3D-Platformer-Semester-2/3DPlatformer/Content/__ExternalActors__/ThirdPerson/Lvl_ThirdPerson/A/8N/4L4W0MLV9WFUGRTMUBLBOP.uasset" 4556
"/Game/__ExternalActors__/ThirdPerson/Lvl_ThirdPerson/A/BN/LKN4IB4C3UPW62GHBEKTIW" 4557
"C:/Users/conor/OneDrive/Desktop/Documents/GitHub/3D-Platformer-Semester-2/3DPlatformer/Content/__ExternalActors__/ThirdPerson/Lvl_ThirdPerson/A/BN/LKN4IB4C3UPW62GHBEKTIW.uasset" 4558
"/Game/__ExternalActors__/ThirdPerson/Lvl_ThirdPerson/A/IP/MGVQPE8M923OBBJLZBI1PC" 4559
"C:/Users/conor/OneDrive/Desktop/Documents/GitHub/3D-Platformer-Semester-2/3DPlatformer/Content/__ExternalActors__/ThirdPerson/Lvl_ThirdPerson/A/IP/MGVQPE8M923OBBJLZBI1PC.uasset" 4560
"/Game/__ExternalActors__/ThirdPerson/Lvl_ThirdPerson/A/XR/XGXIG8I92B8YLQVEFPE9SS" 4561
"C:/Users/conor/OneDrive/Desktop/Documents/GitHub/3D-Platformer-Semester-2/3DPlatformer/Content/__ExternalActors__/ThirdPerson/Lvl_ThirdPerson/A/XR/XGXIG8I92B8YLQVEFPE9SS.uasset" 4562
"/Game/__ExternalActors__/ThirdPerson/Lvl_ThirdPerson/B/0L/IL99N1JAI1J4A2DFQBQL53" 4563
"C:/Users/conor/OneDrive/Desktop/Documents/GitHub/3D-Platformer-Semester-2/3DPlatformer/Content/__ExternalActors__/ThirdPerson/Lvl_ThirdPerson/B/0L/IL99N1JAI1J4A2DFQBQL53.uasset" 4564
"/Game/__ExternalActors__/ThirdPerson/Lvl_ThirdPerson/B/2F/XTDQUHCYJJV6JCH4OJSVLG" 4565
"C:/Users/conor/OneDrive/Desktop/Documents/GitHub/3D-Platformer-Semester-2/3DPlatformer/Content/__ExternalActors__/ThirdPerson/Lvl_ThirdPerson/B/2F/XTDQUHCYJJV6JCH4OJSVLG.uasset" 4566
"/Game/__ExternalActors__/ThirdPerson/Lvl_ThirdPerson/B/HX/PES0ONLF01PSQTJCC5USD2" 4567
"C:/Users/conor/OneDrive/Desktop/Documents/GitHub/3D-Platformer-Semester-2/3DPlatformer/Content/__ExternalActors__/ThirdPerson/Lvl_ThirdPerson/B/HX/PES0ONLF01PSQTJCC5USD2.uasset" 4568
"/Game/__ExternalActors__/ThirdPerson/Lvl_ThirdPerson/B/P1/LRQT09TOYHOXK9DY22EIKE" 4569
"C:/Users/conor/OneDrive/Desktop/Documents/GitHub/3D-Platformer-Semester-2/3DPlatformer/Content/__ExternalActors__/ThirdPerson/Lvl_ThirdPerson/B/P1/LRQT09TOYHOXK9DY22EIKE.uasset" 4570
"/Game/__ExternalActors__/ThirdPerson/Lvl_ThirdPerson/B/RX/297QBXCKTP06G7NIHIULK4" 4571
"C:/Users/conor/OneDrive/Desktop/Documents/GitHub/3D-Platformer-Semester-2/3DPlatformer/Content/__ExternalActors__/ThirdPerson/Lvl_ThirdPerson/B/RX/297QBXCKTP06G7NIHIULK4.uasset" 4572
"/Game/__ExternalActors__/ThirdPerson/Lvl_ThirdPerson/C/27/6ZCCZ1F7ZO6DM3C8OLVGTF" 4573
"C:/Users/conor/OneDrive/Desktop/Documents/GitHub/3D-Platformer-Semester-2/3DPlatformer/Content/__ExternalActors__/ThirdPerson/Lvl_ThirdPerson/C/27/6ZCCZ1F7ZO6DM3C8OLVGTF.uasset" 4574
"/Game/__ExternalActors__/ThirdPerson/Lvl_ThirdPerson/C/EA/QHMDJHA1B8DB4MELVGWVJN" 4575
"C:/Users/conor/OneDrive/Desktop/Documents/GitHub/3D-Platformer-Semester-2/3DPlatformer/Content/__ExternalActors__/ThirdPerson/Lvl_ThirdPerson/C/EA/QHMDJHA1B8DB4MELVGWVJN.uasset" 4576
"/Game/__ExternalActors__/ThirdPerson/Lvl_ThirdPerson/C/EE/HZ5WNBFZRJYQPUA6X8TVVT" 4577
"C:/Users/conor/OneDrive/Desktop/Documents/GitHub/3D-Platformer-Semester-2/3DPlatformer/Content/__ExternalActors__/ThirdPerson/Lvl_ThirdPerson/C/EE/HZ5WNBFZRJYQPUA6X8TVVT.uasset" 4578
"/Game/__ExternalActors__/ThirdPerson/Lvl_ThirdPerson/C/HY/Q7CPP7VHOXBAMAJI90W626" 4579
"C:/Users/conor/OneDrive/Desktop/Documents/GitHub/3D-Platformer-Semester-2/3DPlatformer/Content/__ExternalActors__/ThirdPerson/Lvl_ThirdPerson/C/HY/Q7CPP7VHOXBAMAJI90W626.uasset" 4580
"/Game/__ExternalActors__/ThirdPerson/Lvl_ThirdPerson/C/MX/Z14ZF9BPZVIZ26TBVWWBXM" 4581
"C:/Users/conor/OneDrive/Desktop/Documents/GitHub/3D-Platformer-Semester-2/3DPlatformer/Content/__ExternalActors__/ThirdPerson/Lvl_ThirdPerson/C/MX/Z14ZF9BPZVIZ26TBVWWBXM.uasset" 4582
"/Game/__ExternalActors__/ThirdPerson/Lvl_ThirdPerson/D/13/EPTYZCFZWXT7Z7XYKZ88XK" 4583
"C:/Users/conor/OneDrive/Desktop/Documents/GitHub/3D-Platformer-Semester-2/3DPlatformer/Content/__ExternalActors__/ThirdPerson/Lvl_ThirdPerson/D/13/EPTYZCFZWXT7Z7XYKZ88XK.uasset" 4584
"/Game/__ExternalActors__/ThirdPerson/Lvl_ThirdPerson/D/50/395Y4QE4IIEWI3KSE3SB6L" 4585
"C:/Users/conor/OneDrive/Desktop/Documents/GitHub/3D-Platformer-Semester-2/3DPlatformer/Content/__ExternalActors__/ThirdPerson/Lvl_ThirdPerson/D/50/395Y4QE4IIEWI3KSE3SB6L.uasset" 4586
"/Game/__ExternalActors__/ThirdPerson/Lvl_ThirdPerson/D/8U/VKFLMM0CV8ZCC0P3TQGTTM" 4587
"C:/Users/conor/OneDrive/Desktop/Documents/GitHub/3D-Platformer-Semester-2/3DPlatformer/Content/__ExternalActors__/ThirdPerson/Lvl_ThirdPerson/D/8U/VKFLMM0CV8ZCC0P3TQGTTM.uasset" 4588
"/Game/__ExternalActors__/ThirdPerson/Lvl_ThirdPerson/D/AY/KLCRMXKI9WR2P0GDY96C36" 4589
"C:/Users/conor/OneDrive/Desktop/Documents/GitHub/3D-Platformer-Semester-2/3DPlatformer/Content/__ExternalActors__/ThirdPerson/Lvl_ThirdPerson/D/AY/KLCRMXKI9WR2P0GDY96C36.uasset" 4590
"/Game/__ExternalActors__/ThirdPerson/Lvl_ThirdPerson/D/K5/NQBPXM7AM8N39CBW4ZT57P" 4591
"C:/Users/conor/OneDrive/Desktop/Documents/GitHub/3D-Platformer-Semester-2/3DPlatformer/Content/__ExternalActors__/ThirdPerson/Lvl_ThirdPerson/D/K5/NQBPXM7AM8N39CBW4ZT57P.uasset" 4592
"../../../Engine/Content/MapTemplates/SM_Template_Map_Floor.uasset" 4593
"/Game/__ExternalActors__/ThirdPerson/Lvl_ThirdPerson/D/M3/6T1XG4EDG4ZEE1U9HMYL4C" 4594
"C:/Users/conor/OneDrive/Desktop/Documents/GitHub/3D-Platformer-Semester-2/3DPlatformer/Content/__ExternalActors__/ThirdPerson/Lvl_ThirdPerson/D/M3/6T1XG4EDG4ZEE1U9HMYL4C.uasset" 4595
"/Game/__ExternalActors__/ThirdPerson/Lvl_ThirdPerson/D/MG/EDRUPW3EOYDDSI6HNSIVT1" 4596
"C:/Users/conor/OneDrive/Desktop/Documents/GitHub/3D-Platformer-Semester-2/3DPlatformer/Content/__ExternalActors__/ThirdPerson/Lvl_ThirdPerson/D/MG/EDRUPW3EOYDDSI6HNSIVT1.uasset" 4597
"/Game/__ExternalActors__/ThirdPerson/Lvl_ThirdPerson/E/96/RFQP83S9K0LC7IW8CXS6C0" 4598
"C:/Users/conor/OneDrive/Desktop/Documents/GitHub/3D-Platformer-Semester-2/3DPlatformer/Content/__ExternalActors__/ThirdPerson/Lvl_ThirdPerson/E/96/RFQP83S9K0LC7IW8CXS6C0.uasset" 4599
"/Game/__ExternalActors__/ThirdPerson/Lvl_ThirdPerson/E/JR/W7S9610Y7RWELGF93FZYAE" 4600
"C:/Users/conor/OneDrive/Desktop/Documents/GitHub/3D-Platformer-Semester-2/3DPlatformer/Content/__ExternalActors__/ThirdPerson/Lvl_ThirdPerson/E/JR/W7S9610Y7RWELGF93FZYAE.uasset" 4601
"/Game/__ExternalActors__/ThirdPerson/Lvl_ThirdPerson/E/K3/PC9LIR93R8RWBKL1GLVCP1" 4602
"C:/Users/conor/OneDrive/Desktop/Documents/GitHub/3D-Platformer-Semester-2/3DPlatformer/Content/__ExternalActors__/ThirdPerson/Lvl_ThirdPerson/E/K3/PC9LIR93R8RWBKL1GLVCP1.uasset" 4603
"/Game/__ExternalActors__/ThirdPerson/Lvl_ThirdPerson/E/SS/QXUZ4IXFNKHCYFWERA1HQA" 4604
"C:/Users/conor/OneDrive/Desktop/Documents/GitHub/3D-Platformer-Semester-2/3DPlatformer/Content/__ExternalActors__/ThirdPerson/Lvl_ThirdPerson/E/SS/QXUZ4IXFNKHCYFWERA1HQA.uasset" 4605
"/Game/__ExternalActors__/ThirdPerson/Lvl_ThirdPerson/F/4G/TYFCMQ9MC435YW6FZBF5FS" 4606
"C:/Users/conor/OneDrive/Desktop/Documents/GitHub/3D-Platformer-Semester-2/3DPlatformer/Content/__ExternalActors__/ThirdPerson/Lvl_ThirdPerson/F/4G/TYFCMQ9MC435YW6FZBF5FS.uasset" 4607
"/InterchangeAssets/gltf/MaterialInstances/MI_ClearCoat_Blend" 4608
"/InterchangeAssets/gltf/MaterialInstances/MI_ClearCoat_Mask" 4609
"/InterchangeAssets/gltf/MaterialInstances/MI_ClearCoat_Opaque" 4610
"/Game/ThirdPerson/Levels/MenuScreenLevel" 4611
"/Game/ThirdPerson/Levels/CassettePlayerLevel" 4612
"/Game/Fab/Card/source/spades-A_Cards/Materials/49" 4613
"../../../Engine/Plugins/Interchange/Assets/Content/gltf/M_Transmission.uasset" 4614
"../../../Engine/Plugins/Interchange/Assets/Content/gltf/MaterialBodies/MF_Transmission_Body.uasset" 4615
"../../../Engine/Plugins/Interchange/Assets/Content/gltf/MaterialInstances/MI_Transmission.uasset" 4616
"../../../Engine/Content/Functions/Engine_MaterialFunctions02/Texturing/ScreenAlignedPixelToPixelUVs.uasset" 4617
"../../../Engine/Plugins/Interchange/Assets/Content/gltf/MaterialInstances/MI_Sheen_Blend.uasset" 4618
"../../../Engine/Plugins/Interchange/Assets/Content/gltf/MaterialInstances/MI_Sheen_Mask_DS.uasset" 4619
"../../../Engine/Plugins/Interchange/Assets/Content/gltf/MaterialInstances/MI_Sheen_Blend_DS.uasset" 4620
"../../../Engine/Plugins/Interchange/Assets/Content/gltf/MaterialInstances/MI_Sheen_Opaque_DS.uasset" 4621
"C:/Users/conor/OneDrive/Desktop/Documents/GitHub/3D-Platformer-Semester-2/3DPlatformer/Content/LevelPrototyping/Interactable/JumpPad/Assets/Materials/M_SimpleGlow.uasset" 4622
"C:/Users/conor/OneDrive/Desktop/Documents/GitHub/3D-Platformer-Semester-2/3DPlatformer/Content/LevelPrototyping/Interactable/JumpPad/Assets/Materials/M_GradientGlow.uasset" 4623
"C:/Users/conor/OneDrive/Desktop/Documents/GitHub/3D-Platformer-Semester-2/3DPlatformer/Content/LevelPrototyping/Interactable/JumpPad/Assets/Meshes/SM_CircularBand.uasset" 4624
"C:/Users/conor/OneDrive/Desktop/Documents/GitHub/3D-Platformer-Semester-2/3DPlatformer/Content/LevelPrototyping/Interactable/JumpPad/Assets/Meshes/SM_CircularGlow.uasset" 4625
"../../../Engine/Plugins/FX/Niagara/Content/Modules/Update/Size/ScaleMeshSize.uasset" 4626
"../../../Engine/Plugins/FX/Niagara/Content/DynamicInputs/TypeConversions/MakeVector.uasset" 4627
"../../../Engine/Plugins/Interchange/Assets/Content/gltf/MaterialFunctions/MF_Fresnel_DS.uasset" 4628
"C:/Users/conor/OneDrive/Desktop/Documents/GitHub/3D-Platformer-Semester-2/3DPlatformer/Content/LevelPrototyping/Interactable/JumpPad/Assets/NS_JumpPad.uasset" 4629
"C:/Users/conor/OneDrive/Desktop/Documents/GitHub/3D-Platformer-Semester-2/3DPlatformer/Content/Characters/Mannequins/Textures/Manny/T_Manny_02_BN.uasset" 4630
"C:/Users/conor/OneDrive/Desktop/Documents/GitHub/3D-Platformer-Semester-2/3DPlatformer/Content/Characters/Mannequins/Textures/Manny/T_Manny_02_D.uasset" 4631
"C:/Users/conor/OneDrive/Desktop/Documents/GitHub/3D-Platformer-Semester-2/3DPlatformer/Content/Characters/Mannequins/Textures/Manny/T_Manny_02_MRA.uasset" 4632
"../../../Engine/Plugins/Interchange/Assets/Content/gltf/MaterialInstances/MI_SpecularGlossiness_Mask.uasset" 4633
"C:/Users/conor/OneDrive/Desktop/Documents/GitHub/3D-Platformer-Semester-2/3DPlatformer/Content/Characters/Mannequins/Materials/Manny/MI_Manny_01_New.uasset" 4634
"../../../Engine/Plugins/Interchange/Assets/Content/gltf/MaterialInstances/MI_SpecularGlossiness_Opaque.uasset" 4635
"C:/Users/conor/OneDrive/Desktop/Documents/GitHub/3D-Platformer-Semester-2/3DPlatformer/Content/Characters/Mannequins/Materials/Manny/MI_Manny_02_New.uasset" 4636
"../../../Engine/Plugins/Interchange/Assets/Content/gltf/MaterialInstances/MI_Transmission_DS.uasset" 4637
"../../../Engine/Plugins/Interchange/Assets/Content/gltf/MaterialFunctions/MF_Transmission.uasset" 4638
"../../../Engine/Plugins/Interchange/Assets/Content/gltf/MaterialInstances/MI_SpecularGlossiness_Blend.uasset" 4639
"../../../Engine/Plugins/Interchange/Assets/Content/gltf/MaterialInstances/MI_SpecularGlossiness_Opaque_DS.uasset" 4640
"../../../Engine/Plugins/Interchange/Assets/Content/gltf/MaterialFunctions/MF_Temporal_Blur.uasset" 4641
"/InterchangeAssets/gltf/MaterialInstances/MI_Sheen_Mask" 4642
"/InterchangeAssets/gltf/MaterialInstances/MI_Sheen_Opaque" 4643
"/Game/Characters/Mannequins/Materials/Manny/MI_Manny_02_New" 4644
"C:/Users/conor/OneDrive/Desktop/Documents/GitHub/3D-Platformer-Semester-2/3DPlatformer/Content/Characters/Mannequins/Meshes/SKM_Manny_Simple.uasset" 4645
"/InterchangeAssets/gltf/MaterialInstances/MI_SpecularGlossiness_Blend" 4646
"/InterchangeAssets/gltf/MaterialInstances/MI_SpecularGlossiness_Mask" 4647
"/InterchangeAssets/gltf/MaterialInstances/MI_SpecularGlossiness_Opaque" 4648
"/InterchangeAssets/gltf/MaterialInstances/MI_Transmission_DS" 4649
"/InterchangeAssets/gltf/MaterialInstances/MI_Transmission" 4650
"/Game/LevelPrototyping/Interactable/JumpPad/Assets/NS_JumpPad" 4651
"/InterchangeAssets/gltf/MaterialInstances/MI_SpecularGlossiness_Opaque_DS" 4652
"/InterchangeAssets/gltf/MaterialInstances/MI_Sheen_Blend_DS" 4653
"/InterchangeAssets/gltf/MaterialInstances/MI_Sheen_Mask_DS" 4654
"/InterchangeAssets/gltf/MaterialInstances/MI_Sheen_Opaque_DS" 4655
"/InterchangeAssets/gltf/MaterialInstances/MI_Sheen_Blend" 4656
"../../../Engine/Content/Functions/Engine_MaterialFunctions01/Volumetrics/BeersLaw.uasset" 4657
"../../../Engine/Content/Functions/Substrate/MF_SchlickInternal.uasset" 4658
"../../../Engine/Plugins/Interchange/Assets/Content/Functions/MF_OrenNayerView.uasset" 4659
"../../../Engine/Plugins/Interchange/Assets/Content/Functions/MX_Transmission.uasset" 4660
"../../../Engine/Plugins/Interchange/Assets/Content/gltf/MaterialInstances/MI_Unlit_Mask.uasset" 4661
"../../../Engine/Plugins/Interchange/Assets/Content/Functions/MX_StandardSurface.uasset" 4662
"../../../Engine/Plugins/Interchange/Assets/Content/gltf/MaterialInstances/MI_Unlit_Blend.uasset" 4663
"../../../Engine/Plugins/Interchange/Assets/Content/gltf/MaterialInstances/MI_Unlit_Opaque.uasset" 4664
"../../../Engine/Plugins/Interchange/Assets/Content/gltf/M_Unlit.uasset" 4665
"../../../Engine/Plugins/Interchange/Assets/Content/gltf/MaterialBodies/MF_Unlit_Body.uasset" 4666
"../../../Engine/Plugins/Interchange/Assets/Content/gltf/MaterialInstances/MI_Unlit_Mask_DS.uasset" 4667
"../../../Engine/Plugins/Interchange/Assets/Content/gltf/MaterialInstances/MI_Unlit_Blend_DS.uasset" 4668
"../../../Engine/Plugins/Interchange/Assets/Content/Functions/MX_TransmissionSurface.uasset" 4669
"../../../Engine/Plugins/Interchange/Assets/Content/gltf/MaterialInstances/MI_Unlit_Opaque_DS.uasset" 4670
"../../../Engine/Plugins/Interchange/Assets/Content/Functions/MX_OpenPBR_Translucent.uasset" 4671
"/Game/Characters/Mannequins/Meshes/SKM_Manny_Simple" 4672
"/InterchangeAssets/gltf/MaterialInstances/MI_Unlit_Blend_DS" 4673
"/InterchangeAssets/gltf/MaterialInstances/MI_Unlit_Mask_DS" 4674
"/InterchangeAssets/gltf/MaterialInstances/MI_Unlit_Opaque_DS" 4675
"/InterchangeAssets/gltf/MaterialInstances/MI_Unlit_Blend" 4676
"/InterchangeAssets/gltf/MaterialInstances/MI_Unlit_Mask" 4677
"/InterchangeAssets/gltf/MaterialInstances/MI_Unlit_Opaque" 4678
"/InterchangeAssets/Functions/MX_OpenPBR_Translucent" 4679
"C:/Users/conor/OneDrive/Desktop/Documents/GitHub/3D-Platformer-Semester-2/3DPlatformer/Content/Characters/Mannequins/Anims/Rifle/AIM/MM_Rifle_Idle_ADS_AO_CC.uasset" 4680
"C:/Users/conor/OneDrive/Desktop/Documents/GitHub/3D-Platformer-Semester-2/3DPlatformer/Content/Characters/Mannequins/Anims/Rifle/MF_Rifle_Idle_ADS.uasset" 4681
"C:/Users/conor/OneDrive/Desktop/Documents/GitHub/3D-Platformer-Semester-2/3DPlatformer/Content/Characters/Mannequins/Anims/Rifle/AIM/MM_Rifle_Idle_ADS_AO_CD.uasset" 4682
"C:/Users/conor/OneDrive/Desktop/Documents/GitHub/3D-Platformer-Semester-2/3DPlatformer/Content/Characters/Mannequins/Anims/Pistol/Aim/MF_Pistol_Idle_ADS_AO_CD.uasset" 4683
"C:/Users/conor/OneDrive/Desktop/Documents/GitHub/3D-Platformer-Semester-2/3DPlatformer/Content/Characters/Mannequins/Anims/Pistol/Aim/MF_Pistol_Idle_ADS1.uasset" 4684
"C:/Users/conor/OneDrive/Desktop/Documents/GitHub/3D-Platformer-Semester-2/3DPlatformer/Content/Characters/Mannequins/Anims/Pistol/Aim/MF_Pistol_Idle_ADS_AO_CU.uasset" 4685
"C:/Users/conor/OneDrive/Desktop/Documents/GitHub/3D-Platformer-Semester-2/3DPlatformer/Content/Characters/Mannequins/Anims/Pistol/MF_Pistol_Idle_ADS.uasset" 4686
"C:/Users/conor/OneDrive/Desktop/Documents/GitHub/3D-Platformer-Semester-2/3DPlatformer/Content/Characters/Mannequins/Anims/Rifle/AIM/MM_Rifle_Idle_ADS_AO_CU.uasset" 4687
"C:/Users/conor/OneDrive/Desktop/Documents/GitHub/3D-Platformer-Semester-2/3DPlatformer/Content/Characters/Mannequins/Anims/Unarmed/Jog/MF_Unarmed_Jog_Right.uasset" 4688
"C:/Users/conor/OneDrive/Desktop/Documents/GitHub/3D-Platformer-Semester-2/3DPlatformer/Content/Characters/Mannequins/Anims/Unarmed/Jog/MF_Unarmed_Jog_Left.uasset" 4689
"C:/Users/conor/OneDrive/Desktop/Documents/GitHub/3D-Platformer-Semester-2/3DPlatformer/Content/Characters/Mannequins/Anims/Unarmed/Jog/MF_Unarmed_Jog_Fwd_Right.uasset" 4690
"C:/Users/conor/OneDrive/Desktop/Documents/GitHub/3D-Platformer-Semester-2/3DPlatformer/Content/Characters/Mannequins/Anims/Unarmed/Jog/MF_Unarmed_Jog_Fwd_Left.uasset" 4691
"C:/Users/conor/OneDrive/Desktop/Documents/GitHub/3D-Platformer-Semester-2/3DPlatformer/Content/Characters/Mannequins/Anims/Unarmed/Jog/MF_Unarmed_Jog_Fwd.uasset" 4692
"C:/Users/conor/OneDrive/Desktop/Documents/GitHub/3D-Platformer-Semester-2/3DPlatformer/Content/Characters/Mannequins/Anims/Unarmed/Jog/MF_Unarmed_Jog_Bwd_Right.uasset" 4693
"C:/Users/conor/OneDrive/Desktop/Documents/GitHub/3D-Platformer-Semester-2/3DPlatformer/Content/Characters/Mannequins/Anims/Unarmed/Jog/MF_Unarmed_Jog_Bwd_Left.uasset" 4694
"C:/Users/conor/OneDrive/Desktop/Documents/GitHub/3D-Platformer-Semester-2/3DPlatformer/Content/Characters/Mannequins/Anims/Unarmed/Jog/MF_Unarmed_Jog_Bwd.uasset" 4695
"C:/Users/conor/OneDrive/Desktop/Documents/GitHub/3D-Platformer-Semester-2/3DPlatformer/Content/Characters/Mannequins/Anims/Unarmed/Walk/MF_Unarmed_Walk_Bwd.uasset" 4696
"C:/Users/conor/OneDrive/Desktop/Documents/GitHub/3D-Platformer-Semester-2/3DPlatformer/Content/Characters/Mannequins/Anims/Unarmed/Walk/MF_Unarmed_Walk_Bwd_Left.uasset" 4697
"C:/Users/conor/OneDrive/Desktop/Documents/GitHub/3D-Platformer-Semester-2/3DPlatformer/Content/Characters/Mannequins/Anims/Unarmed/Walk/MF_Unarmed_Walk_Bwd_Right.uasset" 4698
"C:/Users/conor/OneDrive/Desktop/Documents/GitHub/3D-Platformer-Semester-2/3DPlatformer/Content/Characters/Mannequins/Anims/Unarmed/Walk/MF_Unarmed_Walk_Fwd_Left.uasset" 4699
"C:/Users/conor/OneDrive/Desktop/Documents/GitHub/3D-Platformer-Semester-2/3DPlatformer/Content/Characters/Mannequins/Anims/Unarmed/Walk/MF_Unarmed_Walk_Fwd.uasset" 4700
"C:/Users/conor/OneDrive/Desktop/Documents/GitHub/3D-Platformer-Semester-2/3DPlatformer/Content/Characters/Mannequins/Anims/Unarmed/Walk/MF_Unarmed_Walk_Fwd_Right.uasset" 4701
"C:/Users/conor/OneDrive/Desktop/Documents/GitHub/3D-Platformer-Semester-2/3DPlatformer/Content/Characters/Mannequins/Anims/Unarmed/Walk/MF_Unarmed_Walk_Left.uasset" 4702
"C:/Users/conor/OneDrive/Desktop/Documents/GitHub/3D-Platformer-Semester-2/3DPlatformer/Content/Characters/Mannequins/Anims/Unarmed/Walk/MF_Unarmed_Walk_Right.uasset" 4703
"C:/Users/conor/OneDrive/Desktop/Documents/GitHub/3D-Platformer-Semester-2/3DPlatformer/Content/Characters/Mannequins/Anims/Unarmed/MM_Idle.uasset" 4704
"C:/Users/conor/OneDrive/Desktop/Documents/GitHub/3D-Platformer-Semester-2/3DPlatformer/Content/Characters/Mannequins/Anims/Unarmed/BS_Idle_Walk_Run.uasset" 4705
"../../../Engine/Content/Animation/DefaultAnimBoneCompressionSettings.uasset" 4706
"../../../Engine/Content/Animation/DefaultAnimCurveCompressionSettings.uasset" 4707
"../../../Engine/Plugins/Interchange/Assets/Content/Functions/MX_OpenPBR_Opaque.uasset" 4708
"/Game/Characters/Mannequins/Anims/Unarmed/BS_Idle_Walk_Run" 4709
"/Game/Characters/Mannequins/Anims/Rifle/AIM/MM_Rifle_Idle_ADS_AO_CU" 4710
"/Game/Characters/Mannequins/Anims/Rifle/AIM/MM_Rifle_Idle_ADS_AO_CD" 4711
"/Game/Characters/Mannequins/Anims/Rifle/AIM/MM_Rifle_Idle_ADS_AO_CC" 4712
"/Game/Characters/Mannequins/Anims/Pistol/Aim/MF_Pistol_Idle_ADS_AO_CU" 4713
"/Game/Characters/Mannequins/Anims/Pistol/Aim/MF_Pistol_Idle_ADS_AO_CD" 4714
"/Game/Characters/Mannequins/Anims/Pistol/Aim/MF_Pistol_Idle_ADS1" 4715
"C:/Users/conor/OneDrive/Desktop/Documents/GitHub/3D-Platformer-Semester-2/3DPlatformer/Content/Fab/KenneyGraveyardPack/FBX_format/crypt-door.uasset" 4716
"C:/Users/conor/OneDrive/Desktop/Documents/GitHub/3D-Platformer-Semester-2/3DPlatformer/Content/Fab/KenneyGraveyardPack/FBX_format/crypt-large-door_PhysicsAsset.uasset" 4717
"C:/Users/conor/OneDrive/Desktop/Documents/GitHub/3D-Platformer-Semester-2/3DPlatformer/Content/Fab/KenneyGraveyardPack/FBX_format/crypt-door_PhysicsAsset.uasset" 4718
"C:/Users/conor/OneDrive/Desktop/Documents/GitHub/3D-Platformer-Semester-2/3DPlatformer/Content/Fab/KenneyGraveyardPack/FBX_format/crypt-door_Skeleton.uasset" 4719
"C:/Users/conor/OneDrive/Desktop/Documents/GitHub/3D-Platformer-Semester-2/3DPlatformer/Content/Fab/KenneySurvivalPack/FBX_format/chest_PhysicsAsset.uasset" 4720
"C:/Users/conor/OneDrive/Desktop/Documents/GitHub/3D-Platformer-Semester-2/3DPlatformer/Content/Fab/KenneyGraveyardPack/FBX_format/character-ghost_PhysicsAsset.uasset" 4721
"C:/Users/conor/OneDrive/Desktop/Documents/GitHub/3D-Platformer-Semester-2/3DPlatformer/Content/Fab/KenneyGraveyardPack/FBX_format/crypt-large-door_Skeleton.uasset" 4722
"C:/Users/conor/OneDrive/Desktop/Documents/GitHub/3D-Platformer-Semester-2/3DPlatformer/Content/Fab/KenneyGraveyardPack/FBX_format/character-ghost_Skeleton.uasset" 4723
"C:/Users/conor/OneDrive/Desktop/Documents/GitHub/3D-Platformer-Semester-2/3DPlatformer/Content/Fab/KenneyGraveyardPack/FBX_format/crypt-large-door.uasset" 4724
"C:/Users/conor/OneDrive/Desktop/Documents/GitHub/3D-Platformer-Semester-2/3DPlatformer/Content/Fab/KenneyGraveyardPack/FBX_format/character-ghost.uasset" 4725
"C:/Users/conor/OneDrive/Desktop/Documents/GitHub/3D-Platformer-Semester-2/3DPlatformer/Content/Fab/KenneySurvivalPack/FBX_format/chest_Skeleton.uasset" 4726
"C:/Users/conor/OneDrive/Desktop/Documents/GitHub/3D-Platformer-Semester-2/3DPlatformer/Content/Fab/KenneySurvivalPack/FBX_format/chest.uasset" 4727
"/InterchangeAssets/Functions/MX_OpenPBR_Opaque" 4728
"C:/Users/conor/OneDrive/Desktop/Documents/GitHub/3D-Platformer-Semester-2/3DPlatformer/Content/LevelPrototyping/Interactable/Door/Assets/Meshes/SM_DoorFrame_Corner.uasset" 4729
"C:/Users/conor/OneDrive/Desktop/Documents/GitHub/3D-Platformer-Semester-2/3DPlatformer/Content/LevelPrototyping/Interactable/Door/Assets/Meshes/SM_DoorFrame_Edge.uasset" 4730
"C:/Users/conor/OneDrive/Desktop/Documents/GitHub/3D-Platformer-Semester-2/3DPlatformer/Content/LevelPrototyping/Interactable/Target/Assets/SM_TargetBaseMesh.uasset" 4731
"C:/Users/conor/OneDrive/Desktop/Documents/GitHub/3D-Platformer-Semester-2/3DPlatformer/Content/Animations/AI/Rat/Idle_PhysicsAsset.uasset" 4732
"C:/Users/conor/OneDrive/Desktop/Documents/GitHub/3D-Platformer-Semester-2/3DPlatformer/Content/Animations/AI/Rat/Idle.uasset" 4733
"C:/Users/conor/OneDrive/Desktop/Documents/GitHub/3D-Platformer-Semester-2/3DPlatformer/Content/Animations/AI/Rat/RatAttack_PhysicsAsset.uasset" 4734
"C:/Users/conor/OneDrive/Desktop/Documents/GitHub/3D-Platformer-Semester-2/3DPlatformer/Content/Animations/AI/Rat/RatAttack.uasset" 4735
"C:/Users/conor/OneDrive/Desktop/Documents/GitHub/3D-Platformer-Semester-2/3DPlatformer/Content/Animations/AI/Rat/RatFast_Run_PhysicsAsset.uasset" 4736
"C:/Users/conor/OneDrive/Desktop/Documents/GitHub/3D-Platformer-Semester-2/3DPlatformer/Content/Animations/AI/Rat/RatFast_Run.uasset" 4737
"C:/Users/conor/OneDrive/Desktop/Documents/GitHub/3D-Platformer-Semester-2/3DPlatformer/Content/Animations/AI/Rat/RatWalking_PhysicsAsset.uasset" 4738
"C:/Users/conor/OneDrive/Desktop/Documents/GitHub/3D-Platformer-Semester-2/3DPlatformer/Content/Animations/AI/Rat/RatWalking.uasset" 4739
"../../../Engine/Plugins/Animation/ControlRig/Content/Controls/ControlRig_Arrow2_3mm.uasset" 4740
"../../../Engine/Plugins/Animation/ControlRig/Content/Controls/ControlRig_Arrow4_1mm.uasset" 4741
"../../../Engine/Plugins/Animation/ControlRig/Content/Controls/ControlRig_Sphere_solid.uasset" 4742
"../../../Engine/Plugins/Animation/ControlRig/Content/Controls/ControlRig_Arrow2_1mm.uasset" 4743
"../../../Engine/Plugins/Animation/ControlRig/Content/Controls/ControlRig_Arrow2_solid.uasset" 4744
"/Game/Fab/KenneySurvivalPack/FBX_format/chest" 4745
"/Game/Fab/KenneyGraveyardPack/FBX_format/crypt-large-door" 4746
"/Game/Fab/KenneyGraveyardPack/FBX_format/crypt-door" 4747
"/Game/Fab/KenneyGraveyardPack/FBX_format/character-ghost" 4748
"/Game/LevelPrototyping/Interactable/Door/Assets/Meshes/SM_DoorFrame_Corner" 4749
"/ControlRig/Controls/ControlRig_Arrow4_1mm" 4750
"/ControlRig/Controls/ControlRig_Arrow2_solid" 4751
"/ControlRig/Controls/ControlRig_Arrow2_3mm" 4752
"/ControlRig/Controls/ControlRig_Arrow2_1mm" 4753
"/ControlRig/Controls/ControlRig_Sphere_solid" 4754
"/Game/Animations/AI/Rat/RatWalking" 4755
"/Game/Animations/AI/Rat/RatFast_Run" 4756
"/Game/Animations/AI/Rat/RatAttack" 4757
"/Game/Animations/AI/Rat/Idle" 4758
"/Game/LevelPrototyping/Interactable/Target/Assets/SM_TargetBaseMesh" 4759
"/Game/LevelPrototyping/Interactable/Door/Assets/Meshes/SM_DoorFrame_Edge" 4760
"../../../Engine/Plugins/Animation/ControlRig/Content/Controls/ControlRig_Box_1mm.uasset" 4761
"../../../Engine/Plugins/Animation/ControlRig/Content/Controls/ControlRig_Box_3mm.uasset" 4762
"../../../Engine/Plugins/Animation/ControlRig/Content/Controls/ControlRig_Arrow4_3mm.uasset" 4763
"/ControlRig/Controls/ControlRig_Box_3mm" 4764
"/ControlRig/Controls/ControlRig_Box_1mm" 4765
"../../../Engine/Plugins/Animation/ControlRig/Content/Controls/ControlRig_Arrow_solid.uasset" 4766
"../../../Engine/Plugins/Animation/ControlRig/Content/Controls/ControlRig_Box_solid.uasset" 4767
"../../../Engine/Plugins/Animation/ControlRig/Content/Controls/ControlRig_Circle_1mm.uasset" 4768
"/ControlRig/Controls/ControlRig_Arrow4_3mm" 4769
"../../../Engine/Plugins/Animation/ControlRig/Content/Controls/ControlRig_Arrow4_solid.uasset" 4770
"/ControlRig/Controls/ControlRig_Circle_1mm" 4771
"../../../Engine/Plugins/Animation/ControlRig/Content/Controls/ControlRig_Arrow_3mm.uasset" 4772
"../../../Engine/Plugins/Animation/ControlRig/Content/Controls/ControlRig_Circle_3mm.uasset" 4773
"../../../Engine/Plugins/Animation/ControlRig/Content/Controls/ControlRig_Arrow_1mm.uasset" 4774
"/ControlRig/Controls/ControlRig_Box_solid" 4775
"/ControlRig/Controls/ControlRig_Arrow_solid" 4776
"/ControlRig/Controls/ControlRig_Arrow4_solid" 4777
"../../../Engine/Plugins/Animation/ControlRig/Content/Controls/ControlRig_HalfCircle_3mm.uasset" 4778
"../../../Engine/Plugins/Animation/ControlRig/Content/Controls/ControlRig_Circle_solid.uasset" 4779
"../../../Engine/Plugins/Animation/ControlRig/Content/Controls/ControlRig_HalfCircle_1mm.uasset" 4780
"/ControlRig/Controls/ControlRig_HalfCircle_3mm" 4781
"../../../Engine/Plugins/Animation/ControlRig/Content/Controls/ControlRig_Diamond_solid.uasset" 4782
"../../../Engine/Plugins/Animation/ControlRig/Content/Controls/ControlRig_Diamond_1mm.uasset" 4783
"/ControlRig/Controls/ControlRig_HalfCircle_1mm" 4784
"/ControlRig/Controls/ControlRig_Circle_solid" 4785
"../../../Engine/Plugins/Animation/ControlRig/Content/Controls/ControlRig_Hexagon_1mm.uasset" 4786
"../../../Engine/Plugins/Animation/ControlRig/Content/Controls/ControlRig_Hexagon_solid.uasset" 4787
"../../../Engine/Plugins/Animation/ControlRig/Content/Controls/ControlRig_HalfCircle_solid.uasset" 4788
"/ControlRig/Controls/ControlRig_Circle_3mm" 4789
"../../../Engine/Plugins/Animation/ControlRig/Content/Controls/ControlRig_Diamond_3mm.uasset" 4790
"/ControlRig/Controls/ControlRig_Arrow_3mm" 4791
"/ControlRig/Controls/ControlRig_Arrow_1mm" 4792
"../../../Engine/Plugins/Animation/ControlRig/Content/Controls/ControlRig_Hexagon_3mm.uasset" 4793
"../../../Engine/Plugins/Animation/ControlRig/Content/Controls/ControlRig_Octagon_1mm.uasset" 4794
"/ControlRig/Controls/ControlRig_Diamond_solid" 4795
"/ControlRig/Controls/ControlRig_Diamond_3mm" 4796
"/ControlRig/Controls/ControlRig_Diamond_1mm" 4797
"../../../Engine/Plugins/Animation/ControlRig/Content/Controls/ControlRig_Pyramid_solid.uasset" 4798
"../../../Engine/Plugins/Animation/ControlRig/Content/Controls/ControlRig_QuarterCircle_1mm.uasset" 4799
"../../../Engine/Plugins/Animation/ControlRig/Content/Controls/ControlRig_Octagon_solid.uasset" 4800
"../../../Engine/Plugins/Animation/ControlRig/Content/Controls/ControlRig_Octagon_3mm.uasset" 4801
"../../../Engine/Plugins/Animation/ControlRig/Content/Controls/ControlRig_RoundedSquare_3mm.uasset" 4802
"../../../Engine/Plugins/Animation/ControlRig/Content/Controls/ControlRig_QuarterCircle_3mm.uasset" 4803
"../../../Engine/Plugins/Animation/ControlRig/Content/Controls/ControlRig_RoundedSquare_1mm.uasset" 4804
"../../../Engine/Plugins/Animation/ControlRig/Content/Controls/ControlRig_Pyramid_3mm.uasset" 4805
"../../../Engine/Plugins/Animation/ControlRig/Content/Controls/ControlRig_QuarterCircle_solid.uasset" 4806
"../../../Engine/Plugins/Animation/ControlRig/Content/Controls/ControlRig_RoundedSquare_solid.uasset" 4807
"../../../Engine/Plugins/Animation/ControlRig/Content/Controls/ControlRig_Pyramid_1mm.uasset" 4808
"/ControlRig/Controls/ControlRig_Octagon_1mm" 4809
"/ControlRig/Controls/ControlRig_Hexagon_solid" 4810
"/ControlRig/Controls/ControlRig_Hexagon_3mm" 4811
"/ControlRig/Controls/ControlRig_Hexagon_1mm" 4812
"/ControlRig/Controls/ControlRig_HalfCircle_solid" 4813
"/ControlRig/Controls/ControlRig_QuarterCircle_solid" 4814
"/ControlRig/Controls/ControlRig_QuarterCircle_3mm" 4815
"/ControlRig/Controls/ControlRig_QuarterCircle_1mm" 4816
"/ControlRig/Controls/ControlRig_Pyramid_solid" 4817
"/ControlRig/Controls/ControlRig_Pyramid_3mm" 4818
"/ControlRig/Controls/ControlRig_Pyramid_1mm" 4819
"/ControlRig/Controls/ControlRig_Octagon_solid" 4820
"/ControlRig/Controls/ControlRig_Octagon_3mm" 4821
"/ControlRig/Controls/ControlRig_RoundedSquare_solid" 4822
"/ControlRig/Controls/ControlRig_RoundedSquare_3mm" 4823
"/ControlRig/Controls/ControlRig_RoundedSquare_1mm" 4824
"../../../Engine/Plugins/Animation/ControlRig/Content/Controls/ControlRig_RoundedTriangle_1mm.uasset" 4825
"../../../Engine/Plugins/Animation/ControlRig/Content/Controls/ControlRig_RoundedTriangle_3mm.uasset" 4826
"../../../Engine/Plugins/Animation/ControlRig/Content/Controls/ControlRig_RoundedTriangle_solid.uasset" 4827
"../../../Engine/Plugins/Animation/ControlRig/Content/Controls/ControlRig_Sphere_1mm.uasset" 4828
"../../../Engine/Plugins/Animation/ControlRig/Content/Controls/ControlRig_Square_1mm.uasset" 4829
"../../../Engine/Plugins/Animation/ControlRig/Content/Controls/ControlRig_Square_3mm.uasset" 4830
"../../../Engine/Plugins/Animation/ControlRig/Content/Controls/ControlRig_Sphere_3mm.uasset" 4831
"../../../Engine/Plugins/Animation/ControlRig/Content/Controls/ControlRig_Star4_solid.uasset" 4832
"../../../Engine/Plugins/Animation/ControlRig/Content/Controls/ControlRig_Triangle_solid.uasset" 4833
"../../../Engine/Plugins/Animation/ControlRig/Content/Controls/ControlRig_Star4_3mm.uasset" 4834
"../../../Engine/Plugins/Animation/ControlRig/Content/Controls/ControlRig_Square_solid.uasset" 4835
"../../../Engine/Plugins/Animation/ControlRig/Content/Controls/ControlRig_Triangle_1mm.uasset" 4836
"../../../Engine/Plugins/Animation/ControlRig/Content/Controls/ControlRig_Star4_1mm.uasset" 4837
"../../../Engine/Plugins/Animation/ControlRig/Content/Controls/ControlRig_Triangle_3mm.uasset" 4838
"../../../Engine/Plugins/Animation/ControlRig/Content/Controls/ControlRig_Wedge_1mm.uasset" 4839
"../../../Engine/Plugins/Animation/ControlRig/Content/Controls/ControlRig_Wedge_solid.uasset" 4840
"../../../Engine/Content/Maps/Entry.umap" 4841
"../../../Engine/Content/Maps/Entry_BuiltData.uasset" 4842
"../../../Engine/Plugins/Animation/ControlRig/Content/Controls/ControlRig_Wedge_3mm.uasset" 4843
"/ControlRig/Controls/ControlRig_Star4_solid" 4844
"/Engine/Maps/Entry" 4845
"/ControlRig/Controls/ControlRig_Wedge_solid" 4846
"/ControlRig/Controls/ControlRig_Star4_3mm" 4847
"/ControlRig/Controls/ControlRig_Star4_1mm" 4848
"/ControlRig/Controls/ControlRig_Square_solid" 4849
"/ControlRig/Controls/ControlRig_Square_3mm" 4850
"/ControlRig/Controls/ControlRig_Square_1mm" 4851
"/ControlRig/Controls/ControlRig_Sphere_3mm" 4852
"/ControlRig/Controls/ControlRig_Sphere_1mm" 4853
"/ControlRig/Controls/ControlRig_RoundedTriangle_solid" 4854
"/ControlRig/Controls/ControlRig_RoundedTriangle_3mm" 4855
"/ControlRig/Controls/ControlRig_Wedge_3mm" 4856
"/ControlRig/Controls/ControlRig_Wedge_1mm" 4857
"/ControlRig/Controls/ControlRig_RoundedTriangle_1mm" 4858
"/ControlRig/Controls/ControlRig_Triangle_solid" 4859
"/ControlRig/Controls/ControlRig_Triangle_3mm" 4860
"/ControlRig/Controls/ControlRig_Triangle_1mm" 4861
"C:/Users/conor/OneDrive/Desktop/Documents/GitHub/3D-Platformer-Semester-2/3DPlatformer/Content/Characters/Mannequins/Anims/Pistol/MM_Pistol_Fire.uasset" 4862
"C:/Users/conor/OneDrive/Desktop/Documents/GitHub/3D-Platformer-Semester-2/3DPlatformer/Content/Characters/Mannequins/Anims/Unarmed/Jump/MM_Fall_Loop.uasset" 4863
"C:/Users/conor/OneDrive/Desktop/Documents/GitHub/3D-Platformer-Semester-2/3DPlatformer/Content/Characters/Mannequins/Anims/Unarmed/Jump/MM_Jump.uasset" 4864
"C:/Users/conor/OneDrive/Desktop/Documents/GitHub/3D-Platformer-Semester-2/3DPlatformer/Content/Characters/Mannequins/Rigs/CR_Mannequin_Procedural.uasset" 4865
"C:/Users/conor/OneDrive/Desktop/Documents/GitHub/3D-Platformer-Semester-2/3DPlatformer/Content/Characters/Mannequins/Anims/Unarmed/Jump/MM_Land.uasset" 4866
"C:/Users/conor/OneDrive/Desktop/Documents/GitHub/3D-Platformer-Semester-2/3DPlatformer/Content/Fab/Kitchen/individualsfiles/blanccarreaux.uasset" 4867
"C:/Users/conor/OneDrive/Desktop/Documents/GitHub/3D-Platformer-Semester-2/3DPlatformer/Content/Fab/Kitchen/individualsfiles/blancemission.uasset" 4868
"C:/Users/conor/OneDrive/Desktop/Documents/GitHub/3D-Platformer-Semester-2/3DPlatformer/Content/Fab/Kitchen/individualsfiles/bleuplastic.uasset" 4869
"../../../Engine/Plugins/Animation/ControlRig/Content/Controls/DefaultGizmoLibrary.uasset" 4870
"C:/Users/conor/OneDrive/Desktop/Documents/GitHub/3D-Platformer-Semester-2/3DPlatformer/Content/Fab/Kitchen/individualsfiles/bleuverre.uasset" 4871
"C:/Users/conor/OneDrive/Desktop/Documents/GitHub/3D-Platformer-Semester-2/3DPlatformer/Content/Fab/Kitchen/individualsfiles/jauneor.uasset" 4872
"../../../Engine/Content/EditorMaterials/PreviewShadowIndicator.uasset" 4873
"../../../Engine/Content/EditorMaterials/PreviewShadowIndicatorMaterial.uasset" 4874
"C:/Users/conor/OneDrive/Desktop/Documents/GitHub/3D-Platformer-Semester-2/3DPlatformer/Content/Fab/Kitchen/individualsfiles/rouge.uasset" 4875
"../../../Engine/Content/EngineMaterials/Substrate/GLints/dict_16_192_64_0p5_0p02_0000_0000.uasset" 4876
"../../../Engine/Content/EngineMaterials/Substrate/GLints/dict_16_192_64_0p5_0p02_0000_0001.uasset" 4877
"../../../Engine/Content/EngineMaterials/Substrate/GLints/dict_16_192_64_0p5_0p02_0000_0002.uasset" 4878
"../../../Engine/Content/EngineMaterials/Substrate/GLints/dict_16_192_64_0p5_0p02_0000_0004.uasset" 4879
"../../../Engine/Content/EngineMaterials/Substrate/GLints/dict_16_192_64_0p5_0p02_0000_0005.uasset" 4880
"../../../Engine/Content/EngineMaterials/Substrate/GLints/dict_16_192_64_0p5_0p02_0000_0003.uasset" 4881
"../../../Engine/Content/EngineMaterials/Substrate/GLints/dict_16_192_64_0p5_0p02_0000_0006.uasset" 4882
"C:/Users/conor/OneDrive/Desktop/Documents/GitHub/3D-Platformer-Semester-2/3DPlatformer/Content/Fab/Kitchen/individualsfiles/vert.uasset" 4883
"../../../Engine/Content/EngineMaterials/Substrate/GLints/dict_16_192_64_0p5_0p02_0000_0007.uasset" 4884
"../../../Engine/Content/EngineMaterials/Substrate/GLints/dict_16_192_64_0p5_0p02_0000_0008.uasset" 4885
"../../../Engine/Content/EngineMaterials/Substrate/GLints/dict_16_192_64_0p5_0p02_0000_0009.uasset" 4886
"../../../Engine/Content/EngineMaterials/Substrate/GLints/dict_16_192_64_0p5_0p02_0000_0011.uasset" 4887
"../../../Engine/Content/EngineMaterials/Substrate/GLints/dict_16_192_64_0p5_0p02_0000_0010.uasset" 4888
"../../../Engine/Content/EngineMaterials/Substrate/GLints/dict_16_192_64_0p5_0p02_0000_0012.uasset" 4889
"../../../Engine/Content/EngineMaterials/Substrate/GLints/dict_16_192_64_0p5_0p02_0000_0013.uasset" 4890
"../../../Engine/Content/EngineMaterials/Substrate/GLints/dict_16_192_64_0p5_0p02_0001_0000.uasset" 4891
"../../../Engine/Content/EngineMaterials/Substrate/GLints/dict_16_192_64_0p5_0p02_0000_0014.uasset" 4892
"../../../Engine/Content/EngineMaterials/Substrate/GLints/dict_16_192_64_0p5_0p02_0000_0015.uasset" 4893
"/Game/Fab/Kitchen/individualsfiles/bleuplastic" 4894
"/Game/Fab/Kitchen/individualsfiles/blancemission" 4895
"/Game/Fab/Kitchen/individualsfiles/blanccarreaux" 4896
"/Game/Characters/Mannequins/Rigs/CR_Mannequin_Procedural" 4897
"/Game/Characters/Mannequins/Anims/Unarmed/Jump/MM_Land" 4898
"/Game/Characters/Mannequins/Anims/Unarmed/Jump/MM_Jump" 4899
"/Game/Characters/Mannequins/Anims/Unarmed/Jump/MM_Fall_Loop" 4900
"/Game/Characters/Mannequins/Anims/Pistol/MM_Pistol_Fire" 4901
"/Engine/EngineMaterials/Substrate/GLints/dict_16_192_64_0p5_0p02_0000_0009" 4902
"../../../Engine/Content/EngineMaterials/Substrate/GLints/dict_16_192_64_0p5_0p02_0001_0001.uasset" 4903
"../../../Engine/Content/EngineMaterials/Substrate/GLints/dict_16_192_64_0p5_0p02_0001_0003.uasset" 4904
"../../../Engine/Content/EngineMaterials/Substrate/GLints/dict_16_192_64_0p5_0p02_0001_0007.uasset" 4905
"../../../Engine/Content/EngineMaterials/Substrate/GLints/dict_16_192_64_0p5_0p02_0001_0009.uasset" 4906
"../../../Engine/Content/EngineMaterials/Substrate/GLints/dict_16_192_64_0p5_0p02_0001_0006.uasset" 4907
"../../../Engine/Content/EngineMaterials/Substrate/GLints/dict_16_192_64_0p5_0p02_0001_0005.uasset" 4908
"../../../Engine/Content/EngineMaterials/Substrate/GLints/dict_16_192_64_0p5_0p02_0001_0002.uasset" 4909
"../../../Engine/Content/EngineMaterials/Substrate/GLints/dict_16_192_64_0p5_0p02_0001_0004.uasset" 4910
"../../../Engine/Content/EngineMaterials/Substrate/GLints/dict_16_192_64_0p5_0p02_0001_0008.uasset" 4911
"/Engine/EngineMaterials/Substrate/GLints/dict_16_192_64_0p5_0p02_0000_0003" 4912
"/Engine/EngineMaterials/Substrate/GLints/dict_16_192_64_0p5_0p02_0000_0008" 4913
"/Engine/EngineMaterials/Substrate/GLints/dict_16_192_64_0p5_0p02_0000_0002" 4914
"/Engine/EngineMaterials/Substrate/GLints/dict_16_192_64_0p5_0p02_0000_0001" 4915
"/Engine/EngineMaterials/Substrate/GLints/dict_16_192_64_0p5_0p02_0000_0000" 4916
"/Engine/EngineMaterials/Substrate/GLints/dict_16_192_64_0p5_0p02_0000_0007" 4917
"/Engine/EngineMaterials/Substrate/GLints/dict_16_192_64_0p5_0p02_0000_0006" 4918
"/Engine/EngineMaterials/Substrate/GLints/dict_16_192_64_0p5_0p02_0000_0013" 4919
"/Engine/EngineMaterials/Substrate/GLints/dict_16_192_64_0p5_0p02_0000_0012" 4920
"/Engine/EngineMaterials/Substrate/GLints/dict_16_192_64_0p5_0p02_0001_0000" 4921
"/Engine/EngineMaterials/Substrate/GLints/dict_16_192_64_0p5_0p02_0000_0015" 4922
"/Engine/EngineMaterials/Substrate/GLints/dict_16_192_64_0p5_0p02_0000_0011" 4923
"/Engine/EngineMaterials/Substrate/GLints/dict_16_192_64_0p5_0p02_0000_0005" 4924
"/Engine/EngineMaterials/Substrate/GLints/dict_16_192_64_0p5_0p02_0000_0004" 4925
"/Engine/EngineMaterials/Substrate/GLints/dict_16_192_64_0p5_0p02_0000_0010" 4926
"/Engine/EngineMaterials/Substrate/GLints/dict_16_192_64_0p5_0p02_0000_0014" 4927
"/Engine/EditorMaterials/PreviewShadowIndicatorMaterial" 4928
"/Game/Fab/Kitchen/individualsfiles/vert" 4929
"/Game/Fab/Kitchen/individualsfiles/rouge" 4930
"/Game/Fab/Kitchen/individualsfiles/jauneor" 4931
"/Game/Fab/Kitchen/individualsfiles/bleuverre" 4932
"../../../Engine/Content/EngineMaterials/Substrate/GLints/dict_16_192_64_0p5_0p02_0001_0010.uasset" 4933
"../../../Engine/Content/EngineMaterials/Substrate/GLints/dict_16_192_64_0p5_0p02_0001_0015.uasset" 4934
"../../../Engine/Content/EngineMaterials/Substrate/GLints/dict_16_192_64_0p5_0p02_0001_0011.uasset" 4935
"../../../Engine/Content/EngineMaterials/Substrate/GLints/dict_16_192_64_0p5_0p02_0002_0001.uasset" 4936
"../../../Engine/Content/EngineMaterials/Substrate/GLints/dict_16_192_64_0p5_0p02_0001_0013.uasset" 4937
"../../../Engine/Content/EngineMaterials/Substrate/GLints/dict_16_192_64_0p5_0p02_0001_0014.uasset" 4938
"../../../Engine/Content/EngineMaterials/Substrate/GLints/dict_16_192_64_0p5_0p02_0002_0002.uasset" 4939
"../../../Engine/Content/EngineMaterials/Substrate/GLints/dict_16_192_64_0p5_0p02_0001_0012.uasset" 4940
"../../../Engine/Content/EngineMaterials/Substrate/GLints/dict_16_192_64_0p5_0p02_0002_0004.uasset" 4941
"../../../Engine/Content/EngineMaterials/Substrate/GLints/dict_16_192_64_0p5_0p02_0002_0005.uasset" 4942
"../../../Engine/Content/EngineMaterials/Substrate/GLints/dict_16_192_64_0p5_0p02_0002_0003.uasset" 4943
"../../../Engine/Content/EngineMaterials/Substrate/GLints/dict_16_192_64_0p5_0p02_0002_0006.uasset" 4944
"../../../Engine/Content/EngineMaterials/Substrate/GLints/dict_16_192_64_0p5_0p02_0002_0010.uasset" 4945
"../../../Engine/Content/EngineMaterials/Substrate/GLints/dict_16_192_64_0p5_0p02_0002_0007.uasset" 4946
"../../../Engine/Content/EngineMaterials/Substrate/GLints/dict_16_192_64_0p5_0p02_0002_0009.uasset" 4947
"../../../Engine/Content/EngineMaterials/Substrate/GLints/dict_16_192_64_0p5_0p02_0002_0011.uasset" 4948
"../../../Engine/Content/EngineMaterials/Substrate/GLints/dict_16_192_64_0p5_0p02_0002_0014.uasset" 4949
"../../../Engine/Content/EngineMaterials/Substrate/GLints/dict_16_192_64_0p5_0p02_0002_0013.uasset" 4950
"../../../Engine/Content/EngineMaterials/Substrate/GLints/dict_16_192_64_0p5_0p02_0003_0000.uasset" 4951
"../../../Engine/Content/EngineMaterials/Substrate/GLints/dict_16_192_64_0p5_0p02_0002_0000.uasset" 4952
"../../../Engine/Content/EngineMaterials/Substrate/GLints/dict_16_192_64_0p5_0p02_0002_0008.uasset" 4953
"../../../Engine/Content/EngineMaterials/Substrate/GLints/dict_16_192_64_0p5_0p02_0002_0015.uasset" 4954
"../../../Engine/Content/EngineMaterials/Substrate/GLints/dict_16_192_64_0p5_0p02_0002_0012.uasset" 4955
"/Engine/EngineMaterials/Substrate/GLints/dict_16_192_64_0p5_0p02_0001_0009" 4956
"/Engine/EngineMaterials/Substrate/GLints/dict_16_192_64_0p5_0p02_0001_0008" 4957
"/Engine/EngineMaterials/Substrate/GLints/dict_16_192_64_0p5_0p02_0001_0007" 4958
"/Engine/EngineMaterials/Substrate/GLints/dict_16_192_64_0p5_0p02_0001_0006" 4959
"/Engine/EngineMaterials/Substrate/GLints/dict_16_192_64_0p5_0p02_0001_0005" 4960
"/Engine/EngineMaterials/Substrate/GLints/dict_16_192_64_0p5_0p02_0001_0004" 4961
"/Engine/EngineMaterials/Substrate/GLints/dict_16_192_64_0p5_0p02_0001_0003" 4962
"/Engine/EngineMaterials/Substrate/GLints/dict_16_192_64_0p5_0p02_0001_0002" 4963
"/Engine/EngineMaterials/Substrate/GLints/dict_16_192_64_0p5_0p02_0001_0001" 4964
"/Engine/EngineMaterials/Substrate/GLints/dict_16_192_64_0p5_0p02_0003_0000" 4965
"../../../Engine/Content/EngineMaterials/Substrate/GLints/dict_16_192_64_0p5_0p02_0003_0001.uasset" 4966
"../../../Engine/Content/EngineMaterials/Substrate/GLints/dict_16_192_64_0p5_0p02_0003_0002.uasset" 4967
"../../../Engine/Content/EngineMaterials/Substrate/GLints/dict_16_192_64_0p5_0p02_0003_0005.uasset" 4968
"../../../Engine/Content/EngineMaterials/Substrate/GLints/dict_16_192_64_0p5_0p02_0003_0003.uasset" 4969
"/Engine/EngineMaterials/Substrate/GLints/dict_16_192_64_0p5_0p02_0002_0015" 4970
"../../../Engine/Content/EngineMaterials/Substrate/GLints/dict_16_192_64_0p5_0p02_0003_0006.uasset" 4971
"/Engine/EngineMaterials/Substrate/GLints/dict_16_192_64_0p5_0p02_0002_0014" 4972
"../../../Engine/Content/EngineMaterials/Substrate/GLints/dict_16_192_64_0p5_0p02_0003_0007.uasset" 4973
"../../../Engine/Content/EngineMaterials/Substrate/GLints/dict_16_192_64_0p5_0p02_0003_0008.uasset" 4974
"../../../Engine/Content/EngineMaterials/Substrate/GLints/dict_16_192_64_0p5_0p02_0003_0009.uasset" 4975
"/Engine/EngineMaterials/Substrate/GLints/dict_16_192_64_0p5_0p02_0002_0013" 4976
"../../../Engine/Content/EngineMaterials/Substrate/GLints/dict_16_192_64_0p5_0p02_0003_0004.uasset" 4977
"/Engine/EngineMaterials/Substrate/GLints/dict_16_192_64_0p5_0p02_0002_0012" 4978
"/Engine/EngineMaterials/Substrate/GLints/dict_16_192_64_0p5_0p02_0002_0011" 4979
"/Engine/EngineMaterials/Substrate/GLints/dict_16_192_64_0p5_0p02_0002_0010" 4980
"/Engine/EngineMaterials/Substrate/GLints/dict_16_192_64_0p5_0p02_0002_0009" 4981
"/Engine/EngineMaterials/Substrate/GLints/dict_16_192_64_0p5_0p02_0002_0008" 4982
"/Engine/EngineMaterials/Substrate/GLints/dict_16_192_64_0p5_0p02_0002_0007" 4983
"/Engine/EngineMaterials/Substrate/GLints/dict_16_192_64_0p5_0p02_0002_0006" 4984
"/Engine/EngineMaterials/Substrate/GLints/dict_16_192_64_0p5_0p02_0002_0005" 4985
"/Engine/EngineMaterials/Substrate/GLints/dict_16_192_64_0p5_0p02_0002_0004" 4986
"/Engine/EngineMaterials/Substrate/GLints/dict_16_192_64_0p5_0p02_0002_0003" 4987
"/Engine/EngineMaterials/Substrate/GLints/dict_16_192_64_0p5_0p02_0002_0002" 4988
"/Engine/EngineMaterials/Substrate/GLints/dict_16_192_64_0p5_0p02_0002_0001" 4989
"/Engine/EngineMaterials/Substrate/GLints/dict_16_192_64_0p5_0p02_0002_0000" 4990
"/Engine/EngineMaterials/Substrate/GLints/dict_16_192_64_0p5_0p02_0001_0015" 4991
"/Engine/EngineMaterials/Substrate/GLints/dict_16_192_64_0p5_0p02_0001_0014" 4992
"/Engine/EngineMaterials/Substrate/GLints/dict_16_192_64_0p5_0p02_0001_0013" 4993
"/Engine/EngineMaterials/Substrate/GLints/dict_16_192_64_0p5_0p02_0001_0012" 4994
"/Engine/EngineMaterials/Substrate/GLints/dict_16_192_64_0p5_0p02_0001_0011" 4995
"/Engine/EngineMaterials/Substrate/GLints/dict_16_192_64_0p5_0p02_0001_0010" 4996
"/Engine/EngineMaterials/Substrate/GLints/dict_16_192_64_0p5_0p02_0003_0009" 4997
"../../../Engine/Content/EngineMaterials/Substrate/GLints/dict_16_192_64_0p5_0p02_0003_0011.uasset" 4998
"../../../Engine/Content/EngineMaterials/Substrate/GLints/dict_16_192_64_0p5_0p02_0003_0013.uasset" 4999
"../../../Engine/Content/EngineMaterials/Substrate/GLints/dict_16_192_64_0p5_0p02_0003_0012.uasset" 5000
"../../../Engine/Content/EngineMaterials/Substrate/GLints/dict_16_192_64_0p5_0p02_0003_0014.uasset" 5001
"../../../Engine/Content/EngineMaterials/Substrate/GLints/dict_16_192_64_0p5_0p02_0003_0010.uasset" 5002
"../../../Engine/Content/EngineMaterials/Substrate/GLints/dict_16_192_64_0p5_0p02_0003_0015.uasset" 5003
"../../../Engine/Content/EngineMaterials/Substrate/GLints/dict_16_192_64_0p5_0p02_0004_0001.uasset" 5004
"../../../Engine/Content/EngineMaterials/Substrate/GLints/dict_16_192_64_0p5_0p02_0004_0003.uasset" 5005
"../../../Engine/Content/EngineMaterials/Substrate/GLints/dict_16_192_64_0p5_0p02_0004_0002.uasset" 5006
"/Engine/EngineMaterials/Substrate/GLints/dict_16_192_64_0p5_0p02_0003_0008" 5007
"../../../Engine/Content/EngineMaterials/Substrate/GLints/dict_16_192_64_0p5_0p02_0004_0006.uasset" 5008
"../../../Engine/Content/EngineMaterials/Substrate/GLints/dict_16_192_64_0p5_0p02_0004_0004.uasset" 5009
"../../../Engine/Content/EngineMaterials/Substrate/GLints/dict_16_192_64_0p5_0p02_0004_0007.uasset" 5010
"../../../Engine/Content/EngineMaterials/Substrate/GLints/dict_16_192_64_0p5_0p02_0004_0010.uasset" 5011
"../../../Engine/Content/EngineMaterials/Substrate/GLints/dict_16_192_64_0p5_0p02_0004_0000.uasset" 5012
"../../../Engine/Content/EngineMaterials/Substrate/GLints/dict_16_192_64_0p5_0p02_0004_0005.uasset" 5013
"/Engine/EngineMaterials/Substrate/GLints/dict_16_192_64_0p5_0p02_0003_0007" 5014
"../../../Engine/Content/EngineMaterials/Substrate/GLints/dict_16_192_64_0p5_0p02_0004_0009.uasset" 5015
"../../../Engine/Content/EngineMaterials/Substrate/GLints/dict_16_192_64_0p5_0p02_0004_0012.uasset" 5016
"../../../Engine/Content/EngineMaterials/Substrate/GLints/dict_16_192_64_0p5_0p02_0004_0011.uasset" 5017
"../../../Engine/Content/EngineMaterials/Substrate/GLints/dict_16_192_64_0p5_0p02_0004_0008.uasset" 5018
"../../../Engine/Content/EngineMaterials/Substrate/GLints/dict_16_192_64_0p5_0p02_0004_0014.uasset" 5019
"../../../Engine/Content/EngineMaterials/Substrate/GLints/dict_16_192_64_0p5_0p02_0004_0013.uasset" 5020
"../../../Engine/Content/EngineMaterials/Substrate/GLints/dict_16_192_64_0p5_0p02_0005_0000.uasset" 5021
"../../../Engine/Content/EngineMaterials/Substrate/GLints/dict_16_192_64_0p5_0p02_0004_0015.uasset" 5022
"/Engine/EngineMaterials/Substrate/GLints/dict_16_192_64_0p5_0p02_0003_0006" 5023
"/Engine/EngineMaterials/Substrate/GLints/dict_16_192_64_0p5_0p02_0003_0005" 5024
"/Engine/EngineMaterials/Substrate/GLints/dict_16_192_64_0p5_0p02_0003_0004" 5025
"/Engine/EngineMaterials/Substrate/GLints/dict_16_192_64_0p5_0p02_0003_0003" 5026
"/Engine/EngineMaterials/Substrate/GLints/dict_16_192_64_0p5_0p02_0003_0002" 5027
"/Engine/EngineMaterials/Substrate/GLints/dict_16_192_64_0p5_0p02_0003_0001" 5028
"/Engine/EngineMaterials/Substrate/GLints/dict_16_192_64_0p5_0p02_0004_0012" 5029
"../../../Engine/Content/EngineMaterials/Substrate/GLints/dict_16_192_64_0p5_0p02_0005_0001.uasset" 5030
"../../../Engine/Content/EngineMaterials/Substrate/GLints/dict_16_192_64_0p5_0p02_0005_0002.uasset" 5031
"/Engine/EngineMaterials/Substrate/GLints/dict_16_192_64_0p5_0p02_0004_0011" 5032
"../../../Engine/Content/EngineMaterials/Substrate/GLints/dict_16_192_64_0p5_0p02_0005_0003.uasset" 5033
"../../../Engine/Content/EngineMaterials/Substrate/GLints/dict_16_192_64_0p5_0p02_0005_0004.uasset" 5034
"/Engine/EngineMaterials/Substrate/GLints/dict_16_192_64_0p5_0p02_0004_0010" 5035
"/Engine/EngineMaterials/Substrate/GLints/dict_16_192_64_0p5_0p02_0004_0008" 5036
"/Engine/EngineMaterials/Substrate/GLints/dict_16_192_64_0p5_0p02_0004_0007" 5037
"/Engine/EngineMaterials/Substrate/GLints/dict_16_192_64_0p5_0p02_0004_0006" 5038
"/Engine/EngineMaterials/Substrate/GLints/dict_16_192_64_0p5_0p02_0004_0005" 5039
"/Engine/EngineMaterials/Substrate/GLints/dict_16_192_64_0p5_0p02_0004_0003" 5040
"/Engine/EngineMaterials/Substrate/GLints/dict_16_192_64_0p5_0p02_0004_0002" 5041
"/Engine/EngineMaterials/Substrate/GLints/dict_16_192_64_0p5_0p02_0004_0001" 5042
"/Engine/EngineMaterials/Substrate/GLints/dict_16_192_64_0p5_0p02_0004_0000" 5043
"/Engine/EngineMaterials/Substrate/GLints/dict_16_192_64_0p5_0p02_0003_0015" 5044
"/Engine/EngineMaterials/Substrate/GLints/dict_16_192_64_0p5_0p02_0003_0014" 5045
"/Engine/EngineMaterials/Substrate/GLints/dict_16_192_64_0p5_0p02_0003_0013" 5046
"/Engine/EngineMaterials/Substrate/GLints/dict_16_192_64_0p5_0p02_0003_0012" 5047
"/Engine/EngineMaterials/Substrate/GLints/dict_16_192_64_0p5_0p02_0003_0011" 5048
"/Engine/EngineMaterials/Substrate/GLints/dict_16_192_64_0p5_0p02_0003_0010" 5049
"../../../Engine/Content/EngineMaterials/Substrate/GLints/dict_16_192_64_0p5_0p02_0005_0005.uasset" 5050
"../../../Engine/Content/EngineMaterials/Substrate/GLints/dict_16_192_64_0p5_0p02_0005_0006.uasset" 5051
"../../../Engine/Content/EngineMaterials/Substrate/GLints/dict_16_192_64_0p5_0p02_0005_0007.uasset" 5052
"../../../Engine/Content/EngineMaterials/Substrate/GLints/dict_16_192_64_0p5_0p02_0005_0008.uasset" 5053
"../../../Engine/Content/EngineMaterials/Substrate/GLints/dict_16_192_64_0p5_0p02_0005_0010.uasset" 5054
"../../../Engine/Content/EngineMaterials/Substrate/GLints/dict_16_192_64_0p5_0p02_0005_0009.uasset" 5055
"../../../Engine/Content/EngineMaterials/Substrate/GLints/dict_16_192_64_0p5_0p02_0005_0011.uasset" 5056
"../../../Engine/Content/EngineMaterials/Substrate/GLints/dict_16_192_64_0p5_0p02_0005_0012.uasset" 5057
"../../../Engine/Content/EngineMaterials/Substrate/GLints/dict_16_192_64_0p5_0p02_0005_0013.uasset" 5058
"../../../Engine/Content/EngineMaterials/Substrate/GLints/dict_16_192_64_0p5_0p02_0005_0015.uasset" 5059
"../../../Engine/Content/EngineMaterials/Substrate/GLints/dict_16_192_64_0p5_0p02_0006_0000.uasset" 5060
"../../../Engine/Content/EngineMaterials/Substrate/GLints/dict_16_192_64_0p5_0p02_0006_0001.uasset" 5061
"../../../Engine/Content/EngineMaterials/Substrate/GLints/dict_16_192_64_0p5_0p02_0005_0014.uasset" 5062
"../../../Engine/Content/EngineMaterials/Substrate/GLints/dict_16_192_64_0p5_0p02_0006_0002.uasset" 5063
"../../../Engine/Content/EngineMaterials/Substrate/GLints/dict_16_192_64_0p5_0p02_0006_0006.uasset" 5064
"../../../Engine/Content/EngineMaterials/Substrate/GLints/dict_16_192_64_0p5_0p02_0006_0003.uasset" 5065
"../../../Engine/Content/EngineMaterials/Substrate/GLints/dict_16_192_64_0p5_0p02_0006_0004.uasset" 5066
"../../../Engine/Content/EngineMaterials/Substrate/GLints/dict_16_192_64_0p5_0p02_0006_0005.uasset" 5067
"../../../Engine/Content/EngineMaterials/Substrate/GLints/dict_16_192_64_0p5_0p02_0006_0007.uasset" 5068
"../../../Engine/Content/EngineMaterials/Substrate/GLints/dict_16_192_64_0p5_0p02_0006_0009.uasset" 5069
"../../../Engine/Content/EngineMaterials/Substrate/GLints/dict_16_192_64_0p5_0p02_0006_0010.uasset" 5070
"../../../Engine/Content/EngineMaterials/Substrate/GLints/dict_16_192_64_0p5_0p02_0006_0008.uasset" 5071
"/Engine/EngineMaterials/Substrate/GLints/dict_16_192_64_0p5_0p02_0005_0000" 5072
"/Engine/EngineMaterials/Substrate/GLints/dict_16_192_64_0p5_0p02_0004_0015" 5073
"/Engine/EngineMaterials/Substrate/GLints/dict_16_192_64_0p5_0p02_0004_0014" 5074
"/Engine/EngineMaterials/Substrate/GLints/dict_16_192_64_0p5_0p02_0004_0013" 5075
"/Engine/EngineMaterials/Substrate/GLints/dict_16_192_64_0p5_0p02_0006_0010" 5076
"/Engine/EngineMaterials/Substrate/GLints/dict_16_192_64_0p5_0p02_0006_0009" 5077
"/Engine/EngineMaterials/Substrate/GLints/dict_16_192_64_0p5_0p02_0006_0008" 5078
"/Engine/EngineMaterials/Substrate/GLints/dict_16_192_64_0p5_0p02_0004_0009" 5079
"/Engine/EngineMaterials/Substrate/GLints/dict_16_192_64_0p5_0p02_0006_0007" 5080
"/Engine/EngineMaterials/Substrate/GLints/dict_16_192_64_0p5_0p02_0006_0006" 5081
"/Engine/EngineMaterials/Substrate/GLints/dict_16_192_64_0p5_0p02_0006_0005" 5082
"/Engine/EngineMaterials/Substrate/GLints/dict_16_192_64_0p5_0p02_0006_0004" 5083
"/Engine/EngineMaterials/Substrate/GLints/dict_16_192_64_0p5_0p02_0004_0004" 5084
"/Engine/EngineMaterials/Substrate/GLints/dict_16_192_64_0p5_0p02_0006_0003" 5085
"/Engine/EngineMaterials/Substrate/GLints/dict_16_192_64_0p5_0p02_0006_0002" 5086
"/Engine/EngineMaterials/Substrate/GLints/dict_16_192_64_0p5_0p02_0006_0001" 5087
"/Engine/EngineMaterials/Substrate/GLints/dict_16_192_64_0p5_0p02_0006_0000" 5088
"/Engine/EngineMaterials/Substrate/GLints/dict_16_192_64_0p5_0p02_0005_0015" 5089
"/Engine/EngineMaterials/Substrate/GLints/dict_16_192_64_0p5_0p02_0005_0014" 5090
"/Engine/EngineMaterials/Substrate/GLints/dict_16_192_64_0p5_0p02_0005_0013" 5091
"/Engine/EngineMaterials/Substrate/GLints/dict_16_192_64_0p5_0p02_0005_0012" 5092
"/Engine/EngineMaterials/Substrate/GLints/dict_16_192_64_0p5_0p02_0005_0011" 5093
"/Engine/EngineMaterials/Substrate/GLints/dict_16_192_64_0p5_0p02_0005_0010" 5094
"/Engine/EngineMaterials/Substrate/GLints/dict_16_192_64_0p5_0p02_0005_0009" 5095
"/Engine/EngineMaterials/Substrate/GLints/dict_16_192_64_0p5_0p02_0005_0008" 5096
"/Engine/EngineMaterials/Substrate/GLints/dict_16_192_64_0p5_0p02_0005_0007" 5097
"/Engine/EngineMaterials/Substrate/GLints/dict_16_192_64_0p5_0p02_0005_0006" 5098
"/Engine/EngineMaterials/Substrate/GLints/dict_16_192_64_0p5_0p02_0005_0005" 5099
"/Engine/EngineMaterials/Substrate/GLints/dict_16_192_64_0p5_0p02_0005_0004" 5100
"/Engine/EngineMaterials/Substrate/GLints/dict_16_192_64_0p5_0p02_0005_0003" 5101
"/Engine/EngineMaterials/Substrate/GLints/dict_16_192_64_0p5_0p02_0005_0002" 5102
"/Engine/EngineMaterials/Substrate/GLints/dict_16_192_64_0p5_0p02_0005_0001" 5103
"../../../Engine/Content/EngineMaterials/Substrate/GLints/dict_16_192_64_0p5_0p02_0006_0014.uasset" 5104
"../../../Engine/Content/EngineMaterials/Substrate/GLints/dict_16_192_64_0p5_0p02_0006_0013.uasset" 5105
"../../../Engine/Content/EngineMaterials/Substrate/GLints/dict_16_192_64_0p5_0p02_0006_0012.uasset" 5106
"../../../Engine/Content/EngineMaterials/Substrate/GLints/dict_16_192_64_0p5_0p02_0006_0015.uasset" 5107
"../../../Engine/Content/EngineMaterials/Substrate/GLints/dict_16_192_64_0p5_0p02_0007_0003.uasset" 5108
"../../../Engine/Content/EngineMaterials/Substrate/GLints/dict_16_192_64_0p5_0p02_0007_0000.uasset" 5109
"../../../Engine/Content/EngineMaterials/Substrate/GLints/dict_16_192_64_0p5_0p02_0007_0002.uasset" 5110
"../../../Engine/Content/EngineMaterials/Substrate/GLints/dict_16_192_64_0p5_0p02_0006_0011.uasset" 5111
"../../../Engine/Content/EngineMaterials/Substrate/GLints/dict_16_192_64_0p5_0p02_0007_0001.uasset" 5112
"../../../Engine/Content/EngineMaterials/Substrate/GLints/dict_16_192_64_0p5_0p02_0007_0004.uasset" 5113
"../../../Engine/Content/EngineMaterials/Substrate/GLints/dict_16_192_64_0p5_0p02_0007_0005.uasset" 5114
"../../../Engine/Content/EngineMaterials/Substrate/GLints/dict_16_192_64_0p5_0p02_0007_0006.uasset" 5115
"../../../Engine/Content/EngineMaterials/Substrate/GLints/dict_16_192_64_0p5_0p02_0007_0007.uasset" 5116
"../../../Engine/Content/EngineMaterials/Substrate/GLints/dict_16_192_64_0p5_0p02_0007_0010.uasset" 5117
"../../../Engine/Content/EngineMaterials/Substrate/GLints/dict_16_192_64_0p5_0p02_0007_0012.uasset" 5118
"../../../Engine/Content/EngineMaterials/Substrate/GLints/dict_16_192_64_0p5_0p02_0007_0008.uasset" 5119
"../../../Engine/Content/EngineMaterials/Substrate/GLints/dict_16_192_64_0p5_0p02_0007_0009.uasset" 5120
"../../../Engine/Content/EngineMaterials/Substrate/GLints/dict_16_192_64_0p5_0p02_0007_0011.uasset" 5121
"../../../Engine/Content/EngineMaterials/Substrate/GLints/dict_16_192_64_0p5_0p02_0007_0015.uasset" 5122
"../../../Engine/Content/EngineMaterials/Substrate/GLints/dict_16_192_64_0p5_0p02_0007_0014.uasset" 5123
"../../../Engine/Content/EngineMaterials/Substrate/GLints/dict_16_192_64_0p5_0p02_0007_0013.uasset" 5124
"../../../Engine/Content/EngineMaterials/Substrate/GLints/dict_16_192_64_0p5_0p02_0008_0000.uasset" 5125
"../../../Engine/Content/EngineMaterials/Substrate/GLints/dict_16_192_64_0p5_0p02_0008_0004.uasset" 5126
"../../../Engine/Content/EngineMaterials/Substrate/GLints/dict_16_192_64_0p5_0p02_0008_0003.uasset" 5127
"../../../Engine/Content/EngineMaterials/Substrate/GLints/dict_16_192_64_0p5_0p02_0008_0001.uasset" 5128
"../../../Engine/Content/EngineMaterials/Substrate/GLints/dict_16_192_64_0p5_0p02_0008_0005.uasset" 5129
"../../../Engine/Content/EngineMaterials/Substrate/GLints/dict_16_192_64_0p5_0p02_0008_0002.uasset" 5130
"../../../Engine/Content/EngineMaterials/Substrate/GLints/dict_16_192_64_0p5_0p02_0008_0008.uasset" 5131
"../../../Engine/Content/EngineMaterials/Substrate/GLints/dict_16_192_64_0p5_0p02_0008_0006.uasset" 5132
"../../../Engine/Content/EngineMaterials/Substrate/GLints/dict_16_192_64_0p5_0p02_0008_0009.uasset" 5133
"../../../Engine/Content/EngineMaterials/Substrate/GLints/dict_16_192_64_0p5_0p02_0008_0010.uasset" 5134
"../../../Engine/Content/EngineMaterials/Substrate/GLints/dict_16_192_64_0p5_0p02_0008_0007.uasset" 5135
"/Engine/EngineMaterials/Substrate/GLints/dict_16_192_64_0p5_0p02_0008_0010" 5136
"/Engine/EngineMaterials/Substrate/GLints/dict_16_192_64_0p5_0p02_0008_0009" 5137
"/Engine/EngineMaterials/Substrate/GLints/dict_16_192_64_0p5_0p02_0008_0008" 5138
"/Engine/EngineMaterials/Substrate/GLints/dict_16_192_64_0p5_0p02_0008_0007" 5139
"/Engine/EngineMaterials/Substrate/GLints/dict_16_192_64_0p5_0p02_0008_0006" 5140
"/Engine/EngineMaterials/Substrate/GLints/dict_16_192_64_0p5_0p02_0008_0005" 5141
"/Engine/EngineMaterials/Substrate/GLints/dict_16_192_64_0p5_0p02_0008_0004" 5142
"/Engine/EngineMaterials/Substrate/GLints/dict_16_192_64_0p5_0p02_0008_0003" 5143
"/Engine/EngineMaterials/Substrate/GLints/dict_16_192_64_0p5_0p02_0008_0002" 5144
"/Engine/EngineMaterials/Substrate/GLints/dict_16_192_64_0p5_0p02_0008_0001" 5145
"/Engine/EngineMaterials/Substrate/GLints/dict_16_192_64_0p5_0p02_0008_0000" 5146
"/Engine/EngineMaterials/Substrate/GLints/dict_16_192_64_0p5_0p02_0007_0015" 5147
"/Engine/EngineMaterials/Substrate/GLints/dict_16_192_64_0p5_0p02_0007_0014" 5148
"/Engine/EngineMaterials/Substrate/GLints/dict_16_192_64_0p5_0p02_0007_0013" 5149
"/Engine/EngineMaterials/Substrate/GLints/dict_16_192_64_0p5_0p02_0007_0012" 5150
"/Engine/EngineMaterials/Substrate/GLints/dict_16_192_64_0p5_0p02_0007_0011" 5151
"/Engine/EngineMaterials/Substrate/GLints/dict_16_192_64_0p5_0p02_0007_0010" 5152
"/Engine/EngineMaterials/Substrate/GLints/dict_16_192_64_0p5_0p02_0007_0009" 5153
"/Engine/EngineMaterials/Substrate/GLints/dict_16_192_64_0p5_0p02_0007_0008" 5154
"/Engine/EngineMaterials/Substrate/GLints/dict_16_192_64_0p5_0p02_0007_0007" 5155
"/Engine/EngineMaterials/Substrate/GLints/dict_16_192_64_0p5_0p02_0007_0006" 5156
"/Engine/EngineMaterials/Substrate/GLints/dict_16_192_64_0p5_0p02_0007_0005" 5157
"/Engine/EngineMaterials/Substrate/GLints/dict_16_192_64_0p5_0p02_0007_0004" 5158
"/Engine/EngineMaterials/Substrate/GLints/dict_16_192_64_0p5_0p02_0007_0003" 5159
"/Engine/EngineMaterials/Substrate/GLints/dict_16_192_64_0p5_0p02_0007_0002" 5160
"/Engine/EngineMaterials/Substrate/GLints/dict_16_192_64_0p5_0p02_0007_0001" 5161
"/Engine/EngineMaterials/Substrate/GLints/dict_16_192_64_0p5_0p02_0007_0000" 5162
"/Engine/EngineMaterials/Substrate/GLints/dict_16_192_64_0p5_0p02_0006_0015" 5163
"/Engine/EngineMaterials/Substrate/GLints/dict_16_192_64_0p5_0p02_0006_0014" 5164
"/Engine/EngineMaterials/Substrate/GLints/dict_16_192_64_0p5_0p02_0006_0013" 5165
"/Engine/EngineMaterials/Substrate/GLints/dict_16_192_64_0p5_0p02_0006_0012" 5166
"/Engine/EngineMaterials/Substrate/GLints/dict_16_192_64_0p5_0p02_0006_0011" 5167
"../../../Engine/Content/EngineMaterials/Substrate/GLints/dict_16_192_64_0p5_0p02_0008_0013.uasset" 5168
"../../../Engine/Content/EngineMaterials/Substrate/GLints/dict_16_192_64_0p5_0p02_0009_0001.uasset" 5169
"../../../Engine/Content/EngineMaterials/Substrate/GLints/dict_16_192_64_0p5_0p02_0008_0012.uasset" 5170
"../../../Engine/Content/EngineMaterials/Substrate/GLints/dict_16_192_64_0p5_0p02_0009_0000.uasset" 5171
"../../../Engine/Content/EngineMaterials/Substrate/GLints/dict_16_192_64_0p5_0p02_0009_0002.uasset" 5172
"../../../Engine/Content/EngineMaterials/Substrate/GLints/dict_16_192_64_0p5_0p02_0009_0004.uasset" 5173
"../../../Engine/Content/EngineMaterials/Substrate/GLints/dict_16_192_64_0p5_0p02_0009_0003.uasset" 5174
"../../../Engine/Content/EngineMaterials/Substrate/GLints/dict_16_192_64_0p5_0p02_0009_0006.uasset" 5175
"../../../Engine/Content/EngineMaterials/Substrate/GLints/dict_16_192_64_0p5_0p02_0009_0007.uasset" 5176
"../../../Engine/Content/EngineMaterials/Substrate/GLints/dict_16_192_64_0p5_0p02_0009_0008.uasset" 5177
"../../../Engine/Content/EngineMaterials/Substrate/GLints/dict_16_192_64_0p5_0p02_0009_0010.uasset" 5178
"../../../Engine/Content/EngineMaterials/Substrate/GLints/dict_16_192_64_0p5_0p02_0009_0011.uasset" 5179
"../../../Engine/Content/EngineMaterials/Substrate/GLints/dict_16_192_64_0p5_0p02_0009_0012.uasset" 5180
"../../../Engine/Content/EngineMaterials/Substrate/GLints/dict_16_192_64_0p5_0p02_0009_0013.uasset" 5181
"../../../Engine/Content/EngineMaterials/Substrate/GLints/dict_16_192_64_0p5_0p02_0009_0014.uasset" 5182
"../../../Engine/Content/EngineMaterials/Substrate/GLints/dict_16_192_64_0p5_0p02_0010_0000.uasset" 5183
"../../../Engine/Content/EngineMaterials/Substrate/GLints/dict_16_192_64_0p5_0p02_0009_0015.uasset" 5184
"../../../Engine/Content/EngineMaterials/Substrate/GLints/dict_16_192_64_0p5_0p02_0010_0002.uasset" 5185
"../../../Engine/Content/EngineMaterials/Substrate/GLints/dict_16_192_64_0p5_0p02_0010_0003.uasset" 5186
"../../../Engine/Content/EngineMaterials/Substrate/GLints/dict_16_192_64_0p5_0p02_0010_0004.uasset" 5187
"../../../Engine/Content/EngineMaterials/Substrate/GLints/dict_16_192_64_0p5_0p02_0010_0005.uasset" 5188
"../../../Engine/Content/EngineMaterials/Substrate/GLints/dict_16_192_64_0p5_0p02_0010_0001.uasset" 5189
"../../../Engine/Content/EngineMaterials/Substrate/GLints/dict_16_192_64_0p5_0p02_0010_0006.uasset" 5190
"../../../Engine/Content/EngineMaterials/Substrate/GLints/dict_16_192_64_0p5_0p02_0010_0007.uasset" 5191
"../../../Engine/Content/EngineMaterials/Substrate/GLints/dict_16_192_64_0p5_0p02_0010_0008.uasset" 5192
"../../../Engine/Content/EngineMaterials/Substrate/GLints/dict_16_192_64_0p5_0p02_0010_0009.uasset" 5193
"../../../Engine/Content/EngineMaterials/Substrate/GLints/dict_16_192_64_0p5_0p02_0009_0005.uasset" 5194
"../../../Engine/Content/EngineMaterials/Substrate/GLints/dict_16_192_64_0p5_0p02_0010_0010.uasset" 5195
"../../../Engine/Content/EngineMaterials/Substrate/GLints/dict_16_192_64_0p5_0p02_0008_0014.uasset" 5196
"../../../Engine/Content/EngineMaterials/Substrate/GLints/dict_16_192_64_0p5_0p02_0009_0009.uasset" 5197
"../../../Engine/Content/EngineMaterials/Substrate/GLints/dict_16_192_64_0p5_0p02_0008_0011.uasset" 5198
"../../../Engine/Content/EngineMaterials/Substrate/GLints/dict_16_192_64_0p5_0p02_0008_0015.uasset" 5199
"/Engine/EngineMaterials/Substrate/GLints/dict_16_192_64_0p5_0p02_0010_0010" 5200
"/Engine/EngineMaterials/Substrate/GLints/dict_16_192_64_0p5_0p02_0010_0009" 5201
"/Engine/EngineMaterials/Substrate/GLints/dict_16_192_64_0p5_0p02_0010_0008" 5202
"/Engine/EngineMaterials/Substrate/GLints/dict_16_192_64_0p5_0p02_0010_0007" 5203
"/Engine/EngineMaterials/Substrate/GLints/dict_16_192_64_0p5_0p02_0010_0006" 5204
"/Engine/EngineMaterials/Substrate/GLints/dict_16_192_64_0p5_0p02_0010_0005" 5205
"/Engine/EngineMaterials/Substrate/GLints/dict_16_192_64_0p5_0p02_0010_0004" 5206
"/Engine/EngineMaterials/Substrate/GLints/dict_16_192_64_0p5_0p02_0010_0003" 5207
"/Engine/EngineMaterials/Substrate/GLints/dict_16_192_64_0p5_0p02_0010_0002" 5208
"/Engine/EngineMaterials/Substrate/GLints/dict_16_192_64_0p5_0p02_0010_0001" 5209
"/Engine/EngineMaterials/Substrate/GLints/dict_16_192_64_0p5_0p02_0010_0000" 5210
"/Engine/EngineMaterials/Substrate/GLints/dict_16_192_64_0p5_0p02_0009_0015" 5211
"/Engine/EngineMaterials/Substrate/GLints/dict_16_192_64_0p5_0p02_0009_0014" 5212
"/Engine/EngineMaterials/Substrate/GLints/dict_16_192_64_0p5_0p02_0009_0013" 5213
"/Engine/EngineMaterials/Substrate/GLints/dict_16_192_64_0p5_0p02_0009_0012" 5214
"/Engine/EngineMaterials/Substrate/GLints/dict_16_192_64_0p5_0p02_0009_0011" 5215
"/Engine/EngineMaterials/Substrate/GLints/dict_16_192_64_0p5_0p02_0009_0010" 5216
"/Engine/EngineMaterials/Substrate/GLints/dict_16_192_64_0p5_0p02_0009_0009" 5217
"/Engine/EngineMaterials/Substrate/GLints/dict_16_192_64_0p5_0p02_0009_0008" 5218
"/Engine/EngineMaterials/Substrate/GLints/dict_16_192_64_0p5_0p02_0009_0007" 5219
"/Engine/EngineMaterials/Substrate/GLints/dict_16_192_64_0p5_0p02_0009_0006" 5220
"/Engine/EngineMaterials/Substrate/GLints/dict_16_192_64_0p5_0p02_0009_0005" 5221
"/Engine/EngineMaterials/Substrate/GLints/dict_16_192_64_0p5_0p02_0009_0004" 5222
"/Engine/EngineMaterials/Substrate/GLints/dict_16_192_64_0p5_0p02_0009_0003" 5223
"/Engine/EngineMaterials/Substrate/GLints/dict_16_192_64_0p5_0p02_0009_0002" 5224
"/Engine/EngineMaterials/Substrate/GLints/dict_16_192_64_0p5_0p02_0009_0001" 5225
"/Engine/EngineMaterials/Substrate/GLints/dict_16_192_64_0p5_0p02_0009_0000" 5226
"/Engine/EngineMaterials/Substrate/GLints/dict_16_192_64_0p5_0p02_0008_0015" 5227
"/Engine/EngineMaterials/Substrate/GLints/dict_16_192_64_0p5_0p02_0008_0014" 5228
"/Engine/EngineMaterials/Substrate/GLints/dict_16_192_64_0p5_0p02_0008_0013" 5229
"/Engine/EngineMaterials/Substrate/GLints/dict_16_192_64_0p5_0p02_0008_0012" 5230
"/Engine/EngineMaterials/Substrate/GLints/dict_16_192_64_0p5_0p02_0008_0011" 5231
"../../../Engine/Content/EngineMaterials/Substrate/GLints/dict_16_192_64_0p5_0p02_0010_0011.uasset" 5232
"../../../Engine/Content/EngineMaterials/Substrate/GLints/dict_16_192_64_0p5_0p02_0011_0002.uasset" 5233
"../../../Engine/Content/EngineMaterials/Substrate/GLints/dict_16_192_64_0p5_0p02_0011_0004.uasset" 5234
"../../../Engine/Content/EngineMaterials/Substrate/GLints/dict_16_192_64_0p5_0p02_0011_0001.uasset" 5235
"../../../Engine/Content/EngineMaterials/Substrate/GLints/dict_16_192_64_0p5_0p02_0010_0015.uasset" 5236
"../../../Engine/Content/EngineMaterials/Substrate/GLints/dict_16_192_64_0p5_0p02_0011_0000.uasset" 5237
"../../../Engine/Content/EngineMaterials/Substrate/GLints/dict_16_192_64_0p5_0p02_0010_0012.uasset" 5238
"../../../Engine/Content/EngineMaterials/Substrate/GLints/dict_16_192_64_0p5_0p02_0010_0014.uasset" 5239
"../../../Engine/Content/EngineMaterials/Substrate/GLints/dict_16_192_64_0p5_0p02_0010_0013.uasset" 5240
"../../../Engine/Content/EngineMaterials/Substrate/GLints/dict_16_192_64_0p5_0p02_0011_0003.uasset" 5241
"../../../Engine/Content/EngineMaterials/Substrate/GLints/dict_16_192_64_0p5_0p02_0011_0005.uasset" 5242
"../../../Engine/Content/EngineMaterials/Substrate/GLints/dict_16_192_64_0p5_0p02_0011_0006.uasset" 5243
"../../../Engine/Content/EngineMaterials/Substrate/GLints/dict_16_192_64_0p5_0p02_0011_0008.uasset" 5244
"../../../Engine/Content/EngineMaterials/Substrate/GLints/dict_16_192_64_0p5_0p02_0011_0009.uasset" 5245
"../../../Engine/Content/EngineMaterials/Substrate/GLints/dict_16_192_64_0p5_0p02_0011_0010.uasset" 5246
"../../../Engine/Content/EngineMaterials/Substrate/GLints/dict_16_192_64_0p5_0p02_0011_0015.uasset" 5247
"../../../Engine/Content/EngineMaterials/Substrate/GLints/dict_16_192_64_0p5_0p02_0011_0012.uasset" 5248
"../../../Engine/Content/EngineMaterials/Substrate/GLints/dict_16_192_64_0p5_0p02_0011_0014.uasset" 5249
"../../../Engine/Content/EngineMaterials/Substrate/GLints/dict_16_192_64_0p5_0p02_0011_0007.uasset" 5250
"../../../Engine/Content/EngineMaterials/Substrate/GLints/dict_16_192_64_0p5_0p02_0012_0002.uasset" 5251
"../../../Engine/Content/EngineMaterials/Substrate/GLints/dict_16_192_64_0p5_0p02_0012_0000.uasset" 5252
"../../../Engine/Content/EngineMaterials/Substrate/GLints/dict_16_192_64_0p5_0p02_0012_0003.uasset" 5253
"../../../Engine/Content/EngineMaterials/Substrate/GLints/dict_16_192_64_0p5_0p02_0012_0004.uasset" 5254
"../../../Engine/Content/EngineMaterials/Substrate/GLints/dict_16_192_64_0p5_0p02_0012_0001.uasset" 5255
"../../../Engine/Content/EngineMaterials/Substrate/GLints/dict_16_192_64_0p5_0p02_0012_0005.uasset" 5256
"../../../Engine/Content/EngineMaterials/Substrate/GLints/dict_16_192_64_0p5_0p02_0012_0007.uasset" 5257
"../../../Engine/Content/EngineMaterials/Substrate/GLints/dict_16_192_64_0p5_0p02_0012_0006.uasset" 5258
"../../../Engine/Content/EngineMaterials/Substrate/GLints/dict_16_192_64_0p5_0p02_0012_0008.uasset" 5259
"../../../Engine/Content/EngineMaterials/Substrate/GLints/dict_16_192_64_0p5_0p02_0012_0009.uasset" 5260
"../../../Engine/Content/EngineMaterials/Substrate/GLints/dict_16_192_64_0p5_0p02_0012_0010.uasset" 5261
"../../../Engine/Content/EngineMaterials/Substrate/GLints/dict_16_192_64_0p5_0p02_0011_0013.uasset" 5262
"../../../Engine/Content/EngineMaterials/Substrate/GLints/dict_16_192_64_0p5_0p02_0011_0011.uasset" 5263
"/Engine/EngineMaterials/Substrate/GLints/dict_16_192_64_0p5_0p02_0012_0010" 5264
"/Engine/EngineMaterials/Substrate/GLints/dict_16_192_64_0p5_0p02_0012_0009" 5265
"/Engine/EngineMaterials/Substrate/GLints/dict_16_192_64_0p5_0p02_0012_0008" 5266
"/Engine/EngineMaterials/Substrate/GLints/dict_16_192_64_0p5_0p02_0012_0007" 5267
"/Engine/EngineMaterials/Substrate/GLints/dict_16_192_64_0p5_0p02_0012_0006" 5268
"/Engine/EngineMaterials/Substrate/GLints/dict_16_192_64_0p5_0p02_0012_0005" 5269
"/Engine/EngineMaterials/Substrate/GLints/dict_16_192_64_0p5_0p02_0012_0004" 5270
"/Engine/EngineMaterials/Substrate/GLints/dict_16_192_64_0p5_0p02_0012_0003" 5271
"/Engine/EngineMaterials/Substrate/GLints/dict_16_192_64_0p5_0p02_0012_0002" 5272
"/Engine/EngineMaterials/Substrate/GLints/dict_16_192_64_0p5_0p02_0012_0001" 5273
"/Engine/EngineMaterials/Substrate/GLints/dict_16_192_64_0p5_0p02_0012_0000" 5274
"/Engine/EngineMaterials/Substrate/GLints/dict_16_192_64_0p5_0p02_0011_0015" 5275
"/Engine/EngineMaterials/Substrate/GLints/dict_16_192_64_0p5_0p02_0011_0014" 5276
"/Engine/EngineMaterials/Substrate/GLints/dict_16_192_64_0p5_0p02_0011_0013" 5277
"/Engine/EngineMaterials/Substrate/GLints/dict_16_192_64_0p5_0p02_0011_0012" 5278
"/Engine/EngineMaterials/Substrate/GLints/dict_16_192_64_0p5_0p02_0011_0011" 5279
"/Engine/EngineMaterials/Substrate/GLints/dict_16_192_64_0p5_0p02_0011_0010" 5280
"/Engine/EngineMaterials/Substrate/GLints/dict_16_192_64_0p5_0p02_0011_0009" 5281
"/Engine/EngineMaterials/Substrate/GLints/dict_16_192_64_0p5_0p02_0011_0008" 5282
"/Engine/EngineMaterials/Substrate/GLints/dict_16_192_64_0p5_0p02_0011_0007" 5283
"/Engine/EngineMaterials/Substrate/GLints/dict_16_192_64_0p5_0p02_0011_0006" 5284
"/Engine/EngineMaterials/Substrate/GLints/dict_16_192_64_0p5_0p02_0011_0005" 5285
"/Engine/EngineMaterials/Substrate/GLints/dict_16_192_64_0p5_0p02_0011_0004" 5286
"/Engine/EngineMaterials/Substrate/GLints/dict_16_192_64_0p5_0p02_0011_0003" 5287
"/Engine/EngineMaterials/Substrate/GLints/dict_16_192_64_0p5_0p02_0011_0002" 5288
"/Engine/EngineMaterials/Substrate/GLints/dict_16_192_64_0p5_0p02_0011_0001" 5289
"/Engine/EngineMaterials/Substrate/GLints/dict_16_192_64_0p5_0p02_0011_0000" 5290
"/Engine/EngineMaterials/Substrate/GLints/dict_16_192_64_0p5_0p02_0010_0015" 5291
"/Engine/EngineMaterials/Substrate/GLints/dict_16_192_64_0p5_0p02_0010_0014" 5292
"/Engine/EngineMaterials/Substrate/GLints/dict_16_192_64_0p5_0p02_0010_0013" 5293
"/Engine/EngineMaterials/Substrate/GLints/dict_16_192_64_0p5_0p02_0010_0012" 5294
"/Engine/EngineMaterials/Substrate/GLints/dict_16_192_64_0p5_0p02_0010_0011" 5295
"../../../Engine/Content/EngineMaterials/Substrate/GLints/dict_16_192_64_0p5_0p02_0012_0011.uasset" 5296
"../../../Engine/Content/EngineMaterials/Substrate/GLints/dict_16_192_64_0p5_0p02_0012_0014.uasset" 5297
"../../../Engine/Content/EngineMaterials/Substrate/GLints/dict_16_192_64_0p5_0p02_0012_0012.uasset" 5298
"../../../Engine/Content/EngineMaterials/Substrate/GLints/dict_16_192_64_0p5_0p02_0012_0013.uasset" 5299
"../../../Engine/Content/EngineMaterials/Substrate/GLints/dict_16_192_64_0p5_0p02_0013_0000.uasset" 5300
"../../../Engine/Content/EngineMaterials/Substrate/GLints/dict_16_192_64_0p5_0p02_0012_0015.uasset" 5301
"../../../Engine/Content/EngineMaterials/Substrate/GLints/dict_16_192_64_0p5_0p02_0013_0001.uasset" 5302
"../../../Engine/Content/EngineMaterials/Substrate/GLints/dict_16_192_64_0p5_0p02_0013_0002.uasset" 5303
"../../../Engine/Content/EngineMaterials/Substrate/GLints/dict_16_192_64_0p5_0p02_0013_0003.uasset" 5304
"../../../Engine/Content/EngineMaterials/Substrate/GLints/dict_16_192_64_0p5_0p02_0013_0004.uasset" 5305
"../../../Engine/Content/EngineMaterials/Substrate/GLints/dict_16_192_64_0p5_0p02_0013_0012.uasset" 5306
"../../../Engine/Content/EngineMaterials/Substrate/GLints/dict_16_192_64_0p5_0p02_0013_0006.uasset" 5307
"../../../Engine/Content/EngineMaterials/Substrate/GLints/dict_16_192_64_0p5_0p02_0013_0010.uasset" 5308
"../../../Engine/Content/EngineMaterials/Substrate/GLints/dict_16_192_64_0p5_0p02_0013_0008.uasset" 5309
"../../../Engine/Content/EngineMaterials/Substrate/GLints/dict_16_192_64_0p5_0p02_0013_0009.uasset" 5310
"../../../Engine/Content/EngineMaterials/Substrate/GLints/dict_16_192_64_0p5_0p02_0013_0011.uasset" 5311
"../../../Engine/Content/EngineMaterials/Substrate/GLints/dict_16_192_64_0p5_0p02_0013_0013.uasset" 5312
"../../../Engine/Content/EngineMaterials/Substrate/GLints/dict_16_192_64_0p5_0p02_0014_0000.uasset" 5313
"../../../Engine/Content/EngineMaterials/Substrate/GLints/dict_16_192_64_0p5_0p02_0014_0002.uasset" 5314
"../../../Engine/Content/EngineMaterials/Substrate/GLints/dict_16_192_64_0p5_0p02_0013_0014.uasset" 5315
"../../../Engine/Content/EngineMaterials/Substrate/GLints/dict_16_192_64_0p5_0p02_0013_0015.uasset" 5316
"../../../Engine/Content/EngineMaterials/Substrate/GLints/dict_16_192_64_0p5_0p02_0014_0001.uasset" 5317
"../../../Engine/Content/EngineMaterials/Substrate/GLints/dict_16_192_64_0p5_0p02_0014_0003.uasset" 5318
"../../../Engine/Content/EngineMaterials/Substrate/GLints/dict_16_192_64_0p5_0p02_0014_0005.uasset" 5319
"../../../Engine/Content/EngineMaterials/Substrate/GLints/dict_16_192_64_0p5_0p02_0014_0004.uasset" 5320
"../../../Engine/Content/EngineMaterials/Substrate/GLints/dict_16_192_64_0p5_0p02_0014_0006.uasset" 5321
"../../../Engine/Content/EngineMaterials/Substrate/GLints/dict_16_192_64_0p5_0p02_0014_0008.uasset" 5322
"../../../Engine/Content/EngineMaterials/Substrate/GLints/dict_16_192_64_0p5_0p02_0014_0007.uasset" 5323
"../../../Engine/Content/EngineMaterials/Substrate/GLints/dict_16_192_64_0p5_0p02_0014_0010.uasset" 5324
"../../../Engine/Content/EngineMaterials/Substrate/GLints/dict_16_192_64_0p5_0p02_0014_0009.uasset" 5325
"../../../Engine/Content/EngineMaterials/Substrate/GLints/dict_16_192_64_0p5_0p02_0013_0005.uasset" 5326
"../../../Engine/Content/EngineMaterials/Substrate/GLints/dict_16_192_64_0p5_0p02_0013_0007.uasset" 5327
"/Engine/EngineMaterials/Substrate/GLints/dict_16_192_64_0p5_0p02_0014_0010" 5328
"/Engine/EngineMaterials/Substrate/GLints/dict_16_192_64_0p5_0p02_0014_0009" 5329
"/Engine/EngineMaterials/Substrate/GLints/dict_16_192_64_0p5_0p02_0014_0008" 5330
"/Engine/EngineMaterials/Substrate/GLints/dict_16_192_64_0p5_0p02_0014_0007" 5331
"/Engine/EngineMaterials/Substrate/GLints/dict_16_192_64_0p5_0p02_0014_0006" 5332
"/Engine/EngineMaterials/Substrate/GLints/dict_16_192_64_0p5_0p02_0014_0005" 5333
"/Engine/EngineMaterials/Substrate/GLints/dict_16_192_64_0p5_0p02_0014_0004" 5334
"/Engine/EngineMaterials/Substrate/GLints/dict_16_192_64_0p5_0p02_0014_0003" 5335
"/Engine/EngineMaterials/Substrate/GLints/dict_16_192_64_0p5_0p02_0014_0002" 5336
"/Engine/EngineMaterials/Substrate/GLints/dict_16_192_64_0p5_0p02_0014_0001" 5337
"/Engine/EngineMaterials/Substrate/GLints/dict_16_192_64_0p5_0p02_0014_0000" 5338
"/Engine/EngineMaterials/Substrate/GLints/dict_16_192_64_0p5_0p02_0013_0015" 5339
"/Engine/EngineMaterials/Substrate/GLints/dict_16_192_64_0p5_0p02_0013_0014" 5340
"/Engine/EngineMaterials/Substrate/GLints/dict_16_192_64_0p5_0p02_0013_0013" 5341
"/Engine/EngineMaterials/Substrate/GLints/dict_16_192_64_0p5_0p02_0013_0012" 5342
"/Engine/EngineMaterials/Substrate/GLints/dict_16_192_64_0p5_0p02_0013_0011" 5343
"/Engine/EngineMaterials/Substrate/GLints/dict_16_192_64_0p5_0p02_0013_0010" 5344
"/Engine/EngineMaterials/Substrate/GLints/dict_16_192_64_0p5_0p02_0013_0009" 5345
"/Engine/EngineMaterials/Substrate/GLints/dict_16_192_64_0p5_0p02_0013_0008" 5346
"/Engine/EngineMaterials/Substrate/GLints/dict_16_192_64_0p5_0p02_0013_0007" 5347
"/Engine/EngineMaterials/Substrate/GLints/dict_16_192_64_0p5_0p02_0013_0006" 5348
"/Engine/EngineMaterials/Substrate/GLints/dict_16_192_64_0p5_0p02_0013_0005" 5349
"/Engine/EngineMaterials/Substrate/GLints/dict_16_192_64_0p5_0p02_0013_0004" 5350
"/Engine/EngineMaterials/Substrate/GLints/dict_16_192_64_0p5_0p02_0013_0003" 5351
"/Engine/EngineMaterials/Substrate/GLints/dict_16_192_64_0p5_0p02_0013_0002" 5352
"/Engine/EngineMaterials/Substrate/GLints/dict_16_192_64_0p5_0p02_0013_0001" 5353
"/Engine/EngineMaterials/Substrate/GLints/dict_16_192_64_0p5_0p02_0013_0000" 5354
"/Engine/EngineMaterials/Substrate/GLints/dict_16_192_64_0p5_0p02_0012_0015" 5355
"/Engine/EngineMaterials/Substrate/GLints/dict_16_192_64_0p5_0p02_0012_0014" 5356
"/Engine/EngineMaterials/Substrate/GLints/dict_16_192_64_0p5_0p02_0012_0013" 5357
"/Engine/EngineMaterials/Substrate/GLints/dict_16_192_64_0p5_0p02_0012_0012" 5358
"/Engine/EngineMaterials/Substrate/GLints/dict_16_192_64_0p5_0p02_0012_0011" 5359
"../../../Engine/Content/EngineMaterials/Substrate/GLints/dict_16_192_64_0p5_0p02_0014_0011.uasset" 5360
"../../../Engine/Content/EngineMaterials/Substrate/GLints/dict_16_192_64_0p5_0p02_0014_0013.uasset" 5361
"../../../Engine/Content/EngineMaterials/Substrate/GLints/dict_16_192_64_0p5_0p02_0015_0000.uasset" 5362
"../../../Engine/Content/EngineMaterials/Substrate/GLints/dict_16_192_64_0p5_0p02_0014_0015.uasset" 5363
"../../../Engine/Content/EngineMaterials/Substrate/GLints/dict_16_192_64_0p5_0p02_0015_0002.uasset" 5364
"../../../Engine/Content/EngineMaterials/Substrate/GLints/dict_16_192_64_0p5_0p02_0015_0001.uasset" 5365
"../../../Engine/Content/EngineMaterials/Substrate/GLints/dict_16_192_64_0p5_0p02_0014_0014.uasset" 5366
"../../../Engine/Content/EngineMaterials/Substrate/GLints/dict_16_192_64_0p5_0p02_0015_0003.uasset" 5367
"../../../Engine/Content/EngineMaterials/Substrate/GLints/dict_16_192_64_0p5_0p02_0014_0012.uasset" 5368
"../../../Engine/Content/EngineMaterials/Substrate/GLints/dict_16_192_64_0p5_0p02_0015_0005.uasset" 5369
"../../../Engine/Content/EngineMaterials/Substrate/GLints/dict_16_192_64_0p5_0p02_0015_0006.uasset" 5370
"../../../Engine/Content/EngineMaterials/Substrate/GLints/dict_16_192_64_0p5_0p02_0015_0008.uasset" 5371
"../../../Engine/Content/EngineMaterials/Substrate/GLints/dict_16_192_64_0p5_0p02_0015_0004.uasset" 5372
"../../../Engine/Content/EngineMaterials/Substrate/GLints/dict_16_192_64_0p5_0p02_0015_0009.uasset" 5373
"../../../Engine/Content/EngineMaterials/Substrate/GLints/dict_16_192_64_0p5_0p02_0015_0010.uasset" 5374
"../../../Engine/Content/EngineMaterials/Substrate/GLints/dict_16_192_64_0p5_0p02_0015_0011.uasset" 5375
"../../../Engine/Content/EngineMaterials/Substrate/GLints/dict_16_192_64_0p5_0p02_0015_0007.uasset" 5376
"../../../Engine/Content/EngineMaterials/Substrate/GLints/dict_16_192_64_0p5_0p02_0015_0012.uasset" 5377
"../../../Engine/Content/EngineMaterials/Substrate/GLints/dict_16_192_64_0p5_0p02_0015_0015.uasset" 5378
"../../../Engine/Content/EngineMaterials/Substrate/GLints/dict_16_192_64_0p5_0p02_0016_0000.uasset" 5379
"../../../Engine/Content/EngineMaterials/Substrate/GLints/dict_16_192_64_0p5_0p02_0015_0014.uasset" 5380
"../../../Engine/Content/EngineMaterials/Substrate/GLints/dict_16_192_64_0p5_0p02_0016_0003.uasset" 5381
"../../../Engine/Content/EngineMaterials/Substrate/GLints/dict_16_192_64_0p5_0p02_0015_0013.uasset" 5382
"../../../Engine/Content/EngineMaterials/Substrate/GLints/dict_16_192_64_0p5_0p02_0016_0001.uasset" 5383
"../../../Engine/Content/EngineMaterials/Substrate/GLints/dict_16_192_64_0p5_0p02_0016_0004.uasset" 5384
"../../../Engine/Content/EngineMaterials/Substrate/GLints/dict_16_192_64_0p5_0p02_0016_0005.uasset" 5385
"../../../Engine/Content/EngineMaterials/Substrate/GLints/dict_16_192_64_0p5_0p02_0016_0002.uasset" 5386
"../../../Engine/Content/EngineMaterials/Substrate/GLints/dict_16_192_64_0p5_0p02_0016_0006.uasset" 5387
"../../../Engine/Content/EngineMaterials/Substrate/GLints/dict_16_192_64_0p5_0p02_0016_0007.uasset" 5388
"../../../Engine/Content/EngineMaterials/Substrate/GLints/dict_16_192_64_0p5_0p02_0016_0010.uasset" 5389
"../../../Engine/Content/EngineMaterials/Substrate/GLints/dict_16_192_64_0p5_0p02_0016_0008.uasset" 5390
"../../../Engine/Content/EngineMaterials/Substrate/GLints/dict_16_192_64_0p5_0p02_0016_0009.uasset" 5391
"/Engine/EngineMaterials/Substrate/GLints/dict_16_192_64_0p5_0p02_0016_0010" 5392
"/Engine/EngineMaterials/Substrate/GLints/dict_16_192_64_0p5_0p02_0016_0009" 5393
"/Engine/EngineMaterials/Substrate/GLints/dict_16_192_64_0p5_0p02_0016_0008" 5394
"/Engine/EngineMaterials/Substrate/GLints/dict_16_192_64_0p5_0p02_0016_0007" 5395
"/Engine/EngineMaterials/Substrate/GLints/dict_16_192_64_0p5_0p02_0016_0006" 5396
"/Engine/EngineMaterials/Substrate/GLints/dict_16_192_64_0p5_0p02_0016_0005" 5397
"/Engine/EngineMaterials/Substrate/GLints/dict_16_192_64_0p5_0p02_0016_0004" 5398
"/Engine/EngineMaterials/Substrate/GLints/dict_16_192_64_0p5_0p02_0016_0003" 5399
"/Engine/EngineMaterials/Substrate/GLints/dict_16_192_64_0p5_0p02_0016_0002" 5400
"/Engine/EngineMaterials/Substrate/GLints/dict_16_192_64_0p5_0p02_0016_0001" 5401
"/Engine/EngineMaterials/Substrate/GLints/dict_16_192_64_0p5_0p02_0016_0000" 5402
"/Engine/EngineMaterials/Substrate/GLints/dict_16_192_64_0p5_0p02_0015_0015" 5403
"/Engine/EngineMaterials/Substrate/GLints/dict_16_192_64_0p5_0p02_0015_0014" 5404
"/Engine/EngineMaterials/Substrate/GLints/dict_16_192_64_0p5_0p02_0015_0013" 5405
"/Engine/EngineMaterials/Substrate/GLints/dict_16_192_64_0p5_0p02_0015_0012" 5406
"/Engine/EngineMaterials/Substrate/GLints/dict_16_192_64_0p5_0p02_0015_0011" 5407
"/Engine/EngineMaterials/Substrate/GLints/dict_16_192_64_0p5_0p02_0015_0010" 5408
"/Engine/EngineMaterials/Substrate/GLints/dict_16_192_64_0p5_0p02_0015_0009" 5409
"/Engine/EngineMaterials/Substrate/GLints/dict_16_192_64_0p5_0p02_0015_0008" 5410
"/Engine/EngineMaterials/Substrate/GLints/dict_16_192_64_0p5_0p02_0015_0007" 5411
"/Engine/EngineMaterials/Substrate/GLints/dict_16_192_64_0p5_0p02_0015_0006" 5412
"/Engine/EngineMaterials/Substrate/GLints/dict_16_192_64_0p5_0p02_0015_0005" 5413
"/Engine/EngineMaterials/Substrate/GLints/dict_16_192_64_0p5_0p02_0015_0004" 5414
"/Engine/EngineMaterials/Substrate/GLints/dict_16_192_64_0p5_0p02_0015_0003" 5415
"/Engine/EngineMaterials/Substrate/GLints/dict_16_192_64_0p5_0p02_0015_0002" 5416
"/Engine/EngineMaterials/Substrate/GLints/dict_16_192_64_0p5_0p02_0015_0001" 5417
"/Engine/EngineMaterials/Substrate/GLints/dict_16_192_64_0p5_0p02_0015_0000" 5418
"/Engine/EngineMaterials/Substrate/GLints/dict_16_192_64_0p5_0p02_0014_0015" 5419
"/Engine/EngineMaterials/Substrate/GLints/dict_16_192_64_0p5_0p02_0014_0014" 5420
"/Engine/EngineMaterials/Substrate/GLints/dict_16_192_64_0p5_0p02_0014_0013" 5421
"/Engine/EngineMaterials/Substrate/GLints/dict_16_192_64_0p5_0p02_0014_0012" 5422
"/Engine/EngineMaterials/Substrate/GLints/dict_16_192_64_0p5_0p02_0014_0011" 5423
"../../../Engine/Content/EngineMaterials/Substrate/GLints/dict_16_192_64_0p5_0p02_0016_0011.uasset" 5424
"../../../Engine/Content/EngineMaterials/Substrate/GLints/dict_16_192_64_0p5_0p02_0016_0015.uasset" 5425
"../../../Engine/Content/EngineMaterials/Substrate/GLints/dict_16_192_64_0p5_0p02_0017_0001.uasset" 5426
"../../../Engine/Content/EngineMaterials/Substrate/GLints/dict_16_192_64_0p5_0p02_0016_0012.uasset" 5427
"../../../Engine/Content/EngineMaterials/Substrate/GLints/dict_16_192_64_0p5_0p02_0017_0000.uasset" 5428
"../../../Engine/Content/EngineMaterials/Substrate/GLints/dict_16_192_64_0p5_0p02_0016_0014.uasset" 5429
"../../../Engine/Content/EngineMaterials/Substrate/GLints/dict_16_192_64_0p5_0p02_0016_0013.uasset" 5430
"../../../Engine/Content/EngineMaterials/Substrate/GLints/dict_16_192_64_0p5_0p02_0017_0004.uasset" 5431
"../../../Engine/Content/EngineMaterials/Substrate/GLints/dict_16_192_64_0p5_0p02_0017_0002.uasset" 5432
"../../../Engine/Content/EngineMaterials/Substrate/GLints/dict_16_192_64_0p5_0p02_0017_0003.uasset" 5433
"../../../Engine/Content/EngineMaterials/Substrate/GLints/dict_16_192_64_0p5_0p02_0017_0009.uasset" 5434
"../../../Engine/Content/EngineMaterials/Substrate/GLints/dict_16_192_64_0p5_0p02_0017_0007.uasset" 5435
"../../../Engine/Content/EngineMaterials/Substrate/GLints/dict_16_192_64_0p5_0p02_0017_0010.uasset" 5436
"../../../Engine/Content/EngineMaterials/Substrate/GLints/dict_16_192_64_0p5_0p02_0017_0012.uasset" 5437
"../../../Engine/Content/EngineMaterials/Substrate/GLints/dict_16_192_64_0p5_0p02_0017_0008.uasset" 5438
"../../../Engine/Content/EngineMaterials/Substrate/GLints/dict_16_192_64_0p5_0p02_0017_0005.uasset" 5439
"../../../Engine/Content/EngineMaterials/Substrate/GLints/dict_16_192_64_0p5_0p02_0017_0013.uasset" 5440
"../../../Engine/Content/EngineMaterials/Substrate/GLints/dict_16_192_64_0p5_0p02_0017_0014.uasset" 5441
"../../../Engine/Content/EngineMaterials/Substrate/GLints/dict_16_192_64_0p5_0p02_0018_0001.uasset" 5442
"../../../Engine/Content/EngineMaterials/Substrate/GLints/dict_16_192_64_0p5_0p02_0017_0011.uasset" 5443
"../../../Engine/Content/EngineMaterials/Substrate/GLints/dict_16_192_64_0p5_0p02_0018_0000.uasset" 5444
"../../../Engine/Content/EngineMaterials/Substrate/GLints/dict_16_192_64_0p5_0p02_0017_0006.uasset" 5445
"../../../Engine/Content/EngineMaterials/Substrate/GLints/dict_16_192_64_0p5_0p02_0018_0002.uasset" 5446
"../../../Engine/Content/EngineMaterials/Substrate/GLints/dict_16_192_64_0p5_0p02_0017_0015.uasset" 5447
"../../../Engine/Content/EngineMaterials/Substrate/GLints/dict_16_192_64_0p5_0p02_0018_0004.uasset" 5448
"../../../Engine/Content/EngineMaterials/Substrate/GLints/dict_16_192_64_0p5_0p02_0018_0005.uasset" 5449
"../../../Engine/Content/EngineMaterials/Substrate/GLints/dict_16_192_64_0p5_0p02_0018_0006.uasset" 5450
"../../../Engine/Content/EngineMaterials/Substrate/GLints/dict_16_192_64_0p5_0p02_0018_0003.uasset" 5451
"../../../Engine/Content/EngineMaterials/Substrate/GLints/dict_16_192_64_0p5_0p02_0018_0007.uasset" 5452
"../../../Engine/Content/EngineMaterials/Substrate/GLints/dict_16_192_64_0p5_0p02_0018_0009.uasset" 5453
"../../../Engine/Content/EngineMaterials/Substrate/GLints/dict_16_192_64_0p5_0p02_0018_0008.uasset" 5454
"../../../Engine/Content/EngineMaterials/Substrate/GLints/dict_16_192_64_0p5_0p02_0018_0010.uasset" 5455
"../../../Engine/Plugins/Animation/DeformerGraph/Shaders/Private/DataInterfaceCustomComputeKernel.ush" 5456
"../../../Engine/Plugins/Animation/DeformerGraph/Shaders/Private/DataInterfaceCloth.ush" 5457
"../../../Engine/Plugins/Animation/DeformerGraph/Shaders/Private/DataInterfaceSkinnedMeshRead.ush" 5458
"../../../Engine/Plugins/Animation/DeformerGraph/Shaders/Private/DataInterfaceSkeleton.ush" 5459
"../../../Engine/Plugins/Animation/DeformerGraph/Shaders/Private/DataInterfaceSkeletonCommon.ush" 5460
"../../../Engine/Plugins/Animation/DeformerGraph/Shaders/Private/DataInterfaceMorphTarget.ush" 5461
"../../../Engine/Plugins/Animation/DeformerGraph/Shaders/Private/DataInterfaceSkinnedMeshWrite.ush" 5462
"/Engine/EngineMaterials/Substrate/GLints/dict_16_192_64_0p5_0p02_0018_0010" 5463
"/Engine/EngineMaterials/Substrate/GLints/dict_16_192_64_0p5_0p02_0018_0009" 5464
"/Engine/EngineMaterials/Substrate/GLints/dict_16_192_64_0p5_0p02_0018_0008" 5465
"/Engine/EngineMaterials/Substrate/GLints/dict_16_192_64_0p5_0p02_0018_0007" 5466
"/Engine/EngineMaterials/Substrate/GLints/dict_16_192_64_0p5_0p02_0018_0006" 5467
"/Engine/EngineMaterials/Substrate/GLints/dict_16_192_64_0p5_0p02_0018_0005" 5468
"/Engine/EngineMaterials/Substrate/GLints/dict_16_192_64_0p5_0p02_0018_0004" 5469
"/Engine/EngineMaterials/Substrate/GLints/dict_16_192_64_0p5_0p02_0018_0003" 5470
"/Engine/EngineMaterials/Substrate/GLints/dict_16_192_64_0p5_0p02_0018_0002" 5471
"/Engine/EngineMaterials/Substrate/GLints/dict_16_192_64_0p5_0p02_0018_0001" 5472
"/Engine/EngineMaterials/Substrate/GLints/dict_16_192_64_0p5_0p02_0018_0000" 5473
"/Engine/EngineMaterials/Substrate/GLints/dict_16_192_64_0p5_0p02_0017_0015" 5474
"/Engine/EngineMaterials/Substrate/GLints/dict_16_192_64_0p5_0p02_0017_0014" 5475
"/Engine/EngineMaterials/Substrate/GLints/dict_16_192_64_0p5_0p02_0017_0013" 5476
"/Engine/EngineMaterials/Substrate/GLints/dict_16_192_64_0p5_0p02_0017_0012" 5477
"/Engine/EngineMaterials/Substrate/GLints/dict_16_192_64_0p5_0p02_0017_0011" 5478
"/Engine/EngineMaterials/Substrate/GLints/dict_16_192_64_0p5_0p02_0017_0010" 5479
"/Engine/EngineMaterials/Substrate/GLints/dict_16_192_64_0p5_0p02_0017_0009" 5480
"/Engine/EngineMaterials/Substrate/GLints/dict_16_192_64_0p5_0p02_0017_0008" 5481
"/Engine/EngineMaterials/Substrate/GLints/dict_16_192_64_0p5_0p02_0017_0007" 5482
"/Engine/EngineMaterials/Substrate/GLints/dict_16_192_64_0p5_0p02_0017_0006" 5483
"/Engine/EngineMaterials/Substrate/GLints/dict_16_192_64_0p5_0p02_0017_0005" 5484
"/Engine/EngineMaterials/Substrate/GLints/dict_16_192_64_0p5_0p02_0017_0004" 5485
"/Engine/EngineMaterials/Substrate/GLints/dict_16_192_64_0p5_0p02_0017_0003" 5486
"/Engine/EngineMaterials/Substrate/GLints/dict_16_192_64_0p5_0p02_0017_0002" 5487
"/Engine/EngineMaterials/Substrate/GLints/dict_16_192_64_0p5_0p02_0017_0001" 5488
"/Engine/EngineMaterials/Substrate/GLints/dict_16_192_64_0p5_0p02_0017_0000" 5489
"/Engine/EngineMaterials/Substrate/GLints/dict_16_192_64_0p5_0p02_0016_0015" 5490
"/Engine/EngineMaterials/Substrate/GLints/dict_16_192_64_0p5_0p02_0016_0014" 5491
"/Engine/EngineMaterials/Substrate/GLints/dict_16_192_64_0p5_0p02_0016_0013" 5492
"/Engine/EngineMaterials/Substrate/GLints/dict_16_192_64_0p5_0p02_0016_0012" 5493
"/Engine/EngineMaterials/Substrate/GLints/dict_16_192_64_0p5_0p02_0016_0011" 5494
"../../../Engine/Content/EngineMaterials/Substrate/GLints/dict_16_192_64_0p5_0p02_0019_0000.uasset" 5495
"../../../Engine/Content/EngineMaterials/Substrate/GLints/dict_16_192_64_0p5_0p02_0018_0013.uasset" 5496
"../../../Engine/Content/EngineMaterials/Substrate/GLints/dict_16_192_64_0p5_0p02_0018_0015.uasset" 5497
"../../../Engine/Content/EngineMaterials/Substrate/GLints/dict_16_192_64_0p5_0p02_0019_0001.uasset" 5498
"../../../Engine/Content/EngineMaterials/Substrate/GLints/dict_16_192_64_0p5_0p02_0018_0012.uasset" 5499
"../../../Engine/Content/EngineMaterials/Substrate/GLints/dict_16_192_64_0p5_0p02_0018_0014.uasset" 5500
"../../../Engine/Content/EngineMaterials/Substrate/GLints/dict_16_192_64_0p5_0p02_0018_0011.uasset" 5501
"../../../Engine/Content/EngineMaterials/Substrate/GLints/dict_16_192_64_0p5_0p02_0019_0003.uasset" 5502
"../../../Engine/Content/EngineMaterials/Substrate/GLints/dict_16_192_64_0p5_0p02_0019_0004.uasset" 5503
"../../../Engine/Content/EngineMaterials/Substrate/GLints/dict_16_192_64_0p5_0p02_0019_0005.uasset" 5504
"../../../Engine/Content/EngineMaterials/Substrate/GLints/dict_16_192_64_0p5_0p02_0019_0006.uasset" 5505
"../../../Engine/Content/EngineMaterials/Substrate/GLints/dict_16_192_64_0p5_0p02_0019_0007.uasset" 5506
"../../../Engine/Content/EngineMaterials/Substrate/GLints/dict_16_192_64_0p5_0p02_0019_0002.uasset" 5507
"../../../Engine/Content/EngineMaterials/Substrate/GLints/dict_16_192_64_0p5_0p02_0019_0008.uasset" 5508
"../../../Engine/Content/EngineMaterials/Substrate/GLints/dict_16_192_64_0p5_0p02_0019_0009.uasset" 5509
"../../../Engine/Content/EngineMaterials/Substrate/GLints/dict_16_192_64_0p5_0p02_0019_0010.uasset" 5510
"../../../Engine/Content/EngineMaterials/Substrate/GLints/dict_16_192_64_0p5_0p02_0019_0011.uasset" 5511
"../../../Engine/Content/EngineMaterials/Substrate/GLints/dict_16_192_64_0p5_0p02_0019_0012.uasset" 5512
"../../../Engine/Content/EngineMaterials/Substrate/GLints/dict_16_192_64_0p5_0p02_0019_0014.uasset" 5513
"../../../Engine/Content/EngineMaterials/Substrate/GLints/dict_16_192_64_0p5_0p02_0019_0013.uasset" 5514
"../../../Engine/Content/EngineMaterials/Substrate/GLints/dict_16_192_64_0p5_0p02_0019_0015.uasset" 5515
"../../../Engine/Content/EngineMaterials/Substrate/GLints/dict_16_192_64_0p5_0p02_0020_0003.uasset" 5516
"../../../Engine/Content/EngineMaterials/Substrate/GLints/dict_16_192_64_0p5_0p02_0020_0000.uasset" 5517
"../../../Engine/Content/EngineMaterials/Substrate/GLints/dict_16_192_64_0p5_0p02_0020_0004.uasset" 5518
"../../../Engine/Content/EngineMaterials/Substrate/GLints/dict_16_192_64_0p5_0p02_0020_0006.uasset" 5519
"../../../Engine/Content/EngineMaterials/Substrate/GLints/dict_16_192_64_0p5_0p02_0020_0002.uasset" 5520
"../../../Engine/Content/EngineMaterials/Substrate/GLints/dict_16_192_64_0p5_0p02_0020_0005.uasset" 5521
"../../../Engine/Content/EngineMaterials/Substrate/GLints/dict_16_192_64_0p5_0p02_0020_0001.uasset" 5522
"../../../Engine/Content/EngineMaterials/Substrate/GLints/dict_16_192_64_0p5_0p02_0020_0008.uasset" 5523
"../../../Engine/Content/EngineMaterials/Substrate/GLints/dict_16_192_64_0p5_0p02_0020_0009.uasset" 5524
"../../../Engine/Content/EngineMaterials/Substrate/GLints/dict_16_192_64_0p5_0p02_0020_0010.uasset" 5525
"../../../Engine/Content/EngineMaterials/Substrate/GLints/dict_16_192_64_0p5_0p02_0020_0007.uasset" 5526
"../../../Engine/Plugins/Animation/DeformerGraph/Shaders/Private/DataInterfaceRawBuffer.ush" 5527
"../../../Engine/Plugins/Runtime/ComputeFramework/Shaders/Private/BufferAlias.ush" 5528
"../../../Engine/Plugins/Animation/DeformerGraph/Shaders/Private/DataInterfaceSkinnedMesh.ush" 5529
"../../../Engine/Plugins/Animation/DeformerGraph/Shaders/Private/DataInterfaceHalfEdge.ush" 5530
"/Engine/EngineMaterials/Substrate/GLints/dict_16_192_64_0p5_0p02_0020_0010" 5531
"/Engine/EngineMaterials/Substrate/GLints/dict_16_192_64_0p5_0p02_0020_0009" 5532
"/Engine/EngineMaterials/Substrate/GLints/dict_16_192_64_0p5_0p02_0020_0008" 5533
"/Engine/EngineMaterials/Substrate/GLints/dict_16_192_64_0p5_0p02_0020_0007" 5534
"/Engine/EngineMaterials/Substrate/GLints/dict_16_192_64_0p5_0p02_0020_0006" 5535
"/Engine/EngineMaterials/Substrate/GLints/dict_16_192_64_0p5_0p02_0020_0005" 5536
"/Engine/EngineMaterials/Substrate/GLints/dict_16_192_64_0p5_0p02_0020_0004" 5537
"/Engine/EngineMaterials/Substrate/GLints/dict_16_192_64_0p5_0p02_0020_0003" 5538
"/Engine/EngineMaterials/Substrate/GLints/dict_16_192_64_0p5_0p02_0020_0002" 5539
"/Engine/EngineMaterials/Substrate/GLints/dict_16_192_64_0p5_0p02_0020_0001" 5540
"/Engine/EngineMaterials/Substrate/GLints/dict_16_192_64_0p5_0p02_0020_0000" 5541
"/Engine/EngineMaterials/Substrate/GLints/dict_16_192_64_0p5_0p02_0019_0015" 5542
"/Engine/EngineMaterials/Substrate/GLints/dict_16_192_64_0p5_0p02_0019_0014" 5543
"/Engine/EngineMaterials/Substrate/GLints/dict_16_192_64_0p5_0p02_0019_0013" 5544
"/Engine/EngineMaterials/Substrate/GLints/dict_16_192_64_0p5_0p02_0019_0012" 5545
"/Engine/EngineMaterials/Substrate/GLints/dict_16_192_64_0p5_0p02_0019_0011" 5546
"/Engine/EngineMaterials/Substrate/GLints/dict_16_192_64_0p5_0p02_0019_0010" 5547
"/Engine/EngineMaterials/Substrate/GLints/dict_16_192_64_0p5_0p02_0019_0009" 5548
"/Engine/EngineMaterials/Substrate/GLints/dict_16_192_64_0p5_0p02_0019_0008" 5549
"/Engine/EngineMaterials/Substrate/GLints/dict_16_192_64_0p5_0p02_0019_0007" 5550
"/Engine/EngineMaterials/Substrate/GLints/dict_16_192_64_0p5_0p02_0019_0006" 5551
"/Engine/EngineMaterials/Substrate/GLints/dict_16_192_64_0p5_0p02_0019_0005" 5552
"/Engine/EngineMaterials/Substrate/GLints/dict_16_192_64_0p5_0p02_0019_0004" 5553
"/Engine/EngineMaterials/Substrate/GLints/dict_16_192_64_0p5_0p02_0019_0003" 5554
"/Engine/EngineMaterials/Substrate/GLints/dict_16_192_64_0p5_0p02_0019_0002" 5555
"/Engine/EngineMaterials/Substrate/GLints/dict_16_192_64_0p5_0p02_0019_0001" 5556
"/Engine/EngineMaterials/Substrate/GLints/dict_16_192_64_0p5_0p02_0019_0000" 5557
"/Engine/EngineMaterials/Substrate/GLints/dict_16_192_64_0p5_0p02_0018_0015" 5558
"/Engine/EngineMaterials/Substrate/GLints/dict_16_192_64_0p5_0p02_0018_0014" 5559
"/Engine/EngineMaterials/Substrate/GLints/dict_16_192_64_0p5_0p02_0018_0013" 5560
"/Engine/EngineMaterials/Substrate/GLints/dict_16_192_64_0p5_0p02_0018_0012" 5561
"/Engine/EngineMaterials/Substrate/GLints/dict_16_192_64_0p5_0p02_0018_0011" 5562
"../../../Engine/Content/EngineMaterials/Substrate/GLints/dict_16_192_64_0p5_0p02_0020_0011.uasset" 5563
"../../../Engine/Content/EngineMaterials/Substrate/GLints/dict_16_192_64_0p5_0p02_0020_0012.uasset" 5564
"../../../Engine/Content/EngineMaterials/Substrate/GLints/dict_16_192_64_0p5_0p02_0020_0013.uasset" 5565
"../../../Engine/Content/EngineMaterials/Substrate/GLints/dict_16_192_64_0p5_0p02_0020_0014.uasset" 5566
"../../../Engine/Content/EngineMaterials/Substrate/GLints/dict_16_192_64_0p5_0p02_0020_0015.uasset" 5567
"../../../Engine/Content/EngineMaterials/Substrate/GLints/dict_16_192_64_0p5_0p02_0021_0000.uasset" 5568
"../../../Engine/Content/EngineMaterials/Substrate/GLints/dict_16_192_64_0p5_0p02_0021_0002.uasset" 5569
"../../../Engine/Content/EngineMaterials/Substrate/GLints/dict_16_192_64_0p5_0p02_0021_0004.uasset" 5570
"../../../Engine/Content/EngineMaterials/Substrate/GLints/dict_16_192_64_0p5_0p02_0021_0003.uasset" 5571
"../../../Engine/Content/EngineMaterials/Substrate/GLints/dict_16_192_64_0p5_0p02_0021_0001.uasset" 5572
"../../../Engine/Content/EngineMaterials/Substrate/GLints/dict_16_192_64_0p5_0p02_0021_0005.uasset" 5573
"../../../Engine/Content/EngineMaterials/Substrate/GLints/dict_16_192_64_0p5_0p02_0021_0006.uasset" 5574
"../../../Engine/Content/EngineMaterials/Substrate/GLints/dict_16_192_64_0p5_0p02_0021_0007.uasset" 5575
"/Engine/EngineMaterials/Substrate/GLints/dict_16_192_64_0p5_0p02_0021_0002" 5576
"/Engine/EngineMaterials/Substrate/GLints/dict_16_192_64_0p5_0p02_0021_0001" 5577
"/Engine/EngineMaterials/Substrate/GLints/dict_16_192_64_0p5_0p02_0021_0000" 5578
"/Engine/EngineMaterials/Substrate/GLints/dict_16_192_64_0p5_0p02_0020_0015" 5579
"/Engine/EngineMaterials/Substrate/GLints/dict_16_192_64_0p5_0p02_0020_0014" 5580
"/Engine/EngineMaterials/Substrate/GLints/dict_16_192_64_0p5_0p02_0020_0013" 5581
"/Engine/EngineMaterials/Substrate/GLints/dict_16_192_64_0p5_0p02_0020_0012" 5582
"/Engine/EngineMaterials/Substrate/GLints/dict_16_192_64_0p5_0p02_0020_0011" 5583
"../../../Engine/Content/EngineMaterials/Substrate/GLints/dict_16_192_64_0p5_0p02_0021_0008.uasset" 5584
"../../../Engine/Content/EngineMaterials/Substrate/GLints/dict_16_192_64_0p5_0p02_0021_0009.uasset" 5585
"../../../Engine/Content/EngineMaterials/Substrate/GLints/dict_16_192_64_0p5_0p02_0021_0012.uasset" 5586
"../../../Engine/Content/EngineMaterials/Substrate/GLints/dict_16_192_64_0p5_0p02_0021_0011.uasset" 5587
"../../../Engine/Content/EngineMaterials/Substrate/GLints/dict_16_192_64_0p5_0p02_0021_0010.uasset" 5588
"../../../Engine/Content/EngineMaterials/Substrate/GLints/dict_16_192_64_0p5_0p02_0021_0013.uasset" 5589
"../../../Engine/Content/EngineMaterials/Substrate/GLints/dict_16_192_64_0p5_0p02_0021_0014.uasset" 5590
"../../../Engine/Content/EngineMaterials/Substrate/GLints/dict_16_192_64_0p5_0p02_0022_0001.uasset" 5591
"../../../Engine/Content/EngineMaterials/Substrate/GLints/dict_16_192_64_0p5_0p02_0022_0000.uasset" 5592
"../../../Engine/Content/EngineMaterials/Substrate/GLints/dict_16_192_64_0p5_0p02_0021_0015.uasset" 5593
"../../../Engine/Content/EngineMaterials/Substrate/GLints/dict_16_192_64_0p5_0p02_0022_0004.uasset" 5594
"../../../Engine/Content/EngineMaterials/Substrate/GLints/dict_16_192_64_0p5_0p02_0022_0002.uasset" 5595
"../../../Engine/Content/EngineMaterials/Substrate/GLints/dict_16_192_64_0p5_0p02_0022_0003.uasset" 5596
"../../../Engine/Content/EngineMaterials/Substrate/GLints/dict_16_192_64_0p5_0p02_0022_0006.uasset" 5597
"../../../Engine/Content/EngineMaterials/Substrate/GLints/dict_16_192_64_0p5_0p02_0022_0007.uasset" 5598
"../../../Engine/Content/EngineMaterials/Substrate/GLints/dict_16_192_64_0p5_0p02_0022_0005.uasset" 5599
"/Engine/EngineMaterials/Substrate/GLints/dict_16_192_64_0p5_0p02_0022_0004" 5600
"/Engine/EngineMaterials/Substrate/GLints/dict_16_192_64_0p5_0p02_0022_0001" 5601
"/Engine/EngineMaterials/Substrate/GLints/dict_16_192_64_0p5_0p02_0022_0000" 5602
"/Engine/EngineMaterials/Substrate/GLints/dict_16_192_64_0p5_0p02_0021_0015" 5603
"/Engine/EngineMaterials/Substrate/GLints/dict_16_192_64_0p5_0p02_0021_0014" 5604
"/Engine/EngineMaterials/Substrate/GLints/dict_16_192_64_0p5_0p02_0021_0013" 5605
"/Engine/EngineMaterials/Substrate/GLints/dict_16_192_64_0p5_0p02_0021_0012" 5606
"/Engine/EngineMaterials/Substrate/GLints/dict_16_192_64_0p5_0p02_0021_0011" 5607
"/Engine/EngineMaterials/Substrate/GLints/dict_16_192_64_0p5_0p02_0021_0010" 5608
"/Engine/EngineMaterials/Substrate/GLints/dict_16_192_64_0p5_0p02_0021_0009" 5609
"/Engine/EngineMaterials/Substrate/GLints/dict_16_192_64_0p5_0p02_0021_0008" 5610
"/Engine/EngineMaterials/Substrate/GLints/dict_16_192_64_0p5_0p02_0021_0007" 5611
"/Engine/EngineMaterials/Substrate/GLints/dict_16_192_64_0p5_0p02_0021_0006" 5612
"/Engine/EngineMaterials/Substrate/GLints/dict_16_192_64_0p5_0p02_0021_0005" 5613
"/Engine/EngineMaterials/Substrate/GLints/dict_16_192_64_0p5_0p02_0021_0004" 5614
"/Engine/EngineMaterials/Substrate/GLints/dict_16_192_64_0p5_0p02_0021_0003" 5615
"../../../Engine/Content/EngineMaterials/Substrate/GLints/dict_16_192_64_0p5_0p02_0022_0008.uasset" 5616
"../../../Engine/Content/EngineMaterials/Substrate/GLints/dict_16_192_64_0p5_0p02_0022_0011.uasset" 5617
"../../../Engine/Content/EngineMaterials/Substrate/GLints/dict_16_192_64_0p5_0p02_0022_0012.uasset" 5618
"../../../Engine/Content/EngineMaterials/Substrate/GLints/dict_16_192_64_0p5_0p02_0022_0010.uasset" 5619
"../../../Engine/Content/EngineMaterials/Substrate/GLints/dict_16_192_64_0p5_0p02_0022_0009.uasset" 5620
"../../../Engine/Content/EngineMaterials/Substrate/GLints/dict_16_192_64_0p5_0p02_0022_0015.uasset" 5621
"../../../Engine/Content/EngineMaterials/Substrate/GLints/dict_16_192_64_0p5_0p02_0022_0013.uasset" 5622
"../../../Engine/Content/EngineMaterials/Substrate/GLints/dict_16_192_64_0p5_0p02_0022_0014.uasset" 5623
"../../../Engine/Content/EngineMaterials/Substrate/GLints/dict_16_192_64_0p5_0p02_0023_0000.uasset" 5624
"../../../Engine/Content/EngineMaterials/Substrate/GLints/dict_16_192_64_0p5_0p02_0023_0001.uasset" 5625
"../../../Engine/Content/EngineMaterials/Substrate/GLints/dict_16_192_64_0p5_0p02_0023_0003.uasset" 5626
"../../../Engine/Content/EngineMaterials/Substrate/GLints/dict_16_192_64_0p5_0p02_0023_0002.uasset" 5627
"../../../Engine/Content/EngineMaterials/Substrate/GLints/dict_16_192_64_0p5_0p02_0023_0004.uasset" 5628
"../../../Engine/Content/EngineMaterials/Substrate/GLints/dict_16_192_64_0p5_0p02_0023_0005.uasset" 5629
"/Engine/EngineMaterials/Substrate/GLints/dict_16_192_64_0p5_0p02_0022_0010" 5630
"/Engine/EngineMaterials/Substrate/GLints/dict_16_192_64_0p5_0p02_0022_0009" 5631
"/Engine/EngineMaterials/Substrate/GLints/dict_16_192_64_0p5_0p02_0022_0008" 5632
"/Engine/EngineMaterials/Substrate/GLints/dict_16_192_64_0p5_0p02_0022_0007" 5633
"/Engine/EngineMaterials/Substrate/GLints/dict_16_192_64_0p5_0p02_0022_0006" 5634
"../../../Engine/Content/EngineMaterials/Substrate/GLints/dict_16_192_64_0p5_0p02_0023_0006.uasset" 5635
"../../../Engine/Content/EngineMaterials/Substrate/GLints/dict_16_192_64_0p5_0p02_0023_0007.uasset" 5636
"/Engine/EngineMaterials/Substrate/GLints/dict_16_192_64_0p5_0p02_0022_0005" 5637
"../../../Engine/Content/EngineMaterials/Substrate/GLints/dict_16_192_64_0p5_0p02_0023_0008.uasset" 5638
"../../../Engine/Content/EngineMaterials/Substrate/GLints/dict_16_192_64_0p5_0p02_0023_0009.uasset" 5639
"/Engine/EngineMaterials/Substrate/GLints/dict_16_192_64_0p5_0p02_0022_0003" 5640
"../../../Engine/Content/EngineMaterials/Substrate/GLints/dict_16_192_64_0p5_0p02_0023_0010.uasset" 5641
"/Engine/EngineMaterials/Substrate/GLints/dict_16_192_64_0p5_0p02_0022_0002" 5642
"/Engine/EngineMaterials/Substrate/GLints/dict_16_192_64_0p5_0p02_0023_0000" 5643
"/Engine/EngineMaterials/Substrate/GLints/dict_16_192_64_0p5_0p02_0022_0015" 5644
"/Engine/EngineMaterials/Substrate/GLints/dict_16_192_64_0p5_0p02_0022_0014" 5645
"/Engine/EngineMaterials/Substrate/GLints/dict_16_192_64_0p5_0p02_0022_0013" 5646
"/Engine/EngineMaterials/Substrate/GLints/dict_16_192_64_0p5_0p02_0022_0012" 5647
"/Engine/EngineMaterials/Substrate/GLints/dict_16_192_64_0p5_0p02_0022_0011" 5648
"/Engine/EngineMaterials/Substrate/GLints/dict_16_192_64_0p5_0p02_0023_0005" 5649
"/Engine/EngineMaterials/Substrate/GLints/dict_16_192_64_0p5_0p02_0023_0004" 5650
"/Engine/EngineMaterials/Substrate/GLints/dict_16_192_64_0p5_0p02_0023_0003" 5651
"/Engine/EngineMaterials/Substrate/GLints/dict_16_192_64_0p5_0p02_0023_0002" 5652
"/Engine/EngineMaterials/Substrate/GLints/dict_16_192_64_0p5_0p02_0023_0001" 5653
"../../../Engine/Content/EngineMaterials/Substrate/GLints/dict_16_192_64_0p5_0p02_0023_0012.uasset" 5654
"../../../Engine/Content/EngineMaterials/Substrate/GLints/dict_16_192_64_0p5_0p02_0023_0011.uasset" 5655
"../../../Engine/Content/EngineMaterials/Substrate/GLints/dict_16_192_64_0p5_0p02_0023_0015.uasset" 5656
"../../../Engine/Content/EngineMaterials/Substrate/GLints/dict_16_192_64_0p5_0p02_0023_0013.uasset" 5657
"../../../Engine/Content/EngineMaterials/Substrate/GLints/dict_16_192_64_0p5_0p02_0023_0014.uasset" 5658
"../../../Engine/Content/EngineMaterials/Substrate/GLints/dict_16_192_64_0p5_0p02_0024_0000.uasset" 5659
"../../../Engine/Content/EngineMaterials/Substrate/GLints/dict_16_192_64_0p5_0p02_0024_0001.uasset" 5660
"/Engine/EngineMaterials/Substrate/GLints/dict_16_192_64_0p5_0p02_0023_0012" 5661
"/Engine/EngineMaterials/Substrate/GLints/dict_16_192_64_0p5_0p02_0023_0011" 5662
"/Engine/EngineMaterials/Substrate/GLints/dict_16_192_64_0p5_0p02_0023_0010" 5663
"/Engine/EngineMaterials/Substrate/GLints/dict_16_192_64_0p5_0p02_0023_0009" 5664
"/Engine/EngineMaterials/Substrate/GLints/dict_16_192_64_0p5_0p02_0023_0008" 5665
"../../../Engine/Content/EngineMaterials/Substrate/GLints/dict_16_192_64_0p5_0p02_0024_0002.uasset" 5666
"/Engine/EngineMaterials/Substrate/GLints/dict_16_192_64_0p5_0p02_0023_0007" 5667
"/Engine/EngineMaterials/Substrate/GLints/dict_16_192_64_0p5_0p02_0023_0006" 5668
"../../../Engine/Content/EngineMaterials/Substrate/GLints/dict_16_192_64_0p5_0p02_0024_0003.uasset" 5669
"../../../Engine/Content/EngineMaterials/Substrate/GLints/dict_16_192_64_0p5_0p02_0024_0005.uasset" 5670
"../../../Engine/Content/EngineMaterials/Substrate/GLints/dict_16_192_64_0p5_0p02_0024_0004.uasset" 5671
"../../../Engine/Content/EngineMaterials/Substrate/GLints/dict_16_192_64_0p5_0p02_0024_0006.uasset" 5672
"../../../Engine/Content/EngineMaterials/Substrate/GLints/dict_16_192_64_0p5_0p02_0024_0008.uasset" 5673
"../../../Engine/Content/EngineMaterials/Substrate/GLints/dict_16_192_64_0p5_0p02_0024_0007.uasset" 5674
"../../../Engine/Content/EngineMaterials/Substrate/GLints/dict_16_192_64_0p5_0p02_0024_0009.uasset" 5675
"../../../Engine/Content/EngineMaterials/Substrate/GLints/dict_16_192_64_0p5_0p02_0024_0010.uasset" 5676
"../../../Engine/Content/EngineMaterials/Substrate/GLints/dict_16_192_64_0p5_0p02_0024_0011.uasset" 5677
"../../../Engine/Content/EngineMaterials/Substrate/GLints/dict_16_192_64_0p5_0p02_0024_0012.uasset" 5678
"../../../Engine/Content/EngineMaterials/Substrate/GLints/dict_16_192_64_0p5_0p02_0024_0013.uasset" 5679
"../../../Engine/Content/EngineMaterials/Substrate/GLints/dict_16_192_64_0p5_0p02_0024_0014.uasset" 5680
"../../../Engine/Content/EngineMaterials/Substrate/GLints/dict_16_192_64_0p5_0p02_0025_0001.uasset" 5681
"../../../Engine/Content/EngineMaterials/Substrate/GLints/dict_16_192_64_0p5_0p02_0024_0015.uasset" 5682
"../../../Engine/Content/EngineMaterials/Substrate/GLints/dict_16_192_64_0p5_0p02_0025_0000.uasset" 5683
"../../../Engine/Content/EngineMaterials/Substrate/GLints/dict_16_192_64_0p5_0p02_0025_0002.uasset" 5684
"../../../Engine/Content/EngineMaterials/Substrate/GLints/dict_16_192_64_0p5_0p02_0025_0003.uasset" 5685
"../../../Engine/Content/EngineMaterials/Substrate/GLints/dict_16_192_64_0p5_0p02_0025_0004.uasset" 5686
"../../../Engine/Content/EngineMaterials/Substrate/GLints/dict_16_192_64_0p5_0p02_0025_0005.uasset" 5687
"../../../Engine/Content/EngineMaterials/Substrate/GLints/dict_16_192_64_0p5_0p02_0025_0006.uasset" 5688
"../../../Engine/Content/EngineMaterials/Substrate/GLints/dict_16_192_64_0p5_0p02_0025_0007.uasset" 5689
"../../../Engine/Content/EngineMaterials/Substrate/GLints/dict_16_192_64_0p5_0p02_0025_0008.uasset" 5690
"../../../Engine/Content/EngineMaterials/Substrate/GLints/dict_16_192_64_0p5_0p02_0025_0010.uasset" 5691
"../../../Engine/Content/EngineMaterials/Substrate/GLints/dict_16_192_64_0p5_0p02_0025_0009.uasset" 5692
"../../../Engine/Content/EngineMaterials/Substrate/GLints/dict_16_192_64_0p5_0p02_0025_0011.uasset" 5693
"../../../Engine/Content/EngineMaterials/Substrate/GLints/dict_16_192_64_0p5_0p02_0025_0012.uasset" 5694
"/Engine/EngineMaterials/Substrate/GLints/dict_16_192_64_0p5_0p02_0025_0000" 5695
"/Engine/EngineMaterials/Substrate/GLints/dict_16_192_64_0p5_0p02_0024_0015" 5696
"/Engine/EngineMaterials/Substrate/GLints/dict_16_192_64_0p5_0p02_0024_0014" 5697
"/Engine/EngineMaterials/Substrate/GLints/dict_16_192_64_0p5_0p02_0024_0013" 5698
"/Engine/EngineMaterials/Substrate/GLints/dict_16_192_64_0p5_0p02_0024_0012" 5699
"/Engine/EngineMaterials/Substrate/GLints/dict_16_192_64_0p5_0p02_0024_0011" 5700
"/Engine/EngineMaterials/Substrate/GLints/dict_16_192_64_0p5_0p02_0024_0002" 5701
"/Engine/EngineMaterials/Substrate/GLints/dict_16_192_64_0p5_0p02_0024_0010" 5702
"/Engine/EngineMaterials/Substrate/GLints/dict_16_192_64_0p5_0p02_0024_0009" 5703
"/Engine/EngineMaterials/Substrate/GLints/dict_16_192_64_0p5_0p02_0024_0001" 5704
"/Engine/EngineMaterials/Substrate/GLints/dict_16_192_64_0p5_0p02_0024_0000" 5705
"/Engine/EngineMaterials/Substrate/GLints/dict_16_192_64_0p5_0p02_0023_0015" 5706
"/Engine/EngineMaterials/Substrate/GLints/dict_16_192_64_0p5_0p02_0023_0014" 5707
"/Engine/EngineMaterials/Substrate/GLints/dict_16_192_64_0p5_0p02_0023_0013" 5708
"/Engine/EngineMaterials/Substrate/GLints/dict_16_192_64_0p5_0p02_0025_0012" 5709
"/Engine/EngineMaterials/Substrate/GLints/dict_16_192_64_0p5_0p02_0025_0011" 5710
"/Engine/EngineMaterials/Substrate/GLints/dict_16_192_64_0p5_0p02_0025_0010" 5711
"/Engine/EngineMaterials/Substrate/GLints/dict_16_192_64_0p5_0p02_0025_0009" 5712
"/Engine/EngineMaterials/Substrate/GLints/dict_16_192_64_0p5_0p02_0025_0008" 5713
"/Engine/EngineMaterials/Substrate/GLints/dict_16_192_64_0p5_0p02_0025_0007" 5714
"/Engine/EngineMaterials/Substrate/GLints/dict_16_192_64_0p5_0p02_0025_0006" 5715
"/Engine/EngineMaterials/Substrate/GLints/dict_16_192_64_0p5_0p02_0025_0005" 5716
"/Engine/EngineMaterials/Substrate/GLints/dict_16_192_64_0p5_0p02_0025_0004" 5717
"/Engine/EngineMaterials/Substrate/GLints/dict_16_192_64_0p5_0p02_0025_0003" 5718
"/Engine/EngineMaterials/Substrate/GLints/dict_16_192_64_0p5_0p02_0025_0002" 5719
"/Engine/EngineMaterials/Substrate/GLints/dict_16_192_64_0p5_0p02_0025_0001" 5720
"/Engine/EngineMaterials/Substrate/GLints/dict_16_192_64_0p5_0p02_0024_0008" 5721
"/Engine/EngineMaterials/Substrate/GLints/dict_16_192_64_0p5_0p02_0024_0007" 5722
"/Engine/EngineMaterials/Substrate/GLints/dict_16_192_64_0p5_0p02_0024_0006" 5723
"/Engine/EngineMaterials/Substrate/GLints/dict_16_192_64_0p5_0p02_0024_0005" 5724
"/Engine/EngineMaterials/Substrate/GLints/dict_16_192_64_0p5_0p02_0024_0004" 5725
"/Engine/EngineMaterials/Substrate/GLints/dict_16_192_64_0p5_0p02_0024_0003" 5726
"../../../Engine/Content/EngineMaterials/Substrate/GLints/dict_16_192_64_0p5_0p02_0025_0014.uasset" 5727
"../../../Engine/Content/EngineMaterials/Substrate/GLints/dict_16_192_64_0p5_0p02_0025_0013.uasset" 5728
"../../../Engine/Content/EngineMaterials/Substrate/GLints/dict_16_192_64_0p5_0p02_0025_0015.uasset" 5729
"../../../Engine/Content/EngineMaterials/Substrate/GLints/dict_16_192_64_0p5_0p02_0026_0000.uasset" 5730
"../../../Engine/Content/EngineMaterials/Substrate/GLints/dict_16_192_64_0p5_0p02_0026_0001.uasset" 5731
"../../../Engine/Content/EngineMaterials/Substrate/GLints/dict_16_192_64_0p5_0p02_0026_0002.uasset" 5732
"../../../Engine/Content/EngineMaterials/Substrate/GLints/dict_16_192_64_0p5_0p02_0026_0003.uasset" 5733
"../../../Engine/Content/EngineMaterials/Substrate/GLints/dict_16_192_64_0p5_0p02_0026_0004.uasset" 5734
"../../../Engine/Content/EngineMaterials/Substrate/GLints/dict_16_192_64_0p5_0p02_0026_0005.uasset" 5735
"/Engine/EngineMaterials/Substrate/GLints/dict_16_192_64_0p5_0p02_0025_0013" 5736
"../../../Engine/Content/EngineMaterials/Substrate/GLints/dict_16_192_64_0p5_0p02_0026_0006.uasset" 5737
"../../../Engine/Content/EngineMaterials/Substrate/GLints/dict_16_192_64_0p5_0p02_0026_0008.uasset" 5738
"../../../Engine/Content/EngineMaterials/Substrate/GLints/dict_16_192_64_0p5_0p02_0026_0009.uasset" 5739
"../../../Engine/Content/EngineMaterials/Substrate/GLints/dict_16_192_64_0p5_0p02_0026_0010.uasset" 5740
"../../../Engine/Content/EngineMaterials/Substrate/GLints/dict_16_192_64_0p5_0p02_0026_0007.uasset" 5741
"../../../Engine/Content/EngineMaterials/Substrate/GLints/dict_16_192_64_0p5_0p02_0026_0011.uasset" 5742
"../../../Engine/Content/EngineMaterials/Substrate/GLints/dict_16_192_64_0p5_0p02_0026_0012.uasset" 5743
"../../../Engine/Content/EngineMaterials/Substrate/GLints/dict_16_192_64_0p5_0p02_0026_0013.uasset" 5744
"../../../Engine/Content/EngineMaterials/Substrate/GLints/dict_16_192_64_0p5_0p02_0026_0014.uasset" 5745
"../../../Engine/Content/EngineMaterials/Substrate/GLints/dict_16_192_64_0p5_0p02_0027_0001.uasset" 5746
"../../../Engine/Content/EngineMaterials/Substrate/GLints/dict_16_192_64_0p5_0p02_0027_0003.uasset" 5747
"../../../Engine/Content/EngineMaterials/Substrate/GLints/dict_16_192_64_0p5_0p02_0027_0002.uasset" 5748
"../../../Engine/Content/EngineMaterials/Substrate/GLints/dict_16_192_64_0p5_0p02_0026_0015.uasset" 5749
"../../../Engine/Content/EngineMaterials/Substrate/GLints/dict_16_192_64_0p5_0p02_0027_0000.uasset" 5750
"../../../Engine/Content/EngineMaterials/Substrate/GLints/dict_16_192_64_0p5_0p02_0027_0004.uasset" 5751
"../../../Engine/Content/EngineMaterials/Substrate/GLints/dict_16_192_64_0p5_0p02_0027_0006.uasset" 5752
"../../../Engine/Content/EngineMaterials/Substrate/GLints/dict_16_192_64_0p5_0p02_0027_0005.uasset" 5753
"../../../Engine/Content/EngineMaterials/Substrate/GLints/dict_16_192_64_0p5_0p02_0027_0007.uasset" 5754
"../../../Engine/Content/EngineMaterials/Substrate/GLints/dict_16_192_64_0p5_0p02_0027_0008.uasset" 5755
"../../../Engine/Content/EngineMaterials/Substrate/GLints/dict_16_192_64_0p5_0p02_0027_0010.uasset" 5756
"../../../Engine/Content/EngineMaterials/Substrate/GLints/dict_16_192_64_0p5_0p02_0027_0013.uasset" 5757
"../../../Engine/Content/EngineMaterials/Substrate/GLints/dict_16_192_64_0p5_0p02_0027_0009.uasset" 5758
"../../../Engine/Content/EngineMaterials/Substrate/GLints/dict_16_192_64_0p5_0p02_0027_0012.uasset" 5759
"../../../Engine/Content/EngineMaterials/Substrate/GLints/dict_16_192_64_0p5_0p02_0027_0011.uasset" 5760
"/Engine/EngineMaterials/Substrate/GLints/dict_16_192_64_0p5_0p02_0027_0012" 5761
"/Engine/EngineMaterials/Substrate/GLints/dict_16_192_64_0p5_0p02_0027_0011" 5762
"/Engine/EngineMaterials/Substrate/GLints/dict_16_192_64_0p5_0p02_0027_0010" 5763
"/Engine/EngineMaterials/Substrate/GLints/dict_16_192_64_0p5_0p02_0027_0009" 5764
"/Engine/EngineMaterials/Substrate/GLints/dict_16_192_64_0p5_0p02_0027_0008" 5765
"/Engine/EngineMaterials/Substrate/GLints/dict_16_192_64_0p5_0p02_0027_0007" 5766
"/Engine/EngineMaterials/Substrate/GLints/dict_16_192_64_0p5_0p02_0027_0006" 5767
"/Engine/EngineMaterials/Substrate/GLints/dict_16_192_64_0p5_0p02_0027_0005" 5768
"/Engine/EngineMaterials/Substrate/GLints/dict_16_192_64_0p5_0p02_0027_0004" 5769
"/Engine/EngineMaterials/Substrate/GLints/dict_16_192_64_0p5_0p02_0027_0003" 5770
"/Engine/EngineMaterials/Substrate/GLints/dict_16_192_64_0p5_0p02_0027_0002" 5771
"/Engine/EngineMaterials/Substrate/GLints/dict_16_192_64_0p5_0p02_0027_0001" 5772
"/Engine/EngineMaterials/Substrate/GLints/dict_16_192_64_0p5_0p02_0027_0000" 5773
"/Engine/EngineMaterials/Substrate/GLints/dict_16_192_64_0p5_0p02_0026_0015" 5774
"/Engine/EngineMaterials/Substrate/GLints/dict_16_192_64_0p5_0p02_0026_0014" 5775
"/Engine/EngineMaterials/Substrate/GLints/dict_16_192_64_0p5_0p02_0026_0013" 5776
"/Engine/EngineMaterials/Substrate/GLints/dict_16_192_64_0p5_0p02_0026_0012" 5777
"/Engine/EngineMaterials/Substrate/GLints/dict_16_192_64_0p5_0p02_0026_0011" 5778
"/Engine/EngineMaterials/Substrate/GLints/dict_16_192_64_0p5_0p02_0026_0010" 5779
"/Engine/EngineMaterials/Substrate/GLints/dict_16_192_64_0p5_0p02_0026_0009" 5780
"/Engine/EngineMaterials/Substrate/GLints/dict_16_192_64_0p5_0p02_0026_0008" 5781
"/Engine/EngineMaterials/Substrate/GLints/dict_16_192_64_0p5_0p02_0026_0007" 5782
"/Engine/EngineMaterials/Substrate/GLints/dict_16_192_64_0p5_0p02_0026_0006" 5783
"/Engine/EngineMaterials/Substrate/GLints/dict_16_192_64_0p5_0p02_0026_0005" 5784
"/Engine/EngineMaterials/Substrate/GLints/dict_16_192_64_0p5_0p02_0026_0004" 5785
"/Engine/EngineMaterials/Substrate/GLints/dict_16_192_64_0p5_0p02_0026_0003" 5786
"/Engine/EngineMaterials/Substrate/GLints/dict_16_192_64_0p5_0p02_0026_0002" 5787
"/Engine/EngineMaterials/Substrate/GLints/dict_16_192_64_0p5_0p02_0026_0001" 5788
"/Engine/EngineMaterials/Substrate/GLints/dict_16_192_64_0p5_0p02_0026_0000" 5789
"/Engine/EngineMaterials/Substrate/GLints/dict_16_192_64_0p5_0p02_0025_0015" 5790
"/Engine/EngineMaterials/Substrate/GLints/dict_16_192_64_0p5_0p02_0025_0014" 5791
"/Engine/EngineMaterials/Substrate/GLints/dict_16_192_64_0p5_0p02_0027_0013" 5792
"../../../Engine/Content/EngineMaterials/Substrate/GLints/dict_16_192_64_0p5_0p02_0027_0014.uasset" 5793
"../../../Engine/Content/EngineMaterials/Substrate/GLints/dict_16_192_64_0p5_0p02_0027_0015.uasset" 5794
"../../../Engine/Content/EngineMaterials/Substrate/GLints/dict_16_192_64_0p5_0p02_0028_0001.uasset" 5795
"../../../Engine/Content/EngineMaterials/Substrate/GLints/dict_16_192_64_0p5_0p02_0028_0000.uasset" 5796
"../../../Engine/Content/EngineMaterials/Substrate/GLints/dict_16_192_64_0p5_0p02_0028_0002.uasset" 5797
"../../../Engine/Content/EngineMaterials/Substrate/GLints/dict_16_192_64_0p5_0p02_0028_0003.uasset" 5798
"../../../Engine/Content/EngineMaterials/Substrate/GLints/dict_16_192_64_0p5_0p02_0028_0004.uasset" 5799
"../../../Engine/Content/EngineMaterials/Substrate/GLints/dict_16_192_64_0p5_0p02_0028_0005.uasset" 5800
"../../../Engine/Content/EngineMaterials/Substrate/GLints/dict_16_192_64_0p5_0p02_0028_0006.uasset" 5801
"../../../Engine/Content/EngineMaterials/Substrate/GLints/dict_16_192_64_0p5_0p02_0028_0007.uasset" 5802
"../../../Engine/Content/EngineMaterials/Substrate/GLints/dict_16_192_64_0p5_0p02_0028_0008.uasset" 5803
"../../../Engine/Content/EngineMaterials/Substrate/GLints/dict_16_192_64_0p5_0p02_0028_0009.uasset" 5804
"../../../Engine/Content/EngineMaterials/Substrate/GLints/dict_16_192_64_0p5_0p02_0028_0012.uasset" 5805
"../../../Engine/Content/EngineMaterials/Substrate/GLints/dict_16_192_64_0p5_0p02_0028_0013.uasset" 5806
"../../../Engine/Content/EngineMaterials/Substrate/GLints/dict_16_192_64_0p5_0p02_0028_0011.uasset" 5807
"../../../Engine/Content/EngineMaterials/Substrate/GLints/dict_16_192_64_0p5_0p02_0029_0000.uasset" 5808
"../../../Engine/Content/EngineMaterials/Substrate/GLints/dict_16_192_64_0p5_0p02_0029_0001.uasset" 5809
"../../../Engine/Content/EngineMaterials/Substrate/GLints/dict_16_192_64_0p5_0p02_0029_0002.uasset" 5810
"../../../Engine/Content/EngineMaterials/Substrate/GLints/dict_16_192_64_0p5_0p02_0028_0015.uasset" 5811
"../../../Engine/Content/EngineMaterials/Substrate/GLints/dict_16_192_64_0p5_0p02_0029_0003.uasset" 5812
"../../../Engine/Content/EngineMaterials/Substrate/GLints/dict_16_192_64_0p5_0p02_0029_0005.uasset" 5813
"../../../Engine/Content/EngineMaterials/Substrate/GLints/dict_16_192_64_0p5_0p02_0029_0004.uasset" 5814
"../../../Engine/Content/EngineMaterials/Substrate/GLints/dict_16_192_64_0p5_0p02_0029_0006.uasset" 5815
"../../../Engine/Content/EngineMaterials/Substrate/GLints/dict_16_192_64_0p5_0p02_0029_0007.uasset" 5816
"../../../Engine/Content/EngineMaterials/Substrate/GLints/dict_16_192_64_0p5_0p02_0029_0009.uasset" 5817
"../../../Engine/Content/EngineMaterials/Substrate/GLints/dict_16_192_64_0p5_0p02_0029_0010.uasset" 5818
"../../../Engine/Content/EngineMaterials/Substrate/GLints/dict_16_192_64_0p5_0p02_0028_0010.uasset" 5819
"../../../Engine/Content/EngineMaterials/Substrate/GLints/dict_16_192_64_0p5_0p02_0029_0011.uasset" 5820
"../../../Engine/Content/EngineMaterials/Substrate/GLints/dict_16_192_64_0p5_0p02_0029_0008.uasset" 5821
"../../../Engine/Content/EngineMaterials/Substrate/GLints/dict_16_192_64_0p5_0p02_0029_0013.uasset" 5822
"../../../Engine/Content/EngineMaterials/Substrate/GLints/dict_16_192_64_0p5_0p02_0028_0014.uasset" 5823
"../../../Engine/Content/EngineMaterials/Substrate/GLints/dict_16_192_64_0p5_0p02_0029_0012.uasset" 5824
"/Engine/EngineMaterials/Substrate/GLints/dict_16_192_64_0p5_0p02_0029_0013" 5825
"/Engine/EngineMaterials/Substrate/GLints/dict_16_192_64_0p5_0p02_0029_0012" 5826
"/Engine/EngineMaterials/Substrate/GLints/dict_16_192_64_0p5_0p02_0029_0011" 5827
"/Engine/EngineMaterials/Substrate/GLints/dict_16_192_64_0p5_0p02_0029_0010" 5828
"/Engine/EngineMaterials/Substrate/GLints/dict_16_192_64_0p5_0p02_0029_0009" 5829
"/Engine/EngineMaterials/Substrate/GLints/dict_16_192_64_0p5_0p02_0029_0008" 5830
"/Engine/EngineMaterials/Substrate/GLints/dict_16_192_64_0p5_0p02_0029_0007" 5831
"/Engine/EngineMaterials/Substrate/GLints/dict_16_192_64_0p5_0p02_0029_0006" 5832
"/Engine/EngineMaterials/Substrate/GLints/dict_16_192_64_0p5_0p02_0029_0005" 5833
"/Engine/EngineMaterials/Substrate/GLints/dict_16_192_64_0p5_0p02_0029_0004" 5834
"/Engine/EngineMaterials/Substrate/GLints/dict_16_192_64_0p5_0p02_0029_0003" 5835
"/Engine/EngineMaterials/Substrate/GLints/dict_16_192_64_0p5_0p02_0029_0002" 5836
"/Engine/EngineMaterials/Substrate/GLints/dict_16_192_64_0p5_0p02_0029_0001" 5837
"/Engine/EngineMaterials/Substrate/GLints/dict_16_192_64_0p5_0p02_0029_0000" 5838
"/Engine/EngineMaterials/Substrate/GLints/dict_16_192_64_0p5_0p02_0028_0015" 5839
"/Engine/EngineMaterials/Substrate/GLints/dict_16_192_64_0p5_0p02_0028_0014" 5840
"/Engine/EngineMaterials/Substrate/GLints/dict_16_192_64_0p5_0p02_0028_0013" 5841
"/Engine/EngineMaterials/Substrate/GLints/dict_16_192_64_0p5_0p02_0028_0012" 5842
"/Engine/EngineMaterials/Substrate/GLints/dict_16_192_64_0p5_0p02_0028_0011" 5843
"/Engine/EngineMaterials/Substrate/GLints/dict_16_192_64_0p5_0p02_0028_0010" 5844
"/Engine/EngineMaterials/Substrate/GLints/dict_16_192_64_0p5_0p02_0028_0009" 5845
"/Engine/EngineMaterials/Substrate/GLints/dict_16_192_64_0p5_0p02_0028_0008" 5846
"/Engine/EngineMaterials/Substrate/GLints/dict_16_192_64_0p5_0p02_0028_0007" 5847
"/Engine/EngineMaterials/Substrate/GLints/dict_16_192_64_0p5_0p02_0028_0006" 5848
"/Engine/EngineMaterials/Substrate/GLints/dict_16_192_64_0p5_0p02_0028_0005" 5849
"/Engine/EngineMaterials/Substrate/GLints/dict_16_192_64_0p5_0p02_0028_0004" 5850
"/Engine/EngineMaterials/Substrate/GLints/dict_16_192_64_0p5_0p02_0028_0003" 5851
"/Engine/EngineMaterials/Substrate/GLints/dict_16_192_64_0p5_0p02_0028_0002" 5852
"/Engine/EngineMaterials/Substrate/GLints/dict_16_192_64_0p5_0p02_0028_0001" 5853
"/Engine/EngineMaterials/Substrate/GLints/dict_16_192_64_0p5_0p02_0028_0000" 5854
"/Engine/EngineMaterials/Substrate/GLints/dict_16_192_64_0p5_0p02_0027_0015" 5855
"/Engine/EngineMaterials/Substrate/GLints/dict_16_192_64_0p5_0p02_0027_0014" 5856
"../../../Engine/Content/EngineMaterials/Substrate/GLints/dict_16_192_64_0p5_0p02_0029_0015.uasset" 5857
"../../../Engine/Content/EngineMaterials/Substrate/GLints/dict_16_192_64_0p5_0p02_0029_0014.uasset" 5858
"../../../Engine/Content/EngineMaterials/Substrate/GLints/dict_16_192_64_0p5_0p02_0030_0000.uasset" 5859
"../../../Engine/Content/EngineMaterials/Substrate/GLints/dict_16_192_64_0p5_0p02_0030_0001.uasset" 5860
"../../../Engine/Content/EngineMaterials/Substrate/GLints/dict_16_192_64_0p5_0p02_0030_0002.uasset" 5861
"../../../Engine/Content/EngineMaterials/Substrate/GLints/dict_16_192_64_0p5_0p02_0030_0003.uasset" 5862
"../../../Engine/Content/EngineMaterials/Substrate/GLints/dict_16_192_64_0p5_0p02_0030_0006.uasset" 5863
"../../../Engine/Content/EngineMaterials/Substrate/GLints/dict_16_192_64_0p5_0p02_0030_0007.uasset" 5864
"../../../Engine/Content/EngineMaterials/Substrate/GLints/dict_16_192_64_0p5_0p02_0030_0005.uasset" 5865
"../../../Engine/Content/EngineMaterials/Substrate/GLints/dict_16_192_64_0p5_0p02_0030_0008.uasset" 5866
"../../../Engine/Content/EngineMaterials/Substrate/GLints/dict_16_192_64_0p5_0p02_0030_0004.uasset" 5867
"../../../Engine/Content/EngineMaterials/Substrate/GLints/dict_16_192_64_0p5_0p02_0030_0010.uasset" 5868
"../../../Engine/Content/EngineMaterials/Substrate/GLints/dict_16_192_64_0p5_0p02_0030_0009.uasset" 5869
"../../../Engine/Content/EngineMaterials/Substrate/GLints/dict_16_192_64_0p5_0p02_0030_0011.uasset" 5870
"../../../Engine/Content/EngineMaterials/Substrate/GLints/dict_16_192_64_0p5_0p02_0030_0012.uasset" 5871
"../../../Engine/Content/EngineMaterials/Substrate/GLints/dict_16_192_64_0p5_0p02_0030_0013.uasset" 5872
"../../../Engine/Content/EngineMaterials/Substrate/GLints/dict_16_192_64_0p5_0p02_0030_0015.uasset" 5873
"../../../Engine/Content/EngineMaterials/Substrate/GLints/dict_16_192_64_0p5_0p02_0030_0014.uasset" 5874
"../../../Engine/Content/EngineMaterials/Substrate/GLints/dict_16_192_64_0p5_0p02_0031_0000.uasset" 5875
"../../../Engine/Content/EngineMaterials/Substrate/GLints/dict_16_192_64_0p5_0p02_0031_0004.uasset" 5876
"../../../Engine/Content/EngineMaterials/Substrate/GLints/dict_16_192_64_0p5_0p02_0031_0003.uasset" 5877
"../../../Engine/Content/EngineMaterials/Substrate/GLints/dict_16_192_64_0p5_0p02_0031_0006.uasset" 5878
"../../../Engine/Content/EngineMaterials/Substrate/GLints/dict_16_192_64_0p5_0p02_0031_0005.uasset" 5879
"../../../Engine/Content/EngineMaterials/Substrate/GLints/dict_16_192_64_0p5_0p02_0031_0002.uasset" 5880
"../../../Engine/Content/EngineMaterials/Substrate/GLints/dict_16_192_64_0p5_0p02_0031_0001.uasset" 5881
"../../../Engine/Content/EngineMaterials/Substrate/GLints/dict_16_192_64_0p5_0p02_0031_0007.uasset" 5882
"../../../Engine/Content/EngineMaterials/Substrate/GLints/dict_16_192_64_0p5_0p02_0031_0008.uasset" 5883
"../../../Engine/Content/EngineMaterials/Substrate/GLints/dict_16_192_64_0p5_0p02_0031_0010.uasset" 5884
"../../../Engine/Content/EngineMaterials/Substrate/GLints/dict_16_192_64_0p5_0p02_0031_0009.uasset" 5885
"../../../Engine/Content/EngineMaterials/Substrate/GLints/dict_16_192_64_0p5_0p02_0031_0011.uasset" 5886
"../../../Engine/Content/EngineMaterials/Substrate/GLints/dict_16_192_64_0p5_0p02_0031_0012.uasset" 5887
"../../../Engine/Content/EngineMaterials/Substrate/GLints/dict_16_192_64_0p5_0p02_0031_0013.uasset" 5888
"/Engine/EngineMaterials/Substrate/GLints/dict_16_192_64_0p5_0p02_0031_0013" 5889
"/Engine/EngineMaterials/Substrate/GLints/dict_16_192_64_0p5_0p02_0031_0012" 5890
"/Engine/EngineMaterials/Substrate/GLints/dict_16_192_64_0p5_0p02_0031_0011" 5891
"/Engine/EngineMaterials/Substrate/GLints/dict_16_192_64_0p5_0p02_0031_0010" 5892
"/Engine/EngineMaterials/Substrate/GLints/dict_16_192_64_0p5_0p02_0031_0009" 5893
"/Engine/EngineMaterials/Substrate/GLints/dict_16_192_64_0p5_0p02_0031_0008" 5894
"/Engine/EngineMaterials/Substrate/GLints/dict_16_192_64_0p5_0p02_0031_0007" 5895
"/Engine/EngineMaterials/Substrate/GLints/dict_16_192_64_0p5_0p02_0031_0006" 5896
"/Engine/EngineMaterials/Substrate/GLints/dict_16_192_64_0p5_0p02_0031_0005" 5897
"/Engine/EngineMaterials/Substrate/GLints/dict_16_192_64_0p5_0p02_0031_0004" 5898
"/Engine/EngineMaterials/Substrate/GLints/dict_16_192_64_0p5_0p02_0031_0003" 5899
"/Engine/EngineMaterials/Substrate/GLints/dict_16_192_64_0p5_0p02_0031_0002" 5900
"/Engine/EngineMaterials/Substrate/GLints/dict_16_192_64_0p5_0p02_0031_0001" 5901
"/Engine/EngineMaterials/Substrate/GLints/dict_16_192_64_0p5_0p02_0031_0000" 5902
"/Engine/EngineMaterials/Substrate/GLints/dict_16_192_64_0p5_0p02_0030_0015" 5903
"/Engine/EngineMaterials/Substrate/GLints/dict_16_192_64_0p5_0p02_0030_0014" 5904
"/Engine/EngineMaterials/Substrate/GLints/dict_16_192_64_0p5_0p02_0030_0013" 5905
"/Engine/EngineMaterials/Substrate/GLints/dict_16_192_64_0p5_0p02_0030_0012" 5906
"/Engine/EngineMaterials/Substrate/GLints/dict_16_192_64_0p5_0p02_0030_0011" 5907
"/Engine/EngineMaterials/Substrate/GLints/dict_16_192_64_0p5_0p02_0030_0010" 5908
"/Engine/EngineMaterials/Substrate/GLints/dict_16_192_64_0p5_0p02_0030_0009" 5909
"/Engine/EngineMaterials/Substrate/GLints/dict_16_192_64_0p5_0p02_0030_0008" 5910
"/Engine/EngineMaterials/Substrate/GLints/dict_16_192_64_0p5_0p02_0030_0007" 5911
"/Engine/EngineMaterials/Substrate/GLints/dict_16_192_64_0p5_0p02_0030_0006" 5912
"/Engine/EngineMaterials/Substrate/GLints/dict_16_192_64_0p5_0p02_0030_0005" 5913
"/Engine/EngineMaterials/Substrate/GLints/dict_16_192_64_0p5_0p02_0030_0004" 5914
"/Engine/EngineMaterials/Substrate/GLints/dict_16_192_64_0p5_0p02_0030_0003" 5915
"/Engine/EngineMaterials/Substrate/GLints/dict_16_192_64_0p5_0p02_0030_0002" 5916
"/Engine/EngineMaterials/Substrate/GLints/dict_16_192_64_0p5_0p02_0030_0001" 5917
"/Engine/EngineMaterials/Substrate/GLints/dict_16_192_64_0p5_0p02_0030_0000" 5918
"/Engine/EngineMaterials/Substrate/GLints/dict_16_192_64_0p5_0p02_0029_0015" 5919
"/Engine/EngineMaterials/Substrate/GLints/dict_16_192_64_0p5_0p02_0029_0014" 5920
"../../../Engine/Content/EngineMaterials/Substrate/GLints/dict_16_192_64_0p5_0p02_0031_0014.uasset" 5921
"../../../Engine/Content/EngineMaterials/Substrate/GLints/dict_16_192_64_0p5_0p02_0031_0015.uasset" 5922
"../../../Engine/Content/EngineMaterials/Substrate/GLints/dict_16_192_64_0p5_0p02_0032_0000.uasset" 5923
"../../../Engine/Content/EngineMaterials/Substrate/GLints/dict_16_192_64_0p5_0p02_0032_0001.uasset" 5924
"../../../Engine/Content/EngineMaterials/Substrate/GLints/dict_16_192_64_0p5_0p02_0032_0002.uasset" 5925
"../../../Engine/Content/EngineMaterials/Substrate/GLints/dict_16_192_64_0p5_0p02_0032_0003.uasset" 5926
"../../../Engine/Content/EngineMaterials/Substrate/GLints/dict_16_192_64_0p5_0p02_0032_0004.uasset" 5927
"../../../Engine/Content/EngineMaterials/Substrate/GLints/dict_16_192_64_0p5_0p02_0032_0005.uasset" 5928
"../../../Engine/Content/EngineMaterials/Substrate/GLints/dict_16_192_64_0p5_0p02_0032_0006.uasset" 5929
"../../../Engine/Content/EngineMaterials/Substrate/GLints/dict_16_192_64_0p5_0p02_0032_0007.uasset" 5930
"../../../Engine/Content/EngineMaterials/Substrate/GLints/dict_16_192_64_0p5_0p02_0032_0008.uasset" 5931
"../../../Engine/Content/EngineMaterials/Substrate/GLints/dict_16_192_64_0p5_0p02_0032_0009.uasset" 5932
"../../../Engine/Content/EngineMaterials/Substrate/GLints/dict_16_192_64_0p5_0p02_0032_0010.uasset" 5933
"../../../Engine/Content/EngineMaterials/Substrate/GLints/dict_16_192_64_0p5_0p02_0032_0011.uasset" 5934
"../../../Engine/Content/EngineMaterials/Substrate/GLints/dict_16_192_64_0p5_0p02_0032_0013.uasset" 5935
"../../../Engine/Content/EngineMaterials/Substrate/GLints/dict_16_192_64_0p5_0p02_0032_0012.uasset" 5936
"../../../Engine/Content/EngineMaterials/Substrate/GLints/dict_16_192_64_0p5_0p02_0032_0014.uasset" 5937
"../../../Engine/Content/EngineMaterials/Substrate/GLints/dict_16_192_64_0p5_0p02_0032_0015.uasset" 5938
"../../../Engine/Content/EngineMaterials/Substrate/GLints/dict_16_192_64_0p5_0p02_0033_0000.uasset" 5939
"../../../Engine/Content/EngineMaterials/Substrate/GLints/dict_16_192_64_0p5_0p02_0033_0001.uasset" 5940
"../../../Engine/Content/EngineMaterials/Substrate/GLints/dict_16_192_64_0p5_0p02_0033_0004.uasset" 5941
"../../../Engine/Content/EngineMaterials/Substrate/GLints/dict_16_192_64_0p5_0p02_0033_0003.uasset" 5942
"../../../Engine/Content/EngineMaterials/Substrate/GLints/dict_16_192_64_0p5_0p02_0033_0002.uasset" 5943
"../../../Engine/Content/EngineMaterials/Substrate/GLints/dict_16_192_64_0p5_0p02_0033_0005.uasset" 5944
"../../../Engine/Content/EngineMaterials/Substrate/GLints/dict_16_192_64_0p5_0p02_0033_0006.uasset" 5945
"../../../Engine/Content/EngineMaterials/Substrate/GLints/dict_16_192_64_0p5_0p02_0033_0009.uasset" 5946
"../../../Engine/Content/EngineMaterials/Substrate/GLints/dict_16_192_64_0p5_0p02_0033_0008.uasset" 5947
"../../../Engine/Content/EngineMaterials/Substrate/GLints/dict_16_192_64_0p5_0p02_0033_0007.uasset" 5948
"../../../Engine/Content/EngineMaterials/Substrate/GLints/dict_16_192_64_0p5_0p02_0033_0010.uasset" 5949
"../../../Engine/Content/EngineMaterials/Substrate/GLints/dict_16_192_64_0p5_0p02_0033_0011.uasset" 5950
"../../../Engine/Content/EngineMaterials/Substrate/GLints/dict_16_192_64_0p5_0p02_0033_0012.uasset" 5951
"../../../Engine/Content/EngineMaterials/Substrate/GLints/dict_16_192_64_0p5_0p02_0033_0013.uasset" 5952
"/Engine/EngineMaterials/Substrate/GLints/dict_16_192_64_0p5_0p02_0033_0013" 5953
"/Engine/EngineMaterials/Substrate/GLints/dict_16_192_64_0p5_0p02_0033_0012" 5954
"/Engine/EngineMaterials/Substrate/GLints/dict_16_192_64_0p5_0p02_0033_0011" 5955
"/Engine/EngineMaterials/Substrate/GLints/dict_16_192_64_0p5_0p02_0033_0010" 5956
"/Engine/EngineMaterials/Substrate/GLints/dict_16_192_64_0p5_0p02_0033_0009" 5957
"/Engine/EngineMaterials/Substrate/GLints/dict_16_192_64_0p5_0p02_0033_0008" 5958
"/Engine/EngineMaterials/Substrate/GLints/dict_16_192_64_0p5_0p02_0033_0007" 5959
"/Engine/EngineMaterials/Substrate/GLints/dict_16_192_64_0p5_0p02_0033_0006" 5960
"/Engine/EngineMaterials/Substrate/GLints/dict_16_192_64_0p5_0p02_0033_0005" 5961
"/Engine/EngineMaterials/Substrate/GLints/dict_16_192_64_0p5_0p02_0033_0004" 5962
"/Engine/EngineMaterials/Substrate/GLints/dict_16_192_64_0p5_0p02_0033_0003" 5963
"/Engine/EngineMaterials/Substrate/GLints/dict_16_192_64_0p5_0p02_0033_0002" 5964
"/Engine/EngineMaterials/Substrate/GLints/dict_16_192_64_0p5_0p02_0033_0001" 5965
"/Engine/EngineMaterials/Substrate/GLints/dict_16_192_64_0p5_0p02_0033_0000" 5966
"/Engine/EngineMaterials/Substrate/GLints/dict_16_192_64_0p5_0p02_0032_0015" 5967
"/Engine/EngineMaterials/Substrate/GLints/dict_16_192_64_0p5_0p02_0032_0014" 5968
"/Engine/EngineMaterials/Substrate/GLints/dict_16_192_64_0p5_0p02_0032_0013" 5969
"/Engine/EngineMaterials/Substrate/GLints/dict_16_192_64_0p5_0p02_0032_0012" 5970
"/Engine/EngineMaterials/Substrate/GLints/dict_16_192_64_0p5_0p02_0032_0011" 5971
"/Engine/EngineMaterials/Substrate/GLints/dict_16_192_64_0p5_0p02_0032_0010" 5972
"/Engine/EngineMaterials/Substrate/GLints/dict_16_192_64_0p5_0p02_0032_0009" 5973
"/Engine/EngineMaterials/Substrate/GLints/dict_16_192_64_0p5_0p02_0032_0008" 5974
"/Engine/EngineMaterials/Substrate/GLints/dict_16_192_64_0p5_0p02_0032_0007" 5975
"/Engine/EngineMaterials/Substrate/GLints/dict_16_192_64_0p5_0p02_0032_0006" 5976
"/Engine/EngineMaterials/Substrate/GLints/dict_16_192_64_0p5_0p02_0032_0005" 5977
"/Engine/EngineMaterials/Substrate/GLints/dict_16_192_64_0p5_0p02_0032_0004" 5978
"/Engine/EngineMaterials/Substrate/GLints/dict_16_192_64_0p5_0p02_0032_0003" 5979
"/Engine/EngineMaterials/Substrate/GLints/dict_16_192_64_0p5_0p02_0032_0002" 5980
"/Engine/EngineMaterials/Substrate/GLints/dict_16_192_64_0p5_0p02_0032_0001" 5981
"/Engine/EngineMaterials/Substrate/GLints/dict_16_192_64_0p5_0p02_0032_0000" 5982
"/Engine/EngineMaterials/Substrate/GLints/dict_16_192_64_0p5_0p02_0031_0015" 5983
"/Engine/EngineMaterials/Substrate/GLints/dict_16_192_64_0p5_0p02_0031_0014" 5984
"../../../Engine/Content/EngineMaterials/Substrate/GLints/dict_16_192_64_0p5_0p02_0033_0014.uasset" 5985
"../../../Engine/Content/EngineMaterials/Substrate/GLints/dict_16_192_64_0p5_0p02_0034_0000.uasset" 5986
"../../../Engine/Content/EngineMaterials/Substrate/GLints/dict_16_192_64_0p5_0p02_0033_0015.uasset" 5987
"../../../Engine/Content/EngineMaterials/Substrate/GLints/dict_16_192_64_0p5_0p02_0034_0001.uasset" 5988
"../../../Engine/Content/EngineMaterials/Substrate/GLints/dict_16_192_64_0p5_0p02_0034_0002.uasset" 5989
"../../../Engine/Content/EngineMaterials/Substrate/GLints/dict_16_192_64_0p5_0p02_0034_0003.uasset" 5990
"../../../Engine/Content/EngineMaterials/Substrate/GLints/dict_16_192_64_0p5_0p02_0034_0006.uasset" 5991
"../../../Engine/Content/EngineMaterials/Substrate/GLints/dict_16_192_64_0p5_0p02_0034_0007.uasset" 5992
"../../../Engine/Content/EngineMaterials/Substrate/GLints/dict_16_192_64_0p5_0p02_0034_0005.uasset" 5993
"../../../Engine/Content/EngineMaterials/Substrate/GLints/dict_16_192_64_0p5_0p02_0034_0004.uasset" 5994
"../../../Engine/Content/EngineMaterials/Substrate/GLints/dict_16_192_64_0p5_0p02_0034_0010.uasset" 5995
"../../../Engine/Content/EngineMaterials/Substrate/GLints/dict_16_192_64_0p5_0p02_0034_0009.uasset" 5996
"../../../Engine/Content/EngineMaterials/Substrate/GLints/dict_16_192_64_0p5_0p02_0034_0011.uasset" 5997
"../../../Engine/Content/EngineMaterials/Substrate/GLints/dict_16_192_64_0p5_0p02_0034_0012.uasset" 5998
"../../../Engine/Content/EngineMaterials/Substrate/GLints/dict_16_192_64_0p5_0p02_0034_0008.uasset" 5999
"../../../Engine/Content/EngineMaterials/Substrate/GLints/dict_16_192_64_0p5_0p02_0034_0015.uasset" 6000
"../../../Engine/Content/EngineMaterials/Substrate/GLints/dict_16_192_64_0p5_0p02_0035_0001.uasset" 6001
"../../../Engine/Content/EngineMaterials/Substrate/GLints/dict_16_192_64_0p5_0p02_0035_0000.uasset" 6002
"../../../Engine/Content/EngineMaterials/Substrate/GLints/dict_16_192_64_0p5_0p02_0034_0014.uasset" 6003
"../../../Engine/Content/EngineMaterials/Substrate/GLints/dict_16_192_64_0p5_0p02_0034_0013.uasset" 6004
"../../../Engine/Content/EngineMaterials/Substrate/GLints/dict_16_192_64_0p5_0p02_0035_0004.uasset" 6005
"../../../Engine/Content/EngineMaterials/Substrate/GLints/dict_16_192_64_0p5_0p02_0035_0003.uasset" 6006
"../../../Engine/Content/EngineMaterials/Substrate/GLints/dict_16_192_64_0p5_0p02_0035_0002.uasset" 6007
"../../../Engine/Content/EngineMaterials/Substrate/GLints/dict_16_192_64_0p5_0p02_0035_0005.uasset" 6008
"../../../Engine/Content/EngineMaterials/Substrate/GLints/dict_16_192_64_0p5_0p02_0035_0006.uasset" 6009
"../../../Engine/Content/EngineMaterials/Substrate/GLints/dict_16_192_64_0p5_0p02_0035_0007.uasset" 6010
"../../../Engine/Content/EngineMaterials/Substrate/GLints/dict_16_192_64_0p5_0p02_0035_0011.uasset" 6011
"../../../Engine/Content/EngineMaterials/Substrate/GLints/dict_16_192_64_0p5_0p02_0035_0009.uasset" 6012
"../../../Engine/Content/EngineMaterials/Substrate/GLints/dict_16_192_64_0p5_0p02_0035_0008.uasset" 6013
"../../../Engine/Content/EngineMaterials/Substrate/GLints/dict_16_192_64_0p5_0p02_0035_0012.uasset" 6014
"../../../Engine/Content/EngineMaterials/Substrate/GLints/dict_16_192_64_0p5_0p02_0035_0010.uasset" 6015
"../../../Engine/Content/EngineMaterials/Substrate/GLints/dict_16_192_64_0p5_0p02_0035_0013.uasset" 6016
"/Engine/EngineMaterials/Substrate/GLints/dict_16_192_64_0p5_0p02_0035_0013" 6017
"/Engine/EngineMaterials/Substrate/GLints/dict_16_192_64_0p5_0p02_0035_0012" 6018
"/Engine/EngineMaterials/Substrate/GLints/dict_16_192_64_0p5_0p02_0035_0011" 6019
"/Engine/EngineMaterials/Substrate/GLints/dict_16_192_64_0p5_0p02_0035_0010" 6020
"/Engine/EngineMaterials/Substrate/GLints/dict_16_192_64_0p5_0p02_0035_0009" 6021
"/Engine/EngineMaterials/Substrate/GLints/dict_16_192_64_0p5_0p02_0035_0008" 6022
"/Engine/EngineMaterials/Substrate/GLints/dict_16_192_64_0p5_0p02_0035_0007" 6023
"/Engine/EngineMaterials/Substrate/GLints/dict_16_192_64_0p5_0p02_0035_0006" 6024
"/Engine/EngineMaterials/Substrate/GLints/dict_16_192_64_0p5_0p02_0035_0005" 6025
"/Engine/EngineMaterials/Substrate/GLints/dict_16_192_64_0p5_0p02_0035_0004" 6026
"/Engine/EngineMaterials/Substrate/GLints/dict_16_192_64_0p5_0p02_0035_0003" 6027
"/Engine/EngineMaterials/Substrate/GLints/dict_16_192_64_0p5_0p02_0035_0002" 6028
"/Engine/EngineMaterials/Substrate/GLints/dict_16_192_64_0p5_0p02_0035_0001" 6029
"/Engine/EngineMaterials/Substrate/GLints/dict_16_192_64_0p5_0p02_0035_0000" 6030
"/Engine/EngineMaterials/Substrate/GLints/dict_16_192_64_0p5_0p02_0034_0015" 6031
"/Engine/EngineMaterials/Substrate/GLints/dict_16_192_64_0p5_0p02_0034_0014" 6032
"/Engine/EngineMaterials/Substrate/GLints/dict_16_192_64_0p5_0p02_0034_0013" 6033
"/Engine/EngineMaterials/Substrate/GLints/dict_16_192_64_0p5_0p02_0034_0012" 6034
"/Engine/EngineMaterials/Substrate/GLints/dict_16_192_64_0p5_0p02_0034_0011" 6035
"/Engine/EngineMaterials/Substrate/GLints/dict_16_192_64_0p5_0p02_0034_0010" 6036
"/Engine/EngineMaterials/Substrate/GLints/dict_16_192_64_0p5_0p02_0034_0009" 6037
"/Engine/EngineMaterials/Substrate/GLints/dict_16_192_64_0p5_0p02_0034_0008" 6038
"/Engine/EngineMaterials/Substrate/GLints/dict_16_192_64_0p5_0p02_0034_0007" 6039
"/Engine/EngineMaterials/Substrate/GLints/dict_16_192_64_0p5_0p02_0034_0006" 6040
"/Engine/EngineMaterials/Substrate/GLints/dict_16_192_64_0p5_0p02_0034_0005" 6041
"/Engine/EngineMaterials/Substrate/GLints/dict_16_192_64_0p5_0p02_0034_0004" 6042
"/Engine/EngineMaterials/Substrate/GLints/dict_16_192_64_0p5_0p02_0034_0003" 6043
"/Engine/EngineMaterials/Substrate/GLints/dict_16_192_64_0p5_0p02_0034_0002" 6044
"/Engine/EngineMaterials/Substrate/GLints/dict_16_192_64_0p5_0p02_0034_0001" 6045
"/Engine/EngineMaterials/Substrate/GLints/dict_16_192_64_0p5_0p02_0034_0000" 6046
"/Engine/EngineMaterials/Substrate/GLints/dict_16_192_64_0p5_0p02_0033_0015" 6047
"/Engine/EngineMaterials/Substrate/GLints/dict_16_192_64_0p5_0p02_0033_0014" 6048
"../../../Engine/Content/EngineMaterials/Substrate/GLints/dict_16_192_64_0p5_0p02_0036_0000.uasset" 6049
"../../../Engine/Content/EngineMaterials/Substrate/GLints/dict_16_192_64_0p5_0p02_0035_0014.uasset" 6050
"../../../Engine/Content/EngineMaterials/Substrate/GLints/dict_16_192_64_0p5_0p02_0036_0001.uasset" 6051
"../../../Engine/Content/EngineMaterials/Substrate/GLints/dict_16_192_64_0p5_0p02_0036_0002.uasset" 6052
"../../../Engine/Content/EngineMaterials/Substrate/GLints/dict_16_192_64_0p5_0p02_0036_0004.uasset" 6053
"../../../Engine/Content/EngineMaterials/Substrate/GLints/dict_16_192_64_0p5_0p02_0036_0003.uasset" 6054
"../../../Engine/Content/EngineMaterials/Substrate/GLints/dict_16_192_64_0p5_0p02_0035_0015.uasset" 6055
"../../../Engine/Content/EngineMaterials/Substrate/GLints/dict_16_192_64_0p5_0p02_0036_0009.uasset" 6056
"../../../Engine/Content/EngineMaterials/Substrate/GLints/dict_16_192_64_0p5_0p02_0036_0011.uasset" 6057
"../../../Engine/Content/EngineMaterials/Substrate/GLints/dict_16_192_64_0p5_0p02_0036_0007.uasset" 6058
"../../../Engine/Content/EngineMaterials/Substrate/GLints/dict_16_192_64_0p5_0p02_0036_0005.uasset" 6059
"../../../Engine/Content/EngineMaterials/Substrate/GLints/dict_16_192_64_0p5_0p02_0036_0008.uasset" 6060
"../../../Engine/Content/EngineMaterials/Substrate/GLints/dict_16_192_64_0p5_0p02_0036_0012.uasset" 6061
"../../../Engine/Content/EngineMaterials/Substrate/GLints/dict_16_192_64_0p5_0p02_0036_0013.uasset" 6062
"../../../Engine/Content/EngineMaterials/Substrate/GLints/dict_16_192_64_0p5_0p02_0036_0015.uasset" 6063
"../../../Engine/Content/EngineMaterials/Substrate/GLints/dict_16_192_64_0p5_0p02_0036_0014.uasset" 6064
"../../../Engine/Content/EngineMaterials/Substrate/GLints/dict_16_192_64_0p5_0p02_0036_0006.uasset" 6065
"../../../Engine/Content/EngineMaterials/Substrate/GLints/dict_16_192_64_0p5_0p02_0036_0010.uasset" 6066
"../../../Engine/Content/EngineMaterials/Substrate/GLints/dict_16_192_64_0p5_0p02_0037_0001.uasset" 6067
"../../../Engine/Content/EngineMaterials/Substrate/GLints/dict_16_192_64_0p5_0p02_0037_0002.uasset" 6068
"../../../Engine/Content/EngineMaterials/Substrate/GLints/dict_16_192_64_0p5_0p02_0037_0004.uasset" 6069
"../../../Engine/Content/EngineMaterials/Substrate/GLints/dict_16_192_64_0p5_0p02_0037_0003.uasset" 6070
"../../../Engine/Content/EngineMaterials/Substrate/GLints/dict_16_192_64_0p5_0p02_0037_0005.uasset" 6071
"../../../Engine/Content/EngineMaterials/Substrate/GLints/dict_16_192_64_0p5_0p02_0037_0000.uasset" 6072
"../../../Engine/Content/EngineMaterials/Substrate/GLints/dict_16_192_64_0p5_0p02_0037_0007.uasset" 6073
"../../../Engine/Content/EngineMaterials/Substrate/GLints/dict_16_192_64_0p5_0p02_0037_0008.uasset" 6074
"../../../Engine/Content/EngineMaterials/Substrate/GLints/dict_16_192_64_0p5_0p02_0037_0010.uasset" 6075
"../../../Engine/Content/EngineMaterials/Substrate/GLints/dict_16_192_64_0p5_0p02_0037_0009.uasset" 6076
"../../../Engine/Content/EngineMaterials/Substrate/GLints/dict_16_192_64_0p5_0p02_0037_0011.uasset" 6077
"../../../Engine/Content/EngineMaterials/Substrate/GLints/dict_16_192_64_0p5_0p02_0037_0012.uasset" 6078
"../../../Engine/Content/EngineMaterials/Substrate/GLints/dict_16_192_64_0p5_0p02_0037_0013.uasset" 6079
"../../../Engine/Content/EngineMaterials/Substrate/GLints/dict_16_192_64_0p5_0p02_0037_0006.uasset" 6080
"/Engine/EngineMaterials/Substrate/GLints/dict_16_192_64_0p5_0p02_0037_0012" 6081
"/Engine/EngineMaterials/Substrate/GLints/dict_16_192_64_0p5_0p02_0037_0011" 6082
"/Engine/EngineMaterials/Substrate/GLints/dict_16_192_64_0p5_0p02_0037_0010" 6083
"/Engine/EngineMaterials/Substrate/GLints/dict_16_192_64_0p5_0p02_0037_0009" 6084
"/Engine/EngineMaterials/Substrate/GLints/dict_16_192_64_0p5_0p02_0037_0008" 6085
"/Engine/EngineMaterials/Substrate/GLints/dict_16_192_64_0p5_0p02_0037_0007" 6086
"/Engine/EngineMaterials/Substrate/GLints/dict_16_192_64_0p5_0p02_0037_0006" 6087
"/Engine/EngineMaterials/Substrate/GLints/dict_16_192_64_0p5_0p02_0037_0005" 6088
"/Engine/EngineMaterials/Substrate/GLints/dict_16_192_64_0p5_0p02_0037_0004" 6089
"/Engine/EngineMaterials/Substrate/GLints/dict_16_192_64_0p5_0p02_0037_0003" 6090
"/Engine/EngineMaterials/Substrate/GLints/dict_16_192_64_0p5_0p02_0037_0002" 6091
"/Engine/EngineMaterials/Substrate/GLints/dict_16_192_64_0p5_0p02_0037_0001" 6092
"/Engine/EngineMaterials/Substrate/GLints/dict_16_192_64_0p5_0p02_0037_0000" 6093
"/Engine/EngineMaterials/Substrate/GLints/dict_16_192_64_0p5_0p02_0036_0015" 6094
"/Engine/EngineMaterials/Substrate/GLints/dict_16_192_64_0p5_0p02_0036_0014" 6095
"/Engine/EngineMaterials/Substrate/GLints/dict_16_192_64_0p5_0p02_0036_0013" 6096
"/Engine/EngineMaterials/Substrate/GLints/dict_16_192_64_0p5_0p02_0036_0012" 6097
"/Engine/EngineMaterials/Substrate/GLints/dict_16_192_64_0p5_0p02_0036_0011" 6098
"/Engine/EngineMaterials/Substrate/GLints/dict_16_192_64_0p5_0p02_0036_0010" 6099
"/Engine/EngineMaterials/Substrate/GLints/dict_16_192_64_0p5_0p02_0036_0009" 6100
"/Engine/EngineMaterials/Substrate/GLints/dict_16_192_64_0p5_0p02_0036_0008" 6101
"/Engine/EngineMaterials/Substrate/GLints/dict_16_192_64_0p5_0p02_0036_0007" 6102
"/Engine/EngineMaterials/Substrate/GLints/dict_16_192_64_0p5_0p02_0036_0006" 6103
"/Engine/EngineMaterials/Substrate/GLints/dict_16_192_64_0p5_0p02_0036_0005" 6104
"/Engine/EngineMaterials/Substrate/GLints/dict_16_192_64_0p5_0p02_0036_0004" 6105
"/Engine/EngineMaterials/Substrate/GLints/dict_16_192_64_0p5_0p02_0036_0003" 6106
"/Engine/EngineMaterials/Substrate/GLints/dict_16_192_64_0p5_0p02_0036_0002" 6107
"/Engine/EngineMaterials/Substrate/GLints/dict_16_192_64_0p5_0p02_0036_0001" 6108
"/Engine/EngineMaterials/Substrate/GLints/dict_16_192_64_0p5_0p02_0036_0000" 6109
"/Engine/EngineMaterials/Substrate/GLints/dict_16_192_64_0p5_0p02_0035_0015" 6110
"/Engine/EngineMaterials/Substrate/GLints/dict_16_192_64_0p5_0p02_0035_0014" 6111
"/Engine/EngineMaterials/Substrate/GLints/dict_16_192_64_0p5_0p02_0037_0013" 6112
"../../../Engine/Content/EngineMaterials/Substrate/GLints/dict_16_192_64_0p5_0p02_0037_0015.uasset" 6113
"../../../Engine/Content/EngineMaterials/Substrate/GLints/dict_16_192_64_0p5_0p02_0038_0001.uasset" 6114
"../../../Engine/Content/EngineMaterials/Substrate/GLints/dict_16_192_64_0p5_0p02_0038_0002.uasset" 6115
"../../../Engine/Content/EngineMaterials/Substrate/GLints/dict_16_192_64_0p5_0p02_0038_0000.uasset" 6116
"../../../Engine/Content/EngineMaterials/Substrate/GLints/dict_16_192_64_0p5_0p02_0038_0003.uasset" 6117
"../../../Engine/Content/EngineMaterials/Substrate/GLints/dict_16_192_64_0p5_0p02_0037_0014.uasset" 6118
"../../../Engine/Content/EngineMaterials/Substrate/GLints/dict_16_192_64_0p5_0p02_0038_0006.uasset" 6119
"../../../Engine/Content/EngineMaterials/Substrate/GLints/dict_16_192_64_0p5_0p02_0038_0004.uasset" 6120
"../../../Engine/Content/EngineMaterials/Substrate/GLints/dict_16_192_64_0p5_0p02_0038_0005.uasset" 6121
"../../../Engine/Content/EngineMaterials/Substrate/GLints/dict_16_192_64_0p5_0p02_0038_0007.uasset" 6122
"../../../Engine/Content/EngineMaterials/Substrate/GLints/dict_16_192_64_0p5_0p02_0038_0008.uasset" 6123
"../../../Engine/Content/EngineMaterials/Substrate/GLints/dict_16_192_64_0p5_0p02_0038_0009.uasset" 6124
"../../../Engine/Content/EngineMaterials/Substrate/GLints/dict_16_192_64_0p5_0p02_0038_0010.uasset" 6125
"../../../Engine/Content/EngineMaterials/Substrate/GLints/dict_16_192_64_0p5_0p02_0038_0012.uasset" 6126
"../../../Engine/Content/EngineMaterials/Substrate/GLints/dict_16_192_64_0p5_0p02_0038_0011.uasset" 6127
"../../../Engine/Content/EngineMaterials/Substrate/GLints/dict_16_192_64_0p5_0p02_0038_0014.uasset" 6128
"../../../Engine/Content/EngineMaterials/Substrate/GLints/dict_16_192_64_0p5_0p02_0038_0013.uasset" 6129
"../../../Engine/Content/EngineMaterials/Substrate/GLints/dict_16_192_64_0p5_0p02_0038_0015.uasset" 6130
"../../../Engine/Content/EngineMaterials/Substrate/GLints/dict_16_192_64_0p5_0p02_0039_0000.uasset" 6131
"../../../Engine/Content/EngineMaterials/Substrate/GLints/dict_16_192_64_0p5_0p02_0039_0001.uasset" 6132
"../../../Engine/Content/EngineMaterials/Substrate/GLints/dict_16_192_64_0p5_0p02_0039_0003.uasset" 6133
"../../../Engine/Content/EngineMaterials/Substrate/GLints/dict_16_192_64_0p5_0p02_0039_0002.uasset" 6134
"../../../Engine/Content/EngineMaterials/Substrate/GLints/dict_16_192_64_0p5_0p02_0039_0004.uasset" 6135
"../../../Engine/Content/EngineMaterials/Substrate/GLints/dict_16_192_64_0p5_0p02_0039_0007.uasset" 6136
"../../../Engine/Content/EngineMaterials/Substrate/GLints/dict_16_192_64_0p5_0p02_0039_0005.uasset" 6137
"../../../Engine/Content/EngineMaterials/Substrate/GLints/dict_16_192_64_0p5_0p02_0039_0006.uasset" 6138
"../../../Engine/Content/EngineMaterials/Substrate/GLints/dict_16_192_64_0p5_0p02_0039_0008.uasset" 6139
"../../../Engine/Content/EngineMaterials/Substrate/GLints/dict_16_192_64_0p5_0p02_0039_0011.uasset" 6140
"../../../Engine/Content/EngineMaterials/Substrate/GLints/dict_16_192_64_0p5_0p02_0039_0010.uasset" 6141
"../../../Engine/Content/EngineMaterials/Substrate/GLints/dict_16_192_64_0p5_0p02_0039_0013.uasset" 6142
"../../../Engine/Content/EngineMaterials/Substrate/GLints/dict_16_192_64_0p5_0p02_0039_0009.uasset" 6143
"../../../Engine/Content/EngineMaterials/Substrate/GLints/dict_16_192_64_0p5_0p02_0039_0012.uasset" 6144
"/Engine/EngineMaterials/Substrate/GLints/dict_16_192_64_0p5_0p02_0039_0006" 6145
"/Engine/EngineMaterials/Substrate/GLints/dict_16_192_64_0p5_0p02_0039_0005" 6146
"/Engine/EngineMaterials/Substrate/GLints/dict_16_192_64_0p5_0p02_0039_0004" 6147
"/Engine/EngineMaterials/Substrate/GLints/dict_16_192_64_0p5_0p02_0039_0003" 6148
"/Engine/EngineMaterials/Substrate/GLints/dict_16_192_64_0p5_0p02_0039_0002" 6149
"/Engine/EngineMaterials/Substrate/GLints/dict_16_192_64_0p5_0p02_0039_0001" 6150
"/Engine/EngineMaterials/Substrate/GLints/dict_16_192_64_0p5_0p02_0039_0000" 6151
"/Engine/EngineMaterials/Substrate/GLints/dict_16_192_64_0p5_0p02_0038_0015" 6152
"/Engine/EngineMaterials/Substrate/GLints/dict_16_192_64_0p5_0p02_0038_0014" 6153
"/Engine/EngineMaterials/Substrate/GLints/dict_16_192_64_0p5_0p02_0038_0013" 6154
"/Engine/EngineMaterials/Substrate/GLints/dict_16_192_64_0p5_0p02_0038_0012" 6155
"/Engine/EngineMaterials/Substrate/GLints/dict_16_192_64_0p5_0p02_0038_0011" 6156
"/Engine/EngineMaterials/Substrate/GLints/dict_16_192_64_0p5_0p02_0038_0010" 6157
"/Engine/EngineMaterials/Substrate/GLints/dict_16_192_64_0p5_0p02_0038_0009" 6158
"/Engine/EngineMaterials/Substrate/GLints/dict_16_192_64_0p5_0p02_0038_0008" 6159
"/Engine/EngineMaterials/Substrate/GLints/dict_16_192_64_0p5_0p02_0038_0007" 6160
"/Engine/EngineMaterials/Substrate/GLints/dict_16_192_64_0p5_0p02_0038_0006" 6161
"/Engine/EngineMaterials/Substrate/GLints/dict_16_192_64_0p5_0p02_0038_0005" 6162
"/Engine/EngineMaterials/Substrate/GLints/dict_16_192_64_0p5_0p02_0038_0004" 6163
"/Engine/EngineMaterials/Substrate/GLints/dict_16_192_64_0p5_0p02_0038_0003" 6164
"/Engine/EngineMaterials/Substrate/GLints/dict_16_192_64_0p5_0p02_0038_0002" 6165
"/Engine/EngineMaterials/Substrate/GLints/dict_16_192_64_0p5_0p02_0038_0001" 6166
"/Engine/EngineMaterials/Substrate/GLints/dict_16_192_64_0p5_0p02_0038_0000" 6167
"/Engine/EngineMaterials/Substrate/GLints/dict_16_192_64_0p5_0p02_0037_0015" 6168
"/Engine/EngineMaterials/Substrate/GLints/dict_16_192_64_0p5_0p02_0037_0014" 6169
"/Engine/EngineMaterials/Substrate/GLints/dict_16_192_64_0p5_0p02_0039_0008" 6170
"../../../Engine/Content/EngineMaterials/Substrate/GLints/dict_16_192_64_0p5_0p02_0039_0015.uasset" 6171
"../../../Engine/Content/EngineMaterials/Substrate/GLints/dict_16_192_64_0p5_0p02_0039_0014.uasset" 6172
"/Engine/EngineMaterials/Substrate/GLints/dict_16_192_64_0p5_0p02_0039_0007" 6173
"../../../Engine/Content/EngineMaterials/Substrate/GLints/dict_16_192_64_0p5_0p02_0040_0000.uasset" 6174
"../../../Engine/Content/EngineMaterials/Substrate/GLints/dict_16_192_64_0p5_0p02_0040_0002.uasset" 6175
"../../../Engine/Content/EngineMaterials/Substrate/GLints/dict_16_192_64_0p5_0p02_0040_0001.uasset" 6176
"../../../Engine/Content/EngineMaterials/Substrate/GLints/dict_16_192_64_0p5_0p02_0040_0003.uasset" 6177
"../../../Engine/Content/EngineMaterials/Substrate/GLints/dict_16_192_64_0p5_0p02_0040_0004.uasset" 6178
"../../../Engine/Content/EngineMaterials/Substrate/GLints/dict_16_192_64_0p5_0p02_0040_0005.uasset" 6179
"../../../Engine/Content/EngineMaterials/Substrate/GLints/dict_16_192_64_0p5_0p02_0040_0006.uasset" 6180
"/Engine/EngineMaterials/Substrate/GLints/dict_16_192_64_0p5_0p02_0039_0012" 6181
"/Engine/EngineMaterials/Substrate/GLints/dict_16_192_64_0p5_0p02_0039_0011" 6182
"/Engine/EngineMaterials/Substrate/GLints/dict_16_192_64_0p5_0p02_0039_0010" 6183
"/Engine/EngineMaterials/Substrate/GLints/dict_16_192_64_0p5_0p02_0039_0009" 6184
"../../../Engine/Content/EngineMaterials/Substrate/GLints/dict_16_192_64_0p5_0p02_0040_0008.uasset" 6185
"../../../Engine/Content/EngineMaterials/Substrate/GLints/dict_16_192_64_0p5_0p02_0040_0009.uasset" 6186
"../../../Engine/Content/EngineMaterials/Substrate/GLints/dict_16_192_64_0p5_0p02_0040_0007.uasset" 6187
"../../../Engine/Content/EngineMaterials/Substrate/GLints/dict_16_192_64_0p5_0p02_0040_0010.uasset" 6188
"../../../Engine/Content/EngineMaterials/Substrate/GLints/dict_16_192_64_0p5_0p02_0040_0011.uasset" 6189
"../../../Engine/Content/EngineMaterials/Substrate/GLints/dict_16_192_64_0p5_0p02_0040_0012.uasset" 6190
"../../../Engine/Content/EngineMaterials/Substrate/GLints/dict_16_192_64_0p5_0p02_0040_0014.uasset" 6191
"../../../Engine/Content/EngineMaterials/Substrate/GLints/dict_16_192_64_0p5_0p02_0040_0013.uasset" 6192
"../../../Engine/Content/EngineMaterials/Substrate/GLints/dict_16_192_64_0p5_0p02_0040_0015.uasset" 6193
"../../../Engine/Content/EngineMaterials/Substrate/GLints/dict_16_192_64_0p5_0p02_0041_0000.uasset" 6194
"../../../Engine/Content/EngineMaterials/Substrate/GLints/dict_16_192_64_0p5_0p02_0041_0002.uasset" 6195
"../../../Engine/Content/EngineMaterials/Substrate/GLints/dict_16_192_64_0p5_0p02_0041_0001.uasset" 6196
"../../../Engine/Content/EngineMaterials/Substrate/GLints/dict_16_192_64_0p5_0p02_0041_0004.uasset" 6197
"../../../Engine/Content/EngineMaterials/Substrate/GLints/dict_16_192_64_0p5_0p02_0041_0003.uasset" 6198
"../../../Engine/Content/EngineMaterials/Substrate/GLints/dict_16_192_64_0p5_0p02_0041_0006.uasset" 6199
"../../../Engine/Content/EngineMaterials/Substrate/GLints/dict_16_192_64_0p5_0p02_0041_0005.uasset" 6200
"../../../Engine/Content/EngineMaterials/Substrate/GLints/dict_16_192_64_0p5_0p02_0041_0007.uasset" 6201
"/Engine/EngineMaterials/Substrate/GLints/dict_16_192_64_0p5_0p02_0039_0013" 6202
"/Engine/EngineMaterials/Substrate/GLints/dict_16_192_64_0p5_0p02_0040_0013" 6203
"/Engine/EngineMaterials/Substrate/GLints/dict_16_192_64_0p5_0p02_0040_0012" 6204
"/Engine/EngineMaterials/Substrate/GLints/dict_16_192_64_0p5_0p02_0040_0011" 6205
"../../../Engine/Content/EngineMaterials/Substrate/GLints/dict_16_192_64_0p5_0p02_0041_0008.uasset" 6206
"../../../Engine/Content/EngineMaterials/Substrate/GLints/dict_16_192_64_0p5_0p02_0041_0012.uasset" 6207
"../../../Engine/Content/EngineMaterials/Substrate/GLints/dict_16_192_64_0p5_0p02_0041_0009.uasset" 6208
"../../../Engine/Content/EngineMaterials/Substrate/GLints/dict_16_192_64_0p5_0p02_0041_0010.uasset" 6209
"/Engine/EngineMaterials/Substrate/GLints/dict_16_192_64_0p5_0p02_0040_0010" 6210
"../../../Engine/Content/EngineMaterials/Substrate/GLints/dict_16_192_64_0p5_0p02_0041_0011.uasset" 6211
"/Engine/EngineMaterials/Substrate/GLints/dict_16_192_64_0p5_0p02_0040_0009" 6212
"/Engine/EngineMaterials/Substrate/GLints/dict_16_192_64_0p5_0p02_0040_0008" 6213
"/Engine/EngineMaterials/Substrate/GLints/dict_16_192_64_0p5_0p02_0040_0007" 6214
"/Engine/EngineMaterials/Substrate/GLints/dict_16_192_64_0p5_0p02_0040_0006" 6215
"/Engine/EngineMaterials/Substrate/GLints/dict_16_192_64_0p5_0p02_0040_0005" 6216
"/Engine/EngineMaterials/Substrate/GLints/dict_16_192_64_0p5_0p02_0040_0004" 6217
"/Engine/EngineMaterials/Substrate/GLints/dict_16_192_64_0p5_0p02_0040_0003" 6218
"/Engine/EngineMaterials/Substrate/GLints/dict_16_192_64_0p5_0p02_0040_0002" 6219
"/Engine/EngineMaterials/Substrate/GLints/dict_16_192_64_0p5_0p02_0040_0001" 6220
"/Engine/EngineMaterials/Substrate/GLints/dict_16_192_64_0p5_0p02_0040_0000" 6221
"/Engine/EngineMaterials/Substrate/GLints/dict_16_192_64_0p5_0p02_0039_0015" 6222
"/Engine/EngineMaterials/Substrate/GLints/dict_16_192_64_0p5_0p02_0039_0014" 6223
"/Engine/EngineMaterials/Substrate/GLints/dict_16_192_64_0p5_0p02_0041_0012" 6224
"../../../Engine/Content/EngineMaterials/Substrate/GLints/dict_16_192_64_0p5_0p02_0041_0015.uasset" 6225
"../../../Engine/Content/EngineMaterials/Substrate/GLints/dict_16_192_64_0p5_0p02_0042_0000.uasset" 6226
"../../../Engine/Content/EngineMaterials/Substrate/GLints/dict_16_192_64_0p5_0p02_0041_0014.uasset" 6227
"../../../Engine/Content/EngineMaterials/Substrate/GLints/dict_16_192_64_0p5_0p02_0041_0013.uasset" 6228
"/Engine/EngineMaterials/Substrate/GLints/dict_16_192_64_0p5_0p02_0041_0011" 6229
"/Engine/EngineMaterials/Substrate/GLints/dict_16_192_64_0p5_0p02_0041_0010" 6230
"/Engine/EngineMaterials/Substrate/GLints/dict_16_192_64_0p5_0p02_0041_0009" 6231
"/Engine/EngineMaterials/Substrate/GLints/dict_16_192_64_0p5_0p02_0041_0008" 6232
"/Engine/EngineMaterials/Substrate/GLints/dict_16_192_64_0p5_0p02_0041_0007" 6233
"/Engine/EngineMaterials/Substrate/GLints/dict_16_192_64_0p5_0p02_0041_0006" 6234
"/Engine/EngineMaterials/Substrate/GLints/dict_16_192_64_0p5_0p02_0041_0005" 6235
"/Engine/EngineMaterials/Substrate/GLints/dict_16_192_64_0p5_0p02_0041_0004" 6236
"/Engine/EngineMaterials/Substrate/GLints/dict_16_192_64_0p5_0p02_0041_0003" 6237
"/Engine/EngineMaterials/Substrate/GLints/dict_16_192_64_0p5_0p02_0041_0002" 6238
"/Engine/EngineMaterials/Substrate/GLints/dict_16_192_64_0p5_0p02_0041_0001" 6239
"/Engine/EngineMaterials/Substrate/GLints/dict_16_192_64_0p5_0p02_0041_0000" 6240
"/Engine/EngineMaterials/Substrate/GLints/dict_16_192_64_0p5_0p02_0040_0015" 6241
"/Engine/EngineMaterials/Substrate/GLints/dict_16_192_64_0p5_0p02_0040_0014" 6242
"../../../Engine/Content/EngineMaterials/Substrate/GLints/dict_16_192_64_0p5_0p02_0042_0002.uasset" 6243
"/Engine/EngineMaterials/Substrate/GLints/dict_16_192_64_0p5_0p02_0042_0000" 6244
"../../../Engine/Content/EngineMaterials/Substrate/GLints/dict_16_192_64_0p5_0p02_0042_0004.uasset" 6245
"../../../Engine/Content/EngineMaterials/Substrate/GLints/dict_16_192_64_0p5_0p02_0042_0001.uasset" 6246
"../../../Engine/Content/EngineMaterials/Substrate/GLints/dict_16_192_64_0p5_0p02_0042_0003.uasset" 6247
"../../../Engine/Content/EngineMaterials/Substrate/GLints/dict_16_192_64_0p5_0p02_0042_0007.uasset" 6248
"../../../Engine/Content/EngineMaterials/Substrate/GLints/dict_16_192_64_0p5_0p02_0042_0005.uasset" 6249
"/Engine/EngineMaterials/Substrate/GLints/dict_16_192_64_0p5_0p02_0041_0015" 6250
"../../../Engine/Content/EngineMaterials/Substrate/GLints/dict_16_192_64_0p5_0p02_0042_0006.uasset" 6251
"../../../Engine/Content/EngineMaterials/Substrate/GLints/dict_16_192_64_0p5_0p02_0042_0010.uasset" 6252
"../../../Engine/Content/EngineMaterials/Substrate/GLints/dict_16_192_64_0p5_0p02_0042_0009.uasset" 6253
"../../../Engine/Content/EngineMaterials/Substrate/GLints/dict_16_192_64_0p5_0p02_0042_0011.uasset" 6254
"/Engine/EngineMaterials/Substrate/GLints/dict_16_192_64_0p5_0p02_0041_0014" 6255
"../../../Engine/Content/EngineMaterials/Substrate/GLints/dict_16_192_64_0p5_0p02_0042_0012.uasset" 6256
"../../../Engine/Content/EngineMaterials/Substrate/GLints/dict_16_192_64_0p5_0p02_0042_0013.uasset" 6257
"../../../Engine/Content/EngineMaterials/Substrate/GLints/dict_16_192_64_0p5_0p02_0042_0008.uasset" 6258
"../../../Engine/Content/EngineMaterials/Substrate/GLints/dict_16_192_64_0p5_0p02_0042_0014.uasset" 6259
"../../../Engine/Content/EngineMaterials/Substrate/GLints/dict_16_192_64_0p5_0p02_0043_0004.uasset" 6260
"../../../Engine/Content/EngineMaterials/Substrate/GLints/dict_16_192_64_0p5_0p02_0042_0015.uasset" 6261
"../../../Engine/Content/EngineMaterials/Substrate/GLints/dict_16_192_64_0p5_0p02_0043_0002.uasset" 6262
"../../../Engine/Content/EngineMaterials/Substrate/GLints/dict_16_192_64_0p5_0p02_0043_0000.uasset" 6263
"/Engine/EngineMaterials/Substrate/GLints/dict_16_192_64_0p5_0p02_0041_0013" 6264
"../../../Engine/Content/EngineMaterials/Substrate/GLints/dict_16_192_64_0p5_0p02_0043_0003.uasset" 6265
"../../../Engine/Content/EngineMaterials/Substrate/GLints/dict_16_192_64_0p5_0p02_0043_0001.uasset" 6266
"../../../Engine/Content/EngineMaterials/Substrate/GLints/dict_16_192_64_0p5_0p02_0043_0005.uasset" 6267
"../../../Engine/Content/EngineMaterials/Substrate/GLints/dict_16_192_64_0p5_0p02_0043_0007.uasset" 6268
"../../../Engine/Content/EngineMaterials/Substrate/GLints/dict_16_192_64_0p5_0p02_0043_0008.uasset" 6269
"../../../Engine/Content/EngineMaterials/Substrate/GLints/dict_16_192_64_0p5_0p02_0043_0006.uasset" 6270
"../../../Engine/Content/EngineMaterials/Substrate/GLints/dict_16_192_64_0p5_0p02_0043_0009.uasset" 6271
"../../../Engine/Content/EngineMaterials/Substrate/GLints/dict_16_192_64_0p5_0p02_0043_0010.uasset" 6272
"../../../Engine/Content/EngineMaterials/Substrate/GLints/dict_16_192_64_0p5_0p02_0043_0011.uasset" 6273
"/Engine/EngineMaterials/Substrate/GLints/dict_16_192_64_0p5_0p02_0042_0013" 6274
"../../../Engine/Content/EngineMaterials/Substrate/GLints/dict_16_192_64_0p5_0p02_0043_0012.uasset" 6275
"/Engine/EngineMaterials/Substrate/GLints/dict_16_192_64_0p5_0p02_0043_0005" 6276
"/Engine/EngineMaterials/Substrate/GLints/dict_16_192_64_0p5_0p02_0043_0004" 6277
"/Engine/EngineMaterials/Substrate/GLints/dict_16_192_64_0p5_0p02_0043_0003" 6278
"/Engine/EngineMaterials/Substrate/GLints/dict_16_192_64_0p5_0p02_0043_0002" 6279
"/Engine/EngineMaterials/Substrate/GLints/dict_16_192_64_0p5_0p02_0043_0001" 6280
"/Engine/EngineMaterials/Substrate/GLints/dict_16_192_64_0p5_0p02_0043_0000" 6281
"/Engine/EngineMaterials/Substrate/GLints/dict_16_192_64_0p5_0p02_0042_0015" 6282
"/Engine/EngineMaterials/Substrate/GLints/dict_16_192_64_0p5_0p02_0042_0014" 6283
"/Engine/EngineMaterials/Substrate/GLints/dict_16_192_64_0p5_0p02_0042_0012" 6284
"/Engine/EngineMaterials/Substrate/GLints/dict_16_192_64_0p5_0p02_0042_0011" 6285
"/Engine/EngineMaterials/Substrate/GLints/dict_16_192_64_0p5_0p02_0042_0010" 6286
"/Engine/EngineMaterials/Substrate/GLints/dict_16_192_64_0p5_0p02_0042_0009" 6287
"/Engine/EngineMaterials/Substrate/GLints/dict_16_192_64_0p5_0p02_0042_0008" 6288
"/Engine/EngineMaterials/Substrate/GLints/dict_16_192_64_0p5_0p02_0042_0007" 6289
"/Engine/EngineMaterials/Substrate/GLints/dict_16_192_64_0p5_0p02_0042_0006" 6290
"/Engine/EngineMaterials/Substrate/GLints/dict_16_192_64_0p5_0p02_0042_0005" 6291
"/Engine/EngineMaterials/Substrate/GLints/dict_16_192_64_0p5_0p02_0042_0004" 6292
"/Engine/EngineMaterials/Substrate/GLints/dict_16_192_64_0p5_0p02_0042_0003" 6293
"/Engine/EngineMaterials/Substrate/GLints/dict_16_192_64_0p5_0p02_0042_0002" 6294
"/Engine/EngineMaterials/Substrate/GLints/dict_16_192_64_0p5_0p02_0042_0001" 6295
"../../../Engine/Content/EngineMaterials/Substrate/GLints/dict_16_192_64_0p5_0p02_0043_0014.uasset" 6296
"../../../Engine/Content/EngineMaterials/Substrate/GLints/dict_16_192_64_0p5_0p02_0043_0015.uasset" 6297
"../../../Engine/Content/EngineMaterials/Substrate/GLints/dict_16_192_64_0p5_0p02_0044_0000.uasset" 6298
"../../../Engine/Content/EngineMaterials/Substrate/GLints/dict_16_192_64_0p5_0p02_0043_0013.uasset" 6299
"/Engine/EngineMaterials/Substrate/GLints/dict_16_192_64_0p5_0p02_0043_0010" 6300
"/Engine/EngineMaterials/Substrate/GLints/dict_16_192_64_0p5_0p02_0043_0008" 6301
"/Engine/EngineMaterials/Substrate/GLints/dict_16_192_64_0p5_0p02_0043_0007" 6302
"/Engine/EngineMaterials/Substrate/GLints/dict_16_192_64_0p5_0p02_0043_0006" 6303
"../../../Engine/Content/EngineMaterials/Substrate/GLints/dict_16_192_64_0p5_0p02_0044_0001.uasset" 6304
"../../../Engine/Content/EngineMaterials/Substrate/GLints/dict_16_192_64_0p5_0p02_0044_0002.uasset" 6305
"../../../Engine/Content/EngineMaterials/Substrate/GLints/dict_16_192_64_0p5_0p02_0044_0003.uasset" 6306
"../../../Engine/Content/EngineMaterials/Substrate/GLints/dict_16_192_64_0p5_0p02_0044_0004.uasset" 6307
"../../../Engine/Content/EngineMaterials/Substrate/GLints/dict_16_192_64_0p5_0p02_0044_0007.uasset" 6308
"../../../Engine/Content/EngineMaterials/Substrate/GLints/dict_16_192_64_0p5_0p02_0044_0006.uasset" 6309
"../../../Engine/Content/EngineMaterials/Substrate/GLints/dict_16_192_64_0p5_0p02_0044_0005.uasset" 6310
"../../../Engine/Content/EngineMaterials/Substrate/GLints/dict_16_192_64_0p5_0p02_0044_0008.uasset" 6311
"../../../Engine/Content/EngineMaterials/Substrate/GLints/dict_16_192_64_0p5_0p02_0044_0009.uasset" 6312
"../../../Engine/Content/EngineMaterials/Substrate/GLints/dict_16_192_64_0p5_0p02_0044_0010.uasset" 6313
"../../../Engine/Content/EngineMaterials/Substrate/GLints/dict_16_192_64_0p5_0p02_0044_0012.uasset" 6314
"../../../Engine/Content/EngineMaterials/Substrate/GLints/dict_16_192_64_0p5_0p02_0044_0011.uasset" 6315
"../../../Engine/Content/EngineMaterials/Substrate/GLints/dict_16_192_64_0p5_0p02_0044_0013.uasset" 6316
"../../../Engine/Content/EngineMaterials/Substrate/GLints/dict_16_192_64_0p5_0p02_0044_0015.uasset" 6317
"../../../Engine/Content/EngineMaterials/Substrate/GLints/dict_16_192_64_0p5_0p02_0045_0000.uasset" 6318
"../../../Engine/Content/EngineMaterials/Substrate/GLints/dict_16_192_64_0p5_0p02_0044_0014.uasset" 6319
"../../../Engine/Content/EngineMaterials/Substrate/GLints/dict_16_192_64_0p5_0p02_0045_0001.uasset" 6320
"../../../Engine/Content/EngineMaterials/Substrate/GLints/dict_16_192_64_0p5_0p02_0045_0003.uasset" 6321
"../../../Engine/Content/EngineMaterials/Substrate/GLints/dict_16_192_64_0p5_0p02_0045_0002.uasset" 6322
"../../../Engine/Content/EngineMaterials/Substrate/GLints/dict_16_192_64_0p5_0p02_0045_0004.uasset" 6323
"../../../Engine/Content/EngineMaterials/Substrate/GLints/dict_16_192_64_0p5_0p02_0045_0006.uasset" 6324
"../../../Engine/Content/EngineMaterials/Substrate/GLints/dict_16_192_64_0p5_0p02_0045_0005.uasset" 6325
"../../../Engine/Content/EngineMaterials/Substrate/GLints/dict_16_192_64_0p5_0p02_0045_0007.uasset" 6326
"../../../Engine/Content/EngineMaterials/Substrate/GLints/dict_16_192_64_0p5_0p02_0045_0008.uasset" 6327
"../../../Engine/Content/EngineMaterials/Substrate/GLints/dict_16_192_64_0p5_0p02_0045_0009.uasset" 6328
"/Engine/EngineMaterials/Substrate/GLints/dict_16_192_64_0p5_0p02_0045_0005" 6329
"/Engine/EngineMaterials/Substrate/GLints/dict_16_192_64_0p5_0p02_0043_0012" 6330
"/Engine/EngineMaterials/Substrate/GLints/dict_16_192_64_0p5_0p02_0043_0011" 6331
"/Engine/EngineMaterials/Substrate/GLints/dict_16_192_64_0p5_0p02_0045_0009" 6332
"/Engine/EngineMaterials/Substrate/GLints/dict_16_192_64_0p5_0p02_0043_0009" 6333
"/Engine/EngineMaterials/Substrate/GLints/dict_16_192_64_0p5_0p02_0045_0008" 6334
"/Engine/EngineMaterials/Substrate/GLints/dict_16_192_64_0p5_0p02_0045_0007" 6335
"/Engine/EngineMaterials/Substrate/GLints/dict_16_192_64_0p5_0p02_0045_0006" 6336
"/Engine/EngineMaterials/Substrate/GLints/dict_16_192_64_0p5_0p02_0045_0004" 6337
"/Engine/EngineMaterials/Substrate/GLints/dict_16_192_64_0p5_0p02_0045_0003" 6338
"/Engine/EngineMaterials/Substrate/GLints/dict_16_192_64_0p5_0p02_0045_0002" 6339
"/Engine/EngineMaterials/Substrate/GLints/dict_16_192_64_0p5_0p02_0045_0001" 6340
"/Engine/EngineMaterials/Substrate/GLints/dict_16_192_64_0p5_0p02_0045_0000" 6341
"/Engine/EngineMaterials/Substrate/GLints/dict_16_192_64_0p5_0p02_0044_0015" 6342
"/Engine/EngineMaterials/Substrate/GLints/dict_16_192_64_0p5_0p02_0044_0014" 6343
"/Engine/EngineMaterials/Substrate/GLints/dict_16_192_64_0p5_0p02_0044_0013" 6344
"/Engine/EngineMaterials/Substrate/GLints/dict_16_192_64_0p5_0p02_0044_0012" 6345
"/Engine/EngineMaterials/Substrate/GLints/dict_16_192_64_0p5_0p02_0044_0011" 6346
"/Engine/EngineMaterials/Substrate/GLints/dict_16_192_64_0p5_0p02_0044_0010" 6347
"/Engine/EngineMaterials/Substrate/GLints/dict_16_192_64_0p5_0p02_0044_0009" 6348
"/Engine/EngineMaterials/Substrate/GLints/dict_16_192_64_0p5_0p02_0044_0008" 6349
"/Engine/EngineMaterials/Substrate/GLints/dict_16_192_64_0p5_0p02_0044_0007" 6350
"/Engine/EngineMaterials/Substrate/GLints/dict_16_192_64_0p5_0p02_0044_0006" 6351
"/Engine/EngineMaterials/Substrate/GLints/dict_16_192_64_0p5_0p02_0044_0005" 6352
"/Engine/EngineMaterials/Substrate/GLints/dict_16_192_64_0p5_0p02_0044_0004" 6353
"/Engine/EngineMaterials/Substrate/GLints/dict_16_192_64_0p5_0p02_0044_0003" 6354
"/Engine/EngineMaterials/Substrate/GLints/dict_16_192_64_0p5_0p02_0044_0002" 6355
"/Engine/EngineMaterials/Substrate/GLints/dict_16_192_64_0p5_0p02_0044_0001" 6356
"/Engine/EngineMaterials/Substrate/GLints/dict_16_192_64_0p5_0p02_0044_0000" 6357
"/Engine/EngineMaterials/Substrate/GLints/dict_16_192_64_0p5_0p02_0043_0015" 6358
"/Engine/EngineMaterials/Substrate/GLints/dict_16_192_64_0p5_0p02_0043_0014" 6359
"/Engine/EngineMaterials/Substrate/GLints/dict_16_192_64_0p5_0p02_0043_0013" 6360
"../../../Engine/Content/EngineMaterials/Substrate/GLints/dict_16_192_64_0p5_0p02_0045_0014.uasset" 6361
"../../../Engine/Content/EngineMaterials/Substrate/GLints/dict_16_192_64_0p5_0p02_0045_0015.uasset" 6362
"../../../Engine/Content/EngineMaterials/Substrate/GLints/dict_16_192_64_0p5_0p02_0045_0012.uasset" 6363
"../../../Engine/Content/EngineMaterials/Substrate/GLints/dict_16_192_64_0p5_0p02_0045_0011.uasset" 6364
"../../../Engine/Content/EngineMaterials/Substrate/GLints/dict_16_192_64_0p5_0p02_0045_0013.uasset" 6365
"../../../Engine/Content/EngineMaterials/Substrate/GLints/dict_16_192_64_0p5_0p02_0045_0010.uasset" 6366
"../../../Engine/Content/EngineMaterials/Substrate/GLints/dict_16_192_64_0p5_0p02_0046_0000.uasset" 6367
"../../../Engine/Content/EngineMaterials/Substrate/GLints/dict_16_192_64_0p5_0p02_0046_0001.uasset" 6368
"../../../Engine/Content/EngineMaterials/Substrate/GLints/dict_16_192_64_0p5_0p02_0046_0002.uasset" 6369
"../../../Engine/Content/EngineMaterials/Substrate/GLints/dict_16_192_64_0p5_0p02_0046_0003.uasset" 6370
"../../../Engine/Content/EngineMaterials/Substrate/GLints/dict_16_192_64_0p5_0p02_0046_0004.uasset" 6371
"../../../Engine/Content/EngineMaterials/Substrate/GLints/dict_16_192_64_0p5_0p02_0046_0005.uasset" 6372
"../../../Engine/Content/EngineMaterials/Substrate/GLints/dict_16_192_64_0p5_0p02_0046_0006.uasset" 6373
"../../../Engine/Content/EngineMaterials/Substrate/GLints/dict_16_192_64_0p5_0p02_0046_0007.uasset" 6374
"../../../Engine/Content/EngineMaterials/Substrate/GLints/dict_16_192_64_0p5_0p02_0046_0010.uasset" 6375
"../../../Engine/Content/EngineMaterials/Substrate/GLints/dict_16_192_64_0p5_0p02_0046_0009.uasset" 6376
"../../../Engine/Content/EngineMaterials/Substrate/GLints/dict_16_192_64_0p5_0p02_0046_0008.uasset" 6377
"../../../Engine/Content/EngineMaterials/Substrate/GLints/dict_16_192_64_0p5_0p02_0046_0011.uasset" 6378
"../../../Engine/Content/EngineMaterials/Substrate/GLints/dict_16_192_64_0p5_0p02_0046_0012.uasset" 6379
"../../../Engine/Content/EngineMaterials/Substrate/GLints/dict_16_192_64_0p5_0p02_0046_0015.uasset" 6380
"../../../Engine/Content/EngineMaterials/Substrate/GLints/dict_16_192_64_0p5_0p02_0046_0013.uasset" 6381
"../../../Engine/Content/EngineMaterials/Substrate/GLints/dict_16_192_64_0p5_0p02_0047_0000.uasset" 6382
"../../../Engine/Content/EngineMaterials/Substrate/GLints/dict_16_192_64_0p5_0p02_0047_0001.uasset" 6383
"../../../Engine/Content/EngineMaterials/Substrate/GLints/dict_16_192_64_0p5_0p02_0046_0014.uasset" 6384
"../../../Engine/Content/EngineMaterials/Substrate/GLints/dict_16_192_64_0p5_0p02_0047_0002.uasset" 6385
"../../../Engine/Content/EngineMaterials/Substrate/GLints/dict_16_192_64_0p5_0p02_0047_0003.uasset" 6386
"../../../Engine/Content/EngineMaterials/Substrate/GLints/dict_16_192_64_0p5_0p02_0047_0004.uasset" 6387
"../../../Engine/Content/EngineMaterials/Substrate/GLints/dict_16_192_64_0p5_0p02_0047_0005.uasset" 6388
"../../../Engine/Content/EngineMaterials/Substrate/GLints/dict_16_192_64_0p5_0p02_0047_0006.uasset" 6389
"../../../Engine/Content/EngineMaterials/Substrate/GLints/dict_16_192_64_0p5_0p02_0047_0007.uasset" 6390
"../../../Engine/Content/EngineMaterials/Substrate/GLints/dict_16_192_64_0p5_0p02_0047_0009.uasset" 6391
"../../../Engine/Content/EngineMaterials/Substrate/GLints/dict_16_192_64_0p5_0p02_0047_0008.uasset" 6392
"/Engine/EngineMaterials/Substrate/GLints/dict_16_192_64_0p5_0p02_0047_0007" 6393
"/Engine/EngineMaterials/Substrate/GLints/dict_16_192_64_0p5_0p02_0047_0006" 6394
"/Engine/EngineMaterials/Substrate/GLints/dict_16_192_64_0p5_0p02_0047_0005" 6395
"/Engine/EngineMaterials/Substrate/GLints/dict_16_192_64_0p5_0p02_0047_0004" 6396
"/Engine/EngineMaterials/Substrate/GLints/dict_16_192_64_0p5_0p02_0047_0003" 6397
"/Engine/EngineMaterials/Substrate/GLints/dict_16_192_64_0p5_0p02_0047_0002" 6398
"/Engine/EngineMaterials/Substrate/GLints/dict_16_192_64_0p5_0p02_0047_0001" 6399
"/Engine/EngineMaterials/Substrate/GLints/dict_16_192_64_0p5_0p02_0047_0000" 6400
"/Engine/EngineMaterials/Substrate/GLints/dict_16_192_64_0p5_0p02_0046_0015" 6401
"/Engine/EngineMaterials/Substrate/GLints/dict_16_192_64_0p5_0p02_0046_0014" 6402
"/Engine/EngineMaterials/Substrate/GLints/dict_16_192_64_0p5_0p02_0046_0012" 6403
"/Engine/EngineMaterials/Substrate/GLints/dict_16_192_64_0p5_0p02_0046_0011" 6404
"/Engine/EngineMaterials/Substrate/GLints/dict_16_192_64_0p5_0p02_0046_0010" 6405
"/Engine/EngineMaterials/Substrate/GLints/dict_16_192_64_0p5_0p02_0046_0009" 6406
"/Engine/EngineMaterials/Substrate/GLints/dict_16_192_64_0p5_0p02_0046_0008" 6407
"/Engine/EngineMaterials/Substrate/GLints/dict_16_192_64_0p5_0p02_0046_0007" 6408
"/Engine/EngineMaterials/Substrate/GLints/dict_16_192_64_0p5_0p02_0046_0006" 6409
"/Engine/EngineMaterials/Substrate/GLints/dict_16_192_64_0p5_0p02_0046_0005" 6410
"/Engine/EngineMaterials/Substrate/GLints/dict_16_192_64_0p5_0p02_0046_0004" 6411
"/Engine/EngineMaterials/Substrate/GLints/dict_16_192_64_0p5_0p02_0046_0003" 6412
"/Engine/EngineMaterials/Substrate/GLints/dict_16_192_64_0p5_0p02_0046_0002" 6413
"/Engine/EngineMaterials/Substrate/GLints/dict_16_192_64_0p5_0p02_0046_0001" 6414
"/Engine/EngineMaterials/Substrate/GLints/dict_16_192_64_0p5_0p02_0046_0000" 6415
"/Engine/EngineMaterials/Substrate/GLints/dict_16_192_64_0p5_0p02_0045_0015" 6416
"/Engine/EngineMaterials/Substrate/GLints/dict_16_192_64_0p5_0p02_0045_0014" 6417
"/Engine/EngineMaterials/Substrate/GLints/dict_16_192_64_0p5_0p02_0045_0013" 6418
"/Engine/EngineMaterials/Substrate/GLints/dict_16_192_64_0p5_0p02_0045_0012" 6419
"/Engine/EngineMaterials/Substrate/GLints/dict_16_192_64_0p5_0p02_0045_0011" 6420
"/Engine/EngineMaterials/Substrate/GLints/dict_16_192_64_0p5_0p02_0045_0010" 6421
"/Engine/EngineMaterials/Substrate/GLints/dict_16_192_64_0p5_0p02_0047_0009" 6422
"../../../Engine/Content/EngineMaterials/Substrate/GLints/dict_16_192_64_0p5_0p02_0047_0012.uasset" 6423
"../../../Engine/Content/EngineMaterials/Substrate/GLints/dict_16_192_64_0p5_0p02_0047_0010.uasset" 6424
"/Engine/EngineMaterials/Substrate/GLints/dict_16_192_64_0p5_0p02_0047_0008" 6425
"../../../Engine/Content/EngineMaterials/Substrate/GLints/dict_16_192_64_0p5_0p02_0047_0013.uasset" 6426
"../../../Engine/Content/EngineMaterials/Substrate/GLints/dict_16_192_64_0p5_0p02_0047_0011.uasset" 6427
"../../../Engine/Content/EngineMaterials/Substrate/GLints/dict_16_192_64_0p5_0p02_0048_0000.uasset" 6428
"../../../Engine/Content/EngineMaterials/Substrate/GLints/dict_16_192_64_0p5_0p02_0047_0014.uasset" 6429
"../../../Engine/Content/EngineMaterials/Substrate/GLints/dict_16_192_64_0p5_0p02_0047_0015.uasset" 6430
"../../../Engine/Content/EngineMaterials/Substrate/GLints/dict_16_192_64_0p5_0p02_0048_0002.uasset" 6431
"../../../Engine/Content/EngineMaterials/Substrate/GLints/dict_16_192_64_0p5_0p02_0048_0001.uasset" 6432
"../../../Engine/Content/EngineMaterials/Substrate/GLints/dict_16_192_64_0p5_0p02_0048_0003.uasset" 6433
"../../../Engine/Content/EngineMaterials/Substrate/GLints/dict_16_192_64_0p5_0p02_0048_0004.uasset" 6434
"/Engine/EngineMaterials/Substrate/GLints/dict_16_192_64_0p5_0p02_0046_0013" 6435
"../../../Engine/Content/EngineMaterials/Substrate/GLints/dict_16_192_64_0p5_0p02_0048_0005.uasset" 6436
"/Engine/EngineMaterials/Substrate/GLints/dict_16_192_64_0p5_0p02_0048_0005" 6437
"../../../Engine/Content/EngineMaterials/Substrate/GLints/dict_16_192_64_0p5_0p02_0048_0008.uasset" 6438
"../../../Engine/Content/EngineMaterials/Substrate/GLints/dict_16_192_64_0p5_0p02_0048_0009.uasset" 6439
"../../../Engine/Content/EngineMaterials/Substrate/GLints/dict_16_192_64_0p5_0p02_0048_0006.uasset" 6440
"../../../Engine/Content/EngineMaterials/Substrate/GLints/dict_16_192_64_0p5_0p02_0048_0012.uasset" 6441
"../../../Engine/Content/EngineMaterials/Substrate/GLints/dict_16_192_64_0p5_0p02_0048_0010.uasset" 6442
"../../../Engine/Content/EngineMaterials/Substrate/GLints/dict_16_192_64_0p5_0p02_0048_0015.uasset" 6443
"../../../Engine/Content/EngineMaterials/Substrate/GLints/dict_16_192_64_0p5_0p02_0048_0013.uasset" 6444
"../../../Engine/Content/EngineMaterials/Substrate/GLints/dict_16_192_64_0p5_0p02_0048_0014.uasset" 6445
"../../../Engine/Content/EngineMaterials/Substrate/GLints/dict_16_192_64_0p5_0p02_0048_0007.uasset" 6446
"../../../Engine/Content/EngineMaterials/Substrate/GLints/dict_16_192_64_0p5_0p02_0048_0011.uasset" 6447
"../../../Engine/Content/EngineMaterials/Substrate/GLints/dict_16_192_64_0p5_0p02_0049_0000.uasset" 6448
"/Engine/EngineMaterials/Substrate/GLints/dict_16_192_64_0p5_0p02_0048_0004" 6449
"../../../Engine/Content/EngineMaterials/Substrate/GLints/dict_16_192_64_0p5_0p02_0049_0001.uasset" 6450
"../../../Engine/Content/EngineMaterials/Substrate/GLints/dict_16_192_64_0p5_0p02_0049_0002.uasset" 6451
"../../../Engine/Content/EngineMaterials/Substrate/GLints/dict_16_192_64_0p5_0p02_0049_0003.uasset" 6452
"../../../Engine/Content/EngineMaterials/Substrate/GLints/dict_16_192_64_0p5_0p02_0049_0004.uasset" 6453
"../../../Engine/Content/EngineMaterials/Substrate/GLints/dict_16_192_64_0p5_0p02_0049_0005.uasset" 6454
"../../../Engine/Content/EngineMaterials/Substrate/GLints/dict_16_192_64_0p5_0p02_0049_0006.uasset" 6455
"/Engine/EngineMaterials/Substrate/GLints/dict_16_192_64_0p5_0p02_0048_0003" 6456
"../../../Engine/Content/EngineMaterials/Substrate/GLints/dict_16_192_64_0p5_0p02_0049_0007.uasset" 6457
"/Engine/EngineMaterials/Substrate/GLints/dict_16_192_64_0p5_0p02_0048_0002" 6458
"/Engine/EngineMaterials/Substrate/GLints/dict_16_192_64_0p5_0p02_0048_0001" 6459
"/Engine/EngineMaterials/Substrate/GLints/dict_16_192_64_0p5_0p02_0048_0000" 6460
"/Engine/EngineMaterials/Substrate/GLints/dict_16_192_64_0p5_0p02_0047_0015" 6461
"/Engine/EngineMaterials/Substrate/GLints/dict_16_192_64_0p5_0p02_0047_0014" 6462
"/Engine/EngineMaterials/Substrate/GLints/dict_16_192_64_0p5_0p02_0047_0013" 6463
"/Engine/EngineMaterials/Substrate/GLints/dict_16_192_64_0p5_0p02_0047_0012" 6464
"/Engine/EngineMaterials/Substrate/GLints/dict_16_192_64_0p5_0p02_0047_0011" 6465
"/Engine/EngineMaterials/Substrate/GLints/dict_16_192_64_0p5_0p02_0047_0010" 6466
"/Engine/EngineMaterials/Substrate/GLints/dict_16_192_64_0p5_0p02_0048_0013" 6467
"/Engine/EngineMaterials/Substrate/GLints/dict_16_192_64_0p5_0p02_0048_0012" 6468
"/Engine/EngineMaterials/Substrate/GLints/dict_16_192_64_0p5_0p02_0048_0011" 6469
"/Engine/EngineMaterials/Substrate/GLints/dict_16_192_64_0p5_0p02_0048_0010" 6470
"/Engine/EngineMaterials/Substrate/GLints/dict_16_192_64_0p5_0p02_0048_0009" 6471
"/Engine/EngineMaterials/Substrate/GLints/dict_16_192_64_0p5_0p02_0048_0008" 6472
"/Engine/EngineMaterials/Substrate/GLints/dict_16_192_64_0p5_0p02_0048_0007" 6473
"/Engine/EngineMaterials/Substrate/GLints/dict_16_192_64_0p5_0p02_0048_0006" 6474
"../../../Engine/Content/EngineMaterials/Substrate/GLints/dict_16_192_64_0p5_0p02_0049_0008.uasset" 6475
"../../../Engine/Content/EngineMaterials/Substrate/GLints/dict_16_192_64_0p5_0p02_0049_0009.uasset" 6476
"../../../Engine/Content/EngineMaterials/Substrate/GLints/dict_16_192_64_0p5_0p02_0049_0012.uasset" 6477
"../../../Engine/Content/EngineMaterials/Substrate/GLints/dict_16_192_64_0p5_0p02_0049_0013.uasset" 6478
"../../../Engine/Content/EngineMaterials/Substrate/GLints/dict_16_192_64_0p5_0p02_0049_0015.uasset" 6479
"../../../Engine/Content/EngineMaterials/Substrate/GLints/dict_16_192_64_0p5_0p02_0049_0014.uasset" 6480
"../../../Engine/Content/EngineMaterials/Substrate/GLints/dict_16_192_64_0p5_0p02_0049_0011.uasset" 6481
"../../../Engine/Content/EngineMaterials/Substrate/GLints/dict_16_192_64_0p5_0p02_0050_0000.uasset" 6482
"../../../Engine/Content/EngineMaterials/Substrate/GLints/dict_16_192_64_0p5_0p02_0049_0010.uasset" 6483
"../../../Engine/Content/EngineMaterials/Substrate/GLints/dict_16_192_64_0p5_0p02_0050_0001.uasset" 6484
"../../../Engine/Content/EngineMaterials/Substrate/GLints/dict_16_192_64_0p5_0p02_0050_0002.uasset" 6485
"../../../Engine/Content/EngineMaterials/Substrate/GLints/dict_16_192_64_0p5_0p02_0050_0004.uasset" 6486
"../../../Engine/Content/EngineMaterials/Substrate/GLints/dict_16_192_64_0p5_0p02_0050_0003.uasset" 6487
"../../../Engine/Content/EngineMaterials/Substrate/GLints/dict_16_192_64_0p5_0p02_0050_0005.uasset" 6488
"../../../Engine/Content/EngineMaterials/Substrate/GLints/dict_16_192_64_0p5_0p02_0050_0006.uasset" 6489
"../../../Engine/Content/EngineMaterials/Substrate/GLints/dict_16_192_64_0p5_0p02_0050_0007.uasset" 6490
"../../../Engine/Content/EngineMaterials/Substrate/GLints/dict_16_192_64_0p5_0p02_0050_0008.uasset" 6491
"../../../Engine/Content/EngineMaterials/Substrate/GLints/dict_16_192_64_0p5_0p02_0050_0009.uasset" 6492
"../../../Engine/Content/EngineMaterials/Substrate/GLints/dict_16_192_64_0p5_0p02_0050_0012.uasset" 6493
"../../../Engine/Content/EngineMaterials/Substrate/GLints/dict_16_192_64_0p5_0p02_0050_0010.uasset" 6494
"../../../Engine/Content/EngineMaterials/Substrate/GLints/dict_16_192_64_0p5_0p02_0050_0011.uasset" 6495
"../../../Engine/Content/EngineMaterials/Substrate/GLints/dict_16_192_64_0p5_0p02_0050_0013.uasset" 6496
"/Engine/EngineMaterials/Substrate/GLints/dict_16_192_64_0p5_0p02_0049_0009" 6497
"/Engine/EngineMaterials/Substrate/GLints/dict_16_192_64_0p5_0p02_0049_0008" 6498
"/Engine/EngineMaterials/Substrate/GLints/dict_16_192_64_0p5_0p02_0049_0006" 6499
"/Engine/EngineMaterials/Substrate/GLints/dict_16_192_64_0p5_0p02_0049_0005" 6500
"/Engine/EngineMaterials/Substrate/GLints/dict_16_192_64_0p5_0p02_0049_0004" 6501
"/Engine/EngineMaterials/Substrate/GLints/dict_16_192_64_0p5_0p02_0049_0003" 6502
"/Engine/EngineMaterials/Substrate/GLints/dict_16_192_64_0p5_0p02_0049_0002" 6503
"/Engine/EngineMaterials/Substrate/GLints/dict_16_192_64_0p5_0p02_0049_0001" 6504
"/Engine/EngineMaterials/Substrate/GLints/dict_16_192_64_0p5_0p02_0049_0000" 6505
"/Engine/EngineMaterials/Substrate/GLints/dict_16_192_64_0p5_0p02_0048_0015" 6506
"/Engine/EngineMaterials/Substrate/GLints/dict_16_192_64_0p5_0p02_0048_0014" 6507
"/Engine/EngineMaterials/Substrate/GLints/dict_16_192_64_0p5_0p02_0050_0013" 6508
"/Engine/EngineMaterials/Substrate/GLints/dict_16_192_64_0p5_0p02_0049_0007" 6509
"/Engine/EngineMaterials/Substrate/GLints/dict_16_192_64_0p5_0p02_0050_0012" 6510
"/Engine/EngineMaterials/Substrate/GLints/dict_16_192_64_0p5_0p02_0050_0011" 6511
"/Engine/EngineMaterials/Substrate/GLints/dict_16_192_64_0p5_0p02_0050_0010" 6512
"/Engine/EngineMaterials/Substrate/GLints/dict_16_192_64_0p5_0p02_0050_0009" 6513
"/Engine/EngineMaterials/Substrate/GLints/dict_16_192_64_0p5_0p02_0050_0008" 6514
"/Engine/EngineMaterials/Substrate/GLints/dict_16_192_64_0p5_0p02_0050_0007" 6515
"/Engine/EngineMaterials/Substrate/GLints/dict_16_192_64_0p5_0p02_0050_0006" 6516
"/Engine/EngineMaterials/Substrate/GLints/dict_16_192_64_0p5_0p02_0050_0005" 6517
"/Engine/EngineMaterials/Substrate/GLints/dict_16_192_64_0p5_0p02_0050_0004" 6518
"/Engine/EngineMaterials/Substrate/GLints/dict_16_192_64_0p5_0p02_0050_0003" 6519
"/Engine/EngineMaterials/Substrate/GLints/dict_16_192_64_0p5_0p02_0050_0002" 6520
"/Engine/EngineMaterials/Substrate/GLints/dict_16_192_64_0p5_0p02_0050_0001" 6521
"/Engine/EngineMaterials/Substrate/GLints/dict_16_192_64_0p5_0p02_0050_0000" 6522
"/Engine/EngineMaterials/Substrate/GLints/dict_16_192_64_0p5_0p02_0049_0015" 6523
"/Engine/EngineMaterials/Substrate/GLints/dict_16_192_64_0p5_0p02_0049_0014" 6524
"/Engine/EngineMaterials/Substrate/GLints/dict_16_192_64_0p5_0p02_0049_0013" 6525
"/Engine/EngineMaterials/Substrate/GLints/dict_16_192_64_0p5_0p02_0049_0012" 6526
"/Engine/EngineMaterials/Substrate/GLints/dict_16_192_64_0p5_0p02_0049_0011" 6527
"/Engine/EngineMaterials/Substrate/GLints/dict_16_192_64_0p5_0p02_0049_0010" 6528
"../../../Engine/Content/EngineMaterials/Substrate/GLints/dict_16_192_64_0p5_0p02_0051_0000.uasset" 6529
"../../../Engine/Content/EngineMaterials/Substrate/GLints/dict_16_192_64_0p5_0p02_0050_0015.uasset" 6530
"../../../Engine/Content/EngineMaterials/Substrate/GLints/dict_16_192_64_0p5_0p02_0050_0014.uasset" 6531
"../../../Engine/Content/EngineMaterials/Substrate/GLints/dict_16_192_64_0p5_0p02_0051_0002.uasset" 6532
"../../../Engine/Content/EngineMaterials/Substrate/GLints/dict_16_192_64_0p5_0p02_0051_0001.uasset" 6533
"../../../Engine/Content/EngineMaterials/Substrate/GLints/dict_16_192_64_0p5_0p02_0051_0008.uasset" 6534
"../../../Engine/Content/EngineMaterials/Substrate/GLints/dict_16_192_64_0p5_0p02_0051_0003.uasset" 6535
"../../../Engine/Content/EngineMaterials/Substrate/GLints/dict_16_192_64_0p5_0p02_0051_0004.uasset" 6536
"../../../Engine/Content/EngineMaterials/Substrate/GLints/dict_16_192_64_0p5_0p02_0051_0005.uasset" 6537
"../../../Engine/Content/EngineMaterials/Substrate/GLints/dict_16_192_64_0p5_0p02_0051_0006.uasset" 6538
"../../../Engine/Content/EngineMaterials/Substrate/GLints/dict_16_192_64_0p5_0p02_0051_0007.uasset" 6539
"../../../Engine/Content/EngineMaterials/Substrate/GLints/dict_16_192_64_0p5_0p02_0051_0010.uasset" 6540
"../../../Engine/Content/EngineMaterials/Substrate/GLints/dict_16_192_64_0p5_0p02_0051_0011.uasset" 6541
"../../../Engine/Content/EngineMaterials/Substrate/GLints/dict_16_192_64_0p5_0p02_0051_0009.uasset" 6542
"../../../Engine/Content/EngineMaterials/Substrate/GLints/dict_16_192_64_0p5_0p02_0051_0012.uasset" 6543
"../../../Engine/Content/EngineMaterials/Substrate/GLints/dict_16_192_64_0p5_0p02_0051_0013.uasset" 6544
"../../../Engine/Content/EngineMaterials/Substrate/GLints/dict_16_192_64_0p5_0p02_0051_0015.uasset" 6545
"../../../Engine/Content/EngineMaterials/Substrate/GLints/dict_16_192_64_0p5_0p02_0052_0001.uasset" 6546
"../../../Engine/Content/EngineMaterials/Substrate/GLints/dict_16_192_64_0p5_0p02_0051_0014.uasset" 6547
"../../../Engine/Content/EngineMaterials/Substrate/GLints/dict_16_192_64_0p5_0p02_0052_0002.uasset" 6548
"../../../Engine/Content/EngineMaterials/Substrate/GLints/dict_16_192_64_0p5_0p02_0052_0006.uasset" 6549
"../../../Engine/Content/EngineMaterials/Substrate/GLints/dict_16_192_64_0p5_0p02_0052_0004.uasset" 6550
"../../../Engine/Content/EngineMaterials/Substrate/GLints/dict_16_192_64_0p5_0p02_0052_0005.uasset" 6551
"../../../Engine/Content/EngineMaterials/Substrate/GLints/dict_16_192_64_0p5_0p02_0052_0000.uasset" 6552
"../../../Engine/Content/EngineMaterials/Substrate/GLints/dict_16_192_64_0p5_0p02_0052_0003.uasset" 6553
"../../../Engine/Content/EngineMaterials/Substrate/GLints/dict_16_192_64_0p5_0p02_0052_0008.uasset" 6554
"../../../Engine/Content/EngineMaterials/Substrate/GLints/dict_16_192_64_0p5_0p02_0052_0009.uasset" 6555
"../../../Engine/Content/EngineMaterials/Substrate/GLints/dict_16_192_64_0p5_0p02_0052_0011.uasset" 6556
"../../../Engine/Content/EngineMaterials/Substrate/GLints/dict_16_192_64_0p5_0p02_0052_0010.uasset" 6557
"../../../Engine/Content/EngineMaterials/Substrate/GLints/dict_16_192_64_0p5_0p02_0052_0007.uasset" 6558
"../../../Engine/Content/EngineMaterials/Substrate/GLints/dict_16_192_64_0p5_0p02_0052_0013.uasset" 6559
"../../../Engine/Content/EngineMaterials/Substrate/GLints/dict_16_192_64_0p5_0p02_0052_0012.uasset" 6560
"/Engine/EngineMaterials/Substrate/GLints/dict_16_192_64_0p5_0p02_0052_0013" 6561
"/Engine/EngineMaterials/Substrate/GLints/dict_16_192_64_0p5_0p02_0052_0012" 6562
"/Engine/EngineMaterials/Substrate/GLints/dict_16_192_64_0p5_0p02_0052_0011" 6563
"/Engine/EngineMaterials/Substrate/GLints/dict_16_192_64_0p5_0p02_0052_0010" 6564
"/Engine/EngineMaterials/Substrate/GLints/dict_16_192_64_0p5_0p02_0052_0009" 6565
"/Engine/EngineMaterials/Substrate/GLints/dict_16_192_64_0p5_0p02_0052_0008" 6566
"/Engine/EngineMaterials/Substrate/GLints/dict_16_192_64_0p5_0p02_0052_0007" 6567
"/Engine/EngineMaterials/Substrate/GLints/dict_16_192_64_0p5_0p02_0052_0006" 6568
"/Engine/EngineMaterials/Substrate/GLints/dict_16_192_64_0p5_0p02_0052_0005" 6569
"/Engine/EngineMaterials/Substrate/GLints/dict_16_192_64_0p5_0p02_0052_0004" 6570
"/Engine/EngineMaterials/Substrate/GLints/dict_16_192_64_0p5_0p02_0052_0003" 6571
"/Engine/EngineMaterials/Substrate/GLints/dict_16_192_64_0p5_0p02_0052_0002" 6572
"/Engine/EngineMaterials/Substrate/GLints/dict_16_192_64_0p5_0p02_0052_0001" 6573
"/Engine/EngineMaterials/Substrate/GLints/dict_16_192_64_0p5_0p02_0052_0000" 6574
"/Engine/EngineMaterials/Substrate/GLints/dict_16_192_64_0p5_0p02_0051_0015" 6575
"/Engine/EngineMaterials/Substrate/GLints/dict_16_192_64_0p5_0p02_0051_0014" 6576
"/Engine/EngineMaterials/Substrate/GLints/dict_16_192_64_0p5_0p02_0051_0013" 6577
"/Engine/EngineMaterials/Substrate/GLints/dict_16_192_64_0p5_0p02_0051_0012" 6578
"/Engine/EngineMaterials/Substrate/GLints/dict_16_192_64_0p5_0p02_0051_0011" 6579
"/Engine/EngineMaterials/Substrate/GLints/dict_16_192_64_0p5_0p02_0051_0010" 6580
"/Engine/EngineMaterials/Substrate/GLints/dict_16_192_64_0p5_0p02_0051_0009" 6581
"/Engine/EngineMaterials/Substrate/GLints/dict_16_192_64_0p5_0p02_0051_0008" 6582
"/Engine/EngineMaterials/Substrate/GLints/dict_16_192_64_0p5_0p02_0051_0007" 6583
"/Engine/EngineMaterials/Substrate/GLints/dict_16_192_64_0p5_0p02_0051_0006" 6584
"/Engine/EngineMaterials/Substrate/GLints/dict_16_192_64_0p5_0p02_0051_0005" 6585
"/Engine/EngineMaterials/Substrate/GLints/dict_16_192_64_0p5_0p02_0051_0004" 6586
"/Engine/EngineMaterials/Substrate/GLints/dict_16_192_64_0p5_0p02_0051_0003" 6587
"/Engine/EngineMaterials/Substrate/GLints/dict_16_192_64_0p5_0p02_0051_0002" 6588
"/Engine/EngineMaterials/Substrate/GLints/dict_16_192_64_0p5_0p02_0051_0001" 6589
"/Engine/EngineMaterials/Substrate/GLints/dict_16_192_64_0p5_0p02_0051_0000" 6590
"/Engine/EngineMaterials/Substrate/GLints/dict_16_192_64_0p5_0p02_0050_0015" 6591
"/Engine/EngineMaterials/Substrate/GLints/dict_16_192_64_0p5_0p02_0050_0014" 6592
"../../../Engine/Content/EngineMaterials/Substrate/GLints/dict_16_192_64_0p5_0p02_0052_0015.uasset" 6593
"../../../Engine/Content/EngineMaterials/Substrate/GLints/dict_16_192_64_0p5_0p02_0053_0005.uasset" 6594
"../../../Engine/Content/EngineMaterials/Substrate/GLints/dict_16_192_64_0p5_0p02_0053_0001.uasset" 6595
"../../../Engine/Content/EngineMaterials/Substrate/GLints/dict_16_192_64_0p5_0p02_0053_0004.uasset" 6596
"../../../Engine/Content/EngineMaterials/Substrate/GLints/dict_16_192_64_0p5_0p02_0053_0002.uasset" 6597
"../../../Engine/Content/EngineMaterials/Substrate/GLints/dict_16_192_64_0p5_0p02_0053_0006.uasset" 6598
"../../../Engine/Content/EngineMaterials/Substrate/GLints/dict_16_192_64_0p5_0p02_0053_0003.uasset" 6599
"../../../Engine/Content/EngineMaterials/Substrate/GLints/dict_16_192_64_0p5_0p02_0053_0008.uasset" 6600
"../../../Engine/Content/EngineMaterials/Substrate/GLints/dict_16_192_64_0p5_0p02_0053_0007.uasset" 6601
"../../../Engine/Content/EngineMaterials/Substrate/GLints/dict_16_192_64_0p5_0p02_0053_0000.uasset" 6602
"../../../Engine/Content/EngineMaterials/Substrate/GLints/dict_16_192_64_0p5_0p02_0053_0009.uasset" 6603
"../../../Engine/Content/EngineMaterials/Substrate/GLints/dict_16_192_64_0p5_0p02_0053_0011.uasset" 6604
"../../../Engine/Content/EngineMaterials/Substrate/GLints/dict_16_192_64_0p5_0p02_0053_0012.uasset" 6605
"../../../Engine/Content/EngineMaterials/Substrate/GLints/dict_16_192_64_0p5_0p02_0052_0014.uasset" 6606
"../../../Engine/Content/EngineMaterials/Substrate/GLints/dict_16_192_64_0p5_0p02_0053_0010.uasset" 6607
"../../../Engine/Content/EngineMaterials/Substrate/GLints/dict_16_192_64_0p5_0p02_0053_0013.uasset" 6608
"../../../Engine/Content/EngineMaterials/Substrate/GLints/dict_16_192_64_0p5_0p02_0053_0014.uasset" 6609
"../../../Engine/Content/EngineMaterials/Substrate/GLints/dict_16_192_64_0p5_0p02_0054_0000.uasset" 6610
"../../../Engine/Content/EngineMaterials/Substrate/GLints/dict_16_192_64_0p5_0p02_0053_0015.uasset" 6611
"../../../Engine/Content/EngineMaterials/Substrate/GLints/dict_16_192_64_0p5_0p02_0054_0002.uasset" 6612
"../../../Engine/Content/EngineMaterials/Substrate/GLints/dict_16_192_64_0p5_0p02_0054_0003.uasset" 6613
"../../../Engine/Content/EngineMaterials/Substrate/GLints/dict_16_192_64_0p5_0p02_0054_0005.uasset" 6614
"../../../Engine/Content/EngineMaterials/Substrate/GLints/dict_16_192_64_0p5_0p02_0054_0006.uasset" 6615
"../../../Engine/Content/EngineMaterials/Substrate/GLints/dict_16_192_64_0p5_0p02_0054_0007.uasset" 6616
"../../../Engine/Content/EngineMaterials/Substrate/GLints/dict_16_192_64_0p5_0p02_0054_0008.uasset" 6617
"../../../Engine/Content/EngineMaterials/Substrate/GLints/dict_16_192_64_0p5_0p02_0054_0010.uasset" 6618
"../../../Engine/Content/EngineMaterials/Substrate/GLints/dict_16_192_64_0p5_0p02_0054_0009.uasset" 6619
"../../../Engine/Content/EngineMaterials/Substrate/GLints/dict_16_192_64_0p5_0p02_0054_0012.uasset" 6620
"../../../Engine/Content/EngineMaterials/Substrate/GLints/dict_16_192_64_0p5_0p02_0054_0011.uasset" 6621
"../../../Engine/Content/EngineMaterials/Substrate/GLints/dict_16_192_64_0p5_0p02_0054_0013.uasset" 6622
"../../../Engine/Content/EngineMaterials/Substrate/GLints/dict_16_192_64_0p5_0p02_0054_0001.uasset" 6623
"../../../Engine/Content/EngineMaterials/Substrate/GLints/dict_16_192_64_0p5_0p02_0054_0004.uasset" 6624
"/Engine/EngineMaterials/Substrate/GLints/dict_16_192_64_0p5_0p02_0054_0013" 6625
"/Engine/EngineMaterials/Substrate/GLints/dict_16_192_64_0p5_0p02_0054_0012" 6626
"/Engine/EngineMaterials/Substrate/GLints/dict_16_192_64_0p5_0p02_0054_0011" 6627
"/Engine/EngineMaterials/Substrate/GLints/dict_16_192_64_0p5_0p02_0054_0010" 6628
"/Engine/EngineMaterials/Substrate/GLints/dict_16_192_64_0p5_0p02_0054_0009" 6629
"/Engine/EngineMaterials/Substrate/GLints/dict_16_192_64_0p5_0p02_0054_0008" 6630
"/Engine/EngineMaterials/Substrate/GLints/dict_16_192_64_0p5_0p02_0054_0007" 6631
"/Engine/EngineMaterials/Substrate/GLints/dict_16_192_64_0p5_0p02_0054_0006" 6632
"/Engine/EngineMaterials/Substrate/GLints/dict_16_192_64_0p5_0p02_0054_0005" 6633
"/Engine/EngineMaterials/Substrate/GLints/dict_16_192_64_0p5_0p02_0054_0004" 6634
"/Engine/EngineMaterials/Substrate/GLints/dict_16_192_64_0p5_0p02_0054_0003" 6635
"/Engine/EngineMaterials/Substrate/GLints/dict_16_192_64_0p5_0p02_0054_0002" 6636
"/Engine/EngineMaterials/Substrate/GLints/dict_16_192_64_0p5_0p02_0054_0001" 6637
"/Engine/EngineMaterials/Substrate/GLints/dict_16_192_64_0p5_0p02_0054_0000" 6638
"/Engine/EngineMaterials/Substrate/GLints/dict_16_192_64_0p5_0p02_0053_0015" 6639
"/Engine/EngineMaterials/Substrate/GLints/dict_16_192_64_0p5_0p02_0053_0014" 6640
"/Engine/EngineMaterials/Substrate/GLints/dict_16_192_64_0p5_0p02_0053_0013" 6641
"/Engine/EngineMaterials/Substrate/GLints/dict_16_192_64_0p5_0p02_0053_0012" 6642
"/Engine/EngineMaterials/Substrate/GLints/dict_16_192_64_0p5_0p02_0053_0011" 6643
"/Engine/EngineMaterials/Substrate/GLints/dict_16_192_64_0p5_0p02_0053_0010" 6644
"/Engine/EngineMaterials/Substrate/GLints/dict_16_192_64_0p5_0p02_0053_0009" 6645
"/Engine/EngineMaterials/Substrate/GLints/dict_16_192_64_0p5_0p02_0053_0008" 6646
"/Engine/EngineMaterials/Substrate/GLints/dict_16_192_64_0p5_0p02_0053_0007" 6647
"/Engine/EngineMaterials/Substrate/GLints/dict_16_192_64_0p5_0p02_0053_0006" 6648
"/Engine/EngineMaterials/Substrate/GLints/dict_16_192_64_0p5_0p02_0053_0005" 6649
"/Engine/EngineMaterials/Substrate/GLints/dict_16_192_64_0p5_0p02_0053_0004" 6650
"/Engine/EngineMaterials/Substrate/GLints/dict_16_192_64_0p5_0p02_0053_0003" 6651
"/Engine/EngineMaterials/Substrate/GLints/dict_16_192_64_0p5_0p02_0053_0002" 6652
"/Engine/EngineMaterials/Substrate/GLints/dict_16_192_64_0p5_0p02_0053_0001" 6653
"/Engine/EngineMaterials/Substrate/GLints/dict_16_192_64_0p5_0p02_0053_0000" 6654
"/Engine/EngineMaterials/Substrate/GLints/dict_16_192_64_0p5_0p02_0052_0015" 6655
"/Engine/EngineMaterials/Substrate/GLints/dict_16_192_64_0p5_0p02_0052_0014" 6656
"../../../Engine/Content/EngineMaterials/Substrate/GLints/dict_16_192_64_0p5_0p02_0054_0015.uasset" 6657
"../../../Engine/Content/EngineMaterials/Substrate/GLints/dict_16_192_64_0p5_0p02_0055_0003.uasset" 6658
"../../../Engine/Content/EngineMaterials/Substrate/GLints/dict_16_192_64_0p5_0p02_0055_0002.uasset" 6659
"../../../Engine/Content/EngineMaterials/Substrate/GLints/dict_16_192_64_0p5_0p02_0055_0000.uasset" 6660
"../../../Engine/Content/EngineMaterials/Substrate/GLints/dict_16_192_64_0p5_0p02_0054_0014.uasset" 6661
"../../../Engine/Content/EngineMaterials/Substrate/GLints/dict_16_192_64_0p5_0p02_0055_0004.uasset" 6662
"../../../Engine/Content/EngineMaterials/Substrate/GLints/dict_16_192_64_0p5_0p02_0055_0005.uasset" 6663
"../../../Engine/Content/EngineMaterials/Substrate/GLints/dict_16_192_64_0p5_0p02_0055_0001.uasset" 6664
"../../../Engine/Content/EngineMaterials/Substrate/GLints/dict_16_192_64_0p5_0p02_0055_0006.uasset" 6665
"../../../Engine/Content/EngineMaterials/Substrate/GLints/dict_16_192_64_0p5_0p02_0055_0009.uasset" 6666
"../../../Engine/Content/EngineMaterials/Substrate/GLints/dict_16_192_64_0p5_0p02_0055_0007.uasset" 6667
"../../../Engine/Content/EngineMaterials/Substrate/GLints/dict_16_192_64_0p5_0p02_0055_0008.uasset" 6668
"../../../Engine/Content/EngineMaterials/Substrate/GLints/dict_16_192_64_0p5_0p02_0055_0012.uasset" 6669
"../../../Engine/Content/EngineMaterials/Substrate/GLints/dict_16_192_64_0p5_0p02_0055_0010.uasset" 6670
"../../../Engine/Content/EngineMaterials/Substrate/GLints/dict_16_192_64_0p5_0p02_0055_0011.uasset" 6671
"../../../Engine/Content/EngineMaterials/Substrate/GLints/dict_16_192_64_0p5_0p02_0055_0013.uasset" 6672
"../../../Engine/Content/EngineMaterials/Substrate/GLints/dict_16_192_64_0p5_0p02_0055_0014.uasset" 6673
"../../../Engine/Content/EngineMaterials/Substrate/GLints/dict_16_192_64_0p5_0p02_0056_0000.uasset" 6674
"../../../Engine/Content/EngineMaterials/Substrate/GLints/dict_16_192_64_0p5_0p02_0056_0001.uasset" 6675
"../../../Engine/Content/EngineMaterials/Substrate/GLints/dict_16_192_64_0p5_0p02_0055_0015.uasset" 6676
"../../../Engine/Content/EngineMaterials/Substrate/GLints/dict_16_192_64_0p5_0p02_0056_0002.uasset" 6677
"../../../Engine/Content/EngineMaterials/Substrate/GLints/dict_16_192_64_0p5_0p02_0056_0003.uasset" 6678
"../../../Engine/Content/EngineMaterials/Substrate/GLints/dict_16_192_64_0p5_0p02_0056_0005.uasset" 6679
"../../../Engine/Content/EngineMaterials/Substrate/GLints/dict_16_192_64_0p5_0p02_0056_0006.uasset" 6680
"../../../Engine/Content/EngineMaterials/Substrate/GLints/dict_16_192_64_0p5_0p02_0056_0008.uasset" 6681
"../../../Engine/Content/EngineMaterials/Substrate/GLints/dict_16_192_64_0p5_0p02_0056_0009.uasset" 6682
"../../../Engine/Content/EngineMaterials/Substrate/GLints/dict_16_192_64_0p5_0p02_0056_0007.uasset" 6683
"../../../Engine/Content/EngineMaterials/Substrate/GLints/dict_16_192_64_0p5_0p02_0056_0010.uasset" 6684
"../../../Engine/Content/EngineMaterials/Substrate/GLints/dict_16_192_64_0p5_0p02_0056_0011.uasset" 6685
"../../../Engine/Content/EngineMaterials/Substrate/GLints/dict_16_192_64_0p5_0p02_0056_0013.uasset" 6686
"../../../Engine/Content/EngineMaterials/Substrate/GLints/dict_16_192_64_0p5_0p02_0056_0012.uasset" 6687
"../../../Engine/Content/EngineMaterials/Substrate/GLints/dict_16_192_64_0p5_0p02_0056_0004.uasset" 6688
"/Engine/EngineMaterials/Substrate/GLints/dict_16_192_64_0p5_0p02_0056_0013" 6689
"/Engine/EngineMaterials/Substrate/GLints/dict_16_192_64_0p5_0p02_0056_0012" 6690
"/Engine/EngineMaterials/Substrate/GLints/dict_16_192_64_0p5_0p02_0056_0011" 6691
"/Engine/EngineMaterials/Substrate/GLints/dict_16_192_64_0p5_0p02_0056_0010" 6692
"/Engine/EngineMaterials/Substrate/GLints/dict_16_192_64_0p5_0p02_0056_0009" 6693
"/Engine/EngineMaterials/Substrate/GLints/dict_16_192_64_0p5_0p02_0056_0008" 6694
"/Engine/EngineMaterials/Substrate/GLints/dict_16_192_64_0p5_0p02_0056_0007" 6695
"/Engine/EngineMaterials/Substrate/GLints/dict_16_192_64_0p5_0p02_0056_0006" 6696
"/Engine/EngineMaterials/Substrate/GLints/dict_16_192_64_0p5_0p02_0056_0005" 6697
"/Engine/EngineMaterials/Substrate/GLints/dict_16_192_64_0p5_0p02_0056_0004" 6698
"/Engine/EngineMaterials/Substrate/GLints/dict_16_192_64_0p5_0p02_0056_0003" 6699
"/Engine/EngineMaterials/Substrate/GLints/dict_16_192_64_0p5_0p02_0056_0002" 6700
"/Engine/EngineMaterials/Substrate/GLints/dict_16_192_64_0p5_0p02_0056_0001" 6701
"/Engine/EngineMaterials/Substrate/GLints/dict_16_192_64_0p5_0p02_0056_0000" 6702
"/Engine/EngineMaterials/Substrate/GLints/dict_16_192_64_0p5_0p02_0055_0015" 6703
"/Engine/EngineMaterials/Substrate/GLints/dict_16_192_64_0p5_0p02_0055_0014" 6704
"/Engine/EngineMaterials/Substrate/GLints/dict_16_192_64_0p5_0p02_0055_0013" 6705
"/Engine/EngineMaterials/Substrate/GLints/dict_16_192_64_0p5_0p02_0055_0012" 6706
"/Engine/EngineMaterials/Substrate/GLints/dict_16_192_64_0p5_0p02_0055_0011" 6707
"/Engine/EngineMaterials/Substrate/GLints/dict_16_192_64_0p5_0p02_0055_0010" 6708
"/Engine/EngineMaterials/Substrate/GLints/dict_16_192_64_0p5_0p02_0055_0009" 6709
"/Engine/EngineMaterials/Substrate/GLints/dict_16_192_64_0p5_0p02_0055_0008" 6710
"/Engine/EngineMaterials/Substrate/GLints/dict_16_192_64_0p5_0p02_0055_0007" 6711
"/Engine/EngineMaterials/Substrate/GLints/dict_16_192_64_0p5_0p02_0055_0006" 6712
"/Engine/EngineMaterials/Substrate/GLints/dict_16_192_64_0p5_0p02_0055_0005" 6713
"/Engine/EngineMaterials/Substrate/GLints/dict_16_192_64_0p5_0p02_0055_0004" 6714
"/Engine/EngineMaterials/Substrate/GLints/dict_16_192_64_0p5_0p02_0055_0003" 6715
"/Engine/EngineMaterials/Substrate/GLints/dict_16_192_64_0p5_0p02_0055_0002" 6716
"/Engine/EngineMaterials/Substrate/GLints/dict_16_192_64_0p5_0p02_0055_0001" 6717
"/Engine/EngineMaterials/Substrate/GLints/dict_16_192_64_0p5_0p02_0055_0000" 6718
"/Engine/EngineMaterials/Substrate/GLints/dict_16_192_64_0p5_0p02_0054_0015" 6719
"/Engine/EngineMaterials/Substrate/GLints/dict_16_192_64_0p5_0p02_0054_0014" 6720
"../../../Engine/Content/EngineMaterials/Substrate/GLints/dict_16_192_64_0p5_0p02_0057_0000.uasset" 6721
"../../../Engine/Content/EngineMaterials/Substrate/GLints/dict_16_192_64_0p5_0p02_0056_0014.uasset" 6722
"../../../Engine/Content/EngineMaterials/Substrate/GLints/dict_16_192_64_0p5_0p02_0056_0015.uasset" 6723
"../../../Engine/Content/EngineMaterials/Substrate/GLints/dict_16_192_64_0p5_0p02_0057_0003.uasset" 6724
"../../../Engine/Content/EngineMaterials/Substrate/GLints/dict_16_192_64_0p5_0p02_0057_0004.uasset" 6725
"../../../Engine/Content/EngineMaterials/Substrate/GLints/dict_16_192_64_0p5_0p02_0057_0001.uasset" 6726
"../../../Engine/Content/EngineMaterials/Substrate/GLints/dict_16_192_64_0p5_0p02_0057_0007.uasset" 6727
"../../../Engine/Content/EngineMaterials/Substrate/GLints/dict_16_192_64_0p5_0p02_0057_0008.uasset" 6728
"../../../Engine/Content/EngineMaterials/Substrate/GLints/dict_16_192_64_0p5_0p02_0057_0002.uasset" 6729
"../../../Engine/Content/EngineMaterials/Substrate/GLints/dict_16_192_64_0p5_0p02_0057_0006.uasset" 6730
"../../../Engine/Content/EngineMaterials/Substrate/GLints/dict_16_192_64_0p5_0p02_0057_0010.uasset" 6731
"../../../Engine/Content/EngineMaterials/Substrate/GLints/dict_16_192_64_0p5_0p02_0057_0005.uasset" 6732
"../../../Engine/Content/EngineMaterials/Substrate/GLints/dict_16_192_64_0p5_0p02_0057_0013.uasset" 6733
"../../../Engine/Content/EngineMaterials/Substrate/GLints/dict_16_192_64_0p5_0p02_0057_0012.uasset" 6734
"../../../Engine/Content/EngineMaterials/Substrate/GLints/dict_16_192_64_0p5_0p02_0057_0011.uasset" 6735
"../../../Engine/Content/EngineMaterials/Substrate/GLints/dict_16_192_64_0p5_0p02_0057_0015.uasset" 6736
"../../../Engine/Content/EngineMaterials/Substrate/GLints/dict_16_192_64_0p5_0p02_0057_0009.uasset" 6737
"../../../Engine/Content/EngineMaterials/Substrate/GLints/dict_16_192_64_0p5_0p02_0058_0000.uasset" 6738
"../../../Engine/Content/EngineMaterials/Substrate/GLints/dict_16_192_64_0p5_0p02_0057_0014.uasset" 6739
"../../../Engine/Content/EngineMaterials/Substrate/GLints/dict_16_192_64_0p5_0p02_0058_0001.uasset" 6740
"../../../Engine/Content/EngineMaterials/Substrate/GLints/dict_16_192_64_0p5_0p02_0058_0002.uasset" 6741
"../../../Engine/Content/EngineMaterials/Substrate/GLints/dict_16_192_64_0p5_0p02_0058_0003.uasset" 6742
"../../../Engine/Content/EngineMaterials/Substrate/GLints/dict_16_192_64_0p5_0p02_0058_0004.uasset" 6743
"../../../Engine/Content/EngineMaterials/Substrate/GLints/dict_16_192_64_0p5_0p02_0058_0006.uasset" 6744
"../../../Engine/Content/EngineMaterials/Substrate/GLints/dict_16_192_64_0p5_0p02_0058_0007.uasset" 6745
"../../../Engine/Content/EngineMaterials/Substrate/GLints/dict_16_192_64_0p5_0p02_0058_0005.uasset" 6746
"../../../Engine/Content/EngineMaterials/Substrate/GLints/dict_16_192_64_0p5_0p02_0058_0009.uasset" 6747
"../../../Engine/Content/EngineMaterials/Substrate/GLints/dict_16_192_64_0p5_0p02_0058_0008.uasset" 6748
"../../../Engine/Content/EngineMaterials/Substrate/GLints/dict_16_192_64_0p5_0p02_0058_0011.uasset" 6749
"../../../Engine/Content/EngineMaterials/Substrate/GLints/dict_16_192_64_0p5_0p02_0058_0013.uasset" 6750
"../../../Engine/Content/EngineMaterials/Substrate/GLints/dict_16_192_64_0p5_0p02_0058_0012.uasset" 6751
"../../../Engine/Content/EngineMaterials/Substrate/GLints/dict_16_192_64_0p5_0p02_0058_0010.uasset" 6752
"/Engine/EngineMaterials/Substrate/GLints/dict_16_192_64_0p5_0p02_0058_0013" 6753
"/Engine/EngineMaterials/Substrate/GLints/dict_16_192_64_0p5_0p02_0058_0012" 6754
"/Engine/EngineMaterials/Substrate/GLints/dict_16_192_64_0p5_0p02_0058_0011" 6755
"/Engine/EngineMaterials/Substrate/GLints/dict_16_192_64_0p5_0p02_0058_0010" 6756
"/Engine/EngineMaterials/Substrate/GLints/dict_16_192_64_0p5_0p02_0058_0009" 6757
"/Engine/EngineMaterials/Substrate/GLints/dict_16_192_64_0p5_0p02_0058_0008" 6758
"/Engine/EngineMaterials/Substrate/GLints/dict_16_192_64_0p5_0p02_0058_0007" 6759
"/Engine/EngineMaterials/Substrate/GLints/dict_16_192_64_0p5_0p02_0058_0006" 6760
"/Engine/EngineMaterials/Substrate/GLints/dict_16_192_64_0p5_0p02_0058_0005" 6761
"/Engine/EngineMaterials/Substrate/GLints/dict_16_192_64_0p5_0p02_0058_0004" 6762
"/Engine/EngineMaterials/Substrate/GLints/dict_16_192_64_0p5_0p02_0058_0003" 6763
"/Engine/EngineMaterials/Substrate/GLints/dict_16_192_64_0p5_0p02_0058_0002" 6764
"/Engine/EngineMaterials/Substrate/GLints/dict_16_192_64_0p5_0p02_0058_0001" 6765
"/Engine/EngineMaterials/Substrate/GLints/dict_16_192_64_0p5_0p02_0058_0000" 6766
"/Engine/EngineMaterials/Substrate/GLints/dict_16_192_64_0p5_0p02_0057_0015" 6767
"/Engine/EngineMaterials/Substrate/GLints/dict_16_192_64_0p5_0p02_0057_0014" 6768
"/Engine/EngineMaterials/Substrate/GLints/dict_16_192_64_0p5_0p02_0057_0013" 6769
"/Engine/EngineMaterials/Substrate/GLints/dict_16_192_64_0p5_0p02_0057_0012" 6770
"/Engine/EngineMaterials/Substrate/GLints/dict_16_192_64_0p5_0p02_0057_0011" 6771
"/Engine/EngineMaterials/Substrate/GLints/dict_16_192_64_0p5_0p02_0057_0010" 6772
"/Engine/EngineMaterials/Substrate/GLints/dict_16_192_64_0p5_0p02_0057_0009" 6773
"/Engine/EngineMaterials/Substrate/GLints/dict_16_192_64_0p5_0p02_0057_0008" 6774
"/Engine/EngineMaterials/Substrate/GLints/dict_16_192_64_0p5_0p02_0057_0007" 6775
"/Engine/EngineMaterials/Substrate/GLints/dict_16_192_64_0p5_0p02_0057_0006" 6776
"/Engine/EngineMaterials/Substrate/GLints/dict_16_192_64_0p5_0p02_0057_0005" 6777
"/Engine/EngineMaterials/Substrate/GLints/dict_16_192_64_0p5_0p02_0057_0004" 6778
"/Engine/EngineMaterials/Substrate/GLints/dict_16_192_64_0p5_0p02_0057_0003" 6779
"/Engine/EngineMaterials/Substrate/GLints/dict_16_192_64_0p5_0p02_0057_0002" 6780
"/Engine/EngineMaterials/Substrate/GLints/dict_16_192_64_0p5_0p02_0057_0001" 6781
"/Engine/EngineMaterials/Substrate/GLints/dict_16_192_64_0p5_0p02_0057_0000" 6782
"/Engine/EngineMaterials/Substrate/GLints/dict_16_192_64_0p5_0p02_0056_0015" 6783
"/Engine/EngineMaterials/Substrate/GLints/dict_16_192_64_0p5_0p02_0056_0014" 6784
"../../../Engine/Content/EngineMaterials/Substrate/GLints/dict_16_192_64_0p5_0p02_0059_0000.uasset" 6785
"../../../Engine/Content/EngineMaterials/Substrate/GLints/dict_16_192_64_0p5_0p02_0059_0003.uasset" 6786
"../../../Engine/Content/EngineMaterials/Substrate/GLints/dict_16_192_64_0p5_0p02_0058_0015.uasset" 6787
"../../../Engine/Content/EngineMaterials/Substrate/GLints/dict_16_192_64_0p5_0p02_0058_0014.uasset" 6788
"../../../Engine/Content/EngineMaterials/Substrate/GLints/dict_16_192_64_0p5_0p02_0059_0002.uasset" 6789
"../../../Engine/Content/EngineMaterials/Substrate/GLints/dict_16_192_64_0p5_0p02_0059_0007.uasset" 6790
"../../../Engine/Content/EngineMaterials/Substrate/GLints/dict_16_192_64_0p5_0p02_0059_0006.uasset" 6791
"../../../Engine/Content/EngineMaterials/Substrate/GLints/dict_16_192_64_0p5_0p02_0059_0005.uasset" 6792
"../../../Engine/Content/EngineMaterials/Substrate/GLints/dict_16_192_64_0p5_0p02_0059_0004.uasset" 6793
"../../../Engine/Content/EngineMaterials/Substrate/GLints/dict_16_192_64_0p5_0p02_0059_0001.uasset" 6794
"../../../Engine/Content/EngineMaterials/Substrate/GLints/dict_16_192_64_0p5_0p02_0059_0008.uasset" 6795
"../../../Engine/Content/EngineMaterials/Substrate/GLints/dict_16_192_64_0p5_0p02_0059_0013.uasset" 6796
"../../../Engine/Content/EngineMaterials/Substrate/GLints/dict_16_192_64_0p5_0p02_0059_0011.uasset" 6797
"../../../Engine/Content/EngineMaterials/Substrate/GLints/dict_16_192_64_0p5_0p02_0059_0010.uasset" 6798
"../../../Engine/Content/EngineMaterials/Substrate/GLints/dict_16_192_64_0p5_0p02_0059_0014.uasset" 6799
"../../../Engine/Content/EngineMaterials/Substrate/GLints/dict_16_192_64_0p5_0p02_0059_0012.uasset" 6800
"../../../Engine/Content/EngineMaterials/Substrate/GLints/dict_16_192_64_0p5_0p02_0059_0015.uasset" 6801
"../../../Engine/Content/EngineMaterials/Substrate/GLints/dict_16_192_64_0p5_0p02_0059_0009.uasset" 6802
"../../../Engine/Content/EngineMaterials/Substrate/GLints/dict_16_192_64_0p5_0p02_0060_0003.uasset" 6803
"../../../Engine/Content/EngineMaterials/Substrate/GLints/dict_16_192_64_0p5_0p02_0060_0000.uasset" 6804
"../../../Engine/Content/EngineMaterials/Substrate/GLints/dict_16_192_64_0p5_0p02_0060_0002.uasset" 6805
"../../../Engine/Content/EngineMaterials/Substrate/GLints/dict_16_192_64_0p5_0p02_0060_0001.uasset" 6806
"../../../Engine/Content/EngineMaterials/Substrate/GLints/dict_16_192_64_0p5_0p02_0060_0004.uasset" 6807
"../../../Engine/Content/EngineMaterials/Substrate/GLints/dict_16_192_64_0p5_0p02_0060_0005.uasset" 6808
"../../../Engine/Content/EngineMaterials/Substrate/GLints/dict_16_192_64_0p5_0p02_0060_0007.uasset" 6809
"../../../Engine/Content/EngineMaterials/Substrate/GLints/dict_16_192_64_0p5_0p02_0060_0006.uasset" 6810
"../../../Engine/Content/EngineMaterials/Substrate/GLints/dict_16_192_64_0p5_0p02_0060_0009.uasset" 6811
"../../../Engine/Content/EngineMaterials/Substrate/GLints/dict_16_192_64_0p5_0p02_0060_0010.uasset" 6812
"../../../Engine/Content/EngineMaterials/Substrate/GLints/dict_16_192_64_0p5_0p02_0060_0012.uasset" 6813
"../../../Engine/Content/EngineMaterials/Substrate/GLints/dict_16_192_64_0p5_0p02_0060_0008.uasset" 6814
"../../../Engine/Content/EngineMaterials/Substrate/GLints/dict_16_192_64_0p5_0p02_0060_0011.uasset" 6815
"../../../Engine/Content/EngineMaterials/Substrate/GLints/dict_16_192_64_0p5_0p02_0060_0013.uasset" 6816
"/Engine/EngineMaterials/Substrate/GLints/dict_16_192_64_0p5_0p02_0060_0013" 6817
"/Engine/EngineMaterials/Substrate/GLints/dict_16_192_64_0p5_0p02_0060_0012" 6818
"/Engine/EngineMaterials/Substrate/GLints/dict_16_192_64_0p5_0p02_0060_0011" 6819
"/Engine/EngineMaterials/Substrate/GLints/dict_16_192_64_0p5_0p02_0060_0010" 6820
"/Engine/EngineMaterials/Substrate/GLints/dict_16_192_64_0p5_0p02_0060_0009" 6821
"/Engine/EngineMaterials/Substrate/GLints/dict_16_192_64_0p5_0p02_0060_0008" 6822
"/Engine/EngineMaterials/Substrate/GLints/dict_16_192_64_0p5_0p02_0060_0007" 6823
"/Engine/EngineMaterials/Substrate/GLints/dict_16_192_64_0p5_0p02_0060_0006" 6824
"/Engine/EngineMaterials/Substrate/GLints/dict_16_192_64_0p5_0p02_0060_0005" 6825
"/Engine/EngineMaterials/Substrate/GLints/dict_16_192_64_0p5_0p02_0060_0004" 6826
"/Engine/EngineMaterials/Substrate/GLints/dict_16_192_64_0p5_0p02_0060_0003" 6827
"/Engine/EngineMaterials/Substrate/GLints/dict_16_192_64_0p5_0p02_0060_0002" 6828
"/Engine/EngineMaterials/Substrate/GLints/dict_16_192_64_0p5_0p02_0060_0001" 6829
"/Engine/EngineMaterials/Substrate/GLints/dict_16_192_64_0p5_0p02_0060_0000" 6830
"/Engine/EngineMaterials/Substrate/GLints/dict_16_192_64_0p5_0p02_0059_0015" 6831
"/Engine/EngineMaterials/Substrate/GLints/dict_16_192_64_0p5_0p02_0059_0014" 6832
"/Engine/EngineMaterials/Substrate/GLints/dict_16_192_64_0p5_0p02_0059_0013" 6833
"/Engine/EngineMaterials/Substrate/GLints/dict_16_192_64_0p5_0p02_0059_0012" 6834
"/Engine/EngineMaterials/Substrate/GLints/dict_16_192_64_0p5_0p02_0059_0011" 6835
"/Engine/EngineMaterials/Substrate/GLints/dict_16_192_64_0p5_0p02_0059_0010" 6836
"/Engine/EngineMaterials/Substrate/GLints/dict_16_192_64_0p5_0p02_0059_0009" 6837
"/Engine/EngineMaterials/Substrate/GLints/dict_16_192_64_0p5_0p02_0059_0008" 6838
"/Engine/EngineMaterials/Substrate/GLints/dict_16_192_64_0p5_0p02_0059_0007" 6839
"/Engine/EngineMaterials/Substrate/GLints/dict_16_192_64_0p5_0p02_0059_0006" 6840
"/Engine/EngineMaterials/Substrate/GLints/dict_16_192_64_0p5_0p02_0059_0005" 6841
"/Engine/EngineMaterials/Substrate/GLints/dict_16_192_64_0p5_0p02_0059_0004" 6842
"/Engine/EngineMaterials/Substrate/GLints/dict_16_192_64_0p5_0p02_0059_0003" 6843
"/Engine/EngineMaterials/Substrate/GLints/dict_16_192_64_0p5_0p02_0059_0002" 6844
"/Engine/EngineMaterials/Substrate/GLints/dict_16_192_64_0p5_0p02_0059_0001" 6845
"/Engine/EngineMaterials/Substrate/GLints/dict_16_192_64_0p5_0p02_0059_0000" 6846
"/Engine/EngineMaterials/Substrate/GLints/dict_16_192_64_0p5_0p02_0058_0015" 6847
"/Engine/EngineMaterials/Substrate/GLints/dict_16_192_64_0p5_0p02_0058_0014" 6848
"../../../Engine/Content/EngineMaterials/Substrate/GLints/dict_16_192_64_0p5_0p02_0060_0014.uasset" 6849
"../../../Engine/Content/EngineMaterials/Substrate/GLints/dict_16_192_64_0p5_0p02_0061_0003.uasset" 6850
"../../../Engine/Content/EngineMaterials/Substrate/GLints/dict_16_192_64_0p5_0p02_0061_0005.uasset" 6851
"../../../Engine/Content/EngineMaterials/Substrate/GLints/dict_16_192_64_0p5_0p02_0061_0002.uasset" 6852
"../../../Engine/Content/EngineMaterials/Substrate/GLints/dict_16_192_64_0p5_0p02_0061_0001.uasset" 6853
"../../../Engine/Content/EngineMaterials/Substrate/GLints/dict_16_192_64_0p5_0p02_0060_0015.uasset" 6854
"../../../Engine/Content/EngineMaterials/Substrate/GLints/dict_16_192_64_0p5_0p02_0061_0004.uasset" 6855
"../../../Engine/Content/EngineMaterials/Substrate/GLints/dict_16_192_64_0p5_0p02_0061_0006.uasset" 6856
"../../../Engine/Content/EngineMaterials/Substrate/GLints/dict_16_192_64_0p5_0p02_0061_0000.uasset" 6857
"../../../Engine/Content/EngineMaterials/Substrate/GLints/dict_16_192_64_0p5_0p02_0061_0007.uasset" 6858
"../../../Engine/Content/EngineMaterials/Substrate/GLints/dict_16_192_64_0p5_0p02_0061_0008.uasset" 6859
"/Engine/EngineMaterials/Substrate/GLints/dict_16_192_64_0p5_0p02_0060_0014" 6860
"../../../Engine/Content/EngineMaterials/Substrate/GLints/dict_16_192_64_0p5_0p02_0061_0009.uasset" 6861
"../../../Engine/Content/EngineMaterials/Substrate/GLints/dict_16_192_64_0p5_0p02_0061_0010.uasset" 6862
"../../../Engine/Content/EngineMaterials/Substrate/GLints/dict_16_192_64_0p5_0p02_0061_0011.uasset" 6863
"../../../Engine/Content/EngineMaterials/Substrate/GLints/dict_16_192_64_0p5_0p02_0061_0012.uasset" 6864
"../../../Engine/Content/EngineMaterials/Substrate/GLints/dict_16_192_64_0p5_0p02_0061_0013.uasset" 6865
"../../../Engine/Content/EngineMaterials/Substrate/GLints/dict_16_192_64_0p5_0p02_0062_0004.uasset" 6866
"/Engine/EngineMaterials/Substrate/GLints/dict_16_192_64_0p5_0p02_0061_0010" 6867
"../../../Engine/Content/EngineMaterials/Substrate/GLints/dict_16_192_64_0p5_0p02_0062_0002.uasset" 6868
"../../../Engine/Content/EngineMaterials/Substrate/GLints/dict_16_192_64_0p5_0p02_0061_0015.uasset" 6869
"../../../Engine/Content/EngineMaterials/Substrate/GLints/dict_16_192_64_0p5_0p02_0062_0003.uasset" 6870
"../../../Engine/Content/EngineMaterials/Substrate/GLints/dict_16_192_64_0p5_0p02_0062_0000.uasset" 6871
"../../../Engine/Content/EngineMaterials/Substrate/GLints/dict_16_192_64_0p5_0p02_0061_0014.uasset" 6872
"../../../Engine/Content/EngineMaterials/Substrate/GLints/dict_16_192_64_0p5_0p02_0062_0005.uasset" 6873
"../../../Engine/Content/EngineMaterials/Substrate/GLints/dict_16_192_64_0p5_0p02_0062_0001.uasset" 6874
"../../../Engine/Content/EngineMaterials/Substrate/GLints/dict_16_192_64_0p5_0p02_0062_0007.uasset" 6875
"../../../Engine/Content/EngineMaterials/Substrate/GLints/dict_16_192_64_0p5_0p02_0062_0010.uasset" 6876
"/Engine/EngineMaterials/Substrate/GLints/dict_16_192_64_0p5_0p02_0061_0009" 6877
"../../../Engine/Content/EngineMaterials/Substrate/GLints/dict_16_192_64_0p5_0p02_0062_0009.uasset" 6878
"../../../Engine/Content/EngineMaterials/Substrate/GLints/dict_16_192_64_0p5_0p02_0062_0011.uasset" 6879
"../../../Engine/Content/EngineMaterials/Substrate/GLints/dict_16_192_64_0p5_0p02_0062_0006.uasset" 6880
"../../../Engine/Content/EngineMaterials/Substrate/GLints/dict_16_192_64_0p5_0p02_0062_0012.uasset" 6881
"../../../Engine/Content/EngineMaterials/Substrate/GLints/dict_16_192_64_0p5_0p02_0062_0014.uasset" 6882
"../../../Engine/Content/EngineMaterials/Substrate/GLints/dict_16_192_64_0p5_0p02_0062_0013.uasset" 6883
"../../../Engine/Content/EngineMaterials/Substrate/GLints/dict_16_192_64_0p5_0p02_0062_0008.uasset" 6884
"/Engine/EngineMaterials/Substrate/GLints/dict_16_192_64_0p5_0p02_0061_0008" 6885
"/Engine/EngineMaterials/Substrate/GLints/dict_16_192_64_0p5_0p02_0061_0007" 6886
"/Engine/EngineMaterials/Substrate/GLints/dict_16_192_64_0p5_0p02_0061_0006" 6887
"/Engine/EngineMaterials/Substrate/GLints/dict_16_192_64_0p5_0p02_0061_0005" 6888
"/Engine/EngineMaterials/Substrate/GLints/dict_16_192_64_0p5_0p02_0061_0004" 6889
"/Engine/EngineMaterials/Substrate/GLints/dict_16_192_64_0p5_0p02_0061_0003" 6890
"/Engine/EngineMaterials/Substrate/GLints/dict_16_192_64_0p5_0p02_0061_0002" 6891
"/Engine/EngineMaterials/Substrate/GLints/dict_16_192_64_0p5_0p02_0061_0001" 6892
"/Engine/EngineMaterials/Substrate/GLints/dict_16_192_64_0p5_0p02_0061_0000" 6893
"/Engine/EngineMaterials/Substrate/GLints/dict_16_192_64_0p5_0p02_0060_0015" 6894
"../../../Engine/Content/EngineMaterials/Substrate/GLints/dict_16_192_64_0p5_0p02_0063_0000.uasset" 6895
"/Engine/EngineMaterials/Substrate/GLints/dict_16_192_64_0p5_0p02_0062_0013" 6896
"../../../Engine/Content/EngineMaterials/Substrate/GLints/dict_16_192_64_0p5_0p02_0063_0001.uasset" 6897
"../../../Engine/Content/EngineMaterials/Substrate/GLints/dict_16_192_64_0p5_0p02_0063_0002.uasset" 6898
"../../../Engine/Content/EngineMaterials/Substrate/GLints/dict_16_192_64_0p5_0p02_0063_0003.uasset" 6899
"../../../Engine/Content/EngineMaterials/Substrate/GLints/dict_16_192_64_0p5_0p02_0063_0007.uasset" 6900
"../../../Engine/Content/EngineMaterials/Substrate/GLints/dict_16_192_64_0p5_0p02_0062_0015.uasset" 6901
"../../../Engine/Content/EngineMaterials/Substrate/GLints/dict_16_192_64_0p5_0p02_0063_0006.uasset" 6902
"/Engine/EngineMaterials/Substrate/GLints/dict_16_192_64_0p5_0p02_0062_0012" 6903
"../../../Engine/Content/EngineMaterials/Substrate/GLints/dict_16_192_64_0p5_0p02_0063_0010.uasset" 6904
"../../../Engine/Content/EngineMaterials/Substrate/GLints/dict_16_192_64_0p5_0p02_0063_0008.uasset" 6905
"../../../Engine/Content/EngineMaterials/Substrate/GLints/dict_16_192_64_0p5_0p02_0063_0005.uasset" 6906
"../../../Engine/Content/EngineMaterials/Substrate/GLints/dict_16_192_64_0p5_0p02_0063_0004.uasset" 6907
"../../../Engine/Content/EngineMaterials/Substrate/GLints/dict_16_192_64_0p5_0p02_0063_0009.uasset" 6908
"/Engine/EngineMaterials/Substrate/GLints/dict_16_192_64_0p5_0p02_0062_0011" 6909
"/Engine/EngineMaterials/Substrate/GLints/dict_16_192_64_0p5_0p02_0062_0010" 6910
"/Engine/EngineMaterials/Substrate/GLints/dict_16_192_64_0p5_0p02_0062_0009" 6911
"/Engine/EngineMaterials/Substrate/GLints/dict_16_192_64_0p5_0p02_0062_0008" 6912
"/Engine/EngineMaterials/Substrate/GLints/dict_16_192_64_0p5_0p02_0062_0007" 6913
"/Engine/EngineMaterials/Substrate/GLints/dict_16_192_64_0p5_0p02_0062_0006" 6914
"/Engine/EngineMaterials/Substrate/GLints/dict_16_192_64_0p5_0p02_0062_0005" 6915
"/Engine/EngineMaterials/Substrate/GLints/dict_16_192_64_0p5_0p02_0062_0004" 6916
"/Engine/EngineMaterials/Substrate/GLints/dict_16_192_64_0p5_0p02_0062_0003" 6917
"/Engine/EngineMaterials/Substrate/GLints/dict_16_192_64_0p5_0p02_0062_0002" 6918
"/Engine/EngineMaterials/Substrate/GLints/dict_16_192_64_0p5_0p02_0062_0001" 6919
"/Engine/EngineMaterials/Substrate/GLints/dict_16_192_64_0p5_0p02_0062_0000" 6920
"/Engine/EngineMaterials/Substrate/GLints/dict_16_192_64_0p5_0p02_0061_0015" 6921
"/Engine/EngineMaterials/Substrate/GLints/dict_16_192_64_0p5_0p02_0061_0014" 6922
"/Engine/EngineMaterials/Substrate/GLints/dict_16_192_64_0p5_0p02_0061_0013" 6923
"/Engine/EngineMaterials/Substrate/GLints/dict_16_192_64_0p5_0p02_0061_0012" 6924
"/Engine/EngineMaterials/Substrate/GLints/dict_16_192_64_0p5_0p02_0061_0011" 6925
"/Engine/EngineMaterials/Substrate/GLints/dict_16_192_64_0p5_0p02_0062_0014" 6926
"/Engine/EngineMaterials/Substrate/GLints/dict_16_192_64_0p5_0p02_0063_0010" 6927
"../../../Engine/Content/EngineMaterials/Substrate/GLints/dict_16_192_64_0p5_0p02_0063_0011.uasset" 6928
"../../../Engine/Content/EngineMaterials/Substrate/GLints/dict_16_192_64_0p5_0p02_0063_0012.uasset" 6929
"../../../Engine/Content/EngineMaterials/Substrate/GLints/dict_16_192_64_0p5_0p02_0063_0013.uasset" 6930
"../../../Engine/Content/EngineMaterials/Substrate/Glints2/dict_0000_0000.uasset" 6931
"../../../Engine/Content/EngineMaterials/Substrate/GLints/dict_16_192_64_0p5_0p02_0063_0015.uasset" 6932
"/Engine/EngineMaterials/Substrate/GLints/dict_16_192_64_0p5_0p02_0063_0009" 6933
"../../../Engine/Content/EngineMaterials/Substrate/Glints2/dict_0000_0003.uasset" 6934
"../../../Engine/Content/EngineMaterials/Substrate/Glints2/dict_0000_0002.uasset" 6935
"../../../Engine/Content/EngineMaterials/Substrate/Glints2/dict_0000_0004.uasset" 6936
"../../../Engine/Content/EngineMaterials/Substrate/Glints2/dict_0000_0001.uasset" 6937
"/Engine/EngineMaterials/Substrate/GLints/dict_16_192_64_0p5_0p02_0063_0008" 6938
"../../../Engine/Content/EngineMaterials/Substrate/Glints2/dict_0000_0005.uasset" 6939
"../../../Engine/Content/EngineMaterials/Substrate/GLints/dict_16_192_64_0p5_0p02_0063_0014.uasset" 6940
"../../../Engine/Content/EngineMaterials/Substrate/Glints2/dict_0000_0006.uasset" 6941
"/Engine/EngineMaterials/Substrate/GLints/dict_16_192_64_0p5_0p02_0063_0007" 6942
"/Engine/EngineMaterials/Substrate/GLints/dict_16_192_64_0p5_0p02_0063_0006" 6943
"/Engine/EngineMaterials/Substrate/GLints/dict_16_192_64_0p5_0p02_0063_0005" 6944
"/Engine/EngineMaterials/Substrate/GLints/dict_16_192_64_0p5_0p02_0063_0004" 6945
"/Engine/EngineMaterials/Substrate/GLints/dict_16_192_64_0p5_0p02_0063_0003" 6946
"/Engine/EngineMaterials/Substrate/GLints/dict_16_192_64_0p5_0p02_0063_0002" 6947
"/Engine/EngineMaterials/Substrate/GLints/dict_16_192_64_0p5_0p02_0063_0001" 6948
"/Engine/EngineMaterials/Substrate/GLints/dict_16_192_64_0p5_0p02_0063_0000" 6949
"/Engine/EngineMaterials/Substrate/GLints/dict_16_192_64_0p5_0p02_0062_0015" 6950
"../../../Engine/Content/EngineMaterials/Substrate/Glints2/dict_0000_0007.uasset" 6951
"../../../Engine/Content/EngineMaterials/Substrate/Glints2/dict_0000_0010.uasset" 6952
"../../../Engine/Content/EngineMaterials/Substrate/Glints2/dict_0000_0008.uasset" 6953
"../../../Engine/Content/EngineMaterials/Substrate/Glints2/dict_0000_0009.uasset" 6954
"../../../Engine/Content/EngineMaterials/Substrate/Glints2/dict_0000_0014.uasset" 6955
"/Engine/EngineMaterials/Substrate/Glints2/dict_0000_0006" 6956
"../../../Engine/Content/EngineMaterials/Substrate/Glints2/dict_0000_0011.uasset" 6957
"../../../Engine/Content/EngineMaterials/Substrate/Glints2/dict_0000_0013.uasset" 6958
"../../../Engine/Content/EngineMaterials/Substrate/Glints2/dict_0000_0012.uasset" 6959
"../../../Engine/Content/EngineMaterials/Substrate/Glints2/dict_0000_0015.uasset" 6960
"/Engine/EngineMaterials/Substrate/Glints2/dict_0000_0005" 6961
"/Engine/EngineMaterials/Substrate/Glints2/dict_0000_0004" 6962
"/Engine/EngineMaterials/Substrate/Glints2/dict_0000_0003" 6963
"/Engine/EngineMaterials/Substrate/Glints2/dict_0000_0002" 6964
"/Engine/EngineMaterials/Substrate/Glints2/dict_0000_0001" 6965
"/Engine/EngineMaterials/Substrate/Glints2/dict_0000_0000" 6966
"../../../Engine/Content/EngineMaterials/Substrate/Glints2/dict_0000_0016.uasset" 6967
"/Engine/EngineMaterials/Substrate/GLints/dict_16_192_64_0p5_0p02_0063_0015" 6968
"../../../Engine/Content/EngineMaterials/Substrate/Glints2/dict_0000_0017.uasset" 6969
"../../../Engine/Content/EngineMaterials/Substrate/Glints2/dict_0000_0022.uasset" 6970
"../../../Engine/Content/EngineMaterials/Substrate/Glints2/dict_0000_0020.uasset" 6971
"../../../Engine/Content/EngineMaterials/Substrate/Glints2/dict_0000_0023.uasset" 6972
"../../../Engine/Content/EngineMaterials/Substrate/Glints2/dict_0000_0018.uasset" 6973
"../../../Engine/Content/EngineMaterials/Substrate/Glints2/dict_0000_0019.uasset" 6974
"../../../Engine/Content/EngineMaterials/Substrate/Glints2/dict_0000_0024.uasset" 6975
"../../../Engine/Content/EngineMaterials/Substrate/Glints2/dict_0000_0025.uasset" 6976
"../../../Engine/Content/EngineMaterials/Substrate/Glints2/dict_0000_0021.uasset" 6977
"/Engine/EngineMaterials/Substrate/GLints/dict_16_192_64_0p5_0p02_0063_0014" 6978
"/Engine/EngineMaterials/Substrate/GLints/dict_16_192_64_0p5_0p02_0063_0013" 6979
"/Engine/EngineMaterials/Substrate/GLints/dict_16_192_64_0p5_0p02_0063_0012" 6980
"/Engine/EngineMaterials/Substrate/GLints/dict_16_192_64_0p5_0p02_0063_0011" 6981
"/Engine/EngineMaterials/Substrate/Glints2/dict_0000_0013" 6982
"../../../Engine/Content/EngineMaterials/Substrate/Glints2/dict_0000_0026.uasset" 6983
"../../../Engine/Content/EngineMaterials/Substrate/Glints2/dict_0000_0030.uasset" 6984
"../../../Engine/Content/EngineMaterials/Substrate/Glints2/dict_0000_0029.uasset" 6985
"../../../Engine/Content/EngineMaterials/Substrate/Glints2/dict_0000_0028.uasset" 6986
"../../../Engine/Content/EngineMaterials/Substrate/Glints2/dict_0000_0031.uasset" 6987
"../../../Engine/Content/EngineMaterials/Substrate/Glints2/dict_0000_0027.uasset" 6988
"/Engine/EngineMaterials/Substrate/Glints2/dict_0000_0012" 6989
"/Engine/EngineMaterials/Substrate/Glints2/dict_0000_0011" 6990
"/Engine/EngineMaterials/Substrate/Glints2/dict_0000_0010" 6991
"/Engine/EngineMaterials/Substrate/Glints2/dict_0000_0009" 6992
"../../../Engine/Content/EngineMaterials/Substrate/Glints2/dict_0000_0032.uasset" 6993
"/Engine/EngineMaterials/Substrate/Glints2/dict_0000_0008" 6994
"../../../Engine/Content/EngineMaterials/Substrate/Glints2/dict_0000_0033.uasset" 6995
"/Engine/EngineMaterials/Substrate/Glints2/dict_0000_0007" 6996
"../../../Engine/Content/EngineMaterials/Substrate/Glints2/dict_0000_0037.uasset" 6997
"../../../Engine/Content/EngineMaterials/Substrate/Glints2/dict_0000_0036.uasset" 6998
"/Engine/EngineMaterials/Substrate/Glints2/dict_0000_0025" 6999
"../../../Engine/Content/EngineMaterials/Substrate/Glints2/dict_0000_0035.uasset" 7000
"../../../Engine/Content/EngineMaterials/Substrate/Glints2/dict_0000_0034.uasset" 7001
"/Engine/EngineMaterials/Substrate/Glints2/dict_0000_0024" 7002
"/Engine/EngineMaterials/Substrate/Glints2/dict_0000_0023" 7003
"/Engine/EngineMaterials/Substrate/Glints2/dict_0000_0022" 7004
"/Engine/EngineMaterials/Substrate/Glints2/dict_0000_0021" 7005
"/Engine/EngineMaterials/Substrate/Glints2/dict_0000_0020" 7006
"/Engine/EngineMaterials/Substrate/Glints2/dict_0000_0019" 7007
"/Engine/EngineMaterials/Substrate/Glints2/dict_0000_0018" 7008
"/Engine/EngineMaterials/Substrate/Glints2/dict_0000_0017" 7009
"../../../Engine/Content/EngineMaterials/Substrate/GLints/AGlintTex2dArray.uasset" 7010
"/Engine/EngineMaterials/Substrate/Glints2/dict_0000_0016" 7011
"/Engine/EngineMaterials/Substrate/Glints2/dict_0000_0015" 7012
"/Engine/EngineMaterials/Substrate/Glints2/dict_0000_0014" 7013
"/Engine/EngineMaterials/Substrate/Glints2/dict_0000_0037" 7014
"../../../Engine/Content/EngineMaterials/Substrate/Glints2/dict_0000_0038.uasset" 7015
"../../../Engine/Content/EngineMaterials/Substrate/Glints2/dict_0000_0043.uasset" 7016
"../../../Engine/Content/EngineMaterials/Substrate/Glints2/dict_0000_0042.uasset" 7017
"/Engine/EngineMaterials/Substrate/Glints2/dict_0000_0036" 7018
"../../../Engine/Content/EngineMaterials/Substrate/Glints2/dict_0000_0044.uasset" 7019
"../../../Engine/Content/EngineMaterials/Substrate/Glints2/dict_0000_0039.uasset" 7020
"../../../Engine/Content/EngineMaterials/Substrate/Glints2/dict_0000_0045.uasset" 7021
"../../../Engine/Content/EngineMaterials/Substrate/Glints2/dict_0000_0046.uasset" 7022
"../../../Engine/Content/EngineMaterials/Substrate/Glints2/dict_0000_0040.uasset" 7023
"../../../Engine/Content/EngineMaterials/Substrate/Glints2/dict_0000_0041.uasset" 7024
"/Engine/EngineMaterials/Substrate/Glints2/dict_0000_0035" 7025
"../../../Engine/Content/EngineMaterials/Substrate/Glints2/dict_0000_0048.uasset" 7026
"../../../Engine/Content/EngineMaterials/Substrate/Glints2/dict_0000_0047.uasset" 7027
"../../../Engine/Content/EngineMaterials/Substrate/Glints2/dict_0000_0049.uasset" 7028
"/Engine/EngineMaterials/Substrate/Glints2/dict_0000_0034" 7029
"../../../Engine/Content/EngineMaterials/Substrate/Glints2/dict_0000_0050.uasset" 7030
"../../../Engine/Content/EngineMaterials/Substrate/Glints2/dict_0000_0051.uasset" 7031
"/Engine/EngineMaterials/Substrate/Glints2/dict_0000_0033" 7032
"/Engine/EngineMaterials/Substrate/Glints2/dict_0000_0032" 7033
"/Engine/EngineMaterials/Substrate/Glints2/dict_0000_0031" 7034
"/Engine/EngineMaterials/Substrate/GLints/AGlintTex2dArray" 7035
"../../../Engine/Content/EngineMaterials/Substrate/Glints2/dict_0000_0053.uasset" 7036
"../../../Engine/Content/EngineMaterials/Substrate/Glints2/dict_0000_0052.uasset" 7037
"../../../Engine/Content/EngineMaterials/Substrate/Glints2/dict_0000_0054.uasset" 7038
"../../../Engine/Content/EngineMaterials/Substrate/Glints2/dict_0000_0056.uasset" 7039
"../../../Engine/Content/EngineMaterials/Substrate/Glints2/dict_0000_0055.uasset" 7040
"/Engine/EngineMaterials/Substrate/Glints2/dict_0000_0030" 7041
"/Engine/EngineMaterials/Substrate/Glints2/dict_0000_0029" 7042
"/Engine/EngineMaterials/Substrate/Glints2/dict_0000_0028" 7043
"/Engine/EngineMaterials/Substrate/Glints2/dict_0000_0027" 7044
"/Engine/EngineMaterials/Substrate/Glints2/dict_0000_0026" 7045
"/Engine/EngineMaterials/Substrate/Glints2/dict_0000_0056" 7046
"/Engine/EngineMaterials/Substrate/Glints2/dict_0000_0055" 7047
"../../../Engine/Content/EngineMaterials/Substrate/Glints2/dict_0000_0057.uasset" 7048
"../../../Engine/Content/EngineMaterials/Substrate/Glints2/dict_0000_0065.uasset" 7049
"../../../Engine/Content/EngineMaterials/Substrate/Glints2/dict_0000_0059.uasset" 7050
"../../../Engine/Content/EngineMaterials/Substrate/Glints2/dict_0000_0058.uasset" 7051
"../../../Engine/Content/EngineMaterials/Substrate/Glints2/dict_0000_0061.uasset" 7052
"../../../Engine/Content/EngineMaterials/Substrate/Glints2/dict_0000_0066.uasset" 7053
"../../../Engine/Content/EngineMaterials/Substrate/Glints2/dict_0000_0063.uasset" 7054
"../../../Engine/Content/EngineMaterials/Substrate/Glints2/dict_0000_0062.uasset" 7055
"../../../Engine/Content/EngineMaterials/Substrate/Glints2/dict_0000_0060.uasset" 7056
"../../../Engine/Content/EngineMaterials/Substrate/Glints2/dict_0000_0064.uasset" 7057
"/Engine/EngineMaterials/Substrate/Glints2/dict_0000_0054" 7058
"../../../Engine/Content/EngineMaterials/Substrate/Glints2/dict_0000_0068.uasset" 7059
"../../../Engine/Content/EngineMaterials/Substrate/Glints2/dict_0000_0069.uasset" 7060
"../../../Engine/Content/EngineMaterials/Substrate/Glints2/dict_0000_0067.uasset" 7061
"/Engine/EngineMaterials/Substrate/Glints2/dict_0000_0053" 7062
"/Engine/EngineMaterials/Substrate/Glints2/dict_0000_0052" 7063
"/Engine/EngineMaterials/Substrate/Glints2/dict_0000_0051" 7064
"/Engine/EngineMaterials/Substrate/Glints2/dict_0000_0050" 7065
"/Engine/EngineMaterials/Substrate/Glints2/dict_0000_0049" 7066
"/Engine/EngineMaterials/Substrate/Glints2/dict_0000_0048" 7067
"/Engine/EngineMaterials/Substrate/Glints2/dict_0000_0047" 7068
"/Engine/EngineMaterials/Substrate/Glints2/dict_0000_0046" 7069
"/Engine/EngineMaterials/Substrate/Glints2/dict_0000_0045" 7070
"/Engine/EngineMaterials/Substrate/Glints2/dict_0000_0044" 7071
"/Engine/EngineMaterials/Substrate/Glints2/dict_0000_0043" 7072
"/Engine/EngineMaterials/Substrate/Glints2/dict_0000_0042" 7073
"/Engine/EngineMaterials/Substrate/Glints2/dict_0000_0041" 7074
"/Engine/EngineMaterials/Substrate/Glints2/dict_0000_0040" 7075
"/Engine/EngineMaterials/Substrate/Glints2/dict_0000_0039" 7076
"/Engine/EngineMaterials/Substrate/Glints2/dict_0000_0038" 7077
"/Engine/EngineMaterials/Substrate/Glints2/dict_0000_0069" 7078
"../../../Engine/Content/EngineMaterials/Substrate/Glints2/dict_0000_0072.uasset" 7079
"../../../Engine/Content/EngineMaterials/Substrate/Glints2/dict_0000_0074.uasset" 7080
"../../../Engine/Content/EngineMaterials/Substrate/Glints2/dict_0000_0071.uasset" 7081
"../../../Engine/Content/EngineMaterials/Substrate/Glints2/dict_0000_0070.uasset" 7082
"../../../Engine/Content/EngineMaterials/Substrate/Glints2/dict_0000_0079.uasset" 7083
"../../../Engine/Content/EngineMaterials/Substrate/Glints2/dict_0000_0077.uasset" 7084
"../../../Engine/Content/EngineMaterials/Substrate/Glints2/dict_0000_0078.uasset" 7085
"../../../Engine/Content/EngineMaterials/Substrate/Glints2/dict_0000_0076.uasset" 7086
"../../../Engine/Content/EngineMaterials/Substrate/Glints2/dict_0000_0073.uasset" 7087
"../../../Engine/Content/EngineMaterials/Substrate/Glints2/dict_0000_0075.uasset" 7088
"/Engine/EngineMaterials/Substrate/Glints2/dict_0000_0068" 7089
"../../../Engine/Content/EngineMaterials/Substrate/Glints2/dict_0000_0081.uasset" 7090
"../../../Engine/Content/EngineMaterials/Substrate/Glints2/dict_0000_0082.uasset" 7091
"../../../Engine/Content/EngineMaterials/Substrate/Glints2/dict_0000_0083.uasset" 7092
"../../../Engine/Content/EngineMaterials/Substrate/Glints2/dict_0000_0080.uasset" 7093
"../../../Engine/Content/EngineMaterials/Substrate/Glints2/dict_0000_0084.uasset" 7094
"../../../Engine/Content/EngineMaterials/Substrate/Glints2/dict_0000_0085.uasset" 7095
"../../../Engine/Content/EngineMaterials/Substrate/Glints2/dict_0000_0086.uasset" 7096
"/Engine/EngineMaterials/Substrate/Glints2/dict_0000_0067" 7097
"../../../Engine/Content/EngineMaterials/Substrate/Glints2/dict_0000_0088.uasset" 7098
"../../../Engine/Content/EngineMaterials/Substrate/Glints2/dict_0000_0087.uasset" 7099
"/Engine/EngineMaterials/Substrate/Glints2/dict_0000_0066" 7100
"/Engine/EngineMaterials/Substrate/Glints2/dict_0000_0065" 7101
"/Engine/EngineMaterials/Substrate/Glints2/dict_0000_0064" 7102
"/Engine/EngineMaterials/Substrate/Glints2/dict_0000_0063" 7103
"/Engine/EngineMaterials/Substrate/Glints2/dict_0000_0062" 7104
"/Engine/EngineMaterials/Substrate/Glints2/dict_0000_0061" 7105
"/Engine/EngineMaterials/Substrate/Glints2/dict_0000_0060" 7106
"/Engine/EngineMaterials/Substrate/Glints2/dict_0000_0059" 7107
"/Engine/EngineMaterials/Substrate/Glints2/dict_0000_0058" 7108
"/Engine/EngineMaterials/Substrate/Glints2/dict_0000_0057" 7109
"/Engine/EngineMaterials/Substrate/Glints2/dict_0000_0088" 7110
"../../../Engine/Content/EngineMaterials/Substrate/Glints2/dict_0000_0091.uasset" 7111
"../../../Engine/Content/EngineMaterials/Substrate/Glints2/dict_0000_0093.uasset" 7112
"../../../Engine/Content/EngineMaterials/Substrate/Glints2/dict_0000_0089.uasset" 7113
"../../../Engine/Content/EngineMaterials/Substrate/Glints2/dict_0000_0094.uasset" 7114
"/Engine/EngineMaterials/Substrate/Glints2/dict_0000_0087" 7115
"../../../Engine/Content/EngineMaterials/Substrate/Glints2/dict_0000_0092.uasset" 7116
"../../../Engine/Content/EngineMaterials/Substrate/Glints2/dict_0000_0090.uasset" 7117
"../../../Engine/Content/EngineMaterials/Substrate/Glints2/dict_0000_0097.uasset" 7118
"../../../Engine/Content/EngineMaterials/Substrate/Glints2/dict_0000_0096.uasset" 7119
"../../../Engine/Content/EngineMaterials/Substrate/Glints2/dict_0000_0095.uasset" 7120
"../../../Engine/Content/EngineMaterials/Substrate/Glints2/dict_0000_0098.uasset" 7121
"../../../Engine/Content/EngineMaterials/Substrate/Glints2/dict_0000_0099.uasset" 7122
"../../../Engine/Content/EngineMaterials/Substrate/Glints2/dict_0000_0100.uasset" 7123
"../../../Engine/Content/EngineMaterials/Substrate/Glints2/dict_0000_0101.uasset" 7124
"/Engine/EngineMaterials/Substrate/Glints2/dict_0000_0086" 7125
"/Engine/EngineMaterials/Substrate/Glints2/dict_0000_0085" 7126
"/Engine/EngineMaterials/Substrate/Glints2/dict_0000_0084" 7127
"/Engine/EngineMaterials/Substrate/Glints2/dict_0000_0083" 7128
"/Engine/EngineMaterials/Substrate/Glints2/dict_0000_0082" 7129
"/Engine/EngineMaterials/Substrate/Glints2/dict_0000_0081" 7130
"/Engine/EngineMaterials/Substrate/Glints2/dict_0000_0080" 7131
"/Engine/EngineMaterials/Substrate/Glints2/dict_0000_0079" 7132
"/Engine/EngineMaterials/Substrate/Glints2/dict_0000_0078" 7133
"/Engine/EngineMaterials/Substrate/Glints2/dict_0000_0077" 7134
"/Engine/EngineMaterials/Substrate/Glints2/dict_0000_0076" 7135
"/Engine/EngineMaterials/Substrate/Glints2/dict_0000_0075" 7136
"/Engine/EngineMaterials/Substrate/Glints2/dict_0000_0074" 7137
"/Engine/EngineMaterials/Substrate/Glints2/dict_0000_0073" 7138
"/Engine/EngineMaterials/Substrate/Glints2/dict_0000_0072" 7139
"/Engine/EngineMaterials/Substrate/Glints2/dict_0000_0071" 7140
"/Engine/EngineMaterials/Substrate/Glints2/dict_0000_0070" 7141
"/Engine/EngineMaterials/Substrate/Glints2/dict_0000_0101" 7142
"../../../Engine/Content/EngineMaterials/Substrate/Glints2/dict_0000_0103.uasset" 7143
"../../../Engine/Content/EngineMaterials/Substrate/Glints2/dict_0000_0102.uasset" 7144
"../../../Engine/Content/EngineMaterials/Substrate/Glints2/dict_0000_0106.uasset" 7145
"../../../Engine/Content/EngineMaterials/Substrate/Glints2/dict_0000_0105.uasset" 7146
"../../../Engine/Content/EngineMaterials/Substrate/Glints2/dict_0000_0107.uasset" 7147
"../../../Engine/Content/EngineMaterials/Substrate/Glints2/dict_0000_0110.uasset" 7148
"../../../Engine/Content/EngineMaterials/Substrate/Glints2/dict_0000_0108.uasset" 7149
"/Engine/EngineMaterials/Substrate/Glints2/dict_0000_0100" 7150
"../../../Engine/Content/EngineMaterials/Substrate/Glints2/dict_0000_0111.uasset" 7151
"../../../Engine/Content/EngineMaterials/Substrate/Glints2/dict_0000_0104.uasset" 7152
"../../../Engine/Content/EngineMaterials/Substrate/Glints2/dict_0000_0109.uasset" 7153
"../../../Engine/Content/EngineMaterials/Substrate/Glints2/dict_0000_0112.uasset" 7154
"../../../Engine/Content/EngineMaterials/Substrate/Glints2/dict_0000_0113.uasset" 7155
"../../../Engine/Content/EngineMaterials/Substrate/Glints2/dict_0000_0114.uasset" 7156
"../../../Engine/Content/EngineMaterials/Substrate/Glints2/dict_0000_0115.uasset" 7157
"../../../Engine/Content/EngineMaterials/Substrate/Glints2/dict_0000_0117.uasset" 7158
"../../../Engine/Content/EngineMaterials/Substrate/Glints2/dict_0000_0118.uasset" 7159
"../../../Engine/Content/EngineMaterials/Substrate/Glints2/dict_0000_0120.uasset" 7160
"../../../Engine/Content/EngineMaterials/Substrate/Glints2/dict_0000_0116.uasset" 7161
"../../../Engine/Content/EngineMaterials/Substrate/Glints2/dict_0000_0119.uasset" 7162
"/Engine/EngineMaterials/Substrate/Glints2/dict_0000_0099" 7163
"/Engine/EngineMaterials/Substrate/Glints2/dict_0000_0098" 7164
"/Engine/EngineMaterials/Substrate/Glints2/dict_0000_0097" 7165
"/Engine/EngineMaterials/Substrate/Glints2/dict_0000_0096" 7166
"/Engine/EngineMaterials/Substrate/Glints2/dict_0000_0095" 7167
"/Engine/EngineMaterials/Substrate/Glints2/dict_0000_0094" 7168
"/Engine/EngineMaterials/Substrate/Glints2/dict_0000_0093" 7169
"/Engine/EngineMaterials/Substrate/Glints2/dict_0000_0092" 7170
"/Engine/EngineMaterials/Substrate/Glints2/dict_0000_0091" 7171
"/Engine/EngineMaterials/Substrate/Glints2/dict_0000_0090" 7172
"/Engine/EngineMaterials/Substrate/Glints2/dict_0000_0089" 7173
"/Engine/EngineMaterials/Substrate/Glints2/dict_0000_0120" 7174
"/Engine/EngineMaterials/Substrate/Glints2/dict_0000_0119" 7175
"../../../Engine/Content/EngineMaterials/Substrate/Glints2/dict_0000_0123.uasset" 7176
"../../../Engine/Content/EngineMaterials/Substrate/Glints2/dict_0000_0127.uasset" 7177
"../../../Engine/Content/EngineMaterials/Substrate/Glints2/dict_0000_0125.uasset" 7178
"../../../Engine/Content/EngineMaterials/Substrate/Glints2/dict_0000_0121.uasset" 7179
"../../../Engine/Content/EngineMaterials/Substrate/Glints2/dict_0000_0126.uasset" 7180
"/Engine/EngineMaterials/Substrate/Glints2/dict_0000_0118" 7181
"../../../Engine/Content/EngineMaterials/Substrate/Glints2/dict_0000_0128.uasset" 7182
"../../../Engine/Content/EngineMaterials/Substrate/Glints2/dict_0000_0124.uasset" 7183
"../../../Engine/Content/EngineMaterials/Substrate/Glints2/dict_0000_0131.uasset" 7184
"../../../Engine/Content/EngineMaterials/Substrate/Glints2/dict_0000_0122.uasset" 7185
"../../../Engine/Content/EngineMaterials/Substrate/Glints2/dict_0000_0130.uasset" 7186
"../../../Engine/Content/EngineMaterials/Substrate/Glints2/dict_0000_0129.uasset" 7187
"/Engine/EngineMaterials/Substrate/Glints2/dict_0000_0117" 7188
"/Engine/EngineMaterials/Substrate/Glints2/dict_0000_0116" 7189
"/Engine/EngineMaterials/Substrate/Glints2/dict_0000_0115" 7190
"../../../Engine/Content/EngineMaterials/Substrate/Glints2/dict_0000_0133.uasset" 7191
"../../../Engine/Content/EngineMaterials/Substrate/Glints2/dict_0000_0132.uasset" 7192
"/Engine/EngineMaterials/Substrate/Glints2/dict_0000_0114" 7193
"/Engine/EngineMaterials/Substrate/Glints2/dict_0000_0113" 7194
"/Engine/EngineMaterials/Substrate/Glints2/dict_0000_0112" 7195
"/Engine/EngineMaterials/Substrate/Glints2/dict_0000_0111" 7196
"/Engine/EngineMaterials/Substrate/Glints2/dict_0000_0110" 7197
"/Engine/EngineMaterials/Substrate/Glints2/dict_0000_0109" 7198
"/Engine/EngineMaterials/Substrate/Glints2/dict_0000_0108" 7199
"/Engine/EngineMaterials/Substrate/Glints2/dict_0000_0107" 7200
"/Engine/EngineMaterials/Substrate/Glints2/dict_0000_0106" 7201
"/Engine/EngineMaterials/Substrate/Glints2/dict_0000_0105" 7202
"/Engine/EngineMaterials/Substrate/Glints2/dict_0000_0104" 7203
"/Engine/EngineMaterials/Substrate/Glints2/dict_0000_0103" 7204
"/Engine/EngineMaterials/Substrate/Glints2/dict_0000_0102" 7205
"/Engine/EngineMaterials/Substrate/Glints2/dict_0000_0133" 7206
"../../../Engine/Content/EngineMaterials/Substrate/Glints2/dict_0000_0134.uasset" 7207
"../../../Engine/Content/EngineMaterials/Substrate/Glints2/dict_0000_0135.uasset" 7208
"../../../Engine/Content/EngineMaterials/Substrate/Glints2/dict_0000_0136.uasset" 7209
"../../../Engine/Content/EngineMaterials/Substrate/Glints2/dict_0000_0138.uasset" 7210
"/Engine/EngineMaterials/Substrate/Glints2/dict_0000_0132" 7211
"../../../Engine/Content/EngineMaterials/Substrate/Glints2/dict_0000_0140.uasset" 7212
"../../../Engine/Content/EngineMaterials/Substrate/Glints2/dict_0000_0139.uasset" 7213
"../../../Engine/Content/EngineMaterials/Substrate/Glints2/dict_0000_0137.uasset" 7214
"../../../Engine/Content/EngineMaterials/Substrate/Glints2/dict_0000_0145.uasset" 7215
"../../../Engine/Content/EngineMaterials/Substrate/Glints2/dict_0000_0146.uasset" 7216
"../../../Engine/Content/EngineMaterials/Substrate/Glints2/dict_0000_0142.uasset" 7217
"../../../Engine/Content/EngineMaterials/Substrate/Glints2/dict_0000_0141.uasset" 7218
"../../../Engine/Content/EngineMaterials/Substrate/Glints2/dict_0000_0147.uasset" 7219
"../../../Engine/Content/EngineMaterials/Substrate/Glints2/dict_0000_0148.uasset" 7220
"/Engine/EngineMaterials/Substrate/Glints2/dict_0000_0131" 7221
"../../../Engine/Content/EngineMaterials/Substrate/Glints2/dict_0000_0144.uasset" 7222
"../../../Engine/Content/EngineMaterials/Substrate/Glints2/dict_0000_0143.uasset" 7223
"../../../Engine/Content/EngineMaterials/Substrate/Glints2/dict_0000_0150.uasset" 7224
"../../../Engine/Content/EngineMaterials/Substrate/Glints2/dict_0000_0151.uasset" 7225
"../../../Engine/Content/EngineMaterials/Substrate/Glints2/dict_0000_0152.uasset" 7226
"/Engine/EngineMaterials/Substrate/Glints2/dict_0000_0130" 7227
"../../../Engine/Content/EngineMaterials/Substrate/Glints2/dict_0000_0149.uasset" 7228
"/Engine/EngineMaterials/Substrate/Glints2/dict_0000_0129" 7229
"/Engine/EngineMaterials/Substrate/Glints2/dict_0000_0128" 7230
"/Engine/EngineMaterials/Substrate/Glints2/dict_0000_0127" 7231
"/Engine/EngineMaterials/Substrate/Glints2/dict_0000_0126" 7232
"/Engine/EngineMaterials/Substrate/Glints2/dict_0000_0125" 7233
"/Engine/EngineMaterials/Substrate/Glints2/dict_0000_0124" 7234
"/Engine/EngineMaterials/Substrate/Glints2/dict_0000_0123" 7235
"/Engine/EngineMaterials/Substrate/Glints2/dict_0000_0122" 7236
"/Engine/EngineMaterials/Substrate/Glints2/dict_0000_0121" 7237
"/Engine/EngineMaterials/Substrate/Glints2/dict_0000_0152" 7238
"../../../Engine/Content/EngineMaterials/Substrate/Glints2/dict_0000_0156.uasset" 7239
"../../../Engine/Content/EngineMaterials/Substrate/Glints2/dict_0000_0155.uasset" 7240
"../../../Engine/Content/EngineMaterials/Substrate/Glints2/dict_0000_0158.uasset" 7241
"/Engine/EngineMaterials/Substrate/Glints2/dict_0000_0151" 7242
"../../../Engine/Content/EngineMaterials/Substrate/Glints2/dict_0000_0157.uasset" 7243
"../../../Engine/Content/EngineMaterials/Substrate/Glints2/dict_0000_0153.uasset" 7244
"../../../Engine/Content/EngineMaterials/Substrate/Glints2/dict_0000_0154.uasset" 7245
"../../../Engine/Content/EngineMaterials/Substrate/Glints2/dict_0000_0160.uasset" 7246
"../../../Engine/Content/EngineMaterials/Substrate/Glints2/dict_0000_0159.uasset" 7247
"/Engine/EngineMaterials/Substrate/Glints2/dict_0000_0150" 7248
"/Engine/EngineMaterials/Substrate/Glints2/dict_0000_0149" 7249
"../../../Engine/Content/EngineMaterials/Substrate/Glints2/dict_0000_0161.uasset" 7250
"/Engine/EngineMaterials/Substrate/Glints2/dict_0000_0148" 7251
"../../../Engine/Content/EngineMaterials/Substrate/Glints2/dict_0000_0163.uasset" 7252
"/Engine/EngineMaterials/Substrate/Glints2/dict_0000_0147" 7253
"../../../Engine/Content/EngineMaterials/Substrate/Glints2/dict_0000_0162.uasset" 7254
"../../../Engine/Content/EngineMaterials/Substrate/Glints2/dict_0000_0164.uasset" 7255
"/Engine/EngineMaterials/Substrate/Glints2/dict_0000_0146" 7256
"/Engine/EngineMaterials/Substrate/Glints2/dict_0000_0145" 7257
"/Engine/EngineMaterials/Substrate/Glints2/dict_0000_0144" 7258
"/Engine/EngineMaterials/Substrate/Glints2/dict_0000_0143" 7259
"../../../Engine/Content/EngineMaterials/Substrate/Glints2/dict_0000_0165.uasset" 7260
"/Engine/EngineMaterials/Substrate/Glints2/dict_0000_0142" 7261
"/Engine/EngineMaterials/Substrate/Glints2/dict_0000_0141" 7262
"/Engine/EngineMaterials/Substrate/Glints2/dict_0000_0140" 7263
"/Engine/EngineMaterials/Substrate/Glints2/dict_0000_0139" 7264
"/Engine/EngineMaterials/Substrate/Glints2/dict_0000_0138" 7265
"/Engine/EngineMaterials/Substrate/Glints2/dict_0000_0137" 7266
"/Engine/EngineMaterials/Substrate/Glints2/dict_0000_0136" 7267
"/Engine/EngineMaterials/Substrate/Glints2/dict_0000_0135" 7268
"/Engine/EngineMaterials/Substrate/Glints2/dict_0000_0134" 7269
"/Engine/EngineMaterials/Substrate/Glints2/dict_0000_0165" 7270
"/Engine/EngineMaterials/Substrate/Glints2/dict_0000_0164" 7271
"../../../Engine/Content/EngineMaterials/Substrate/Glints2/dict_0000_0167.uasset" 7272
"../../../Engine/Content/EngineMaterials/Substrate/Glints2/dict_0000_0166.uasset" 7273
"../../../Engine/Content/EngineMaterials/Substrate/Glints2/dict_0000_0172.uasset" 7274
"../../../Engine/Content/EngineMaterials/Substrate/Glints2/dict_0000_0174.uasset" 7275
"../../../Engine/Content/EngineMaterials/Substrate/Glints2/dict_0000_0170.uasset" 7276
"../../../Engine/Content/EngineMaterials/Substrate/Glints2/dict_0000_0169.uasset" 7277
"../../../Engine/Content/EngineMaterials/Substrate/Glints2/dict_0000_0173.uasset" 7278
"../../../Engine/Content/EngineMaterials/Substrate/Glints2/dict_0000_0168.uasset" 7279
"../../../Engine/Content/EngineMaterials/Substrate/Glints2/dict_0000_0171.uasset" 7280
"/Engine/EngineMaterials/Substrate/Glints2/dict_0000_0163" 7281
"/Engine/EngineMaterials/Substrate/Glints2/dict_0000_0162" 7282
"/Engine/EngineMaterials/Substrate/Glints2/dict_0000_0161" 7283
"../../../Engine/Content/EngineMaterials/Substrate/Glints2/dict_0000_0176.uasset" 7284
"/Engine/EngineMaterials/Substrate/Glints2/dict_0000_0160" 7285
"../../../Engine/Content/EngineMaterials/Substrate/Glints2/dict_0000_0177.uasset" 7286
"../../../Engine/Content/EngineMaterials/Substrate/Glints2/dict_0000_0175.uasset" 7287
"../../../Engine/Content/EngineMaterials/Substrate/Glints2/dict_0000_0178.uasset" 7288
"../../../Engine/Content/EngineMaterials/Substrate/Glints2/dict_0000_0180.uasset" 7289
"../../../Engine/Content/EngineMaterials/Substrate/Glints2/dict_0000_0179.uasset" 7290
"../../../Engine/Content/EngineMaterials/Substrate/Glints2/dict_0000_0182.uasset" 7291
"../../../Engine/Content/EngineMaterials/Substrate/Glints2/dict_0000_0181.uasset" 7292
"/Engine/EngineMaterials/Substrate/Glints2/dict_0000_0159" 7293
"../../../Engine/Content/EngineMaterials/Substrate/Glints2/dict_0000_0183.uasset" 7294
"../../../Engine/Content/EngineMaterials/Substrate/Glints2/dict_0000_0184.uasset" 7295
"/Engine/EngineMaterials/Substrate/Glints2/dict_0000_0158" 7296
"/Engine/EngineMaterials/Substrate/Glints2/dict_0000_0157" 7297
"/Engine/EngineMaterials/Substrate/Glints2/dict_0000_0156" 7298
"/Engine/EngineMaterials/Substrate/Glints2/dict_0000_0155" 7299
"/Engine/EngineMaterials/Substrate/Glints2/dict_0000_0154" 7300
"/Engine/EngineMaterials/Substrate/Glints2/dict_0000_0153" 7301
"/Engine/EngineMaterials/Substrate/Glints2/dict_0000_0184" 7302
"../../../Engine/Content/EngineMaterials/Substrate/Glints2/dict_0000_0185.uasset" 7303
"../../../Engine/Content/EngineMaterials/Substrate/Glints2/dict_0000_0186.uasset" 7304
"../../../Engine/Content/EngineMaterials/Substrate/Glints2/dict_0000_0188.uasset" 7305
"../../../Engine/Content/EngineMaterials/Substrate/Glints2/dict_0000_0189.uasset" 7306
"../../../Engine/Content/EngineMaterials/Substrate/Glints2/dict_0000_0187.uasset" 7307
"../../../Engine/Content/EngineMaterials/Substrate/Glints2/dict_0000_0190.uasset" 7308
"../../../Engine/Content/EngineMaterials/Substrate/Glints2/dict_0000_0194.uasset" 7309
"../../../Engine/Content/EngineMaterials/Substrate/Glints2/dict_0000_0193.uasset" 7310
"../../../Engine/Content/EngineMaterials/Substrate/Glints2/dict_0000_0195.uasset" 7311
"../../../Engine/Content/EngineMaterials/Substrate/Glints2/dict_0000_0196.uasset" 7312
"../../../Engine/Content/EngineMaterials/Substrate/Glints2/dict_0000_0197.uasset" 7313
"../../../Engine/Content/EngineMaterials/Substrate/Glints2/dict_0000_0192.uasset" 7314
"../../../Engine/Content/EngineMaterials/Substrate/Glints2/dict_0000_0191.uasset" 7315
"/Engine/EngineMaterials/Substrate/Glints2/dict_0000_0183" 7316
"/Engine/EngineMaterials/Substrate/Glints2/dict_0000_0182" 7317
"/Engine/EngineMaterials/Substrate/Glints2/dict_0000_0181" 7318
"/Engine/EngineMaterials/Substrate/Glints2/dict_0000_0180" 7319
"/Engine/EngineMaterials/Substrate/Glints2/dict_0000_0179" 7320
"/Engine/EngineMaterials/Substrate/Glints2/dict_0000_0178" 7321
"/Engine/EngineMaterials/Substrate/Glints2/dict_0000_0177" 7322
"/Engine/EngineMaterials/Substrate/Glints2/dict_0000_0176" 7323
"/Engine/EngineMaterials/Substrate/Glints2/dict_0000_0175" 7324
"/Engine/EngineMaterials/Substrate/Glints2/dict_0000_0174" 7325
"/Engine/EngineMaterials/Substrate/Glints2/dict_0000_0173" 7326
"/Engine/EngineMaterials/Substrate/Glints2/dict_0000_0172" 7327
"/Engine/EngineMaterials/Substrate/Glints2/dict_0000_0171" 7328
"/Engine/EngineMaterials/Substrate/Glints2/dict_0000_0170" 7329
"/Engine/EngineMaterials/Substrate/Glints2/dict_0000_0169" 7330
"/Engine/EngineMaterials/Substrate/Glints2/dict_0000_0168" 7331
"/Engine/EngineMaterials/Substrate/Glints2/dict_0000_0167" 7332
"/Engine/EngineMaterials/Substrate/Glints2/dict_0000_0166" 7333
"/Engine/EngineMaterials/Substrate/Glints2/dict_0000_0197" 7334
"../../../Engine/Content/EngineMaterials/Substrate/Glints2/dict_0000_0201.uasset" 7335
"../../../Engine/Content/EngineMaterials/Substrate/Glints2/dict_0000_0198.uasset" 7336
"../../../Engine/Content/EngineMaterials/Substrate/Glints2/dict_0000_0199.uasset" 7337
"/Engine/EngineMaterials/Substrate/Glints2/dict_0000_0196" 7338
"../../../Engine/Content/EngineMaterials/Substrate/Glints2/dict_0000_0202.uasset" 7339
"../../../Engine/Content/EngineMaterials/Substrate/Glints2/dict_0000_0206.uasset" 7340
"../../../Engine/Content/EngineMaterials/Substrate/Glints2/dict_0000_0200.uasset" 7341
"../../../Engine/Content/EngineMaterials/Substrate/Glints2/dict_0000_0205.uasset" 7342
"../../../Engine/Content/EngineMaterials/Substrate/Glints2/dict_0000_0207.uasset" 7343
"../../../Engine/Content/EngineMaterials/Substrate/Glints2/dict_0000_0203.uasset" 7344
"../../../Engine/Content/EngineMaterials/Substrate/Glints2/dict_0000_0204.uasset" 7345
"../../../Engine/Content/EngineMaterials/Substrate/Glints2/dict_0000_0208.uasset" 7346
"../../../Engine/Content/EngineMaterials/Substrate/Glints2/dict_0000_0209.uasset" 7347
"/Engine/EngineMaterials/Substrate/Glints2/dict_0000_0195" 7348
"/Engine/EngineMaterials/Substrate/Glints2/dict_0000_0194" 7349
"/Engine/EngineMaterials/Substrate/Glints2/dict_0000_0193" 7350
"/Engine/EngineMaterials/Substrate/Glints2/dict_0000_0192" 7351
"/Engine/EngineMaterials/Substrate/Glints2/dict_0000_0191" 7352
"/Engine/EngineMaterials/Substrate/Glints2/dict_0000_0190" 7353
"/Engine/EngineMaterials/Substrate/Glints2/dict_0000_0189" 7354
"/Engine/EngineMaterials/Substrate/Glints2/dict_0000_0188" 7355
"/Engine/EngineMaterials/Substrate/Glints2/dict_0000_0187" 7356
"/Engine/EngineMaterials/Substrate/Glints2/dict_0000_0186" 7357
"/Engine/EngineMaterials/Substrate/Glints2/dict_0000_0185" 7358
"../../../Engine/Content/EngineMaterials/Substrate/Glints2/dict_0000_0211.uasset" 7359
"../../../Engine/Content/EngineMaterials/Substrate/Glints2/dict_0000_0210.uasset" 7360
"../../../Engine/Content/EngineMaterials/Substrate/Glints2/dict_0000_0212.uasset" 7361
"../../../Engine/Content/EngineMaterials/Substrate/Glints2/dict_0000_0214.uasset" 7362
"../../../Engine/Content/EngineMaterials/Substrate/Glints2/dict_0000_0213.uasset" 7363
"../../../Engine/Content/EngineMaterials/Substrate/Glints2/dict_0000_0215.uasset" 7364
"../../../Engine/Content/EngineMaterials/Substrate/Glints2/dict_0000_0218.uasset" 7365
"../../../Engine/Content/EngineMaterials/Substrate/Glints2/dict_0000_0219.uasset" 7366
"../../../Engine/Content/EngineMaterials/Substrate/Glints2/dict_0000_0217.uasset" 7367
"../../../Engine/Content/EngineMaterials/Substrate/Glints2/dict_0000_0216.uasset" 7368
"../../../Engine/Content/EngineMaterials/Substrate/Glints2/dict_0000_0220.uasset" 7369
"../../../Engine/Content/EngineMaterials/Substrate/Glints2/dict_0000_0221.uasset" 7370
"../../../Engine/Content/EngineMaterials/Substrate/Glints2/dict_0000_0222.uasset" 7371
"../../../Engine/Content/EngineMaterials/Substrate/Glints2/dict_0000_0225.uasset" 7372
"../../../Engine/Content/EngineMaterials/Substrate/Glints2/dict_0000_0226.uasset" 7373
"../../../Engine/Content/EngineMaterials/Substrate/Glints2/dict_0000_0224.uasset" 7374
"../../../Engine/Content/EngineMaterials/Substrate/Glints2/dict_0000_0229.uasset" 7375
"../../../Engine/Content/EngineMaterials/Substrate/Glints2/dict_0000_0227.uasset" 7376
"../../../Engine/Content/EngineMaterials/Substrate/Glints2/dict_0000_0228.uasset" 7377
"../../../Engine/Content/EngineMaterials/Substrate/Glints2/dict_0000_0223.uasset" 7378
"/Engine/EngineMaterials/Substrate/Glints2/dict_0000_0216" 7379
"/Engine/EngineMaterials/Substrate/Glints2/dict_0000_0215" 7380
"/Engine/EngineMaterials/Substrate/Glints2/dict_0000_0214" 7381
"/Engine/EngineMaterials/Substrate/Glints2/dict_0000_0213" 7382
"/Engine/EngineMaterials/Substrate/Glints2/dict_0000_0212" 7383
"/Engine/EngineMaterials/Substrate/Glints2/dict_0000_0211" 7384
"/Engine/EngineMaterials/Substrate/Glints2/dict_0000_0210" 7385
"/Engine/EngineMaterials/Substrate/Glints2/dict_0000_0229" 7386
"/Engine/EngineMaterials/Substrate/Glints2/dict_0000_0228" 7387
"/Engine/EngineMaterials/Substrate/Glints2/dict_0000_0227" 7388
"/Engine/EngineMaterials/Substrate/Glints2/dict_0000_0226" 7389
"/Engine/EngineMaterials/Substrate/Glints2/dict_0000_0225" 7390
"/Engine/EngineMaterials/Substrate/Glints2/dict_0000_0224" 7391
"/Engine/EngineMaterials/Substrate/Glints2/dict_0000_0223" 7392
"/Engine/EngineMaterials/Substrate/Glints2/dict_0000_0222" 7393
"/Engine/EngineMaterials/Substrate/Glints2/dict_0000_0221" 7394
"/Engine/EngineMaterials/Substrate/Glints2/dict_0000_0220" 7395
"/Engine/EngineMaterials/Substrate/Glints2/dict_0000_0219" 7396
"/Engine/EngineMaterials/Substrate/Glints2/dict_0000_0218" 7397
"/Engine/EngineMaterials/Substrate/Glints2/dict_0000_0209" 7398
"/Engine/EngineMaterials/Substrate/Glints2/dict_0000_0208" 7399
"/Engine/EngineMaterials/Substrate/Glints2/dict_0000_0207" 7400
"/Engine/EngineMaterials/Substrate/Glints2/dict_0000_0206" 7401
"/Engine/EngineMaterials/Substrate/Glints2/dict_0000_0205" 7402
"/Engine/EngineMaterials/Substrate/Glints2/dict_0000_0204" 7403
"/Engine/EngineMaterials/Substrate/Glints2/dict_0000_0203" 7404
"/Engine/EngineMaterials/Substrate/Glints2/dict_0000_0202" 7405
"/Engine/EngineMaterials/Substrate/Glints2/dict_0000_0201" 7406
"/Engine/EngineMaterials/Substrate/Glints2/dict_0000_0200" 7407
"/Engine/EngineMaterials/Substrate/Glints2/dict_0000_0199" 7408
"/Engine/EngineMaterials/Substrate/Glints2/dict_0000_0198" 7409
"/Engine/EngineMaterials/Substrate/Glints2/dict_0000_0217" 7410
"../../../Engine/Content/EngineMaterials/Substrate/Glints2/dict_0000_0230.uasset" 7411
"../../../Engine/Content/EngineMaterials/Substrate/Glints2/dict_0000_0231.uasset" 7412
"../../../Engine/Content/EngineMaterials/Substrate/Glints2/dict_0000_0232.uasset" 7413
"../../../Engine/Content/EngineMaterials/Substrate/Glints2/dict_0000_0233.uasset" 7414
"../../../Engine/Content/EngineMaterials/Substrate/Glints2/dict_0000_0234.uasset" 7415
"../../../Engine/Content/EngineMaterials/Substrate/Glints2/dict_0000_0235.uasset" 7416
"../../../Engine/Content/EngineMaterials/Substrate/Glints2/dict_0000_0237.uasset" 7417
"../../../Engine/Content/EngineMaterials/Substrate/Glints2/dict_0000_0236.uasset" 7418
"../../../Engine/Content/EngineMaterials/Substrate/Glints2/dict_0000_0238.uasset" 7419
"../../../Engine/Content/EngineMaterials/Substrate/Glints2/dict_0000_0239.uasset" 7420
"../../../Engine/Content/EngineMaterials/Substrate/Glints2/dict_0000_0242.uasset" 7421
"../../../Engine/Content/EngineMaterials/Substrate/Glints2/dict_0000_0240.uasset" 7422
"../../../Engine/Content/EngineMaterials/Substrate/Glints2/dict_0000_0241.uasset" 7423
"../../../Engine/Content/EngineMaterials/Substrate/Glints2/dict_0000_0243.uasset" 7424
"../../../Engine/Content/EngineMaterials/Substrate/Glints2/dict_0000_0244.uasset" 7425
"/Engine/EngineMaterials/Substrate/Glints2/dict_0000_0239" 7426
"../../../Engine/Content/EngineMaterials/Substrate/Glints2/dict_0000_0245.uasset" 7427
"../../../Engine/Content/EngineMaterials/Substrate/Glints2/dict_0000_0247.uasset" 7428
"../../../Engine/Content/EngineMaterials/Substrate/Glints2/dict_0000_0249.uasset" 7429
"../../../Engine/Content/EngineMaterials/Substrate/Glints2/dict_0000_0248.uasset" 7430
"../../../Engine/Content/EngineMaterials/Substrate/Glints2/dict_0000_0246.uasset" 7431
"../../../Engine/Content/EngineMaterials/Substrate/Glints2/dict_0000_0250.uasset" 7432
"../../../Engine/Content/EngineMaterials/Substrate/Glints2/dict_0000_0251.uasset" 7433
"../../../Engine/Content/EngineMaterials/Substrate/Glints2/dict_0000_0252.uasset" 7434
"/Engine/EngineMaterials/Substrate/Glints2/dict_0000_0238" 7435
"../../../Engine/Content/EngineMaterials/Substrate/Glints2/dict_0000_0253.uasset" 7436
"../../../Engine/Content/EngineMaterials/Substrate/Glints2/dict_0000_0254.uasset" 7437
"../../../Engine/Content/EngineMaterials/Substrate/Glints2/dict_0000_0255.uasset" 7438
"/Engine/EngineMaterials/Substrate/Glints2/dict_0000_0237" 7439
"../../../Engine/Content/EngineMaterials/Substrate/Glints2/dict_0001_0000.uasset" 7440
"../../../Engine/Content/EngineMaterials/Substrate/Glints2/dict_0001_0001.uasset" 7441
"/Engine/EngineMaterials/Substrate/Glints2/dict_0000_0236" 7442
"../../../Engine/Content/EngineMaterials/Substrate/Glints2/dict_0001_0002.uasset" 7443
"/Engine/EngineMaterials/Substrate/Glints2/dict_0000_0235" 7444
"../../../Engine/Content/EngineMaterials/Substrate/Glints2/dict_0001_0004.uasset" 7445
"../../../Engine/Content/EngineMaterials/Substrate/Glints2/dict_0001_0003.uasset" 7446
"/Engine/EngineMaterials/Substrate/Glints2/dict_0000_0234" 7447
"../../../Engine/Content/EngineMaterials/Substrate/Glints2/dict_0001_0005.uasset" 7448
"/Engine/EngineMaterials/Substrate/Glints2/dict_0000_0233" 7449
"/Engine/EngineMaterials/Substrate/Glints2/dict_0000_0232" 7450
"/Engine/EngineMaterials/Substrate/Glints2/dict_0000_0231" 7451
"/Engine/EngineMaterials/Substrate/Glints2/dict_0000_0230" 7452
"/Engine/EngineMaterials/Substrate/Glints2/dict_0001_0003" 7453
"../../../Engine/Content/EngineMaterials/Substrate/Glints2/dict_0001_0006.uasset" 7454
"/Engine/EngineMaterials/Substrate/Glints2/dict_0001_0002" 7455
"/Engine/EngineMaterials/Substrate/Glints2/dict_0001_0001" 7456
"/Engine/EngineMaterials/Substrate/Glints2/dict_0001_0000" 7457
"/Engine/EngineMaterials/Substrate/Glints2/dict_0000_0255" 7458
"/Engine/EngineMaterials/Substrate/Glints2/dict_0000_0254" 7459
"/Engine/EngineMaterials/Substrate/Glints2/dict_0000_0253" 7460
"/Engine/EngineMaterials/Substrate/Glints2/dict_0000_0252" 7461
"../../../Engine/Content/EngineMaterials/Substrate/Glints2/dict_0001_0007.uasset" 7462
"/Engine/EngineMaterials/Substrate/Glints2/dict_0000_0251" 7463
"/Engine/EngineMaterials/Substrate/Glints2/dict_0000_0250" 7464
"/Engine/EngineMaterials/Substrate/Glints2/dict_0000_0249" 7465
"../../../Engine/Content/EngineMaterials/Substrate/Glints2/dict_0001_0008.uasset" 7466
"/Engine/EngineMaterials/Substrate/Glints2/dict_0000_0248" 7467
"../../../Engine/Content/EngineMaterials/Substrate/Glints2/dict_0001_0010.uasset" 7468
"/Engine/EngineMaterials/Substrate/Glints2/dict_0000_0247" 7469
"/Engine/EngineMaterials/Substrate/Glints2/dict_0000_0245" 7470
"../../../Engine/Content/EngineMaterials/Substrate/Glints2/dict_0001_0011.uasset" 7471
"../../../Engine/Content/EngineMaterials/Substrate/Glints2/dict_0001_0009.uasset" 7472
"../../../Engine/Content/EngineMaterials/Substrate/Glints2/dict_0001_0013.uasset" 7473
"/Engine/EngineMaterials/Substrate/Glints2/dict_0000_0244" 7474
"../../../Engine/Content/EngineMaterials/Substrate/Glints2/dict_0001_0014.uasset" 7475
"../../../Engine/Content/EngineMaterials/Substrate/Glints2/dict_0001_0012.uasset" 7476
"../../../Engine/Content/EngineMaterials/Substrate/Glints2/dict_0001_0015.uasset" 7477
"/Engine/EngineMaterials/Substrate/Glints2/dict_0000_0243" 7478
"/Engine/EngineMaterials/Substrate/Glints2/dict_0000_0242" 7479
"/Engine/EngineMaterials/Substrate/Glints2/dict_0000_0241" 7480
"/Engine/EngineMaterials/Substrate/Glints2/dict_0000_0240" 7481
"/Engine/EngineMaterials/Substrate/Glints2/dict_0001_0005" 7482
"../../../Engine/Content/EngineMaterials/Substrate/Glints2/dict_0001_0016.uasset" 7483
"../../../Engine/Content/EngineMaterials/Substrate/Glints2/dict_0001_0017.uasset" 7484
"/Engine/EngineMaterials/Substrate/Glints2/dict_0001_0004" 7485
"../../../Engine/Content/EngineMaterials/Substrate/Glints2/dict_0001_0018.uasset" 7486
"../../../Engine/Content/EngineMaterials/Substrate/Glints2/dict_0001_0019.uasset" 7487
"/Engine/EngineMaterials/Substrate/Glints2/dict_0000_0246" 7488
"../../../Engine/Content/EngineMaterials/Substrate/Glints2/dict_0001_0020.uasset" 7489
"../../../Engine/Content/EngineMaterials/Substrate/Glints2/dict_0001_0021.uasset" 7490
"/Engine/EngineMaterials/Substrate/Glints2/dict_0001_0015" 7491
"../../../Engine/Content/EngineMaterials/Substrate/Glints2/dict_0001_0022.uasset" 7492
"../../../Engine/Content/EngineMaterials/Substrate/Glints2/dict_0001_0023.uasset" 7493
"/Engine/EngineMaterials/Substrate/Glints2/dict_0001_0014" 7494
"../../../Engine/Content/EngineMaterials/Substrate/Glints2/dict_0001_0024.uasset" 7495
"/Engine/EngineMaterials/Substrate/Glints2/dict_0001_0013" 7496
"/Engine/EngineMaterials/Substrate/Glints2/dict_0001_0012" 7497
"../../../Engine/Content/EngineMaterials/Substrate/Glints2/dict_0001_0025.uasset" 7498
"/Engine/EngineMaterials/Substrate/Glints2/dict_0001_0011" 7499
"/Engine/EngineMaterials/Substrate/Glints2/dict_0001_0010" 7500
"../../../Engine/Content/EngineMaterials/Substrate/Glints2/dict_0001_0027.uasset" 7501
"../../../Engine/Content/EngineMaterials/Substrate/Glints2/dict_0001_0026.uasset" 7502
"/Engine/EngineMaterials/Substrate/Glints2/dict_0001_0009" 7503
"../../../Engine/Content/EngineMaterials/Substrate/Glints2/dict_0001_0028.uasset" 7504
"/Engine/EngineMaterials/Substrate/Glints2/dict_0001_0008" 7505
"/Engine/EngineMaterials/Substrate/Glints2/dict_0001_0007" 7506
"/Engine/EngineMaterials/Substrate/Glints2/dict_0001_0006" 7507
"/Engine/EngineMaterials/Substrate/Glints2/dict_0001_0024" 7508
"/Engine/EngineMaterials/Substrate/Glints2/dict_0001_0023" 7509
"../../../Engine/Content/EngineMaterials/Substrate/Glints2/dict_0001_0029.uasset" 7510
"/Engine/EngineMaterials/Substrate/Glints2/dict_0001_0022" 7511
"/Engine/EngineMaterials/Substrate/Glints2/dict_0001_0020" 7512
"/Engine/EngineMaterials/Substrate/Glints2/dict_0001_0019" 7513
"/Engine/EngineMaterials/Substrate/Glints2/dict_0001_0018" 7514
"/Engine/EngineMaterials/Substrate/Glints2/dict_0001_0017" 7515
"/Engine/EngineMaterials/Substrate/Glints2/dict_0001_0016" 7516
"../../../Engine/Content/EngineMaterials/Substrate/Glints2/dict_0001_0030.uasset" 7517
"../../../Engine/Content/EngineMaterials/Substrate/Glints2/dict_0001_0031.uasset" 7518
"../../../Engine/Content/EngineMaterials/Substrate/Glints2/dict_0001_0032.uasset" 7519
"../../../Engine/Content/EngineMaterials/Substrate/Glints2/dict_0001_0036.uasset" 7520
"../../../Engine/Content/EngineMaterials/Substrate/Glints2/dict_0001_0033.uasset" 7521
"../../../Engine/Content/EngineMaterials/Substrate/Glints2/dict_0001_0034.uasset" 7522
"../../../Engine/Content/EngineMaterials/Substrate/Glints2/dict_0001_0037.uasset" 7523
"../../../Engine/Content/EngineMaterials/Substrate/Glints2/dict_0001_0035.uasset" 7524
"../../../Engine/Content/EngineMaterials/Substrate/Glints2/dict_0001_0039.uasset" 7525
"../../../Engine/Content/EngineMaterials/Substrate/Glints2/dict_0001_0040.uasset" 7526
"../../../Engine/Content/EngineMaterials/Substrate/Glints2/dict_0001_0038.uasset" 7527
"../../../Engine/Content/EngineMaterials/Substrate/Glints2/dict_0001_0041.uasset" 7528
"../../../Engine/Content/EngineMaterials/Substrate/Glints2/dict_0001_0043.uasset" 7529
"../../../Engine/Content/EngineMaterials/Substrate/Glints2/dict_0001_0044.uasset" 7530
"../../../Engine/Content/EngineMaterials/Substrate/Glints2/dict_0001_0042.uasset" 7531
"../../../Engine/Content/EngineMaterials/Substrate/Glints2/dict_0001_0045.uasset" 7532
"../../../Engine/Content/EngineMaterials/Substrate/Glints2/dict_0001_0046.uasset" 7533
"../../../Engine/Content/EngineMaterials/Substrate/Glints2/dict_0001_0050.uasset" 7534
"../../../Engine/Content/EngineMaterials/Substrate/Glints2/dict_0001_0048.uasset" 7535
"../../../Engine/Content/EngineMaterials/Substrate/Glints2/dict_0001_0049.uasset" 7536
"../../../Engine/Content/EngineMaterials/Substrate/Glints2/dict_0001_0047.uasset" 7537
"../../../Engine/Content/EngineMaterials/Substrate/Glints2/dict_0001_0051.uasset" 7538
"../../../Engine/Content/EngineMaterials/Substrate/Glints2/dict_0001_0052.uasset" 7539
"../../../Engine/Content/EngineMaterials/Substrate/Glints2/dict_0001_0053.uasset" 7540
"../../../Engine/Content/EngineMaterials/Substrate/Glints2/dict_0001_0054.uasset" 7541
"../../../Engine/Content/EngineMaterials/Substrate/Glints2/dict_0001_0055.uasset" 7542
"/Engine/EngineMaterials/Substrate/Glints2/dict_0001_0047" 7543
"/Engine/EngineMaterials/Substrate/Glints2/dict_0001_0046" 7544
"/Engine/EngineMaterials/Substrate/Glints2/dict_0001_0034" 7545
"/Engine/EngineMaterials/Substrate/Glints2/dict_0001_0033" 7546
"/Engine/EngineMaterials/Substrate/Glints2/dict_0001_0032" 7547
"/Engine/EngineMaterials/Substrate/Glints2/dict_0001_0031" 7548
"/Engine/EngineMaterials/Substrate/Glints2/dict_0001_0030" 7549
"/Engine/EngineMaterials/Substrate/Glints2/dict_0001_0029" 7550
"/Engine/EngineMaterials/Substrate/Glints2/dict_0001_0028" 7551
"/Engine/EngineMaterials/Substrate/Glints2/dict_0001_0027" 7552
"/Engine/EngineMaterials/Substrate/Glints2/dict_0001_0026" 7553
"/Engine/EngineMaterials/Substrate/Glints2/dict_0001_0025" 7554
"/Engine/EngineMaterials/Substrate/Glints2/dict_0001_0055" 7555
"/Engine/EngineMaterials/Substrate/Glints2/dict_0001_0054" 7556
"/Engine/EngineMaterials/Substrate/Glints2/dict_0001_0053" 7557
"/Engine/EngineMaterials/Substrate/Glints2/dict_0001_0045" 7558
"/Engine/EngineMaterials/Substrate/Glints2/dict_0001_0021" 7559
"/Engine/EngineMaterials/Substrate/Glints2/dict_0001_0052" 7560
"/Engine/EngineMaterials/Substrate/Glints2/dict_0001_0051" 7561
"/Engine/EngineMaterials/Substrate/Glints2/dict_0001_0050" 7562
"/Engine/EngineMaterials/Substrate/Glints2/dict_0001_0049" 7563
"/Engine/EngineMaterials/Substrate/Glints2/dict_0001_0048" 7564
"/Engine/EngineMaterials/Substrate/Glints2/dict_0001_0044" 7565
"/Engine/EngineMaterials/Substrate/Glints2/dict_0001_0043" 7566
"/Engine/EngineMaterials/Substrate/Glints2/dict_0001_0042" 7567
"/Engine/EngineMaterials/Substrate/Glints2/dict_0001_0041" 7568
"/Engine/EngineMaterials/Substrate/Glints2/dict_0001_0040" 7569
"/Engine/EngineMaterials/Substrate/Glints2/dict_0001_0039" 7570
"/Engine/EngineMaterials/Substrate/Glints2/dict_0001_0038" 7571
"/Engine/EngineMaterials/Substrate/Glints2/dict_0001_0037" 7572
"/Engine/EngineMaterials/Substrate/Glints2/dict_0001_0036" 7573
"/Engine/EngineMaterials/Substrate/Glints2/dict_0001_0035" 7574
"../../../Engine/Content/EngineMaterials/Substrate/Glints2/dict_0001_0056.uasset" 7575
"../../../Engine/Content/EngineMaterials/Substrate/Glints2/dict_0001_0057.uasset" 7576
"../../../Engine/Content/EngineMaterials/Substrate/Glints2/dict_0001_0058.uasset" 7577
"../../../Engine/Content/EngineMaterials/Substrate/Glints2/dict_0001_0059.uasset" 7578
"../../../Engine/Content/EngineMaterials/Substrate/Glints2/dict_0001_0060.uasset" 7579
"../../../Engine/Content/EngineMaterials/Substrate/Glints2/dict_0001_0061.uasset" 7580
"../../../Engine/Content/EngineMaterials/Substrate/Glints2/dict_0001_0062.uasset" 7581
"../../../Engine/Content/EngineMaterials/Substrate/Glints2/dict_0001_0063.uasset" 7582
"../../../Engine/Content/EngineMaterials/Substrate/Glints2/dict_0001_0064.uasset" 7583
"../../../Engine/Content/EngineMaterials/Substrate/Glints2/dict_0001_0065.uasset" 7584
"../../../Engine/Content/EngineMaterials/Substrate/Glints2/dict_0001_0067.uasset" 7585
"../../../Engine/Content/EngineMaterials/Substrate/Glints2/dict_0001_0066.uasset" 7586
"../../../Engine/Content/EngineMaterials/Substrate/Glints2/dict_0001_0068.uasset" 7587
"../../../Engine/Content/EngineMaterials/Substrate/Glints2/dict_0001_0069.uasset" 7588
"../../../Engine/Content/EngineMaterials/Substrate/Glints2/dict_0001_0070.uasset" 7589
"../../../Engine/Content/EngineMaterials/Substrate/Glints2/dict_0001_0071.uasset" 7590
"../../../Engine/Content/EngineMaterials/Substrate/Glints2/dict_0001_0073.uasset" 7591
"../../../Engine/Content/EngineMaterials/Substrate/Glints2/dict_0001_0072.uasset" 7592
"../../../Engine/Content/EngineMaterials/Substrate/Glints2/dict_0001_0074.uasset" 7593
"../../../Engine/Content/EngineMaterials/Substrate/Glints2/dict_0001_0075.uasset" 7594
"../../../Engine/Content/EngineMaterials/Substrate/Glints2/dict_0001_0076.uasset" 7595
"../../../Engine/Content/EngineMaterials/Substrate/Glints2/dict_0001_0077.uasset" 7596
"../../../Engine/Content/EngineMaterials/Substrate/Glints2/dict_0001_0078.uasset" 7597
"../../../Engine/Content/EngineMaterials/Substrate/Glints2/dict_0001_0079.uasset" 7598
"../../../Engine/Content/EngineMaterials/Substrate/Glints2/dict_0001_0080.uasset" 7599
"../../../Engine/Content/EngineMaterials/Substrate/Glints2/dict_0001_0082.uasset" 7600
"../../../Engine/Content/EngineMaterials/Substrate/Glints2/dict_0001_0081.uasset" 7601
"../../../Engine/Content/EngineMaterials/Substrate/Glints2/dict_0001_0083.uasset" 7602
"../../../Engine/Content/EngineMaterials/Substrate/Glints2/dict_0001_0084.uasset" 7603
"../../../Engine/Content/EngineMaterials/Substrate/Glints2/dict_0001_0085.uasset" 7604
"../../../Engine/Content/EngineMaterials/Substrate/Glints2/dict_0001_0086.uasset" 7605
"../../../Engine/Content/EngineMaterials/Substrate/Glints2/dict_0001_0087.uasset" 7606
"/Engine/EngineMaterials/Substrate/Glints2/dict_0001_0087" 7607
"/Engine/EngineMaterials/Substrate/Glints2/dict_0001_0086" 7608
"/Engine/EngineMaterials/Substrate/Glints2/dict_0001_0085" 7609
"/Engine/EngineMaterials/Substrate/Glints2/dict_0001_0084" 7610
"/Engine/EngineMaterials/Substrate/Glints2/dict_0001_0083" 7611
"/Engine/EngineMaterials/Substrate/Glints2/dict_0001_0082" 7612
"/Engine/EngineMaterials/Substrate/Glints2/dict_0001_0081" 7613
"/Engine/EngineMaterials/Substrate/Glints2/dict_0001_0080" 7614
"/Engine/EngineMaterials/Substrate/Glints2/dict_0001_0079" 7615
"/Engine/EngineMaterials/Substrate/Glints2/dict_0001_0078" 7616
"/Engine/EngineMaterials/Substrate/Glints2/dict_0001_0077" 7617
"/Engine/EngineMaterials/Substrate/Glints2/dict_0001_0076" 7618
"/Engine/EngineMaterials/Substrate/Glints2/dict_0001_0075" 7619
"/Engine/EngineMaterials/Substrate/Glints2/dict_0001_0074" 7620
"/Engine/EngineMaterials/Substrate/Glints2/dict_0001_0073" 7621
"/Engine/EngineMaterials/Substrate/Glints2/dict_0001_0072" 7622
"/Engine/EngineMaterials/Substrate/Glints2/dict_0001_0071" 7623
"/Engine/EngineMaterials/Substrate/Glints2/dict_0001_0070" 7624
"/Engine/EngineMaterials/Substrate/Glints2/dict_0001_0069" 7625
"/Engine/EngineMaterials/Substrate/Glints2/dict_0001_0068" 7626
"/Engine/EngineMaterials/Substrate/Glints2/dict_0001_0067" 7627
"/Engine/EngineMaterials/Substrate/Glints2/dict_0001_0066" 7628
"/Engine/EngineMaterials/Substrate/Glints2/dict_0001_0065" 7629
"/Engine/EngineMaterials/Substrate/Glints2/dict_0001_0064" 7630
"/Engine/EngineMaterials/Substrate/Glints2/dict_0001_0063" 7631
"/Engine/EngineMaterials/Substrate/Glints2/dict_0001_0062" 7632
"/Engine/EngineMaterials/Substrate/Glints2/dict_0001_0061" 7633
"/Engine/EngineMaterials/Substrate/Glints2/dict_0001_0060" 7634
"/Engine/EngineMaterials/Substrate/Glints2/dict_0001_0059" 7635
"/Engine/EngineMaterials/Substrate/Glints2/dict_0001_0058" 7636
"/Engine/EngineMaterials/Substrate/Glints2/dict_0001_0057" 7637
"/Engine/EngineMaterials/Substrate/Glints2/dict_0001_0056" 7638
"../../../Engine/Content/EngineMaterials/Substrate/Glints2/dict_0001_0088.uasset" 7639
"../../../Engine/Content/EngineMaterials/Substrate/Glints2/dict_0001_0089.uasset" 7640
"../../../Engine/Content/EngineMaterials/Substrate/Glints2/dict_0001_0090.uasset" 7641
"../../../Engine/Content/EngineMaterials/Substrate/Glints2/dict_0001_0091.uasset" 7642
"../../../Engine/Content/EngineMaterials/Substrate/Glints2/dict_0001_0092.uasset" 7643
"../../../Engine/Content/EngineMaterials/Substrate/Glints2/dict_0001_0093.uasset" 7644
"../../../Engine/Content/EngineMaterials/Substrate/Glints2/dict_0001_0095.uasset" 7645
"../../../Engine/Content/EngineMaterials/Substrate/Glints2/dict_0001_0096.uasset" 7646
"../../../Engine/Content/EngineMaterials/Substrate/Glints2/dict_0001_0094.uasset" 7647
"../../../Engine/Content/EngineMaterials/Substrate/Glints2/dict_0001_0097.uasset" 7648
"../../../Engine/Content/EngineMaterials/Substrate/Glints2/dict_0001_0098.uasset" 7649
"../../../Engine/Content/EngineMaterials/Substrate/Glints2/dict_0001_0099.uasset" 7650
"../../../Engine/Content/EngineMaterials/Substrate/Glints2/dict_0001_0101.uasset" 7651
"../../../Engine/Content/EngineMaterials/Substrate/Glints2/dict_0001_0100.uasset" 7652
"../../../Engine/Content/EngineMaterials/Substrate/Glints2/dict_0001_0102.uasset" 7653
"../../../Engine/Content/EngineMaterials/Substrate/Glints2/dict_0001_0103.uasset" 7654
"../../../Engine/Content/EngineMaterials/Substrate/Glints2/dict_0001_0104.uasset" 7655
"/Engine/EngineMaterials/Substrate/Glints2/dict_0001_0102" 7656
"../../../Engine/Content/EngineMaterials/Substrate/Glints2/dict_0001_0105.uasset" 7657
"../../../Engine/Content/EngineMaterials/Substrate/Glints2/dict_0001_0106.uasset" 7658
"../../../Engine/Content/EngineMaterials/Substrate/Glints2/dict_0001_0107.uasset" 7659
"../../../Engine/Content/EngineMaterials/Substrate/Glints2/dict_0001_0108.uasset" 7660
"../../../Engine/Content/EngineMaterials/Substrate/Glints2/dict_0001_0109.uasset" 7661
"/Engine/EngineMaterials/Substrate/Glints2/dict_0001_0101" 7662
"../../../Engine/Content/EngineMaterials/Substrate/Glints2/dict_0001_0111.uasset" 7663
"../../../Engine/Content/EngineMaterials/Substrate/Glints2/dict_0001_0112.uasset" 7664
"../../../Engine/Content/EngineMaterials/Substrate/Glints2/dict_0001_0110.uasset" 7665
"/Engine/EngineMaterials/Substrate/Glints2/dict_0001_0100" 7666
"../../../Engine/Content/EngineMaterials/Substrate/Glints2/dict_0001_0113.uasset" 7667
"../../../Engine/Content/EngineMaterials/Substrate/Glints2/dict_0001_0114.uasset" 7668
"../../../Engine/Content/EngineMaterials/Substrate/Glints2/dict_0001_0115.uasset" 7669
"../../../Engine/Content/EngineMaterials/Substrate/Glints2/dict_0001_0116.uasset" 7670
"/Engine/EngineMaterials/Substrate/Glints2/dict_0001_0099" 7671
"../../../Engine/Content/EngineMaterials/Substrate/Glints2/dict_0001_0117.uasset" 7672
"../../../Engine/Content/EngineMaterials/Substrate/Glints2/dict_0001_0118.uasset" 7673
"../../../Engine/Content/EngineMaterials/Substrate/Glints2/dict_0001_0119.uasset" 7674
"/Engine/EngineMaterials/Substrate/Glints2/dict_0001_0098" 7675
"/Engine/EngineMaterials/Substrate/Glints2/dict_0001_0097" 7676
"/Engine/EngineMaterials/Substrate/Glints2/dict_0001_0096" 7677
"/Engine/EngineMaterials/Substrate/Glints2/dict_0001_0095" 7678
"/Engine/EngineMaterials/Substrate/Glints2/dict_0001_0094" 7679
"/Engine/EngineMaterials/Substrate/Glints2/dict_0001_0093" 7680
"/Engine/EngineMaterials/Substrate/Glints2/dict_0001_0092" 7681
"/Engine/EngineMaterials/Substrate/Glints2/dict_0001_0091" 7682
"/Engine/EngineMaterials/Substrate/Glints2/dict_0001_0090" 7683
"/Engine/EngineMaterials/Substrate/Glints2/dict_0001_0089" 7684
"/Engine/EngineMaterials/Substrate/Glints2/dict_0001_0088" 7685
"/Engine/EngineMaterials/Substrate/Glints2/dict_0001_0119" 7686
"../../../Engine/Content/EngineMaterials/Substrate/Glints2/dict_0001_0120.uasset" 7687
"../../../Engine/Content/EngineMaterials/Substrate/Glints2/dict_0001_0121.uasset" 7688
"../../../Engine/Content/EngineMaterials/Substrate/Glints2/dict_0001_0122.uasset" 7689
"/Engine/EngineMaterials/Substrate/Glints2/dict_0001_0118" 7690
"../../../Engine/Content/EngineMaterials/Substrate/Glints2/dict_0001_0123.uasset" 7691
"../../../Engine/Content/EngineMaterials/Substrate/Glints2/dict_0001_0124.uasset" 7692
"../../../Engine/Content/EngineMaterials/Substrate/Glints2/dict_0001_0125.uasset" 7693
"/Engine/EngineMaterials/Substrate/Glints2/dict_0001_0117" 7694
"../../../Engine/Content/EngineMaterials/Substrate/Glints2/dict_0001_0126.uasset" 7695
"../../../Engine/Content/EngineMaterials/Substrate/Glints2/dict_0001_0127.uasset" 7696
"../../../Engine/Content/EngineMaterials/Substrate/Glints2/dict_0001_0129.uasset" 7697
"../../../Engine/Content/EngineMaterials/Substrate/Glints2/dict_0001_0128.uasset" 7698
"../../../Engine/Content/EngineMaterials/Substrate/Glints2/dict_0001_0130.uasset" 7699
"/Engine/EngineMaterials/Substrate/Glints2/dict_0001_0116" 7700
"../../../Engine/Content/EngineMaterials/Substrate/Glints2/dict_0001_0131.uasset" 7701
"../../../Engine/Content/EngineMaterials/Substrate/Glints2/dict_0001_0132.uasset" 7702
"../../../Engine/Content/EngineMaterials/Substrate/Glints2/dict_0001_0133.uasset" 7703
"/Engine/EngineMaterials/Substrate/Glints2/dict_0001_0115" 7704
"/Engine/EngineMaterials/Substrate/Glints2/dict_0001_0114" 7705
"/Engine/EngineMaterials/Substrate/Glints2/dict_0001_0113" 7706
"/Engine/EngineMaterials/Substrate/Glints2/dict_0001_0112" 7707
"/Engine/EngineMaterials/Substrate/Glints2/dict_0001_0111" 7708
"/Engine/EngineMaterials/Substrate/Glints2/dict_0001_0110" 7709
"../../../Engine/Content/EngineMaterials/Substrate/Glints2/dict_0001_0134.uasset" 7710
"/Engine/EngineMaterials/Substrate/Glints2/dict_0001_0109" 7711
"/Engine/EngineMaterials/Substrate/Glints2/dict_0001_0108" 7712
"/Engine/EngineMaterials/Substrate/Glints2/dict_0001_0107" 7713
"/Engine/EngineMaterials/Substrate/Glints2/dict_0001_0106" 7714
"/Engine/EngineMaterials/Substrate/Glints2/dict_0001_0105" 7715
"/Engine/EngineMaterials/Substrate/Glints2/dict_0001_0104" 7716
"/Engine/EngineMaterials/Substrate/Glints2/dict_0001_0103" 7717
"/Engine/EngineMaterials/Substrate/Glints2/dict_0001_0131" 7718
"/Engine/EngineMaterials/Substrate/Glints2/dict_0001_0130" 7719
"../../../Engine/Content/EngineMaterials/Substrate/Glints2/dict_0001_0135.uasset" 7720
"../../../Engine/Content/EngineMaterials/Substrate/Glints2/dict_0001_0137.uasset" 7721
"../../../Engine/Content/EngineMaterials/Substrate/Glints2/dict_0001_0136.uasset" 7722
"../../../Engine/Content/EngineMaterials/Substrate/Glints2/dict_0001_0138.uasset" 7723
"/Engine/EngineMaterials/Substrate/Glints2/dict_0001_0129" 7724
"../../../Engine/Content/EngineMaterials/Substrate/Glints2/dict_0001_0140.uasset" 7725
"../../../Engine/Content/EngineMaterials/Substrate/Glints2/dict_0001_0141.uasset" 7726
"../../../Engine/Content/EngineMaterials/Substrate/Glints2/dict_0001_0139.uasset" 7727
"/Engine/EngineMaterials/Substrate/Glints2/dict_0001_0128" 7728
"../../../Engine/Content/EngineMaterials/Substrate/Glints2/dict_0001_0142.uasset" 7729
"../../../Engine/Content/EngineMaterials/Substrate/Glints2/dict_0001_0143.uasset" 7730
"../../../Engine/Content/EngineMaterials/Substrate/Glints2/dict_0001_0144.uasset" 7731
"../../../Engine/Content/EngineMaterials/Substrate/Glints2/dict_0001_0145.uasset" 7732
"../../../Engine/Content/EngineMaterials/Substrate/Glints2/dict_0001_0146.uasset" 7733
"/Engine/EngineMaterials/Substrate/Glints2/dict_0001_0127" 7734
"../../../Engine/Content/EngineMaterials/Substrate/Glints2/dict_0001_0147.uasset" 7735
"../../../Engine/Content/EngineMaterials/Substrate/Glints2/dict_0001_0148.uasset" 7736
"../../../Engine/Content/EngineMaterials/Substrate/Glints2/dict_0001_0149.uasset" 7737
"../../../Engine/Content/EngineMaterials/Substrate/Glints2/dict_0001_0150.uasset" 7738
"/Engine/EngineMaterials/Substrate/Glints2/dict_0001_0126" 7739
"../../../Engine/Content/EngineMaterials/Substrate/Glints2/dict_0001_0151.uasset" 7740
"/Engine/EngineMaterials/Substrate/Glints2/dict_0001_0125" 7741
"/Engine/EngineMaterials/Substrate/Glints2/dict_0001_0124" 7742
"/Engine/EngineMaterials/Substrate/Glints2/dict_0001_0123" 7743
"/Engine/EngineMaterials/Substrate/Glints2/dict_0001_0122" 7744
"/Engine/EngineMaterials/Substrate/Glints2/dict_0001_0121" 7745
"/Engine/EngineMaterials/Substrate/Glints2/dict_0001_0120" 7746
"/Engine/EngineMaterials/Substrate/Glints2/dict_0001_0151" 7747
"../../../Engine/Content/EngineMaterials/Substrate/Glints2/dict_0001_0152.uasset" 7748
"../../../Engine/Content/EngineMaterials/Substrate/Glints2/dict_0001_0153.uasset" 7749
"/Engine/EngineMaterials/Substrate/Glints2/dict_0001_0150" 7750
"../../../Engine/Content/EngineMaterials/Substrate/Glints2/dict_0001_0155.uasset" 7751
"../../../Engine/Content/EngineMaterials/Substrate/Glints2/dict_0001_0154.uasset" 7752
"/Engine/EngineMaterials/Substrate/Glints2/dict_0001_0149" 7753
"../../../Engine/Content/EngineMaterials/Substrate/Glints2/dict_0001_0156.uasset" 7754
"/Engine/EngineMaterials/Substrate/Glints2/dict_0001_0148" 7755
"../../../Engine/Content/EngineMaterials/Substrate/Glints2/dict_0001_0157.uasset" 7756
"/Engine/EngineMaterials/Substrate/Glints2/dict_0001_0147" 7757
"/Engine/EngineMaterials/Substrate/Glints2/dict_0001_0146" 7758
"/Engine/EngineMaterials/Substrate/Glints2/dict_0001_0145" 7759
"../../../Engine/Content/EngineMaterials/Substrate/Glints2/dict_0001_0159.uasset" 7760
"../../../Engine/Content/EngineMaterials/Substrate/Glints2/dict_0001_0158.uasset" 7761
"/Engine/EngineMaterials/Substrate/Glints2/dict_0001_0144" 7762
"../../../Engine/Content/EngineMaterials/Substrate/Glints2/dict_0001_0160.uasset" 7763
"../../../Engine/Content/EngineMaterials/Substrate/Glints2/dict_0001_0161.uasset" 7764
"/Engine/EngineMaterials/Substrate/Glints2/dict_0001_0143" 7765
"../../../Engine/Content/EngineMaterials/Substrate/Glints2/dict_0001_0162.uasset" 7766
"../../../Engine/Content/EngineMaterials/Substrate/Glints2/dict_0001_0163.uasset" 7767
"/Engine/EngineMaterials/Substrate/Glints2/dict_0001_0142" 7768
"/Engine/EngineMaterials/Substrate/Glints2/dict_0001_0141" 7769
"/Engine/EngineMaterials/Substrate/Glints2/dict_0001_0140" 7770
"/Engine/EngineMaterials/Substrate/Glints2/dict_0001_0139" 7771
"/Engine/EngineMaterials/Substrate/Glints2/dict_0001_0138" 7772
"/Engine/EngineMaterials/Substrate/Glints2/dict_0001_0137" 7773
"/Engine/EngineMaterials/Substrate/Glints2/dict_0001_0136" 7774
"/Engine/EngineMaterials/Substrate/Glints2/dict_0001_0135" 7775
"/Engine/EngineMaterials/Substrate/Glints2/dict_0001_0134" 7776
"/Engine/EngineMaterials/Substrate/Glints2/dict_0001_0133" 7777
"/Engine/EngineMaterials/Substrate/Glints2/dict_0001_0132" 7778
"/Engine/EngineMaterials/Substrate/Glints2/dict_0001_0163" 7779
"../../../Engine/Content/EngineMaterials/Substrate/Glints2/dict_0001_0165.uasset" 7780
"../../../Engine/Content/EngineMaterials/Substrate/Glints2/dict_0001_0164.uasset" 7781
"../../../Engine/Content/EngineMaterials/Substrate/Glints2/dict_0001_0166.uasset" 7782
"../../../Engine/Content/EngineMaterials/Substrate/Glints2/dict_0001_0167.uasset" 7783
"/Engine/EngineMaterials/Substrate/Glints2/dict_0001_0162" 7784
"../../../Engine/Content/EngineMaterials/Substrate/Glints2/dict_0001_0168.uasset" 7785
"../../../Engine/Content/EngineMaterials/Substrate/Glints2/dict_0001_0169.uasset" 7786
"/Engine/EngineMaterials/Substrate/Glints2/dict_0001_0161" 7787
"../../../Engine/Content/EngineMaterials/Substrate/Glints2/dict_0001_0170.uasset" 7788
"../../../Engine/Content/EngineMaterials/Substrate/Glints2/dict_0001_0171.uasset" 7789
"../../../Engine/Content/EngineMaterials/Substrate/Glints2/dict_0001_0172.uasset" 7790
"../../../Engine/Content/EngineMaterials/Substrate/Glints2/dict_0001_0173.uasset" 7791
"/Engine/EngineMaterials/Substrate/Glints2/dict_0001_0160" 7792
"../../../Engine/Content/EngineMaterials/Substrate/Glints2/dict_0001_0174.uasset" 7793
"/Engine/EngineMaterials/Substrate/Glints2/dict_0001_0159" 7794
"../../../Engine/Content/EngineMaterials/Substrate/Glints2/dict_0001_0175.uasset" 7795
"/Engine/EngineMaterials/Substrate/Glints2/dict_0001_0158" 7796
"/Engine/EngineMaterials/Substrate/Glints2/dict_0001_0157" 7797
"/Engine/EngineMaterials/Substrate/Glints2/dict_0001_0156" 7798
"/Engine/EngineMaterials/Substrate/Glints2/dict_0001_0155" 7799
"/Engine/EngineMaterials/Substrate/Glints2/dict_0001_0154" 7800
"../../../Engine/Content/EngineMaterials/Substrate/Glints2/dict_0001_0176.uasset" 7801
"/Engine/EngineMaterials/Substrate/Glints2/dict_0001_0153" 7802
"/Engine/EngineMaterials/Substrate/Glints2/dict_0001_0152" 7803
"/Engine/EngineMaterials/Substrate/Glints2/dict_0001_0172" 7804
"/Engine/EngineMaterials/Substrate/Glints2/dict_0001_0171" 7805
"/Engine/EngineMaterials/Substrate/Glints2/dict_0001_0170" 7806
"../../../Engine/Content/EngineMaterials/Substrate/Glints2/dict_0001_0178.uasset" 7807
"../../../Engine/Content/EngineMaterials/Substrate/Glints2/dict_0001_0180.uasset" 7808
"/Engine/EngineMaterials/Substrate/Glints2/dict_0001_0169" 7809
"../../../Engine/Content/EngineMaterials/Substrate/Glints2/dict_0001_0177.uasset" 7810
"../../../Engine/Content/EngineMaterials/Substrate/Glints2/dict_0001_0181.uasset" 7811
"../../../Engine/Content/EngineMaterials/Substrate/Glints2/dict_0001_0182.uasset" 7812
"/Engine/EngineMaterials/Substrate/Glints2/dict_0001_0168" 7813
"/Engine/EngineMaterials/Substrate/Glints2/dict_0001_0167" 7814
"../../../Engine/Content/EngineMaterials/Substrate/Glints2/dict_0001_0183.uasset" 7815
"../../../Engine/Content/EngineMaterials/Substrate/Glints2/dict_0001_0184.uasset" 7816
"../../../Engine/Content/EngineMaterials/Substrate/Glints2/dict_0001_0179.uasset" 7817
"../../../Engine/Content/EngineMaterials/Substrate/Glints2/dict_0001_0185.uasset" 7818
"../../../Engine/Content/EngineMaterials/Substrate/Glints2/dict_0001_0186.uasset" 7819
"/Engine/EngineMaterials/Substrate/Glints2/dict_0001_0166" 7820
"../../../Engine/Content/EngineMaterials/Substrate/Glints2/dict_0001_0188.uasset" 7821
"../../../Engine/Content/EngineMaterials/Substrate/Glints2/dict_0001_0187.uasset" 7822
"../../../Engine/Content/EngineMaterials/Substrate/Glints2/dict_0001_0189.uasset" 7823
"../../../Engine/Content/EngineMaterials/Substrate/Glints2/dict_0001_0191.uasset" 7824
"../../../Engine/Content/EngineMaterials/Substrate/Glints2/dict_0001_0190.uasset" 7825
"../../../Engine/Content/EngineMaterials/Substrate/Glints2/dict_0001_0192.uasset" 7826
"/Engine/EngineMaterials/Substrate/Glints2/dict_0001_0165" 7827
"../../../Engine/Content/EngineMaterials/Substrate/Glints2/dict_0001_0193.uasset" 7828
"../../../Engine/Content/EngineMaterials/Substrate/Glints2/dict_0001_0195.uasset" 7829
"../../../Engine/Content/EngineMaterials/Substrate/Glints2/dict_0001_0194.uasset" 7830
"/Engine/EngineMaterials/Substrate/Glints2/dict_0001_0164" 7831
"/Engine/EngineMaterials/Substrate/Glints2/dict_0001_0183" 7832
"../../../Engine/Content/EngineMaterials/Substrate/Glints2/dict_0001_0197.uasset" 7833
"../../../Engine/Content/EngineMaterials/Substrate/Glints2/dict_0001_0196.uasset" 7834
"../../../Engine/Content/EngineMaterials/Substrate/Glints2/dict_0001_0198.uasset" 7835
"/Engine/EngineMaterials/Substrate/Glints2/dict_0001_0182" 7836
"../../../Engine/Content/EngineMaterials/Substrate/Glints2/dict_0001_0199.uasset" 7837
"../../../Engine/Content/EngineMaterials/Substrate/Glints2/dict_0001_0200.uasset" 7838
"../../../Engine/Content/EngineMaterials/Substrate/Glints2/dict_0001_0201.uasset" 7839
"/Engine/EngineMaterials/Substrate/Glints2/dict_0001_0181" 7840
"../../../Engine/Content/EngineMaterials/Substrate/Glints2/dict_0001_0202.uasset" 7841
"/Engine/EngineMaterials/Substrate/Glints2/dict_0001_0180" 7842
"../../../Engine/Content/EngineMaterials/Substrate/Glints2/dict_0001_0203.uasset" 7843
"../../../Engine/Content/EngineMaterials/Substrate/Glints2/dict_0001_0204.uasset" 7844
"/Engine/EngineMaterials/Substrate/Glints2/dict_0001_0179" 7845
"/Engine/EngineMaterials/Substrate/Glints2/dict_0001_0178" 7846
"/Engine/EngineMaterials/Substrate/Glints2/dict_0001_0177" 7847
"/Engine/EngineMaterials/Substrate/Glints2/dict_0001_0176" 7848
"/Engine/EngineMaterials/Substrate/Glints2/dict_0001_0175" 7849
"/Engine/EngineMaterials/Substrate/Glints2/dict_0001_0174" 7850
"/Engine/EngineMaterials/Substrate/Glints2/dict_0001_0173" 7851
"/Engine/EngineMaterials/Substrate/Glints2/dict_0001_0195" 7852
"/Engine/EngineMaterials/Substrate/Glints2/dict_0001_0194" 7853
"/Engine/EngineMaterials/Substrate/Glints2/dict_0001_0193" 7854
"/Engine/EngineMaterials/Substrate/Glints2/dict_0001_0192" 7855
"/Engine/EngineMaterials/Substrate/Glints2/dict_0001_0191" 7856
"/Engine/EngineMaterials/Substrate/Glints2/dict_0001_0190" 7857
"/Engine/EngineMaterials/Substrate/Glints2/dict_0001_0189" 7858
"/Engine/EngineMaterials/Substrate/Glints2/dict_0001_0188" 7859
"/Engine/EngineMaterials/Substrate/Glints2/dict_0001_0187" 7860
"/Engine/EngineMaterials/Substrate/Glints2/dict_0001_0186" 7861
"/Engine/EngineMaterials/Substrate/Glints2/dict_0001_0185" 7862
"/Engine/EngineMaterials/Substrate/Glints2/dict_0001_0184" 7863
"/Engine/EngineMaterials/Substrate/Glints2/dict_0001_0204" 7864
"../../../Engine/Content/EngineMaterials/Substrate/Glints2/dict_0001_0205.uasset" 7865
"../../../Engine/Content/EngineMaterials/Substrate/Glints2/dict_0001_0206.uasset" 7866
"/Engine/EngineMaterials/Substrate/Glints2/dict_0001_0203" 7867
"/Engine/EngineMaterials/Substrate/Glints2/dict_0001_0202" 7868
"../../../Engine/Content/EngineMaterials/Substrate/Glints2/dict_0001_0207.uasset" 7869
"/Engine/EngineMaterials/Substrate/Glints2/dict_0001_0201" 7870
"/Engine/EngineMaterials/Substrate/Glints2/dict_0001_0200" 7871
"/Engine/EngineMaterials/Substrate/Glints2/dict_0001_0199" 7872
"/Engine/EngineMaterials/Substrate/Glints2/dict_0001_0198" 7873
"/Engine/EngineMaterials/Substrate/Glints2/dict_0001_0197" 7874
"/Engine/EngineMaterials/Substrate/Glints2/dict_0001_0196" 7875
"/Engine/EngineMaterials/Substrate/Glints2/dict_0001_0205" 7876
"../../../Engine/Content/EngineMaterials/Substrate/Glints2/dict_0001_0208.uasset" 7877
"../../../Engine/Content/EngineMaterials/Substrate/Glints2/dict_0001_0210.uasset" 7878
"../../../Engine/Content/EngineMaterials/Substrate/Glints2/dict_0001_0209.uasset" 7879
"../../../Engine/Content/EngineMaterials/Substrate/Glints2/dict_0001_0211.uasset" 7880
"../../../Engine/Content/EngineMaterials/Substrate/Glints2/dict_0001_0212.uasset" 7881
"../../../Engine/Content/EngineMaterials/Substrate/Glints2/dict_0001_0213.uasset" 7882
"../../../Engine/Content/EngineMaterials/Substrate/Glints2/dict_0001_0214.uasset" 7883
"../../../Engine/Content/EngineMaterials/Substrate/Glints2/dict_0001_0215.uasset" 7884
"../../../Engine/Content/EngineMaterials/Substrate/Glints2/dict_0001_0216.uasset" 7885
"../../../Engine/Content/EngineMaterials/Substrate/Glints2/dict_0001_0217.uasset" 7886
"../../../Engine/Content/EngineMaterials/Substrate/Glints2/dict_0001_0218.uasset" 7887
"../../../Engine/Content/EngineMaterials/Substrate/Glints2/dict_0001_0219.uasset" 7888
"../../../Engine/Content/EngineMaterials/Substrate/Glints2/dict_0001_0220.uasset" 7889
"../../../Engine/Content/EngineMaterials/Substrate/Glints2/dict_0001_0221.uasset" 7890
"../../../Engine/Content/EngineMaterials/Substrate/Glints2/dict_0001_0223.uasset" 7891
"../../../Engine/Content/EngineMaterials/Substrate/Glints2/dict_0001_0222.uasset" 7892
"../../../Engine/Content/EngineMaterials/Substrate/Glints2/dict_0001_0224.uasset" 7893
"../../../Engine/Content/EngineMaterials/Substrate/Glints2/dict_0001_0225.uasset" 7894
"../../../Engine/Content/EngineMaterials/Substrate/Glints2/dict_0001_0226.uasset" 7895
"../../../Engine/Content/EngineMaterials/Substrate/Glints2/dict_0001_0227.uasset" 7896
"../../../Engine/Content/EngineMaterials/Substrate/Glints2/dict_0001_0228.uasset" 7897
"../../../Engine/Content/EngineMaterials/Substrate/Glints2/dict_0001_0229.uasset" 7898
"../../../Engine/Content/EngineMaterials/Substrate/Glints2/dict_0001_0230.uasset" 7899
"../../../Engine/Content/EngineMaterials/Substrate/Glints2/dict_0001_0231.uasset" 7900
"../../../Engine/Content/EngineMaterials/Substrate/Glints2/dict_0001_0232.uasset" 7901
"../../../Engine/Content/EngineMaterials/Substrate/Glints2/dict_0001_0233.uasset" 7902
"../../../Engine/Content/EngineMaterials/Substrate/Glints2/dict_0001_0234.uasset" 7903
"../../../Engine/Content/EngineMaterials/Substrate/Glints2/dict_0001_0235.uasset" 7904
"../../../Engine/Content/EngineMaterials/Substrate/Glints2/dict_0001_0236.uasset" 7905
"../../../Engine/Content/EngineMaterials/Substrate/Glints2/dict_0001_0237.uasset" 7906
"/Engine/EngineMaterials/Substrate/Glints2/dict_0001_0227" 7907
"/Engine/EngineMaterials/Substrate/Glints2/dict_0001_0226" 7908
"/Engine/EngineMaterials/Substrate/Glints2/dict_0001_0225" 7909
"/Engine/EngineMaterials/Substrate/Glints2/dict_0001_0224" 7910
"/Engine/EngineMaterials/Substrate/Glints2/dict_0001_0223" 7911
"/Engine/EngineMaterials/Substrate/Glints2/dict_0001_0222" 7912
"/Engine/EngineMaterials/Substrate/Glints2/dict_0001_0221" 7913
"/Engine/EngineMaterials/Substrate/Glints2/dict_0001_0220" 7914
"/Engine/EngineMaterials/Substrate/Glints2/dict_0001_0219" 7915
"/Engine/EngineMaterials/Substrate/Glints2/dict_0001_0218" 7916
"/Engine/EngineMaterials/Substrate/Glints2/dict_0001_0217" 7917
"/Engine/EngineMaterials/Substrate/Glints2/dict_0001_0236" 7918
"/Engine/EngineMaterials/Substrate/Glints2/dict_0001_0235" 7919
"/Engine/EngineMaterials/Substrate/Glints2/dict_0001_0234" 7920
"/Engine/EngineMaterials/Substrate/Glints2/dict_0001_0233" 7921
"/Engine/EngineMaterials/Substrate/Glints2/dict_0001_0232" 7922
"/Engine/EngineMaterials/Substrate/Glints2/dict_0001_0231" 7923
"/Engine/EngineMaterials/Substrate/Glints2/dict_0001_0230" 7924
"/Engine/EngineMaterials/Substrate/Glints2/dict_0001_0229" 7925
"/Engine/EngineMaterials/Substrate/Glints2/dict_0001_0228" 7926
"/Engine/EngineMaterials/Substrate/Glints2/dict_0001_0216" 7927
"/Engine/EngineMaterials/Substrate/Glints2/dict_0001_0215" 7928
"/Engine/EngineMaterials/Substrate/Glints2/dict_0001_0214" 7929
"/Engine/EngineMaterials/Substrate/Glints2/dict_0001_0213" 7930
"/Engine/EngineMaterials/Substrate/Glints2/dict_0001_0212" 7931
"/Engine/EngineMaterials/Substrate/Glints2/dict_0001_0211" 7932
"/Engine/EngineMaterials/Substrate/Glints2/dict_0001_0210" 7933
"/Engine/EngineMaterials/Substrate/Glints2/dict_0001_0209" 7934
"/Engine/EngineMaterials/Substrate/Glints2/dict_0001_0208" 7935
"/Engine/EngineMaterials/Substrate/Glints2/dict_0001_0207" 7936
"/Engine/EngineMaterials/Substrate/Glints2/dict_0001_0206" 7937
"/Engine/EngineMaterials/Substrate/Glints2/dict_0001_0237" 7938
"../../../Engine/Content/EngineMaterials/Substrate/Glints2/dict_0001_0238.uasset" 7939
"../../../Engine/Content/EngineMaterials/Substrate/Glints2/dict_0001_0239.uasset" 7940
"../../../Engine/Content/EngineMaterials/Substrate/Glints2/dict_0001_0240.uasset" 7941
"../../../Engine/Content/EngineMaterials/Substrate/Glints2/dict_0001_0241.uasset" 7942
"../../../Engine/Content/EngineMaterials/Substrate/Glints2/dict_0001_0243.uasset" 7943
"../../../Engine/Content/EngineMaterials/Substrate/Glints2/dict_0001_0242.uasset" 7944
"../../../Engine/Content/EngineMaterials/Substrate/Glints2/dict_0001_0244.uasset" 7945
"../../../Engine/Content/EngineMaterials/Substrate/Glints2/dict_0001_0245.uasset" 7946
"../../../Engine/Content/EngineMaterials/Substrate/Glints2/dict_0001_0246.uasset" 7947
"../../../Engine/Content/EngineMaterials/Substrate/Glints2/dict_0001_0247.uasset" 7948
"../../../Engine/Content/EngineMaterials/Substrate/Glints2/dict_0001_0248.uasset" 7949
"../../../Engine/Content/EngineMaterials/Substrate/Glints2/dict_0001_0249.uasset" 7950
"../../../Engine/Content/EngineMaterials/Substrate/Glints2/dict_0001_0250.uasset" 7951
"../../../Engine/Content/EngineMaterials/Substrate/Glints2/dict_0001_0251.uasset" 7952
"../../../Engine/Content/EngineMaterials/Substrate/Glints2/dict_0001_0254.uasset" 7953
"../../../Engine/Content/EngineMaterials/Substrate/Glints2/dict_0001_0253.uasset" 7954
"../../../Engine/Content/EngineMaterials/Substrate/Glints2/dict_0001_0252.uasset" 7955
"../../../Engine/Content/EngineMaterials/Substrate/Glints2/dict_0001_0255.uasset" 7956
"../../../Engine/Content/EngineMaterials/Substrate/Glints2/dict_0002_0000.uasset" 7957
"../../../Engine/Content/EngineMaterials/Substrate/Glints2/dict_0002_0001.uasset" 7958
"../../../Engine/Content/EngineMaterials/Substrate/Glints2/dict_0002_0004.uasset" 7959
"../../../Engine/Content/EngineMaterials/Substrate/Glints2/dict_0002_0002.uasset" 7960
"../../../Engine/Content/EngineMaterials/Substrate/Glints2/dict_0002_0003.uasset" 7961
"../../../Engine/Content/EngineMaterials/Substrate/Glints2/dict_0002_0005.uasset" 7962
"../../../Engine/Content/EngineMaterials/Substrate/Glints2/dict_0002_0006.uasset" 7963
"../../../Engine/Content/EngineMaterials/Substrate/Glints2/dict_0002_0007.uasset" 7964
"../../../Engine/Content/EngineMaterials/Substrate/Glints2/dict_0002_0010.uasset" 7965
"../../../Engine/Content/EngineMaterials/Substrate/Glints2/dict_0002_0009.uasset" 7966
"../../../Engine/Content/EngineMaterials/Substrate/Glints2/dict_0002_0008.uasset" 7967
"../../../Engine/Content/EngineMaterials/Substrate/Glints2/dict_0002_0011.uasset" 7968
"../../../Engine/Content/EngineMaterials/Substrate/Glints2/dict_0002_0012.uasset" 7969
"../../../Engine/Content/EngineMaterials/Substrate/Glints2/dict_0002_0013.uasset" 7970
"/Engine/EngineMaterials/Substrate/Glints2/dict_0002_0013" 7971
"/Engine/EngineMaterials/Substrate/Glints2/dict_0002_0012" 7972
"/Engine/EngineMaterials/Substrate/Glints2/dict_0002_0011" 7973
"/Engine/EngineMaterials/Substrate/Glints2/dict_0002_0010" 7974
"/Engine/EngineMaterials/Substrate/Glints2/dict_0002_0009" 7975
"/Engine/EngineMaterials/Substrate/Glints2/dict_0002_0008" 7976
"/Engine/EngineMaterials/Substrate/Glints2/dict_0002_0007" 7977
"/Engine/EngineMaterials/Substrate/Glints2/dict_0002_0006" 7978
"/Engine/EngineMaterials/Substrate/Glints2/dict_0002_0005" 7979
"/Engine/EngineMaterials/Substrate/Glints2/dict_0002_0004" 7980
"/Engine/EngineMaterials/Substrate/Glints2/dict_0002_0003" 7981
"/Engine/EngineMaterials/Substrate/Glints2/dict_0002_0002" 7982
"/Engine/EngineMaterials/Substrate/Glints2/dict_0002_0001" 7983
"/Engine/EngineMaterials/Substrate/Glints2/dict_0002_0000" 7984
"/Engine/EngineMaterials/Substrate/Glints2/dict_0001_0255" 7985
"/Engine/EngineMaterials/Substrate/Glints2/dict_0001_0254" 7986
"/Engine/EngineMaterials/Substrate/Glints2/dict_0001_0253" 7987
"/Engine/EngineMaterials/Substrate/Glints2/dict_0001_0252" 7988
"/Engine/EngineMaterials/Substrate/Glints2/dict_0001_0251" 7989
"/Engine/EngineMaterials/Substrate/Glints2/dict_0001_0250" 7990
"/Engine/EngineMaterials/Substrate/Glints2/dict_0001_0249" 7991
"/Engine/EngineMaterials/Substrate/Glints2/dict_0001_0248" 7992
"/Engine/EngineMaterials/Substrate/Glints2/dict_0001_0247" 7993
"/Engine/EngineMaterials/Substrate/Glints2/dict_0001_0246" 7994
"/Engine/EngineMaterials/Substrate/Glints2/dict_0001_0245" 7995
"/Engine/EngineMaterials/Substrate/Glints2/dict_0001_0244" 7996
"/Engine/EngineMaterials/Substrate/Glints2/dict_0001_0243" 7997
"/Engine/EngineMaterials/Substrate/Glints2/dict_0001_0242" 7998
"/Engine/EngineMaterials/Substrate/Glints2/dict_0001_0241" 7999
"/Engine/EngineMaterials/Substrate/Glints2/dict_0001_0240" 8000
"/Engine/EngineMaterials/Substrate/Glints2/dict_0001_0239" 8001
"/Engine/EngineMaterials/Substrate/Glints2/dict_0001_0238" 8002
"../../../Engine/Content/EngineMaterials/Substrate/Glints2/dict_0002_0014.uasset" 8003
"../../../Engine/Content/EngineMaterials/Substrate/Glints2/dict_0002_0015.uasset" 8004
"../../../Engine/Content/EngineMaterials/Substrate/Glints2/dict_0002_0017.uasset" 8005
"../../../Engine/Content/EngineMaterials/Substrate/Glints2/dict_0002_0016.uasset" 8006
"../../../Engine/Content/EngineMaterials/Substrate/Glints2/dict_0002_0018.uasset" 8007
"../../../Engine/Content/EngineMaterials/Substrate/Glints2/dict_0002_0019.uasset" 8008
"../../../Engine/Content/EngineMaterials/Substrate/Glints2/dict_0002_0020.uasset" 8009
"../../../Engine/Content/EngineMaterials/Substrate/Glints2/dict_0002_0021.uasset" 8010
"../../../Engine/Content/EngineMaterials/Substrate/Glints2/dict_0002_0022.uasset" 8011
"../../../Engine/Content/EngineMaterials/Substrate/Glints2/dict_0002_0023.uasset" 8012
"../../../Engine/Content/EngineMaterials/Substrate/Glints2/dict_0002_0024.uasset" 8013
"../../../Engine/Content/EngineMaterials/Substrate/Glints2/dict_0002_0025.uasset" 8014
"../../../Engine/Content/EngineMaterials/Substrate/Glints2/dict_0002_0026.uasset" 8015
"../../../Engine/Content/EngineMaterials/Substrate/Glints2/dict_0002_0027.uasset" 8016
"../../../Engine/Content/EngineMaterials/Substrate/Glints2/dict_0002_0028.uasset" 8017
"../../../Engine/Content/EngineMaterials/Substrate/Glints2/dict_0002_0029.uasset" 8018
"../../../Engine/Content/EngineMaterials/Substrate/Glints2/dict_0002_0030.uasset" 8019
"../../../Engine/Content/EngineMaterials/Substrate/Glints2/dict_0002_0032.uasset" 8020
"../../../Engine/Content/EngineMaterials/Substrate/Glints2/dict_0002_0031.uasset" 8021
"../../../Engine/Content/EngineMaterials/Substrate/Glints2/dict_0002_0033.uasset" 8022
"/Engine/EngineMaterials/Substrate/Glints2/dict_0002_0030" 8023
"/Engine/EngineMaterials/Substrate/Glints2/dict_0002_0029" 8024
"../../../Engine/Content/EngineMaterials/Substrate/Glints2/dict_0002_0034.uasset" 8025
"../../../Engine/Content/EngineMaterials/Substrate/Glints2/dict_0002_0036.uasset" 8026
"/Engine/EngineMaterials/Substrate/Glints2/dict_0002_0028" 8027
"../../../Engine/Content/EngineMaterials/Substrate/Glints2/dict_0002_0037.uasset" 8028
"../../../Engine/Content/EngineMaterials/Substrate/Glints2/dict_0002_0038.uasset" 8029
"/Engine/EngineMaterials/Substrate/Glints2/dict_0002_0027" 8030
"../../../Engine/Content/EngineMaterials/Substrate/Glints2/dict_0002_0039.uasset" 8031
"/Engine/EngineMaterials/Substrate/Glints2/dict_0002_0026" 8032
"../../../Engine/Content/EngineMaterials/Substrate/Glints2/dict_0002_0040.uasset" 8033
"../../../Engine/Content/EngineMaterials/Substrate/Glints2/dict_0002_0041.uasset" 8034
"../../../Engine/Content/EngineMaterials/Substrate/Glints2/dict_0002_0042.uasset" 8035
"/Engine/EngineMaterials/Substrate/Glints2/dict_0002_0025" 8036
"../../../Engine/Content/EngineMaterials/Substrate/Glints2/dict_0002_0043.uasset" 8037
"../../../Engine/Content/EngineMaterials/Substrate/Glints2/dict_0002_0044.uasset" 8038
"../../../Engine/Content/EngineMaterials/Substrate/Glints2/dict_0002_0035.uasset" 8039
"../../../Engine/Content/EngineMaterials/Substrate/Glints2/dict_0002_0045.uasset" 8040
"/Engine/EngineMaterials/Substrate/Glints2/dict_0002_0024" 8041
"/Engine/EngineMaterials/Substrate/Glints2/dict_0002_0023" 8042
"/Engine/EngineMaterials/Substrate/Glints2/dict_0002_0022" 8043
"/Engine/EngineMaterials/Substrate/Glints2/dict_0002_0021" 8044
"/Engine/EngineMaterials/Substrate/Glints2/dict_0002_0020" 8045
"/Engine/EngineMaterials/Substrate/Glints2/dict_0002_0019" 8046
"/Engine/EngineMaterials/Substrate/Glints2/dict_0002_0018" 8047
"/Engine/EngineMaterials/Substrate/Glints2/dict_0002_0017" 8048
"/Engine/EngineMaterials/Substrate/Glints2/dict_0002_0016" 8049
"/Engine/EngineMaterials/Substrate/Glints2/dict_0002_0015" 8050
"/Engine/EngineMaterials/Substrate/Glints2/dict_0002_0014" 8051
"/Engine/EngineMaterials/Substrate/Glints2/dict_0002_0045" 8052
"../../../Engine/Content/EngineMaterials/Substrate/Glints2/dict_0002_0046.uasset" 8053
"../../../Engine/Content/EngineMaterials/Substrate/Glints2/dict_0002_0047.uasset" 8054
"../../../Engine/Content/EngineMaterials/Substrate/Glints2/dict_0002_0048.uasset" 8055
"/Engine/EngineMaterials/Substrate/Glints2/dict_0002_0044" 8056
"../../../Engine/Content/EngineMaterials/Substrate/Glints2/dict_0002_0049.uasset" 8057
"../../../Engine/Content/EngineMaterials/Substrate/Glints2/dict_0002_0050.uasset" 8058
"../../../Engine/Content/EngineMaterials/Substrate/Glints2/dict_0002_0051.uasset" 8059
"../../../Engine/Content/EngineMaterials/Substrate/Glints2/dict_0002_0052.uasset" 8060
"/Engine/EngineMaterials/Substrate/Glints2/dict_0002_0043" 8061
"../../../Engine/Content/EngineMaterials/Substrate/Glints2/dict_0002_0053.uasset" 8062
"../../../Engine/Content/EngineMaterials/Substrate/Glints2/dict_0002_0054.uasset" 8063
"../../../Engine/Content/EngineMaterials/Substrate/Glints2/dict_0002_0055.uasset" 8064
"../../../Engine/Content/EngineMaterials/Substrate/Glints2/dict_0002_0056.uasset" 8065
"/Engine/EngineMaterials/Substrate/Glints2/dict_0002_0042" 8066
"../../../Engine/Content/EngineMaterials/Substrate/Glints2/dict_0002_0057.uasset" 8067
"../../../Engine/Content/EngineMaterials/Substrate/Glints2/dict_0002_0058.uasset" 8068
"../../../Engine/Content/EngineMaterials/Substrate/Glints2/dict_0002_0059.uasset" 8069
"../../../Engine/Content/EngineMaterials/Substrate/Glints2/dict_0002_0060.uasset" 8070
"/Engine/EngineMaterials/Substrate/Glints2/dict_0002_0041" 8071
"../../../Engine/Content/EngineMaterials/Substrate/Glints2/dict_0002_0061.uasset" 8072
"../../../Engine/Content/EngineMaterials/Substrate/Glints2/dict_0002_0062.uasset" 8073
"/Engine/EngineMaterials/Substrate/Glints2/dict_0002_0040" 8074
"/Engine/EngineMaterials/Substrate/Glints2/dict_0002_0039" 8075
"/Engine/EngineMaterials/Substrate/Glints2/dict_0002_0038" 8076
"/Engine/EngineMaterials/Substrate/Glints2/dict_0002_0037" 8077
"/Engine/EngineMaterials/Substrate/Glints2/dict_0002_0036" 8078
"/Engine/EngineMaterials/Substrate/Glints2/dict_0002_0035" 8079
"/Engine/EngineMaterials/Substrate/Glints2/dict_0002_0034" 8080
"/Engine/EngineMaterials/Substrate/Glints2/dict_0002_0033" 8081
"/Engine/EngineMaterials/Substrate/Glints2/dict_0002_0032" 8082
"/Engine/EngineMaterials/Substrate/Glints2/dict_0002_0031" 8083
"/Engine/EngineMaterials/Substrate/Glints2/dict_0002_0062" 8084
"../../../Engine/Content/EngineMaterials/Substrate/Glints2/dict_0002_0064.uasset" 8085
"../../../Engine/Content/EngineMaterials/Substrate/Glints2/dict_0002_0063.uasset" 8086
"../../../Engine/Content/EngineMaterials/Substrate/Glints2/dict_0002_0065.uasset" 8087
"../../../Engine/Content/EngineMaterials/Substrate/Glints2/dict_0002_0066.uasset" 8088
"../../../Engine/Content/EngineMaterials/Substrate/Glints2/dict_0002_0067.uasset" 8089
"../../../Engine/Content/EngineMaterials/Substrate/Glints2/dict_0002_0068.uasset" 8090
"../../../Engine/Content/EngineMaterials/Substrate/Glints2/dict_0002_0070.uasset" 8091
"/Engine/EngineMaterials/Substrate/Glints2/dict_0002_0061" 8092
"../../../Engine/Content/EngineMaterials/Substrate/Glints2/dict_0002_0071.uasset" 8093
"../../../Engine/Content/EngineMaterials/Substrate/Glints2/dict_0002_0069.uasset" 8094
"/Engine/EngineMaterials/Substrate/Glints2/dict_0002_0060" 8095
"../../../Engine/Content/EngineMaterials/Substrate/Glints2/dict_0002_0072.uasset" 8096
"../../../Engine/Content/EngineMaterials/Substrate/Glints2/dict_0002_0073.uasset" 8097
"../../../Engine/Content/EngineMaterials/Substrate/Glints2/dict_0002_0074.uasset" 8098
"/Engine/EngineMaterials/Substrate/Glints2/dict_0002_0059" 8099
"/Engine/EngineMaterials/Substrate/Glints2/dict_0002_0058" 8100
"/Engine/EngineMaterials/Substrate/Glints2/dict_0002_0057" 8101
"/Engine/EngineMaterials/Substrate/Glints2/dict_0002_0056" 8102
"/Engine/EngineMaterials/Substrate/Glints2/dict_0002_0055" 8103
"/Engine/EngineMaterials/Substrate/Glints2/dict_0002_0054" 8104
"/Engine/EngineMaterials/Substrate/Glints2/dict_0002_0053" 8105
"/Engine/EngineMaterials/Substrate/Glints2/dict_0002_0052" 8106
"/Engine/EngineMaterials/Substrate/Glints2/dict_0002_0051" 8107
"/Engine/EngineMaterials/Substrate/Glints2/dict_0002_0050" 8108
"/Engine/EngineMaterials/Substrate/Glints2/dict_0002_0049" 8109
"/Engine/EngineMaterials/Substrate/Glints2/dict_0002_0048" 8110
"/Engine/EngineMaterials/Substrate/Glints2/dict_0002_0047" 8111
"/Engine/EngineMaterials/Substrate/Glints2/dict_0002_0046" 8112
"/Engine/EngineMaterials/Substrate/Glints2/dict_0002_0066" 8113
"/Engine/EngineMaterials/Substrate/Glints2/dict_0002_0065" 8114
"/Engine/EngineMaterials/Substrate/Glints2/dict_0002_0064" 8115
"../../../Engine/Content/EngineMaterials/Substrate/Glints2/dict_0002_0075.uasset" 8116
"../../../Engine/Content/EngineMaterials/Substrate/Glints2/dict_0002_0077.uasset" 8117
"../../../Engine/Content/EngineMaterials/Substrate/Glints2/dict_0002_0076.uasset" 8118
"/Engine/EngineMaterials/Substrate/Glints2/dict_0002_0074" 8119
"../../../Engine/Content/EngineMaterials/Substrate/Glints2/dict_0002_0079.uasset" 8120
"../../../Engine/Content/EngineMaterials/Substrate/Glints2/dict_0002_0084.uasset" 8121
"../../../Engine/Content/EngineMaterials/Substrate/Glints2/dict_0002_0081.uasset" 8122
"../../../Engine/Content/EngineMaterials/Substrate/Glints2/dict_0002_0085.uasset" 8123
"../../../Engine/Content/EngineMaterials/Substrate/Glints2/dict_0002_0080.uasset" 8124
"/Engine/EngineMaterials/Substrate/Glints2/dict_0002_0073" 8125
"../../../Engine/Content/EngineMaterials/Substrate/Glints2/dict_0002_0078.uasset" 8126
"../../../Engine/Content/EngineMaterials/Substrate/Glints2/dict_0002_0082.uasset" 8127
"../../../Engine/Content/EngineMaterials/Substrate/Glints2/dict_0002_0083.uasset" 8128
"../../../Engine/Content/EngineMaterials/Substrate/Glints2/dict_0002_0086.uasset" 8129
"/Engine/EngineMaterials/Substrate/Glints2/dict_0002_0072" 8130
"../../../Engine/Content/EngineMaterials/Substrate/Glints2/dict_0002_0087.uasset" 8131
"/Engine/EngineMaterials/Substrate/Glints2/dict_0002_0071" 8132
"../../../Engine/Content/EngineMaterials/Substrate/Glints2/dict_0002_0089.uasset" 8133
"/Engine/EngineMaterials/Substrate/Glints2/dict_0002_0070" 8134
"../../../Engine/Content/EngineMaterials/Substrate/Glints2/dict_0002_0095.uasset" 8135
"/Engine/EngineMaterials/Substrate/Glints2/dict_0002_0069" 8136
"../../../Engine/Content/EngineMaterials/Substrate/Glints2/dict_0002_0091.uasset" 8137
"../../../Engine/Content/EngineMaterials/Substrate/Glints2/dict_0002_0097.uasset" 8138
"../../../Engine/Content/EngineMaterials/Substrate/Glints2/dict_0002_0094.uasset" 8139
"../../../Engine/Content/EngineMaterials/Substrate/Glints2/dict_0002_0096.uasset" 8140
"../../../Engine/Content/EngineMaterials/Substrate/Glints2/dict_0002_0092.uasset" 8141
"/Engine/EngineMaterials/Substrate/Glints2/dict_0002_0068" 8142
"../../../Engine/Content/EngineMaterials/Substrate/Glints2/dict_0002_0090.uasset" 8143
"../../../Engine/Content/EngineMaterials/Substrate/Glints2/dict_0002_0088.uasset" 8144
"/Engine/EngineMaterials/Substrate/Glints2/dict_0002_0067" 8145
"../../../Engine/Content/EngineMaterials/Substrate/Glints2/dict_0002_0093.uasset" 8146
"/Engine/EngineMaterials/Substrate/Glints2/dict_0002_0063" 8147
"/Engine/EngineMaterials/Substrate/Glints2/dict_0002_0077" 8148
"../../../Engine/Content/EngineMaterials/Substrate/Glints2/dict_0002_0098.uasset" 8149
"../../../Engine/Content/EngineMaterials/Substrate/Glints2/dict_0002_0099.uasset" 8150
"../../../Engine/Content/EngineMaterials/Substrate/Glints2/dict_0002_0102.uasset" 8151
"../../../Engine/Content/EngineMaterials/Substrate/Glints2/dict_0002_0100.uasset" 8152
"/Engine/EngineMaterials/Substrate/Glints2/dict_0002_0076" 8153
"../../../Engine/Content/EngineMaterials/Substrate/Glints2/dict_0002_0103.uasset" 8154
"../../../Engine/Content/EngineMaterials/Substrate/Glints2/dict_0002_0101.uasset" 8155
"../../../Engine/Content/EngineMaterials/Substrate/Glints2/dict_0002_0104.uasset" 8156
"../../../Engine/Content/EngineMaterials/Substrate/Glints2/dict_0002_0106.uasset" 8157
"../../../Engine/Content/EngineMaterials/Substrate/Glints2/dict_0002_0105.uasset" 8158
"/Engine/EngineMaterials/Substrate/Glints2/dict_0002_0075" 8159
"/Engine/EngineMaterials/Substrate/Glints2/dict_0002_0097" 8160
"/Engine/EngineMaterials/Substrate/Glints2/dict_0002_0096" 8161
"/Engine/EngineMaterials/Substrate/Glints2/dict_0002_0095" 8162
"/Engine/EngineMaterials/Substrate/Glints2/dict_0002_0094" 8163
"/Engine/EngineMaterials/Substrate/Glints2/dict_0002_0093" 8164
"/Engine/EngineMaterials/Substrate/Glints2/dict_0002_0092" 8165
"/Engine/EngineMaterials/Substrate/Glints2/dict_0002_0091" 8166
"/Engine/EngineMaterials/Substrate/Glints2/dict_0002_0090" 8167
"/Engine/EngineMaterials/Substrate/Glints2/dict_0002_0089" 8168
"/Engine/EngineMaterials/Substrate/Glints2/dict_0002_0088" 8169
"/Engine/EngineMaterials/Substrate/Glints2/dict_0002_0087" 8170
"/Engine/EngineMaterials/Substrate/Glints2/dict_0002_0086" 8171
"/Engine/EngineMaterials/Substrate/Glints2/dict_0002_0085" 8172
"/Engine/EngineMaterials/Substrate/Glints2/dict_0002_0084" 8173
"/Engine/EngineMaterials/Substrate/Glints2/dict_0002_0083" 8174
"/Engine/EngineMaterials/Substrate/Glints2/dict_0002_0082" 8175
"/Engine/EngineMaterials/Substrate/Glints2/dict_0002_0081" 8176
"/Engine/EngineMaterials/Substrate/Glints2/dict_0002_0080" 8177
"/Engine/EngineMaterials/Substrate/Glints2/dict_0002_0079" 8178
"/Engine/EngineMaterials/Substrate/Glints2/dict_0002_0078" 8179
"/Engine/EngineMaterials/Substrate/Glints2/dict_0002_0106" 8180
"../../../Engine/Content/EngineMaterials/Substrate/Glints2/dict_0002_0109.uasset" 8181
"../../../Engine/Content/EngineMaterials/Substrate/Glints2/dict_0002_0107.uasset" 8182
"../../../Engine/Content/EngineMaterials/Substrate/Glints2/dict_0002_0108.uasset" 8183
"../../../Engine/Content/EngineMaterials/Substrate/Glints2/dict_0002_0110.uasset" 8184
"../../../Engine/Content/EngineMaterials/Substrate/Glints2/dict_0002_0112.uasset" 8185
"../../../Engine/Content/EngineMaterials/Substrate/Glints2/dict_0002_0114.uasset" 8186
"../../../Engine/Content/EngineMaterials/Substrate/Glints2/dict_0002_0115.uasset" 8187
"/Engine/EngineMaterials/Substrate/Glints2/dict_0002_0105" 8188
"../../../Engine/Content/EngineMaterials/Substrate/Glints2/dict_0002_0116.uasset" 8189
"../../../Engine/Content/EngineMaterials/Substrate/Glints2/dict_0002_0111.uasset" 8190
"/Engine/EngineMaterials/Substrate/Glints2/dict_0002_0104" 8191
"../../../Engine/Content/EngineMaterials/Substrate/Glints2/dict_0002_0119.uasset" 8192
"../../../Engine/Content/EngineMaterials/Substrate/Glints2/dict_0002_0120.uasset" 8193
"../../../Engine/Content/EngineMaterials/Substrate/Glints2/dict_0002_0124.uasset" 8194
"../../../Engine/Content/EngineMaterials/Substrate/Glints2/dict_0002_0121.uasset" 8195
"../../../Engine/Content/EngineMaterials/Substrate/Glints2/dict_0002_0117.uasset" 8196
"../../../Engine/Content/EngineMaterials/Substrate/Glints2/dict_0002_0125.uasset" 8197
"/Engine/EngineMaterials/Substrate/Glints2/dict_0002_0103" 8198
"../../../Engine/Content/EngineMaterials/Substrate/Glints2/dict_0002_0118.uasset" 8199
"../../../Engine/Content/EngineMaterials/Substrate/Glints2/dict_0002_0122.uasset" 8200
"../../../Engine/Content/EngineMaterials/Substrate/Glints2/dict_0002_0123.uasset" 8201
"/Engine/EngineMaterials/Substrate/Glints2/dict_0002_0102" 8202
"../../../Engine/Content/EngineMaterials/Substrate/Glints2/dict_0002_0126.uasset" 8203
"../../../Engine/Content/EngineMaterials/Substrate/Glints2/dict_0002_0128.uasset" 8204
"../../../Engine/Content/EngineMaterials/Substrate/Glints2/dict_0002_0127.uasset" 8205
"../../../Engine/Content/EngineMaterials/Substrate/Glints2/dict_0002_0129.uasset" 8206
"/Engine/EngineMaterials/Substrate/Glints2/dict_0002_0101" 8207
"../../../Engine/Content/EngineMaterials/Substrate/Glints2/dict_0002_0113.uasset" 8208
"/Engine/EngineMaterials/Substrate/Glints2/dict_0002_0100" 8209
"/Engine/EngineMaterials/Substrate/Glints2/dict_0002_0099" 8210
"/Engine/EngineMaterials/Substrate/Glints2/dict_0002_0098" 8211
"/Engine/EngineMaterials/Substrate/Glints2/dict_0002_0129" 8212
"../../../Engine/Content/EngineMaterials/Substrate/Glints2/dict_0002_0130.uasset" 8213
"/Engine/EngineMaterials/Substrate/Glints2/dict_0002_0128" 8214
"../../../Engine/Content/EngineMaterials/Substrate/Glints2/dict_0002_0133.uasset" 8215
"/Engine/EngineMaterials/Substrate/Glints2/dict_0002_0127" 8216
"../../../Engine/Content/EngineMaterials/Substrate/Glints2/dict_0002_0135.uasset" 8217
"../../../Engine/Content/EngineMaterials/Substrate/Glints2/dict_0002_0134.uasset" 8218
"../../../Engine/Content/EngineMaterials/Substrate/Glints2/dict_0002_0131.uasset" 8219
"../../../Engine/Content/EngineMaterials/Substrate/Glints2/dict_0002_0132.uasset" 8220
"/Engine/EngineMaterials/Substrate/Glints2/dict_0002_0126" 8221
"../../../Engine/Content/EngineMaterials/Substrate/Glints2/dict_0002_0136.uasset" 8222
"/Engine/EngineMaterials/Substrate/Glints2/dict_0002_0125" 8223
"../../../Engine/Content/EngineMaterials/Substrate/Glints2/dict_0002_0138.uasset" 8224
"../../../Engine/Content/EngineMaterials/Substrate/Glints2/dict_0002_0137.uasset" 8225
"/Engine/EngineMaterials/Substrate/Glints2/dict_0002_0124" 8226
"/Engine/EngineMaterials/Substrate/Glints2/dict_0002_0123" 8227
"/Engine/EngineMaterials/Substrate/Glints2/dict_0002_0122" 8228
"/Engine/EngineMaterials/Substrate/Glints2/dict_0002_0121" 8229
"/Engine/EngineMaterials/Substrate/Glints2/dict_0002_0120" 8230
"/Engine/EngineMaterials/Substrate/Glints2/dict_0002_0119" 8231
"/Engine/EngineMaterials/Substrate/Glints2/dict_0002_0118" 8232
"/Engine/EngineMaterials/Substrate/Glints2/dict_0002_0117" 8233
"/Engine/EngineMaterials/Substrate/Glints2/dict_0002_0116" 8234
"/Engine/EngineMaterials/Substrate/Glints2/dict_0002_0115" 8235
"/Engine/EngineMaterials/Substrate/Glints2/dict_0002_0114" 8236
"/Engine/EngineMaterials/Substrate/Glints2/dict_0002_0113" 8237
"/Engine/EngineMaterials/Substrate/Glints2/dict_0002_0112" 8238
"/Engine/EngineMaterials/Substrate/Glints2/dict_0002_0111" 8239
"/Engine/EngineMaterials/Substrate/Glints2/dict_0002_0110" 8240
"/Engine/EngineMaterials/Substrate/Glints2/dict_0002_0109" 8241
"/Engine/EngineMaterials/Substrate/Glints2/dict_0002_0108" 8242
"/Engine/EngineMaterials/Substrate/Glints2/dict_0002_0107" 8243
"/Engine/EngineMaterials/Substrate/Glints2/dict_0002_0138" 8244
"../../../Engine/Content/EngineMaterials/Substrate/Glints2/dict_0002_0140.uasset" 8245
"/Engine/EngineMaterials/Substrate/Glints2/dict_0002_0137" 8246
"../../../Engine/Content/EngineMaterials/Substrate/Glints2/dict_0002_0141.uasset" 8247
"../../../Engine/Content/EngineMaterials/Substrate/Glints2/dict_0002_0145.uasset" 8248
"../../../Engine/Content/EngineMaterials/Substrate/Glints2/dict_0002_0144.uasset" 8249
"../../../Engine/Content/EngineMaterials/Substrate/Glints2/dict_0002_0142.uasset" 8250
"../../../Engine/Content/EngineMaterials/Substrate/Glints2/dict_0002_0143.uasset" 8251
"../../../Engine/Content/EngineMaterials/Substrate/Glints2/dict_0002_0139.uasset" 8252
"/Engine/EngineMaterials/Substrate/Glints2/dict_0002_0136" 8253
"../../../Engine/Content/EngineMaterials/Substrate/Glints2/dict_0002_0146.uasset" 8254
"/Engine/EngineMaterials/Substrate/Glints2/dict_0002_0135" 8255
"/Engine/EngineMaterials/Substrate/Glints2/dict_0002_0134" 8256
"/Engine/EngineMaterials/Substrate/Glints2/dict_0002_0133" 8257
"/Engine/EngineMaterials/Substrate/Glints2/dict_0002_0132" 8258
"/Engine/EngineMaterials/Substrate/Glints2/dict_0002_0131" 8259
"/Engine/EngineMaterials/Substrate/Glints2/dict_0002_0130" 8260
"../../../Engine/Content/EngineMaterials/Substrate/Glints2/dict_0002_0148.uasset" 8261
"../../../Engine/Content/EngineMaterials/Substrate/Glints2/dict_0002_0154.uasset" 8262
"../../../Engine/Content/EngineMaterials/Substrate/Glints2/dict_0002_0151.uasset" 8263
"../../../Engine/Content/EngineMaterials/Substrate/Glints2/dict_0002_0149.uasset" 8264
"../../../Engine/Content/EngineMaterials/Substrate/Glints2/dict_0002_0150.uasset" 8265
"../../../Engine/Content/EngineMaterials/Substrate/Glints2/dict_0002_0147.uasset" 8266
"../../../Engine/Content/EngineMaterials/Substrate/Glints2/dict_0002_0152.uasset" 8267
"../../../Engine/Content/EngineMaterials/Substrate/Glints2/dict_0002_0153.uasset" 8268
"../../../Engine/Content/EngineMaterials/Substrate/Glints2/dict_0002_0156.uasset" 8269
"../../../Engine/Content/EngineMaterials/Substrate/Glints2/dict_0002_0155.uasset" 8270
"../../../Engine/Content/EngineMaterials/Substrate/Glints2/dict_0002_0157.uasset" 8271
"../../../Engine/Content/EngineMaterials/Substrate/Glints2/dict_0002_0158.uasset" 8272
"../../../Engine/Content/EngineMaterials/Substrate/Glints2/dict_0002_0160.uasset" 8273
"../../../Engine/Content/EngineMaterials/Substrate/Glints2/dict_0002_0161.uasset" 8274
"../../../Engine/Content/EngineMaterials/Substrate/Glints2/dict_0002_0162.uasset" 8275
"../../../Engine/Content/EngineMaterials/Substrate/Glints2/dict_0002_0163.uasset" 8276
"../../../Engine/Content/EngineMaterials/Substrate/Glints2/dict_0002_0164.uasset" 8277
"../../../Engine/Content/EngineMaterials/Substrate/Glints2/dict_0002_0159.uasset" 8278
"../../../Engine/Content/EngineMaterials/Substrate/Glints2/dict_0002_0167.uasset" 8279
"../../../Engine/Content/EngineMaterials/Substrate/Glints2/dict_0002_0165.uasset" 8280
"../../../Engine/Content/EngineMaterials/Substrate/Glints2/dict_0002_0168.uasset" 8281
"../../../Engine/Content/EngineMaterials/Substrate/Glints2/dict_0002_0166.uasset" 8282
"../../../Engine/Content/EngineMaterials/Substrate/Glints2/dict_0002_0169.uasset" 8283
"../../../Engine/Content/EngineMaterials/Substrate/Glints2/dict_0002_0170.uasset" 8284
"/Engine/EngineMaterials/Substrate/Glints2/dict_0002_0161" 8285
"/Engine/EngineMaterials/Substrate/Glints2/dict_0002_0160" 8286
"/Engine/EngineMaterials/Substrate/Glints2/dict_0002_0163" 8287
"/Engine/EngineMaterials/Substrate/Glints2/dict_0002_0158" 8288
"/Engine/EngineMaterials/Substrate/Glints2/dict_0002_0157" 8289
"/Engine/EngineMaterials/Substrate/Glints2/dict_0002_0156" 8290
"/Engine/EngineMaterials/Substrate/Glints2/dict_0002_0162" 8291
"/Engine/EngineMaterials/Substrate/Glints2/dict_0002_0155" 8292
"/Engine/EngineMaterials/Substrate/Glints2/dict_0002_0154" 8293
"/Engine/EngineMaterials/Substrate/Glints2/dict_0002_0153" 8294
"/Engine/EngineMaterials/Substrate/Glints2/dict_0002_0152" 8295
"/Engine/EngineMaterials/Substrate/Glints2/dict_0002_0151" 8296
"/Engine/EngineMaterials/Substrate/Glints2/dict_0002_0150" 8297
"/Engine/EngineMaterials/Substrate/Glints2/dict_0002_0149" 8298
"/Engine/EngineMaterials/Substrate/Glints2/dict_0002_0148" 8299
"/Engine/EngineMaterials/Substrate/Glints2/dict_0002_0147" 8300
"/Engine/EngineMaterials/Substrate/Glints2/dict_0002_0146" 8301
"/Engine/EngineMaterials/Substrate/Glints2/dict_0002_0145" 8302
"/Engine/EngineMaterials/Substrate/Glints2/dict_0002_0144" 8303
"/Engine/EngineMaterials/Substrate/Glints2/dict_0002_0143" 8304
"/Engine/EngineMaterials/Substrate/Glints2/dict_0002_0142" 8305
"/Engine/EngineMaterials/Substrate/Glints2/dict_0002_0141" 8306
"/Engine/EngineMaterials/Substrate/Glints2/dict_0002_0140" 8307
"/Engine/EngineMaterials/Substrate/Glints2/dict_0002_0139" 8308
"../../../Engine/Content/EngineMaterials/Substrate/Glints2/dict_0002_0171.uasset" 8309
"../../../Engine/Content/EngineMaterials/Substrate/Glints2/dict_0002_0172.uasset" 8310
"../../../Engine/Content/EngineMaterials/Substrate/Glints2/dict_0002_0174.uasset" 8311
"../../../Engine/Content/EngineMaterials/Substrate/Glints2/dict_0002_0178.uasset" 8312
"../../../Engine/Content/EngineMaterials/Substrate/Glints2/dict_0002_0175.uasset" 8313
"../../../Engine/Content/EngineMaterials/Substrate/Glints2/dict_0002_0176.uasset" 8314
"../../../Engine/Content/EngineMaterials/Substrate/Glints2/dict_0002_0173.uasset" 8315
"../../../Engine/Content/EngineMaterials/Substrate/Glints2/dict_0002_0180.uasset" 8316
"../../../Engine/Content/EngineMaterials/Substrate/Glints2/dict_0002_0179.uasset" 8317
"../../../Engine/Content/EngineMaterials/Substrate/Glints2/dict_0002_0177.uasset" 8318
"../../../Engine/Content/EngineMaterials/Substrate/Glints2/dict_0002_0181.uasset" 8319
"../../../Engine/Content/EngineMaterials/Substrate/Glints2/dict_0002_0183.uasset" 8320
"../../../Engine/Content/EngineMaterials/Substrate/Glints2/dict_0002_0185.uasset" 8321
"../../../Engine/Content/EngineMaterials/Substrate/Glints2/dict_0002_0184.uasset" 8322
"../../../Engine/Content/EngineMaterials/Substrate/Glints2/dict_0002_0186.uasset" 8323
"../../../Engine/Content/EngineMaterials/Substrate/Glints2/dict_0002_0189.uasset" 8324
"../../../Engine/Content/EngineMaterials/Substrate/Glints2/dict_0002_0187.uasset" 8325
"../../../Engine/Content/EngineMaterials/Substrate/Glints2/dict_0002_0188.uasset" 8326
"../../../Engine/Content/EngineMaterials/Substrate/Glints2/dict_0002_0192.uasset" 8327
"../../../Engine/Content/EngineMaterials/Substrate/Glints2/dict_0002_0191.uasset" 8328
"../../../Engine/Content/EngineMaterials/Substrate/Glints2/dict_0002_0193.uasset" 8329
"../../../Engine/Content/EngineMaterials/Substrate/Glints2/dict_0002_0190.uasset" 8330
"../../../Engine/Content/EngineMaterials/Substrate/Glints2/dict_0002_0194.uasset" 8331
"../../../Engine/Content/EngineMaterials/Substrate/Glints2/dict_0002_0182.uasset" 8332
"/Engine/EngineMaterials/Substrate/Glints2/dict_0002_0194" 8333
"/Engine/EngineMaterials/Substrate/Glints2/dict_0002_0193" 8334
"/Engine/EngineMaterials/Substrate/Glints2/dict_0002_0159" 8335
"/Engine/EngineMaterials/Substrate/Glints2/dict_0002_0170" 8336
"/Engine/EngineMaterials/Substrate/Glints2/dict_0002_0169" 8337
"/Engine/EngineMaterials/Substrate/Glints2/dict_0002_0168" 8338
"/Engine/EngineMaterials/Substrate/Glints2/dict_0002_0167" 8339
"/Engine/EngineMaterials/Substrate/Glints2/dict_0002_0166" 8340
"/Engine/EngineMaterials/Substrate/Glints2/dict_0002_0165" 8341
"/Engine/EngineMaterials/Substrate/Glints2/dict_0002_0164" 8342
"/Engine/EngineMaterials/Substrate/Glints2/dict_0002_0192" 8343
"/Engine/EngineMaterials/Substrate/Glints2/dict_0002_0191" 8344
"/Engine/EngineMaterials/Substrate/Glints2/dict_0002_0190" 8345
"/Engine/EngineMaterials/Substrate/Glints2/dict_0002_0189" 8346
"/Engine/EngineMaterials/Substrate/Glints2/dict_0002_0188" 8347
"/Engine/EngineMaterials/Substrate/Glints2/dict_0002_0187" 8348
"/Engine/EngineMaterials/Substrate/Glints2/dict_0002_0186" 8349
"/Engine/EngineMaterials/Substrate/Glints2/dict_0002_0185" 8350
"/Engine/EngineMaterials/Substrate/Glints2/dict_0002_0184" 8351
"/Engine/EngineMaterials/Substrate/Glints2/dict_0002_0183" 8352
"/Engine/EngineMaterials/Substrate/Glints2/dict_0002_0182" 8353
"/Engine/EngineMaterials/Substrate/Glints2/dict_0002_0181" 8354
"/Engine/EngineMaterials/Substrate/Glints2/dict_0002_0180" 8355
"/Engine/EngineMaterials/Substrate/Glints2/dict_0002_0179" 8356
"/Engine/EngineMaterials/Substrate/Glints2/dict_0002_0178" 8357
"/Engine/EngineMaterials/Substrate/Glints2/dict_0002_0177" 8358
"/Engine/EngineMaterials/Substrate/Glints2/dict_0002_0176" 8359
"/Engine/EngineMaterials/Substrate/Glints2/dict_0002_0175" 8360
"/Engine/EngineMaterials/Substrate/Glints2/dict_0002_0174" 8361
"/Engine/EngineMaterials/Substrate/Glints2/dict_0002_0173" 8362
"/Engine/EngineMaterials/Substrate/Glints2/dict_0002_0172" 8363
"/Engine/EngineMaterials/Substrate/Glints2/dict_0002_0171" 8364
"../../../Engine/Content/EngineMaterials/Substrate/Glints2/dict_0002_0195.uasset" 8365
"../../../Engine/Content/EngineMaterials/Substrate/Glints2/dict_0002_0196.uasset" 8366
"../../../Engine/Content/EngineMaterials/Substrate/Glints2/dict_0002_0197.uasset" 8367
"../../../Engine/Content/EngineMaterials/Substrate/Glints2/dict_0002_0198.uasset" 8368
"../../../Engine/Content/EngineMaterials/Substrate/Glints2/dict_0002_0199.uasset" 8369
"../../../Engine/Content/EngineMaterials/Substrate/Glints2/dict_0002_0200.uasset" 8370
"../../../Engine/Content/EngineMaterials/Substrate/Glints2/dict_0002_0202.uasset" 8371
"../../../Engine/Content/EngineMaterials/Substrate/Glints2/dict_0002_0203.uasset" 8372
"../../../Engine/Content/EngineMaterials/Substrate/Glints2/dict_0002_0201.uasset" 8373
"../../../Engine/Content/EngineMaterials/Substrate/Glints2/dict_0002_0206.uasset" 8374
"../../../Engine/Content/EngineMaterials/Substrate/Glints2/dict_0002_0205.uasset" 8375
"../../../Engine/Content/EngineMaterials/Substrate/Glints2/dict_0002_0204.uasset" 8376
"../../../Engine/Content/EngineMaterials/Substrate/Glints2/dict_0002_0208.uasset" 8377
"../../../Engine/Content/EngineMaterials/Substrate/Glints2/dict_0002_0207.uasset" 8378
"../../../Engine/Content/EngineMaterials/Substrate/Glints2/dict_0002_0209.uasset" 8379
"../../../Engine/Content/EngineMaterials/Substrate/Glints2/dict_0002_0210.uasset" 8380
"../../../Engine/Content/EngineMaterials/Substrate/Glints2/dict_0002_0211.uasset" 8381
"../../../Engine/Content/EngineMaterials/Substrate/Glints2/dict_0002_0212.uasset" 8382
"../../../Engine/Content/EngineMaterials/Substrate/Glints2/dict_0002_0213.uasset" 8383
"../../../Engine/Content/EngineMaterials/Substrate/Glints2/dict_0002_0214.uasset" 8384
"../../../Engine/Content/EngineMaterials/Substrate/Glints2/dict_0002_0216.uasset" 8385
"../../../Engine/Content/EngineMaterials/Substrate/Glints2/dict_0002_0215.uasset" 8386
"../../../Engine/Content/EngineMaterials/Substrate/Glints2/dict_0002_0217.uasset" 8387
"../../../Engine/Content/EngineMaterials/Substrate/Glints2/dict_0002_0218.uasset" 8388
"../../../Engine/Content/EngineMaterials/Substrate/Glints2/dict_0002_0219.uasset" 8389
"../../../Engine/Content/EngineMaterials/Substrate/Glints2/dict_0002_0220.uasset" 8390
"../../../Engine/Content/EngineMaterials/Substrate/Glints2/dict_0002_0221.uasset" 8391
"../../../Engine/Content/EngineMaterials/Substrate/Glints2/dict_0002_0222.uasset" 8392
"../../../Engine/Content/EngineMaterials/Substrate/Glints2/dict_0002_0223.uasset" 8393
"../../../Engine/Content/EngineMaterials/Substrate/Glints2/dict_0002_0224.uasset" 8394
"../../../Engine/Content/EngineMaterials/Substrate/Glints2/dict_0002_0225.uasset" 8395
"../../../Engine/Content/EngineMaterials/Substrate/Glints2/dict_0002_0226.uasset" 8396
"/Engine/EngineMaterials/Substrate/Glints2/dict_0002_0226" 8397
"/Engine/EngineMaterials/Substrate/Glints2/dict_0002_0225" 8398
"/Engine/EngineMaterials/Substrate/Glints2/dict_0002_0224" 8399
"/Engine/EngineMaterials/Substrate/Glints2/dict_0002_0223" 8400
"/Engine/EngineMaterials/Substrate/Glints2/dict_0002_0222" 8401
"/Engine/EngineMaterials/Substrate/Glints2/dict_0002_0221" 8402
"/Engine/EngineMaterials/Substrate/Glints2/dict_0002_0220" 8403
"/Engine/EngineMaterials/Substrate/Glints2/dict_0002_0219" 8404
"/Engine/EngineMaterials/Substrate/Glints2/dict_0002_0218" 8405
"/Engine/EngineMaterials/Substrate/Glints2/dict_0002_0217" 8406
"/Engine/EngineMaterials/Substrate/Glints2/dict_0002_0216" 8407
"/Engine/EngineMaterials/Substrate/Glints2/dict_0002_0215" 8408
"/Engine/EngineMaterials/Substrate/Glints2/dict_0002_0214" 8409
"/Engine/EngineMaterials/Substrate/Glints2/dict_0002_0213" 8410
"/Engine/EngineMaterials/Substrate/Glints2/dict_0002_0212" 8411
"/Engine/EngineMaterials/Substrate/Glints2/dict_0002_0211" 8412
"/Engine/EngineMaterials/Substrate/Glints2/dict_0002_0210" 8413
"/Engine/EngineMaterials/Substrate/Glints2/dict_0002_0209" 8414
"/Engine/EngineMaterials/Substrate/Glints2/dict_0002_0208" 8415
"/Engine/EngineMaterials/Substrate/Glints2/dict_0002_0207" 8416
"/Engine/EngineMaterials/Substrate/Glints2/dict_0002_0206" 8417
"/Engine/EngineMaterials/Substrate/Glints2/dict_0002_0205" 8418
"/Engine/EngineMaterials/Substrate/Glints2/dict_0002_0204" 8419
"/Engine/EngineMaterials/Substrate/Glints2/dict_0002_0203" 8420
"/Engine/EngineMaterials/Substrate/Glints2/dict_0002_0202" 8421
"/Engine/EngineMaterials/Substrate/Glints2/dict_0002_0201" 8422
"/Engine/EngineMaterials/Substrate/Glints2/dict_0002_0200" 8423
"/Engine/EngineMaterials/Substrate/Glints2/dict_0002_0199" 8424
"/Engine/EngineMaterials/Substrate/Glints2/dict_0002_0198" 8425
"/Engine/EngineMaterials/Substrate/Glints2/dict_0002_0197" 8426
"/Engine/EngineMaterials/Substrate/Glints2/dict_0002_0196" 8427
"/Engine/EngineMaterials/Substrate/Glints2/dict_0002_0195" 8428
"../../../Engine/Content/EngineMaterials/Substrate/Glints2/dict_0002_0229.uasset" 8429
"../../../Engine/Content/EngineMaterials/Substrate/Glints2/dict_0002_0228.uasset" 8430
"../../../Engine/Content/EngineMaterials/Substrate/Glints2/dict_0002_0231.uasset" 8431
"../../../Engine/Content/EngineMaterials/Substrate/Glints2/dict_0002_0230.uasset" 8432
"../../../Engine/Content/EngineMaterials/Substrate/Glints2/dict_0002_0232.uasset" 8433
"../../../Engine/Content/EngineMaterials/Substrate/Glints2/dict_0002_0227.uasset" 8434
"../../../Engine/Content/EngineMaterials/Substrate/Glints2/dict_0002_0233.uasset" 8435
"../../../Engine/Content/EngineMaterials/Substrate/Glints2/dict_0002_0235.uasset" 8436
"../../../Engine/Content/EngineMaterials/Substrate/Glints2/dict_0002_0236.uasset" 8437
"../../../Engine/Content/EngineMaterials/Substrate/Glints2/dict_0002_0237.uasset" 8438
"../../../Engine/Content/EngineMaterials/Substrate/Glints2/dict_0002_0234.uasset" 8439
"../../../Engine/Content/EngineMaterials/Substrate/Glints2/dict_0002_0238.uasset" 8440
"../../../Engine/Content/EngineMaterials/Substrate/Glints2/dict_0002_0239.uasset" 8441
"../../../Engine/Content/EngineMaterials/Substrate/Glints2/dict_0002_0240.uasset" 8442
"../../../Engine/Content/EngineMaterials/Substrate/Glints2/dict_0002_0241.uasset" 8443
"../../../Engine/Content/EngineMaterials/Substrate/Glints2/dict_0002_0244.uasset" 8444
"../../../Engine/Content/EngineMaterials/Substrate/Glints2/dict_0002_0243.uasset" 8445
"../../../Engine/Content/EngineMaterials/Substrate/Glints2/dict_0002_0242.uasset" 8446
"../../../Engine/Content/EngineMaterials/Substrate/Glints2/dict_0002_0245.uasset" 8447
"/Engine/EngineMaterials/Substrate/Glints2/dict_0002_0231" 8448
"/Engine/EngineMaterials/Substrate/Glints2/dict_0002_0230" 8449
"/Engine/EngineMaterials/Substrate/Glints2/dict_0002_0229" 8450
"/Engine/EngineMaterials/Substrate/Glints2/dict_0002_0228" 8451
"/Engine/EngineMaterials/Substrate/Glints2/dict_0002_0227" 8452
"/Engine/EngineMaterials/Substrate/Glints2/dict_0002_0238" 8453
"/Engine/EngineMaterials/Substrate/Glints2/dict_0002_0237" 8454
"/Engine/EngineMaterials/Substrate/Glints2/dict_0002_0236" 8455
"/Engine/EngineMaterials/Substrate/Glints2/dict_0002_0235" 8456
"/Engine/EngineMaterials/Substrate/Glints2/dict_0002_0234" 8457
"/Engine/EngineMaterials/Substrate/Glints2/dict_0002_0233" 8458
"/Engine/EngineMaterials/Substrate/Glints2/dict_0002_0232" 8459
"../../../Engine/Content/EngineMaterials/Substrate/Glints2/dict_0002_0246.uasset" 8460
"../../../Engine/Content/EngineMaterials/Substrate/Glints2/dict_0002_0248.uasset" 8461
"../../../Engine/Content/EngineMaterials/Substrate/Glints2/dict_0002_0250.uasset" 8462
"../../../Engine/Content/EngineMaterials/Substrate/Glints2/dict_0002_0247.uasset" 8463
"../../../Engine/Content/EngineMaterials/Substrate/Glints2/dict_0002_0251.uasset" 8464
"../../../Engine/Content/EngineMaterials/Substrate/Glints2/dict_0002_0252.uasset" 8465
"../../../Engine/Content/EngineMaterials/Substrate/Glints2/dict_0002_0249.uasset" 8466
"../../../Engine/Content/EngineMaterials/Substrate/Glints2/dict_0002_0253.uasset" 8467
"../../../Engine/Content/EngineMaterials/Substrate/Glints2/dict_0002_0254.uasset" 8468
"../../../Engine/Content/EngineMaterials/Substrate/Glints2/dict_0002_0255.uasset" 8469
"../../../Engine/Content/EngineMaterials/Substrate/Glints2/dict_0003_0000.uasset" 8470
"../../../Engine/Content/EngineMaterials/Substrate/Glints2/dict_0003_0001.uasset" 8471
"../../../Engine/Content/EngineMaterials/Substrate/Glints2/dict_0003_0002.uasset" 8472
"../../../Engine/Content/EngineMaterials/Substrate/Glints2/dict_0003_0003.uasset" 8473
"../../../Engine/Content/EngineMaterials/Substrate/Glints2/dict_0003_0004.uasset" 8474
"../../../Engine/Content/EngineMaterials/Substrate/Glints2/dict_0003_0005.uasset" 8475
"../../../Engine/Content/EngineMaterials/Substrate/Glints2/dict_0003_0006.uasset" 8476
"../../../Engine/Content/EngineMaterials/Substrate/Glints2/dict_0003_0007.uasset" 8477
"../../../Engine/Content/EngineMaterials/Substrate/Glints2/dict_0003_0009.uasset" 8478
"../../../Engine/Content/EngineMaterials/Substrate/Glints2/dict_0003_0008.uasset" 8479
"/Engine/EngineMaterials/Substrate/Glints2/dict_0003_0002" 8480
"/Engine/EngineMaterials/Substrate/Glints2/dict_0003_0001" 8481
"/Engine/EngineMaterials/Substrate/Glints2/dict_0003_0000" 8482
"/Engine/EngineMaterials/Substrate/Glints2/dict_0002_0255" 8483
"/Engine/EngineMaterials/Substrate/Glints2/dict_0002_0254" 8484
"/Engine/EngineMaterials/Substrate/Glints2/dict_0002_0253" 8485
"/Engine/EngineMaterials/Substrate/Glints2/dict_0002_0252" 8486
"/Engine/EngineMaterials/Substrate/Glints2/dict_0002_0251" 8487
"/Engine/EngineMaterials/Substrate/Glints2/dict_0002_0250" 8488
"/Engine/EngineMaterials/Substrate/Glints2/dict_0002_0249" 8489
"/Engine/EngineMaterials/Substrate/Glints2/dict_0002_0248" 8490
"/Engine/EngineMaterials/Substrate/Glints2/dict_0002_0247" 8491
"/Engine/EngineMaterials/Substrate/Glints2/dict_0002_0246" 8492
"/Engine/EngineMaterials/Substrate/Glints2/dict_0002_0245" 8493
"/Engine/EngineMaterials/Substrate/Glints2/dict_0002_0244" 8494
"/Engine/EngineMaterials/Substrate/Glints2/dict_0002_0243" 8495
"/Engine/EngineMaterials/Substrate/Glints2/dict_0002_0242" 8496
"/Engine/EngineMaterials/Substrate/Glints2/dict_0002_0241" 8497
"/Engine/EngineMaterials/Substrate/Glints2/dict_0002_0240" 8498
"/Engine/EngineMaterials/Substrate/Glints2/dict_0002_0239" 8499
"../../../Engine/Content/EngineMaterials/Substrate/Glints2/dict_0003_0013.uasset" 8500
"../../../Engine/Content/EngineMaterials/Substrate/Glints2/dict_0003_0011.uasset" 8501
"../../../Engine/Content/EngineMaterials/Substrate/Glints2/dict_0003_0014.uasset" 8502
"../../../Engine/Content/EngineMaterials/Substrate/Glints2/dict_0003_0012.uasset" 8503
"../../../Engine/Content/EngineMaterials/Substrate/Glints2/dict_0003_0016.uasset" 8504
"../../../Engine/Content/EngineMaterials/Substrate/Glints2/dict_0003_0015.uasset" 8505
"../../../Engine/Content/EngineMaterials/Substrate/Glints2/dict_0003_0010.uasset" 8506
"../../../Engine/Content/EngineMaterials/Substrate/Glints2/dict_0003_0021.uasset" 8507
"../../../Engine/Content/EngineMaterials/Substrate/Glints2/dict_0003_0017.uasset" 8508
"../../../Engine/Content/EngineMaterials/Substrate/Glints2/dict_0003_0020.uasset" 8509
"../../../Engine/Content/EngineMaterials/Substrate/Glints2/dict_0003_0018.uasset" 8510
"../../../Engine/Content/EngineMaterials/Substrate/Glints2/dict_0003_0023.uasset" 8511
"../../../Engine/Content/EngineMaterials/Substrate/Glints2/dict_0003_0019.uasset" 8512
"../../../Engine/Content/EngineMaterials/Substrate/Glints2/dict_0003_0022.uasset" 8513
"/Engine/EngineMaterials/Substrate/Glints2/dict_0003_0016" 8514
"/Engine/EngineMaterials/Substrate/Glints2/dict_0003_0015" 8515
"/Engine/EngineMaterials/Substrate/Glints2/dict_0003_0014" 8516
"/Engine/EngineMaterials/Substrate/Glints2/dict_0003_0013" 8517
"/Engine/EngineMaterials/Substrate/Glints2/dict_0003_0012" 8518
"/Engine/EngineMaterials/Substrate/Glints2/dict_0003_0011" 8519
"/Engine/EngineMaterials/Substrate/Glints2/dict_0003_0010" 8520
"/Engine/EngineMaterials/Substrate/Glints2/dict_0003_0009" 8521
"/Engine/EngineMaterials/Substrate/Glints2/dict_0003_0008" 8522
"/Engine/EngineMaterials/Substrate/Glints2/dict_0003_0007" 8523
"/Engine/EngineMaterials/Substrate/Glints2/dict_0003_0006" 8524
"/Engine/EngineMaterials/Substrate/Glints2/dict_0003_0005" 8525
"/Engine/EngineMaterials/Substrate/Glints2/dict_0003_0004" 8526
"/Engine/EngineMaterials/Substrate/Glints2/dict_0003_0003" 8527
"../../../Engine/Content/EngineMaterials/Substrate/Glints2/dict_0003_0024.uasset" 8528
"../../../Engine/Content/EngineMaterials/Substrate/Glints2/dict_0003_0025.uasset" 8529
"../../../Engine/Content/EngineMaterials/Substrate/Glints2/dict_0003_0028.uasset" 8530
"../../../Engine/Content/EngineMaterials/Substrate/Glints2/dict_0003_0027.uasset" 8531
"../../../Engine/Content/EngineMaterials/Substrate/Glints2/dict_0003_0030.uasset" 8532
"../../../Engine/Content/EngineMaterials/Substrate/Glints2/dict_0003_0026.uasset" 8533
"../../../Engine/Content/EngineMaterials/Substrate/Glints2/dict_0003_0029.uasset" 8534
"../../../Engine/Content/EngineMaterials/Substrate/Glints2/dict_0003_0031.uasset" 8535
"../../../Engine/Content/EngineMaterials/Substrate/Glints2/dict_0003_0032.uasset" 8536
"../../../Engine/Content/EngineMaterials/Substrate/Glints2/dict_0003_0033.uasset" 8537
"../../../Engine/Content/EngineMaterials/Substrate/Glints2/dict_0003_0034.uasset" 8538
"../../../Engine/Content/EngineMaterials/Substrate/Glints2/dict_0003_0036.uasset" 8539
"../../../Engine/Content/EngineMaterials/Substrate/Glints2/dict_0003_0037.uasset" 8540
"../../../Engine/Content/EngineMaterials/Substrate/Glints2/dict_0003_0038.uasset" 8541
"../../../Engine/Content/EngineMaterials/Substrate/Glints2/dict_0003_0035.uasset" 8542
"../../../Engine/Content/EngineMaterials/Substrate/Glints2/dict_0003_0039.uasset" 8543
"../../../Engine/Content/EngineMaterials/Substrate/Glints2/dict_0003_0040.uasset" 8544
"../../../Engine/Content/EngineMaterials/Substrate/Glints2/dict_0003_0041.uasset" 8545
"../../../Engine/Content/EngineMaterials/Substrate/Glints2/dict_0003_0042.uasset" 8546
"../../../Engine/Content/EngineMaterials/Substrate/Glints2/dict_0003_0045.uasset" 8547
"../../../Engine/Content/EngineMaterials/Substrate/Glints2/dict_0003_0044.uasset" 8548
"../../../Engine/Content/EngineMaterials/Substrate/Glints2/dict_0003_0046.uasset" 8549
"../../../Engine/Content/EngineMaterials/Substrate/Glints2/dict_0003_0043.uasset" 8550
"../../../Engine/Content/EngineMaterials/Substrate/Glints2/dict_0003_0048.uasset" 8551
"../../../Engine/Content/EngineMaterials/Substrate/Glints2/dict_0003_0047.uasset" 8552
"/Engine/EngineMaterials/Substrate/Glints2/dict_0003_0034" 8553
"/Engine/EngineMaterials/Substrate/Glints2/dict_0003_0033" 8554
"/Engine/EngineMaterials/Substrate/Glints2/dict_0003_0032" 8555
"/Engine/EngineMaterials/Substrate/Glints2/dict_0003_0031" 8556
"/Engine/EngineMaterials/Substrate/Glints2/dict_0003_0030" 8557
"/Engine/EngineMaterials/Substrate/Glints2/dict_0003_0029" 8558
"/Engine/EngineMaterials/Substrate/Glints2/dict_0003_0028" 8559
"/Engine/EngineMaterials/Substrate/Glints2/dict_0003_0027" 8560
"/Engine/EngineMaterials/Substrate/Glints2/dict_0003_0026" 8561
"/Engine/EngineMaterials/Substrate/Glints2/dict_0003_0025" 8562
"/Engine/EngineMaterials/Substrate/Glints2/dict_0003_0024" 8563
"/Engine/EngineMaterials/Substrate/Glints2/dict_0003_0023" 8564
"/Engine/EngineMaterials/Substrate/Glints2/dict_0003_0022" 8565
"/Engine/EngineMaterials/Substrate/Glints2/dict_0003_0021" 8566
"/Engine/EngineMaterials/Substrate/Glints2/dict_0003_0020" 8567
"/Engine/EngineMaterials/Substrate/Glints2/dict_0003_0019" 8568
"/Engine/EngineMaterials/Substrate/Glints2/dict_0003_0018" 8569
"/Engine/EngineMaterials/Substrate/Glints2/dict_0003_0017" 8570
"/Engine/EngineMaterials/Substrate/Glints2/dict_0003_0048" 8571
"/Engine/EngineMaterials/Substrate/Glints2/dict_0003_0047" 8572
"/Engine/EngineMaterials/Substrate/Glints2/dict_0003_0046" 8573
"/Engine/EngineMaterials/Substrate/Glints2/dict_0003_0045" 8574
"/Engine/EngineMaterials/Substrate/Glints2/dict_0003_0044" 8575
"/Engine/EngineMaterials/Substrate/Glints2/dict_0003_0043" 8576
"/Engine/EngineMaterials/Substrate/Glints2/dict_0003_0042" 8577
"/Engine/EngineMaterials/Substrate/Glints2/dict_0003_0041" 8578
"/Engine/EngineMaterials/Substrate/Glints2/dict_0003_0040" 8579
"/Engine/EngineMaterials/Substrate/Glints2/dict_0003_0039" 8580
"/Engine/EngineMaterials/Substrate/Glints2/dict_0003_0038" 8581
"/Engine/EngineMaterials/Substrate/Glints2/dict_0003_0037" 8582
"/Engine/EngineMaterials/Substrate/Glints2/dict_0003_0036" 8583
"/Engine/EngineMaterials/Substrate/Glints2/dict_0003_0035" 8584
"../../../Engine/Content/EngineMaterials/Substrate/Glints2/dict_0003_0049.uasset" 8585
"../../../Engine/Content/EngineMaterials/Substrate/Glints2/dict_0003_0050.uasset" 8586
"../../../Engine/Content/EngineMaterials/Substrate/Glints2/dict_0003_0053.uasset" 8587
"../../../Engine/Content/EngineMaterials/Substrate/Glints2/dict_0003_0051.uasset" 8588
"../../../Engine/Content/EngineMaterials/Substrate/Glints2/dict_0003_0052.uasset" 8589
"../../../Engine/Content/EngineMaterials/Substrate/Glints2/dict_0003_0058.uasset" 8590
"../../../Engine/Content/EngineMaterials/Substrate/Glints2/dict_0003_0057.uasset" 8591
"../../../Engine/Content/EngineMaterials/Substrate/Glints2/dict_0003_0056.uasset" 8592
"../../../Engine/Content/EngineMaterials/Substrate/Glints2/dict_0003_0055.uasset" 8593
"../../../Engine/Content/EngineMaterials/Substrate/Glints2/dict_0003_0054.uasset" 8594
"/Engine/EngineMaterials/Substrate/Glints2/dict_0003_0053" 8595
"/Engine/EngineMaterials/Substrate/Glints2/dict_0003_0052" 8596
"/Engine/EngineMaterials/Substrate/Glints2/dict_0003_0051" 8597
"/Engine/EngineMaterials/Substrate/Glints2/dict_0003_0050" 8598
"/Engine/EngineMaterials/Substrate/Glints2/dict_0003_0049" 8599
"../../../Engine/Content/EngineMaterials/Substrate/Glints2/dict_0003_0061.uasset" 8600
"../../../Engine/Content/EngineMaterials/Substrate/Glints2/dict_0003_0059.uasset" 8601
"../../../Engine/Content/EngineMaterials/Substrate/Glints2/dict_0003_0060.uasset" 8602
"../../../Engine/Content/EngineMaterials/Substrate/Glints2/dict_0003_0062.uasset" 8603
"../../../Engine/Content/EngineMaterials/Substrate/Glints2/dict_0003_0063.uasset" 8604
"../../../Engine/Content/EngineMaterials/Substrate/Glints2/dict_0003_0065.uasset" 8605
"../../../Engine/Content/EngineMaterials/Substrate/Glints2/dict_0003_0064.uasset" 8606
"../../../Engine/Content/EngineMaterials/Substrate/Glints2/dict_0003_0066.uasset" 8607
"../../../Engine/Content/EngineMaterials/Substrate/Glints2/dict_0003_0067.uasset" 8608
"../../../Engine/Content/EngineMaterials/Substrate/Glints2/dict_0003_0068.uasset" 8609
"../../../Engine/Content/EngineMaterials/Substrate/Glints2/dict_0003_0069.uasset" 8610
"../../../Engine/Content/EngineMaterials/Substrate/Glints2/dict_0003_0070.uasset" 8611
"../../../Engine/Content/EngineMaterials/Substrate/Glints2/dict_0003_0071.uasset" 8612
"../../../Engine/Content/EngineMaterials/Substrate/Glints2/dict_0003_0072.uasset" 8613
"../../../Engine/Content/EngineMaterials/Substrate/Glints2/dict_0003_0073.uasset" 8614
"../../../Engine/Content/EngineMaterials/Substrate/Glints2/dict_0003_0074.uasset" 8615
"../../../Engine/Content/EngineMaterials/Substrate/Glints2/dict_0003_0075.uasset" 8616
"../../../Engine/Content/EngineMaterials/Substrate/Glints2/dict_0003_0076.uasset" 8617
"../../../Engine/Content/EngineMaterials/Substrate/Glints2/dict_0003_0078.uasset" 8618
"../../../Engine/Content/EngineMaterials/Substrate/Glints2/dict_0003_0077.uasset" 8619
"../../../Engine/Content/EngineMaterials/Substrate/Glints2/dict_0003_0079.uasset" 8620
"../../../Engine/Content/EngineMaterials/Substrate/Glints2/dict_0003_0080.uasset" 8621
"../../../Engine/Content/EngineMaterials/Substrate/Glints2/dict_0003_0081.uasset" 8622
"../../../Engine/Content/EngineMaterials/Substrate/Glints2/dict_0003_0082.uasset" 8623
"../../../Engine/Content/EngineMaterials/Substrate/Glints2/dict_0003_0084.uasset" 8624
"../../../Engine/Content/EngineMaterials/Substrate/Glints2/dict_0003_0085.uasset" 8625
"../../../Engine/Content/EngineMaterials/Substrate/Glints2/dict_0003_0083.uasset" 8626
"/Engine/EngineMaterials/Substrate/Glints2/dict_0003_0080" 8627
"/Engine/EngineMaterials/Substrate/Glints2/dict_0003_0079" 8628
"/Engine/EngineMaterials/Substrate/Glints2/dict_0003_0078" 8629
"/Engine/EngineMaterials/Substrate/Glints2/dict_0003_0077" 8630
"/Engine/EngineMaterials/Substrate/Glints2/dict_0003_0076" 8631
"/Engine/EngineMaterials/Substrate/Glints2/dict_0003_0075" 8632
"/Engine/EngineMaterials/Substrate/Glints2/dict_0003_0074" 8633
"/Engine/EngineMaterials/Substrate/Glints2/dict_0003_0073" 8634
"/Engine/EngineMaterials/Substrate/Glints2/dict_0003_0072" 8635
"/Engine/EngineMaterials/Substrate/Glints2/dict_0003_0071" 8636
"/Engine/EngineMaterials/Substrate/Glints2/dict_0003_0070" 8637
"/Engine/EngineMaterials/Substrate/Glints2/dict_0003_0069" 8638
"/Engine/EngineMaterials/Substrate/Glints2/dict_0003_0068" 8639
"/Engine/EngineMaterials/Substrate/Glints2/dict_0003_0067" 8640
"/Engine/EngineMaterials/Substrate/Glints2/dict_0003_0066" 8641
"/Engine/EngineMaterials/Substrate/Glints2/dict_0003_0065" 8642
"/Engine/EngineMaterials/Substrate/Glints2/dict_0003_0064" 8643
"/Engine/EngineMaterials/Substrate/Glints2/dict_0003_0063" 8644
"/Engine/EngineMaterials/Substrate/Glints2/dict_0003_0062" 8645
"/Engine/EngineMaterials/Substrate/Glints2/dict_0003_0061" 8646
"/Engine/EngineMaterials/Substrate/Glints2/dict_0003_0060" 8647
"/Engine/EngineMaterials/Substrate/Glints2/dict_0003_0059" 8648
"/Engine/EngineMaterials/Substrate/Glints2/dict_0003_0058" 8649
"/Engine/EngineMaterials/Substrate/Glints2/dict_0003_0057" 8650
"/Engine/EngineMaterials/Substrate/Glints2/dict_0003_0056" 8651
"/Engine/EngineMaterials/Substrate/Glints2/dict_0003_0055" 8652
"/Engine/EngineMaterials/Substrate/Glints2/dict_0003_0054" 8653
"/Engine/EngineMaterials/Substrate/Glints2/dict_0003_0081" 8654
"../../../Engine/Content/EngineMaterials/Substrate/Glints2/dict_0003_0090.uasset" 8655
"../../../Engine/Content/EngineMaterials/Substrate/Glints2/dict_0003_0087.uasset" 8656
"../../../Engine/Content/EngineMaterials/Substrate/Glints2/dict_0003_0088.uasset" 8657
"../../../Engine/Content/EngineMaterials/Substrate/Glints2/dict_0003_0089.uasset" 8658
"../../../Engine/Content/EngineMaterials/Substrate/Glints2/dict_0003_0086.uasset" 8659
"/Engine/EngineMaterials/Substrate/Glints2/dict_0003_0085" 8660
"/Engine/EngineMaterials/Substrate/Glints2/dict_0003_0084" 8661
"/Engine/EngineMaterials/Substrate/Glints2/dict_0003_0083" 8662
"/Engine/EngineMaterials/Substrate/Glints2/dict_0003_0082" 8663
"../../../Engine/Content/EngineMaterials/Substrate/Glints2/dict_0003_0091.uasset" 8664
"../../../Engine/Content/EngineMaterials/Substrate/Glints2/dict_0003_0092.uasset" 8665
"../../../Engine/Content/EngineMaterials/Substrate/Glints2/dict_0003_0093.uasset" 8666
"../../../Engine/Content/EngineMaterials/Substrate/Glints2/dict_0003_0095.uasset" 8667
"../../../Engine/Content/EngineMaterials/Substrate/Glints2/dict_0003_0094.uasset" 8668
"../../../Engine/Content/EngineMaterials/Substrate/Glints2/dict_0003_0097.uasset" 8669
"../../../Engine/Content/EngineMaterials/Substrate/Glints2/dict_0003_0096.uasset" 8670
"../../../Engine/Content/EngineMaterials/Substrate/Glints2/dict_0003_0098.uasset" 8671
"../../../Engine/Content/EngineMaterials/Substrate/Glints2/dict_0003_0099.uasset" 8672
"../../../Engine/Content/EngineMaterials/Substrate/Glints2/dict_0003_0100.uasset" 8673
"/Engine/EngineMaterials/Substrate/Glints2/dict_0003_0095" 8674
"/Engine/EngineMaterials/Substrate/Glints2/dict_0003_0094" 8675
"/Engine/EngineMaterials/Substrate/Glints2/dict_0003_0093" 8676
"/Engine/EngineMaterials/Substrate/Glints2/dict_0003_0092" 8677
"/Engine/EngineMaterials/Substrate/Glints2/dict_0003_0091" 8678
"/Engine/EngineMaterials/Substrate/Glints2/dict_0003_0090" 8679
"/Engine/EngineMaterials/Substrate/Glints2/dict_0003_0089" 8680
"/Engine/EngineMaterials/Substrate/Glints2/dict_0003_0088" 8681
"/Engine/EngineMaterials/Substrate/Glints2/dict_0003_0087" 8682
"/Engine/EngineMaterials/Substrate/Glints2/dict_0003_0086" 8683
"../../../Engine/Content/EngineMaterials/Substrate/Glints2/dict_0003_0101.uasset" 8684
"../../../Engine/Content/EngineMaterials/Substrate/Glints2/dict_0003_0102.uasset" 8685
"/Engine/EngineMaterials/Substrate/Glints2/dict_0003_0096" 8686
"../../../Engine/Content/EngineMaterials/Substrate/Glints2/dict_0003_0103.uasset" 8687
"../../../Engine/Content/EngineMaterials/Substrate/Glints2/dict_0003_0104.uasset" 8688
"../../../Engine/Content/EngineMaterials/Substrate/Glints2/dict_0003_0105.uasset" 8689
"../../../Engine/Content/EngineMaterials/Substrate/Glints2/dict_0003_0106.uasset" 8690
"/Engine/EngineMaterials/Substrate/Glints2/dict_0003_0100" 8691
"/Engine/EngineMaterials/Substrate/Glints2/dict_0003_0099" 8692
"/Engine/EngineMaterials/Substrate/Glints2/dict_0003_0098" 8693
"/Engine/EngineMaterials/Substrate/Glints2/dict_0003_0097" 8694
"../../../Engine/Content/EngineMaterials/Substrate/Glints2/dict_0003_0107.uasset" 8695
"../../../Engine/Content/EngineMaterials/Substrate/Glints2/dict_0003_0111.uasset" 8696
"../../../Engine/Content/EngineMaterials/Substrate/Glints2/dict_0003_0109.uasset" 8697
"../../../Engine/Content/EngineMaterials/Substrate/Glints2/dict_0003_0110.uasset" 8698
"../../../Engine/Content/EngineMaterials/Substrate/Glints2/dict_0003_0108.uasset" 8699
"../../../Engine/Content/EngineMaterials/Substrate/Glints2/dict_0003_0112.uasset" 8700
"/Engine/EngineMaterials/Substrate/Glints2/dict_0003_0107" 8701
"/Engine/EngineMaterials/Substrate/Glints2/dict_0003_0106" 8702
"/Engine/EngineMaterials/Substrate/Glints2/dict_0003_0105" 8703
"../../../Engine/Content/EngineMaterials/Substrate/Glints2/dict_0003_0113.uasset" 8704
"../../../Engine/Content/EngineMaterials/Substrate/Glints2/dict_0003_0116.uasset" 8705
"../../../Engine/Content/EngineMaterials/Substrate/Glints2/dict_0003_0118.uasset" 8706
"../../../Engine/Content/EngineMaterials/Substrate/Glints2/dict_0003_0114.uasset" 8707
"../../../Engine/Content/EngineMaterials/Substrate/Glints2/dict_0003_0115.uasset" 8708
"../../../Engine/Content/EngineMaterials/Substrate/Glints2/dict_0003_0117.uasset" 8709
"/Engine/EngineMaterials/Substrate/Glints2/dict_0003_0104" 8710
"/Engine/EngineMaterials/Substrate/Glints2/dict_0003_0103" 8711
"/Engine/EngineMaterials/Substrate/Glints2/dict_0003_0102" 8712
"../../../Engine/Content/EngineMaterials/Substrate/Glints2/dict_0003_0120.uasset" 8713
"../../../Engine/Content/EngineMaterials/Substrate/Glints2/dict_0003_0121.uasset" 8714
"../../../Engine/Content/EngineMaterials/Substrate/Glints2/dict_0003_0119.uasset" 8715
"/Engine/EngineMaterials/Substrate/Glints2/dict_0003_0113" 8716
"../../../Engine/Content/EngineMaterials/Substrate/Glints2/dict_0003_0122.uasset" 8717
"../../../Engine/Content/EngineMaterials/Substrate/Glints2/dict_0003_0124.uasset" 8718
"/Engine/EngineMaterials/Substrate/Glints2/dict_0003_0112" 8719
"../../../Engine/Content/EngineMaterials/Substrate/Glints2/dict_0003_0123.uasset" 8720
"/Engine/EngineMaterials/Substrate/Glints2/dict_0003_0111" 8721
"/Engine/EngineMaterials/Substrate/Glints2/dict_0003_0110" 8722
"/Engine/EngineMaterials/Substrate/Glints2/dict_0003_0109" 8723
"/Engine/EngineMaterials/Substrate/Glints2/dict_0003_0108" 8724
"/Engine/EngineMaterials/Substrate/Glints2/dict_0003_0101" 8725
"/Engine/EngineMaterials/Substrate/Glints2/dict_0003_0117" 8726
"/Engine/EngineMaterials/Substrate/Glints2/dict_0003_0116" 8727
"/Engine/EngineMaterials/Substrate/Glints2/dict_0003_0115" 8728
"/Engine/EngineMaterials/Substrate/Glints2/dict_0003_0114" 8729
"/Engine/EngineMaterials/Substrate/Glints2/dict_0003_0118" 8730
"../../../Engine/Content/EngineMaterials/Substrate/Glints2/dict_0003_0126.uasset" 8731
"../../../Engine/Content/EngineMaterials/Substrate/Glints2/dict_0003_0125.uasset" 8732
"../../../Engine/Content/EngineMaterials/Substrate/Glints2/dict_0003_0127.uasset" 8733
"../../../Engine/Content/EngineMaterials/Substrate/Glints2/dict_0003_0129.uasset" 8734
"../../../Engine/Content/EngineMaterials/Substrate/Glints2/dict_0003_0128.uasset" 8735
"../../../Engine/Content/EngineMaterials/Substrate/Glints2/dict_0003_0131.uasset" 8736
"../../../Engine/Content/EngineMaterials/Substrate/Glints2/dict_0003_0130.uasset" 8737
"../../../Engine/Content/EngineMaterials/Substrate/Glints2/dict_0003_0132.uasset" 8738
"../../../Engine/Content/EngineMaterials/Substrate/Glints2/dict_0003_0134.uasset" 8739
"../../../Engine/Content/EngineMaterials/Substrate/Glints2/dict_0003_0133.uasset" 8740
"../../../Engine/Content/EngineMaterials/Substrate/Glints2/dict_0003_0135.uasset" 8741
"../../../Engine/Content/EngineMaterials/Substrate/Glints2/dict_0003_0136.uasset" 8742
"../../../Engine/Content/EngineMaterials/Substrate/Glints2/dict_0003_0137.uasset" 8743
"/Engine/EngineMaterials/Substrate/Glints2/dict_0003_0131" 8744
"../../../Engine/Content/EngineMaterials/Substrate/Glints2/dict_0003_0138.uasset" 8745
"../../../Engine/Content/EngineMaterials/Substrate/Glints2/dict_0003_0139.uasset" 8746
"../../../Engine/Content/EngineMaterials/Substrate/Glints2/dict_0003_0140.uasset" 8747
"../../../Engine/Content/EngineMaterials/Substrate/Glints2/dict_0003_0141.uasset" 8748
"../../../Engine/Content/EngineMaterials/Substrate/Glints2/dict_0003_0144.uasset" 8749
"../../../Engine/Content/EngineMaterials/Substrate/Glints2/dict_0003_0142.uasset" 8750
"../../../Engine/Content/EngineMaterials/Substrate/Glints2/dict_0003_0143.uasset" 8751
"../../../Engine/Content/EngineMaterials/Substrate/Glints2/dict_0003_0145.uasset" 8752
"../../../Engine/Content/EngineMaterials/Substrate/Glints2/dict_0003_0146.uasset" 8753
"../../../Engine/Content/EngineMaterials/Substrate/Glints2/dict_0003_0147.uasset" 8754
"../../../Engine/Content/EngineMaterials/Substrate/Glints2/dict_0003_0148.uasset" 8755
"../../../Engine/Content/EngineMaterials/Substrate/Glints2/dict_0003_0149.uasset" 8756
"/Engine/EngineMaterials/Substrate/Glints2/dict_0003_0130" 8757
"/Engine/EngineMaterials/Substrate/Glints2/dict_0003_0129" 8758
"/Engine/EngineMaterials/Substrate/Glints2/dict_0003_0128" 8759
"/Engine/EngineMaterials/Substrate/Glints2/dict_0003_0127" 8760
"/Engine/EngineMaterials/Substrate/Glints2/dict_0003_0126" 8761
"/Engine/EngineMaterials/Substrate/Glints2/dict_0003_0125" 8762
"/Engine/EngineMaterials/Substrate/Glints2/dict_0003_0124" 8763
"/Engine/EngineMaterials/Substrate/Glints2/dict_0003_0123" 8764
"/Engine/EngineMaterials/Substrate/Glints2/dict_0003_0122" 8765
"/Engine/EngineMaterials/Substrate/Glints2/dict_0003_0121" 8766
"/Engine/EngineMaterials/Substrate/Glints2/dict_0003_0120" 8767
"/Engine/EngineMaterials/Substrate/Glints2/dict_0003_0119" 8768
"/Engine/EngineMaterials/Substrate/Glints2/dict_0003_0138" 8769
"/Engine/EngineMaterials/Substrate/Glints2/dict_0003_0137" 8770
"/Engine/EngineMaterials/Substrate/Glints2/dict_0003_0136" 8771
"/Engine/EngineMaterials/Substrate/Glints2/dict_0003_0135" 8772
"/Engine/EngineMaterials/Substrate/Glints2/dict_0003_0134" 8773
"/Engine/EngineMaterials/Substrate/Glints2/dict_0003_0133" 8774
"/Engine/EngineMaterials/Substrate/Glints2/dict_0003_0132" 8775
"/Engine/EngineMaterials/Substrate/Glints2/dict_0003_0140" 8776
"/Engine/EngineMaterials/Substrate/Glints2/dict_0003_0139" 8777
"../../../Engine/Content/EngineMaterials/Substrate/Glints2/dict_0003_0150.uasset" 8778
"../../../Engine/Content/EngineMaterials/Substrate/Glints2/dict_0003_0153.uasset" 8779
"../../../Engine/Content/EngineMaterials/Substrate/Glints2/dict_0003_0151.uasset" 8780
"../../../Engine/Content/EngineMaterials/Substrate/Glints2/dict_0003_0155.uasset" 8781
"../../../Engine/Content/EngineMaterials/Substrate/Glints2/dict_0003_0152.uasset" 8782
"../../../Engine/Content/EngineMaterials/Substrate/Glints2/dict_0003_0156.uasset" 8783
"../../../Engine/Content/EngineMaterials/Substrate/Glints2/dict_0003_0154.uasset" 8784
"../../../Engine/Content/EngineMaterials/Substrate/Glints2/dict_0003_0159.uasset" 8785
"../../../Engine/Content/EngineMaterials/Substrate/Glints2/dict_0003_0157.uasset" 8786
"../../../Engine/Content/EngineMaterials/Substrate/Glints2/dict_0003_0160.uasset" 8787
"../../../Engine/Content/EngineMaterials/Substrate/Glints2/dict_0003_0161.uasset" 8788
"../../../Engine/Content/EngineMaterials/Substrate/Glints2/dict_0003_0158.uasset" 8789
"../../../Engine/Content/EngineMaterials/Substrate/Glints2/dict_0003_0163.uasset" 8790
"../../../Engine/Content/EngineMaterials/Substrate/Glints2/dict_0003_0162.uasset" 8791
"../../../Engine/Content/EngineMaterials/Substrate/Glints2/dict_0003_0164.uasset" 8792
"../../../Engine/Content/EngineMaterials/Substrate/Glints2/dict_0003_0165.uasset" 8793
"/Engine/EngineMaterials/Substrate/Glints2/dict_0003_0150" 8794
"/Engine/EngineMaterials/Substrate/Glints2/dict_0003_0149" 8795
"/Engine/EngineMaterials/Substrate/Glints2/dict_0003_0148" 8796
"/Engine/EngineMaterials/Substrate/Glints2/dict_0003_0147" 8797
"/Engine/EngineMaterials/Substrate/Glints2/dict_0003_0146" 8798
"/Engine/EngineMaterials/Substrate/Glints2/dict_0003_0145" 8799
"/Engine/EngineMaterials/Substrate/Glints2/dict_0003_0144" 8800
"/Engine/EngineMaterials/Substrate/Glints2/dict_0003_0156" 8801
"/Engine/EngineMaterials/Substrate/Glints2/dict_0003_0155" 8802
"/Engine/EngineMaterials/Substrate/Glints2/dict_0003_0154" 8803
"/Engine/EngineMaterials/Substrate/Glints2/dict_0003_0153" 8804
"/Engine/EngineMaterials/Substrate/Glints2/dict_0003_0152" 8805
"/Engine/EngineMaterials/Substrate/Glints2/dict_0003_0151" 8806
"/Engine/EngineMaterials/Substrate/Glints2/dict_0003_0143" 8807
"/Engine/EngineMaterials/Substrate/Glints2/dict_0003_0142" 8808
"/Engine/EngineMaterials/Substrate/Glints2/dict_0003_0141" 8809
"../../../Engine/Content/EngineMaterials/Substrate/Glints2/dict_0003_0166.uasset" 8810
"../../../Engine/Content/EngineMaterials/Substrate/Glints2/dict_0003_0167.uasset" 8811
"../../../Engine/Content/EngineMaterials/Substrate/Glints2/dict_0003_0169.uasset" 8812
"../../../Engine/Content/EngineMaterials/Substrate/Glints2/dict_0003_0170.uasset" 8813
"../../../Engine/Content/EngineMaterials/Substrate/Glints2/dict_0003_0168.uasset" 8814
"../../../Engine/Content/EngineMaterials/Substrate/Glints2/dict_0003_0171.uasset" 8815
"../../../Engine/Content/EngineMaterials/Substrate/Glints2/dict_0003_0173.uasset" 8816
"../../../Engine/Content/EngineMaterials/Substrate/Glints2/dict_0003_0174.uasset" 8817
"../../../Engine/Content/EngineMaterials/Substrate/Glints2/dict_0003_0172.uasset" 8818
"../../../Engine/Content/EngineMaterials/Substrate/Glints2/dict_0003_0175.uasset" 8819
"../../../Engine/Content/EngineMaterials/Substrate/Glints2/dict_0003_0176.uasset" 8820
"../../../Engine/Content/EngineMaterials/Substrate/Glints2/dict_0003_0179.uasset" 8821
"../../../Engine/Content/EngineMaterials/Substrate/Glints2/dict_0003_0178.uasset" 8822
"../../../Engine/Content/EngineMaterials/Substrate/Glints2/dict_0003_0177.uasset" 8823
"../../../Engine/Content/EngineMaterials/Substrate/Glints2/dict_0003_0181.uasset" 8824
"../../../Engine/Content/EngineMaterials/Substrate/Glints2/dict_0003_0186.uasset" 8825
"../../../Engine/Content/EngineMaterials/Substrate/Glints2/dict_0003_0183.uasset" 8826
"../../../Engine/Content/EngineMaterials/Substrate/Glints2/dict_0003_0184.uasset" 8827
"../../../Engine/Content/EngineMaterials/Substrate/Glints2/dict_0003_0182.uasset" 8828
"../../../Engine/Content/EngineMaterials/Substrate/Glints2/dict_0003_0180.uasset" 8829
"../../../Engine/Content/EngineMaterials/Substrate/Glints2/dict_0003_0187.uasset" 8830
"../../../Engine/Content/EngineMaterials/Substrate/Glints2/dict_0003_0185.uasset" 8831
"../../../Engine/Content/EngineMaterials/Substrate/Glints2/dict_0003_0188.uasset" 8832
"/Engine/EngineMaterials/Substrate/Glints2/dict_0003_0184" 8833
"/Engine/EngineMaterials/Substrate/Glints2/dict_0003_0183" 8834
"/Engine/EngineMaterials/Substrate/Glints2/dict_0003_0172" 8835
"/Engine/EngineMaterials/Substrate/Glints2/dict_0003_0171" 8836
"/Engine/EngineMaterials/Substrate/Glints2/dict_0003_0170" 8837
"/Engine/EngineMaterials/Substrate/Glints2/dict_0003_0169" 8838
"/Engine/EngineMaterials/Substrate/Glints2/dict_0003_0168" 8839
"/Engine/EngineMaterials/Substrate/Glints2/dict_0003_0167" 8840
"/Engine/EngineMaterials/Substrate/Glints2/dict_0003_0166" 8841
"/Engine/EngineMaterials/Substrate/Glints2/dict_0003_0163" 8842
"/Engine/EngineMaterials/Substrate/Glints2/dict_0003_0162" 8843
"/Engine/EngineMaterials/Substrate/Glints2/dict_0003_0161" 8844
"/Engine/EngineMaterials/Substrate/Glints2/dict_0003_0160" 8845
"/Engine/EngineMaterials/Substrate/Glints2/dict_0003_0159" 8846
"/Engine/EngineMaterials/Substrate/Glints2/dict_0003_0158" 8847
"/Engine/EngineMaterials/Substrate/Glints2/dict_0003_0157" 8848
"/Engine/EngineMaterials/Substrate/Glints2/dict_0003_0181" 8849
"/Engine/EngineMaterials/Substrate/Glints2/dict_0003_0179" 8850
"/Engine/EngineMaterials/Substrate/Glints2/dict_0003_0177" 8851
"/Engine/EngineMaterials/Substrate/Glints2/dict_0003_0176" 8852
"/Engine/EngineMaterials/Substrate/Glints2/dict_0003_0175" 8853
"/Engine/EngineMaterials/Substrate/Glints2/dict_0003_0174" 8854
"/Engine/EngineMaterials/Substrate/Glints2/dict_0003_0173" 8855
"/Engine/EngineMaterials/Substrate/Glints2/dict_0003_0165" 8856
"/Engine/EngineMaterials/Substrate/Glints2/dict_0003_0164" 8857
"/Engine/EngineMaterials/Substrate/Glints2/dict_0003_0182" 8858
"../../../Engine/Content/EngineMaterials/Substrate/Glints2/dict_0003_0189.uasset" 8859
"/Engine/EngineMaterials/Substrate/Glints2/dict_0003_0180" 8860
"/Engine/EngineMaterials/Substrate/Glints2/dict_0003_0178" 8861
"../../../Engine/Content/EngineMaterials/Substrate/Glints2/dict_0003_0191.uasset" 8862
"../../../Engine/Content/EngineMaterials/Substrate/Glints2/dict_0003_0193.uasset" 8863
"../../../Engine/Content/EngineMaterials/Substrate/Glints2/dict_0003_0190.uasset" 8864
"../../../Engine/Content/EngineMaterials/Substrate/Glints2/dict_0003_0192.uasset" 8865
"../../../Engine/Content/EngineMaterials/Substrate/Glints2/dict_0003_0194.uasset" 8866
"/Engine/EngineMaterials/Substrate/Glints2/dict_0003_0188" 8867
"/Engine/EngineMaterials/Substrate/Glints2/dict_0003_0187" 8868
"/Engine/EngineMaterials/Substrate/Glints2/dict_0003_0186" 8869
"/Engine/EngineMaterials/Substrate/Glints2/dict_0003_0185" 8870
"/Engine/EngineMaterials/Substrate/Glints2/dict_0003_0189" 8871
"../../../Engine/Content/EngineMaterials/Substrate/Glints2/dict_0003_0198.uasset" 8872
"../../../Engine/Content/EngineMaterials/Substrate/Glints2/dict_0003_0196.uasset" 8873
"../../../Engine/Content/EngineMaterials/Substrate/Glints2/dict_0003_0199.uasset" 8874
"../../../Engine/Content/EngineMaterials/Substrate/Glints2/dict_0003_0200.uasset" 8875
"../../../Engine/Content/EngineMaterials/Substrate/Glints2/dict_0003_0195.uasset" 8876
"../../../Engine/Content/EngineMaterials/Substrate/Glints2/dict_0003_0197.uasset" 8877
"../../../Engine/Content/EngineMaterials/Substrate/Glints2/dict_0003_0201.uasset" 8878
"../../../Engine/Content/EngineMaterials/Substrate/Glints2/dict_0003_0202.uasset" 8879
"../../../Engine/Content/EngineMaterials/Substrate/Glints2/dict_0003_0203.uasset" 8880
"../../../Engine/Content/EngineMaterials/Substrate/Glints2/dict_0003_0205.uasset" 8881
"../../../Engine/Content/EngineMaterials/Substrate/Glints2/dict_0003_0204.uasset" 8882
"../../../Engine/Content/EngineMaterials/Substrate/Glints2/dict_0003_0206.uasset" 8883
"../../../Engine/Content/EngineMaterials/Substrate/Glints2/dict_0003_0207.uasset" 8884
"../../../Engine/Content/EngineMaterials/Substrate/Glints2/dict_0003_0209.uasset" 8885
"../../../Engine/Content/EngineMaterials/Substrate/Glints2/dict_0003_0208.uasset" 8886
"../../../Engine/Content/EngineMaterials/Substrate/Glints2/dict_0003_0213.uasset" 8887
"../../../Engine/Content/EngineMaterials/Substrate/Glints2/dict_0003_0212.uasset" 8888
"../../../Engine/Content/EngineMaterials/Substrate/Glints2/dict_0003_0215.uasset" 8889
"../../../Engine/Content/EngineMaterials/Substrate/Glints2/dict_0003_0210.uasset" 8890
"../../../Engine/Content/EngineMaterials/Substrate/Glints2/dict_0003_0211.uasset" 8891
"../../../Engine/Content/EngineMaterials/Substrate/Glints2/dict_0003_0214.uasset" 8892
"../../../Engine/Content/EngineMaterials/Substrate/Glints2/dict_0003_0220.uasset" 8893
"../../../Engine/Content/EngineMaterials/Substrate/Glints2/dict_0003_0217.uasset" 8894
"../../../Engine/Content/EngineMaterials/Substrate/Glints2/dict_0003_0219.uasset" 8895
"/Engine/EngineMaterials/Substrate/Glints2/dict_0003_0213" 8896
"../../../Engine/Content/EngineMaterials/Substrate/Glints2/dict_0003_0218.uasset" 8897
"../../../Engine/Content/EngineMaterials/Substrate/Glints2/dict_0003_0216.uasset" 8898
"../../../Engine/Content/EngineMaterials/Substrate/Glints2/dict_0003_0221.uasset" 8899
"/Engine/EngineMaterials/Substrate/Glints2/dict_0003_0212" 8900
"/Engine/EngineMaterials/Substrate/Glints2/dict_0003_0209" 8901
"/Engine/EngineMaterials/Substrate/Glints2/dict_0003_0208" 8902
"/Engine/EngineMaterials/Substrate/Glints2/dict_0003_0207" 8903
"/Engine/EngineMaterials/Substrate/Glints2/dict_0003_0206" 8904
"/Engine/EngineMaterials/Substrate/Glints2/dict_0003_0205" 8905
"/Engine/EngineMaterials/Substrate/Glints2/dict_0003_0204" 8906
"/Engine/EngineMaterials/Substrate/Glints2/dict_0003_0203" 8907
"/Engine/EngineMaterials/Substrate/Glints2/dict_0003_0202" 8908
"/Engine/EngineMaterials/Substrate/Glints2/dict_0003_0201" 8909
"/Engine/EngineMaterials/Substrate/Glints2/dict_0003_0200" 8910
"/Engine/EngineMaterials/Substrate/Glints2/dict_0003_0199" 8911
"/Engine/EngineMaterials/Substrate/Glints2/dict_0003_0198" 8912
"/Engine/EngineMaterials/Substrate/Glints2/dict_0003_0197" 8913
"/Engine/EngineMaterials/Substrate/Glints2/dict_0003_0215" 8914
"/Engine/EngineMaterials/Substrate/Glints2/dict_0003_0196" 8915
"/Engine/EngineMaterials/Substrate/Glints2/dict_0003_0195" 8916
"/Engine/EngineMaterials/Substrate/Glints2/dict_0003_0194" 8917
"/Engine/EngineMaterials/Substrate/Glints2/dict_0003_0193" 8918
"/Engine/EngineMaterials/Substrate/Glints2/dict_0003_0192" 8919
"/Engine/EngineMaterials/Substrate/Glints2/dict_0003_0191" 8920
"/Engine/EngineMaterials/Substrate/Glints2/dict_0003_0190" 8921
"/Engine/EngineMaterials/Substrate/Glints2/dict_0003_0221" 8922
"../../../Engine/Content/EngineMaterials/Substrate/Glints2/dict_0003_0225.uasset" 8923
"../../../Engine/Content/EngineMaterials/Substrate/Glints2/dict_0003_0223.uasset" 8924
"../../../Engine/Content/EngineMaterials/Substrate/Glints2/dict_0003_0226.uasset" 8925
"../../../Engine/Content/EngineMaterials/Substrate/Glints2/dict_0003_0222.uasset" 8926
"../../../Engine/Content/EngineMaterials/Substrate/Glints2/dict_0003_0224.uasset" 8927
"/Engine/EngineMaterials/Substrate/Glints2/dict_0003_0220" 8928
"/Engine/EngineMaterials/Substrate/Glints2/dict_0003_0219" 8929
"/Engine/EngineMaterials/Substrate/Glints2/dict_0003_0218" 8930
"/Engine/EngineMaterials/Substrate/Glints2/dict_0003_0211" 8931
"/Engine/EngineMaterials/Substrate/Glints2/dict_0003_0210" 8932
"/Engine/EngineMaterials/Substrate/Glints2/dict_0003_0216" 8933
"/Engine/EngineMaterials/Substrate/Glints2/dict_0003_0214" 8934
"/Engine/EngineMaterials/Substrate/Glints2/dict_0003_0217" 8935
"../../../Engine/Content/EngineMaterials/Substrate/Glints2/dict_0003_0228.uasset" 8936
"../../../Engine/Content/EngineMaterials/Substrate/Glints2/dict_0003_0229.uasset" 8937
"../../../Engine/Content/EngineMaterials/Substrate/Glints2/dict_0003_0232.uasset" 8938
"../../../Engine/Content/EngineMaterials/Substrate/Glints2/dict_0003_0231.uasset" 8939
"../../../Engine/Content/EngineMaterials/Substrate/Glints2/dict_0003_0230.uasset" 8940
"../../../Engine/Content/EngineMaterials/Substrate/Glints2/dict_0003_0227.uasset" 8941
"../../../Engine/Content/EngineMaterials/Substrate/Glints2/dict_0003_0233.uasset" 8942
"../../../Engine/Content/EngineMaterials/Substrate/Glints2/dict_0003_0234.uasset" 8943
"/Engine/EngineMaterials/Substrate/Glints2/dict_0003_0226" 8944
"/Engine/EngineMaterials/Substrate/Glints2/dict_0003_0225" 8945
"/Engine/EngineMaterials/Substrate/Glints2/dict_0003_0224" 8946
"/Engine/EngineMaterials/Substrate/Glints2/dict_0003_0223" 8947
"/Engine/EngineMaterials/Substrate/Glints2/dict_0003_0222" 8948
"../../../Engine/Content/EngineMaterials/Substrate/Glints2/dict_0003_0236.uasset" 8949
"../../../Engine/Content/EngineMaterials/Substrate/Glints2/dict_0003_0235.uasset" 8950
"../../../Engine/Content/EngineMaterials/Substrate/Glints2/dict_0003_0237.uasset" 8951
"../../../Engine/Content/EngineMaterials/Substrate/Glints2/dict_0003_0239.uasset" 8952
"../../../Engine/Content/EngineMaterials/Substrate/Glints2/dict_0003_0238.uasset" 8953
"../../../Engine/Content/EngineMaterials/Substrate/Glints2/dict_0003_0243.uasset" 8954
"../../../Engine/Content/EngineMaterials/Substrate/Glints2/dict_0003_0240.uasset" 8955
"../../../Engine/Content/EngineMaterials/Substrate/Glints2/dict_0003_0242.uasset" 8956
"../../../Engine/Content/EngineMaterials/Substrate/Glints2/dict_0003_0241.uasset" 8957
"../../../Engine/Content/EngineMaterials/Substrate/Glints2/dict_0003_0244.uasset" 8958
"../../../Engine/Content/EngineMaterials/Substrate/Glints2/dict_0003_0245.uasset" 8959
"../../../Engine/Content/EngineMaterials/Substrate/Glints2/dict_0003_0246.uasset" 8960
"../../../Engine/Content/EngineMaterials/Substrate/Glints2/dict_0003_0247.uasset" 8961
"../../../Engine/Content/EngineMaterials/Substrate/Glints2/dict_0003_0248.uasset" 8962
"../../../Engine/Content/EngineMaterials/Substrate/Glints2/dict_0003_0249.uasset" 8963
"../../../Engine/Content/EngineMaterials/Substrate/Glints2/dict_0003_0250.uasset" 8964
"../../../Engine/Content/EngineMaterials/Substrate/Glints2/dict_0003_0252.uasset" 8965
"../../../Engine/Content/EngineMaterials/Substrate/Glints2/dict_0003_0251.uasset" 8966
"../../../Engine/Content/EngineMaterials/Substrate/Glints2/dict_0003_0253.uasset" 8967
"../../../Engine/Content/EngineMaterials/Substrate/Glints2/dict_0003_0254.uasset" 8968
"../../../Engine/Content/EngineMaterials/Substrate/Glints2/dict_0003_0255.uasset" 8969
"../../../Engine/Content/EngineMaterials/Substrate/Glints2/dict_0004_0000.uasset" 8970
"../../../Engine/Content/EngineMaterials/Substrate/Glints2/dict_0004_0001.uasset" 8971
"../../../Engine/Content/EngineMaterials/Substrate/Glints2/dict_0004_0002.uasset" 8972
"/Engine/EngineMaterials/Substrate/Glints2/dict_0003_0253" 8973
"/Engine/EngineMaterials/Substrate/Glints2/dict_0003_0252" 8974
"/Engine/EngineMaterials/Substrate/Glints2/dict_0003_0251" 8975
"/Engine/EngineMaterials/Substrate/Glints2/dict_0003_0250" 8976
"/Engine/EngineMaterials/Substrate/Glints2/dict_0003_0244" 8977
"/Engine/EngineMaterials/Substrate/Glints2/dict_0003_0243" 8978
"/Engine/EngineMaterials/Substrate/Glints2/dict_0003_0249" 8979
"/Engine/EngineMaterials/Substrate/Glints2/dict_0003_0248" 8980
"/Engine/EngineMaterials/Substrate/Glints2/dict_0003_0242" 8981
"/Engine/EngineMaterials/Substrate/Glints2/dict_0003_0241" 8982
"/Engine/EngineMaterials/Substrate/Glints2/dict_0003_0240" 8983
"/Engine/EngineMaterials/Substrate/Glints2/dict_0003_0239" 8984
"/Engine/EngineMaterials/Substrate/Glints2/dict_0003_0247" 8985
"/Engine/EngineMaterials/Substrate/Glints2/dict_0003_0238" 8986
"/Engine/EngineMaterials/Substrate/Glints2/dict_0003_0237" 8987
"/Engine/EngineMaterials/Substrate/Glints2/dict_0003_0236" 8988
"/Engine/EngineMaterials/Substrate/Glints2/dict_0003_0235" 8989
"/Engine/EngineMaterials/Substrate/Glints2/dict_0003_0234" 8990
"/Engine/EngineMaterials/Substrate/Glints2/dict_0003_0233" 8991
"/Engine/EngineMaterials/Substrate/Glints2/dict_0003_0232" 8992
"/Engine/EngineMaterials/Substrate/Glints2/dict_0003_0231" 8993
"/Engine/EngineMaterials/Substrate/Glints2/dict_0003_0230" 8994
"/Engine/EngineMaterials/Substrate/Glints2/dict_0003_0229" 8995
"/Engine/EngineMaterials/Substrate/Glints2/dict_0003_0228" 8996
"/Engine/EngineMaterials/Substrate/Glints2/dict_0003_0246" 8997
"/Engine/EngineMaterials/Substrate/Glints2/dict_0003_0227" 8998
"/Engine/EngineMaterials/Substrate/Glints2/dict_0004_0002" 8999
"/Engine/EngineMaterials/Substrate/Glints2/dict_0004_0001" 9000
"/Engine/EngineMaterials/Substrate/Glints2/dict_0004_0000" 9001
"/Engine/EngineMaterials/Substrate/Glints2/dict_0003_0255" 9002
"/Engine/EngineMaterials/Substrate/Glints2/dict_0003_0254" 9003
"/Engine/EngineMaterials/Substrate/Glints2/dict_0003_0245" 9004
"../../../Engine/Content/EngineMaterials/Substrate/Glints2/dict_0004_0007.uasset" 9005
"../../../Engine/Content/EngineMaterials/Substrate/Glints2/dict_0004_0005.uasset" 9006
"../../../Engine/Content/EngineMaterials/Substrate/Glints2/dict_0004_0004.uasset" 9007
"../../../Engine/Content/EngineMaterials/Substrate/Glints2/dict_0004_0003.uasset" 9008
"../../../Engine/Content/EngineMaterials/Substrate/Glints2/dict_0004_0006.uasset" 9009
"../../../Engine/Content/EngineMaterials/Substrate/Glints2/dict_0004_0008.uasset" 9010
"../../../Engine/Content/EngineMaterials/Substrate/Glints2/dict_0004_0009.uasset" 9011
"../../../Engine/Content/EngineMaterials/Substrate/Glints2/dict_0004_0011.uasset" 9012
"../../../Engine/Content/EngineMaterials/Substrate/Glints2/dict_0004_0012.uasset" 9013
"../../../Engine/Content/EngineMaterials/Substrate/Glints2/dict_0004_0010.uasset" 9014
"../../../Engine/Content/EngineMaterials/Substrate/Glints2/dict_0004_0014.uasset" 9015
"../../../Engine/Content/EngineMaterials/Substrate/Glints2/dict_0004_0013.uasset" 9016
"/Engine/EngineMaterials/Substrate/Glints2/dict_0004_0008" 9017
"/Engine/EngineMaterials/Substrate/Glints2/dict_0004_0007" 9018
"/Engine/EngineMaterials/Substrate/Glints2/dict_0004_0006" 9019
"/Engine/EngineMaterials/Substrate/Glints2/dict_0004_0005" 9020
"/Engine/EngineMaterials/Substrate/Glints2/dict_0004_0004" 9021
"/Engine/EngineMaterials/Substrate/Glints2/dict_0004_0003" 9022
"../../../Engine/Content/EngineMaterials/Substrate/Glints2/dict_0004_0017.uasset" 9023
"../../../Engine/Content/EngineMaterials/Substrate/Glints2/dict_0004_0015.uasset" 9024
"../../../Engine/Content/EngineMaterials/Substrate/Glints2/dict_0004_0018.uasset" 9025
"../../../Engine/Content/EngineMaterials/Substrate/Glints2/dict_0004_0019.uasset" 9026
"../../../Engine/Content/EngineMaterials/Substrate/Glints2/dict_0004_0016.uasset" 9027
"../../../Engine/Content/EngineMaterials/Substrate/Glints2/dict_0004_0020.uasset" 9028
"../../../Engine/Content/EngineMaterials/Substrate/Glints2/dict_0004_0021.uasset" 9029
"../../../Engine/Content/EngineMaterials/Substrate/Glints2/dict_0004_0022.uasset" 9030
"/Engine/EngineMaterials/Substrate/Glints2/dict_0004_0016" 9031
"/Engine/EngineMaterials/Substrate/Glints2/dict_0004_0015" 9032
"/Engine/EngineMaterials/Substrate/Glints2/dict_0004_0014" 9033
"/Engine/EngineMaterials/Substrate/Glints2/dict_0004_0013" 9034
"/Engine/EngineMaterials/Substrate/Glints2/dict_0004_0012" 9035
"/Engine/EngineMaterials/Substrate/Glints2/dict_0004_0011" 9036
"/Engine/EngineMaterials/Substrate/Glints2/dict_0004_0010" 9037
"/Engine/EngineMaterials/Substrate/Glints2/dict_0004_0009" 9038
"/Engine/EngineMaterials/Substrate/Glints2/dict_0004_0022" 9039
"../../../Engine/Content/EngineMaterials/Substrate/Glints2/dict_0004_0025.uasset" 9040
"../../../Engine/Content/EngineMaterials/Substrate/Glints2/dict_0004_0026.uasset" 9041
"../../../Engine/Content/EngineMaterials/Substrate/Glints2/dict_0004_0024.uasset" 9042
"../../../Engine/Content/EngineMaterials/Substrate/Glints2/dict_0004_0023.uasset" 9043
"../../../Engine/Content/EngineMaterials/Substrate/Glints2/dict_0004_0027.uasset" 9044
"../../../Engine/Content/EngineMaterials/Substrate/Glints2/dict_0004_0028.uasset" 9045
"/Engine/EngineMaterials/Substrate/Glints2/dict_0004_0021" 9046
"../../../Engine/Content/EngineMaterials/Substrate/Glints2/dict_0004_0031.uasset" 9047
"../../../Engine/Content/EngineMaterials/Substrate/Glints2/dict_0004_0030.uasset" 9048
"../../../Engine/Content/EngineMaterials/Substrate/Glints2/dict_0004_0033.uasset" 9049
"../../../Engine/Content/EngineMaterials/Substrate/Glints2/dict_0004_0029.uasset" 9050
"../../../Engine/Content/EngineMaterials/Substrate/Glints2/dict_0004_0034.uasset" 9051
"../../../Engine/Content/EngineMaterials/Substrate/Glints2/dict_0004_0032.uasset" 9052
"/Engine/EngineMaterials/Substrate/Glints2/dict_0004_0020" 9053
"/Engine/EngineMaterials/Substrate/Glints2/dict_0004_0019" 9054
"/Engine/EngineMaterials/Substrate/Glints2/dict_0004_0018" 9055
"/Engine/EngineMaterials/Substrate/Glints2/dict_0004_0017" 9056
"/Engine/EngineMaterials/Substrate/Glints2/dict_0004_0028" 9057
"/Engine/EngineMaterials/Substrate/Glints2/dict_0004_0027" 9058
"/Engine/EngineMaterials/Substrate/Glints2/dict_0004_0026" 9059
"/Engine/EngineMaterials/Substrate/Glints2/dict_0004_0025" 9060
"/Engine/EngineMaterials/Substrate/Glints2/dict_0004_0024" 9061
"/Engine/EngineMaterials/Substrate/Glints2/dict_0004_0023" 9062
"../../../Engine/Content/EngineMaterials/Substrate/Glints2/dict_0004_0036.uasset" 9063
"../../../Engine/Content/EngineMaterials/Substrate/Glints2/dict_0004_0038.uasset" 9064
"../../../Engine/Content/EngineMaterials/Substrate/Glints2/dict_0004_0040.uasset" 9065
"../../../Engine/Content/EngineMaterials/Substrate/Glints2/dict_0004_0039.uasset" 9066
"../../../Engine/Content/EngineMaterials/Substrate/Glints2/dict_0004_0037.uasset" 9067
"../../../Engine/Content/EngineMaterials/Substrate/Glints2/dict_0004_0035.uasset" 9068
"../../../Engine/Content/EngineMaterials/Substrate/Glints2/dict_0004_0042.uasset" 9069
"../../../Engine/Content/EngineMaterials/Substrate/Glints2/dict_0004_0043.uasset" 9070
"../../../Engine/Content/EngineMaterials/Substrate/Glints2/dict_0004_0041.uasset" 9071
"../../../Engine/Content/EngineMaterials/Substrate/Glints2/dict_0004_0045.uasset" 9072
"../../../Engine/Content/EngineMaterials/Substrate/Glints2/dict_0004_0046.uasset" 9073
"../../../Engine/Content/EngineMaterials/Substrate/Glints2/dict_0004_0044.uasset" 9074
"/Engine/EngineMaterials/Substrate/Glints2/dict_0004_0034" 9075
"/Engine/EngineMaterials/Substrate/Glints2/dict_0004_0033" 9076
"C:/Users/conor/OneDrive/Desktop/Documents/GitHub/3D-Platformer-Semester-2/3DPlatformer/DerivedDataCache/VT/TEXTURE_7C16439390E24F1F9468894FB4D4BC55_VTCHUNK44B429B40BB45A070EB17C1259C28734996A2F49" 9077
"C:/Users/conor/OneDrive/Desktop/Documents/GitHub/3D-Platformer-Semester-2/3DPlatformer/DerivedDataCache/VT/TEXTURE_7C16439390E24F1F9468894FB4D4BC55_VTCHUNK967C747FFC357A828288FA05D93CD5DCECDA891B" 9078
"C:/Users/conor/OneDrive/Desktop/Documents/GitHub/3D-Platformer-Semester-2/3DPlatformer/DerivedDataCache/VT/TEXTURE_7C16439390E24F1F9468894FB4D4BC55_VTCHUNK2A5F9F60441DA258D18B46D59C64D5BAD50E8EE3" 9079
"../../../Engine/Content/EngineMaterials/Substrate/Glints2/dict_0004_0049.uasset" 9080
"../../../Engine/Content/EngineMaterials/Substrate/Glints2/dict_0004_0048.uasset" 9081
"../../../Engine/Content/EngineMaterials/Substrate/Glints2/dict_0004_0050.uasset" 9082
"../../../Engine/Content/EngineMaterials/Substrate/Glints2/dict_0004_0047.uasset" 9083
"/Engine/EngineMaterials/Substrate/Glints2/dict_0004_0032" 9084
"../../../Engine/Content/EngineMaterials/Substrate/Glints2/dict_0004_0051.uasset" 9085
"../../../Engine/Content/EngineMaterials/Substrate/Glints2/dict_0004_0052.uasset" 9086
"../../../Engine/Content/EngineMaterials/Substrate/Glints2/dict_0004_0054.uasset" 9087
"../../../Engine/Content/EngineMaterials/Substrate/Glints2/dict_0004_0053.uasset" 9088
"../../../Engine/Content/EngineMaterials/Substrate/Glints2/dict_0004_0055.uasset" 9089
"../../../Engine/Content/EngineMaterials/Substrate/Glints2/dict_0004_0056.uasset" 9090
"../../../Engine/Content/EngineMaterials/Substrate/Glints2/dict_0004_0057.uasset" 9091
"/Engine/EngineMaterials/Substrate/Glints2/dict_0004_0031" 9092
"/Engine/EngineMaterials/Substrate/Glints2/dict_0004_0030" 9093
"/Engine/EngineMaterials/Substrate/Glints2/dict_0004_0029" 9094
"/Engine/EngineMaterials/Substrate/Glints2/dict_0004_0040" 9095
"/Engine/EngineMaterials/Substrate/Glints2/dict_0004_0039" 9096
"/Engine/EngineMaterials/Substrate/Glints2/dict_0004_0038" 9097
"/Engine/EngineMaterials/Substrate/Glints2/dict_0004_0037" 9098
"/Engine/EngineMaterials/Substrate/Glints2/dict_0004_0036" 9099
"/Engine/EngineMaterials/Substrate/Glints2/dict_0004_0035" 9100
"/Engine/EngineMaterials/Substrate/Glints2/dict_0004_0047" 9101
"/Engine/EngineMaterials/Substrate/Glints2/dict_0004_0046" 9102
"/Engine/EngineMaterials/Substrate/Glints2/dict_0004_0045" 9103
"/Engine/EngineMaterials/Substrate/Glints2/dict_0004_0044" 9104
"/Engine/EngineMaterials/Substrate/Glints2/dict_0004_0043" 9105
"/Engine/EngineMaterials/Substrate/Glints2/dict_0004_0042" 9106
"/Engine/EngineMaterials/Substrate/Glints2/dict_0004_0041" 9107
"../../../Engine/Content/EngineMaterials/Substrate/Glints2/dict_0004_0058.uasset" 9108
"../../../Engine/Content/EngineMaterials/Substrate/Glints2/dict_0004_0059.uasset" 9109
"../../../Engine/Content/EngineMaterials/Substrate/Glints2/dict_0004_0060.uasset" 9110
"../../../Engine/Content/EngineMaterials/Substrate/Glints2/dict_0004_0062.uasset" 9111
"../../../Engine/Content/EngineMaterials/Substrate/Glints2/dict_0004_0063.uasset" 9112
"../../../Engine/Content/EngineMaterials/Substrate/Glints2/dict_0004_0061.uasset" 9113
"../../../Engine/Content/EngineMaterials/Substrate/Glints2/dict_0004_0064.uasset" 9114
"../../../Engine/Content/EngineMaterials/Substrate/Glints2/dict_0004_0065.uasset" 9115
"../../../Engine/Content/EngineMaterials/Substrate/Glints2/dict_0004_0066.uasset" 9116
"../../../Engine/Content/EngineMaterials/Substrate/Glints2/dict_0004_0067.uasset" 9117
"../../../Engine/Content/EngineMaterials/Substrate/Glints2/dict_0004_0069.uasset" 9118
"../../../Engine/Content/EngineMaterials/Substrate/Glints2/dict_0004_0068.uasset" 9119
"../../../Engine/Content/EngineMaterials/Substrate/Glints2/dict_0004_0071.uasset" 9120
"../../../Engine/Content/EngineMaterials/Substrate/Glints2/dict_0004_0070.uasset" 9121
"../../../Engine/Content/EngineMaterials/Substrate/Glints2/dict_0004_0072.uasset" 9122
"/Engine/EngineMaterials/Substrate/Glints2/dict_0004_0067" 9123
"../../../Engine/Content/EngineMaterials/Substrate/Glints2/dict_0004_0074.uasset" 9124
"../../../Engine/Content/EngineMaterials/Substrate/Glints2/dict_0004_0073.uasset" 9125
"../../../Engine/Content/EngineMaterials/Substrate/Glints2/dict_0004_0075.uasset" 9126
"../../../Engine/Content/EngineMaterials/Substrate/Glints2/dict_0004_0076.uasset" 9127
"../../../Engine/Content/EngineMaterials/Substrate/Glints2/dict_0004_0078.uasset" 9128
"../../../Engine/Content/EngineMaterials/Substrate/Glints2/dict_0004_0077.uasset" 9129
"../../../Engine/Content/EngineMaterials/Substrate/Glints2/dict_0004_0079.uasset" 9130
"/Engine/EngineMaterials/Substrate/Glints2/dict_0004_0060" 9131
"/Engine/EngineMaterials/Substrate/Glints2/dict_0004_0059" 9132
"/Engine/EngineMaterials/Substrate/Glints2/dict_0004_0058" 9133
"/Engine/EngineMaterials/Substrate/Glints2/dict_0004_0057" 9134
"/Engine/EngineMaterials/Substrate/Glints2/dict_0004_0056" 9135
"/Engine/EngineMaterials/Substrate/Glints2/dict_0004_0055" 9136
"/Engine/EngineMaterials/Substrate/Glints2/dict_0004_0054" 9137
"/Engine/EngineMaterials/Substrate/Glints2/dict_0004_0053" 9138
"/Engine/EngineMaterials/Substrate/Glints2/dict_0004_0052" 9139
"/Engine/EngineMaterials/Substrate/Glints2/dict_0004_0051" 9140
"/Engine/EngineMaterials/Substrate/Glints2/dict_0004_0050" 9141
"/Engine/EngineMaterials/Substrate/Glints2/dict_0004_0049" 9142
"/Engine/EngineMaterials/Substrate/Glints2/dict_0004_0048" 9143
"/Engine/EngineMaterials/Substrate/Glints2/dict_0004_0066" 9144
"/Engine/EngineMaterials/Substrate/Glints2/dict_0004_0065" 9145
"/Engine/EngineMaterials/Substrate/Glints2/dict_0004_0064" 9146
"/Engine/EngineMaterials/Substrate/Glints2/dict_0004_0063" 9147
"/Engine/EngineMaterials/Substrate/Glints2/dict_0004_0062" 9148
"/Engine/EngineMaterials/Substrate/Glints2/dict_0004_0061" 9149
"/Engine/EngineMaterials/Substrate/Glints2/dict_0004_0072" 9150
"../../../Engine/Content/EngineMaterials/Substrate/Glints2/dict_0004_0081.uasset" 9151
"../../../Engine/Content/EngineMaterials/Substrate/Glints2/dict_0004_0080.uasset" 9152
"../../../Engine/Content/EngineMaterials/Substrate/Glints2/dict_0004_0084.uasset" 9153
"../../../Engine/Content/EngineMaterials/Substrate/Glints2/dict_0004_0083.uasset" 9154
"../../../Engine/Content/EngineMaterials/Substrate/Glints2/dict_0004_0082.uasset" 9155
"/Engine/EngineMaterials/Substrate/Glints2/dict_0004_0071" 9156
"/Engine/EngineMaterials/Substrate/Glints2/dict_0004_0070" 9157
"/Engine/EngineMaterials/Substrate/Glints2/dict_0004_0069" 9158
"/Engine/EngineMaterials/Substrate/Glints2/dict_0004_0068" 9159
"/Engine/EngineMaterials/Substrate/Glints2/dict_0004_0079" 9160
"/Engine/EngineMaterials/Substrate/Glints2/dict_0004_0078" 9161
"/Engine/EngineMaterials/Substrate/Glints2/dict_0004_0077" 9162
"/Engine/EngineMaterials/Substrate/Glints2/dict_0004_0076" 9163
"/Engine/EngineMaterials/Substrate/Glints2/dict_0004_0075" 9164
"/Engine/EngineMaterials/Substrate/Glints2/dict_0004_0074" 9165
"/Engine/EngineMaterials/Substrate/Glints2/dict_0004_0073" 9166
"../../../Engine/Content/EngineMaterials/Substrate/Glints2/dict_0004_0089.uasset" 9167
"../../../Engine/Content/EngineMaterials/Substrate/Glints2/dict_0004_0085.uasset" 9168
"../../../Engine/Content/EngineMaterials/Substrate/Glints2/dict_0004_0088.uasset" 9169
"../../../Engine/Content/EngineMaterials/Substrate/Glints2/dict_0004_0086.uasset" 9170
"../../../Engine/Content/EngineMaterials/Substrate/Glints2/dict_0004_0087.uasset" 9171
"../../../Engine/Content/EngineMaterials/Substrate/Glints2/dict_0004_0092.uasset" 9172
"C:/Users/conor/OneDrive/Desktop/Documents/GitHub/3D-Platformer-Semester-2/3DPlatformer/DerivedDataCache/VT/TEXTURE_7C16439390E24F1F9468894FB4D4BC55_VTCHUNK02D4C3BCAD7DFA48AB32B8281FB06B8B83DB6275" 9173
"../../../Engine/Content/EngineMaterials/Substrate/Glints2/dict_0004_0091.uasset" 9174
"../../../Engine/Content/EngineMaterials/Substrate/Glints2/dict_0004_0093.uasset" 9175
"../../../Engine/Content/EngineMaterials/Substrate/Glints2/dict_0004_0090.uasset" 9176
"../../../Engine/Content/EngineMaterials/Substrate/Glints2/dict_0004_0094.uasset" 9177
"../../../Engine/Content/EngineMaterials/Substrate/Glints2/dict_0004_0096.uasset" 9178
"../../../Engine/Content/EngineMaterials/Substrate/Glints2/dict_0004_0095.uasset" 9179
"../../../Engine/Content/EngineMaterials/Substrate/Glints2/dict_0004_0097.uasset" 9180
"../../../Engine/Content/EngineMaterials/Substrate/Glints2/dict_0004_0098.uasset" 9181
"../../../Engine/Content/EngineMaterials/Substrate/Glints2/dict_0004_0099.uasset" 9182
"../../../Engine/Content/EngineMaterials/Substrate/Glints2/dict_0004_0100.uasset" 9183
"C:/Users/conor/OneDrive/Desktop/Documents/GitHub/3D-Platformer-Semester-2/3DPlatformer/DerivedDataCache/VT/TEXTURE_7C16439390E24F1F9468894FB4D4BC55_VTCHUNKC0393DE8C5B4673D99D1BECB92AA8C1F72FEB491" 9184
"../../../Engine/Content/EngineMaterials/Substrate/Glints2/dict_0004_0101.uasset" 9185
"../../../Engine/Content/EngineMaterials/Substrate/Glints2/dict_0004_0102.uasset" 9186
"../../../Engine/Content/EngineMaterials/Substrate/Glints2/dict_0004_0103.uasset" 9187
"../../../Engine/Content/EngineMaterials/Substrate/Glints2/dict_0004_0104.uasset" 9188
"/Engine/EngineMaterials/Substrate/Glints2/dict_0004_0095" 9189
"/Engine/EngineMaterials/Substrate/Glints2/dict_0004_0094" 9190
"/Engine/EngineMaterials/Substrate/Glints2/dict_0004_0093" 9191
"/Engine/EngineMaterials/Substrate/Glints2/dict_0004_0092" 9192
"/Engine/EngineMaterials/Substrate/Glints2/dict_0004_0091" 9193
"/Engine/EngineMaterials/Substrate/Glints2/dict_0004_0090" 9194
"/Engine/EngineMaterials/Substrate/Glints2/dict_0004_0089" 9195
"/Engine/EngineMaterials/Substrate/Glints2/dict_0004_0088" 9196
"/Engine/EngineMaterials/Substrate/Glints2/dict_0004_0087" 9197
"/Engine/EngineMaterials/Substrate/Glints2/dict_0004_0086" 9198
"/Engine/EngineMaterials/Substrate/Glints2/dict_0004_0085" 9199
"/Engine/EngineMaterials/Substrate/Glints2/dict_0004_0084" 9200
"/Engine/EngineMaterials/Substrate/Glints2/dict_0004_0083" 9201
"/Engine/EngineMaterials/Substrate/Glints2/dict_0004_0082" 9202
"/Engine/EngineMaterials/Substrate/Glints2/dict_0004_0081" 9203
"/Engine/EngineMaterials/Substrate/Glints2/dict_0004_0080" 9204
"../../../Engine/Content/EngineMaterials/Substrate/Glints2/dict_0004_0105.uasset" 9205
"../../../Engine/Content/EngineMaterials/Substrate/Glints2/dict_0004_0107.uasset" 9206
"../../../Engine/Content/EngineMaterials/Substrate/Glints2/dict_0004_0108.uasset" 9207
"../../../Engine/Content/EngineMaterials/Substrate/Glints2/dict_0004_0106.uasset" 9208
"../../../Engine/Content/EngineMaterials/Substrate/Glints2/dict_0004_0109.uasset" 9209
"/Engine/EngineMaterials/Substrate/Glints2/dict_0004_0099" 9210
"/Engine/EngineMaterials/Substrate/Glints2/dict_0004_0098" 9211
"/Engine/EngineMaterials/Substrate/Glints2/dict_0004_0096" 9212
"../../../Engine/Content/EngineMaterials/Substrate/Glints2/dict_0004_0112.uasset" 9213
"../../../Engine/Content/EngineMaterials/Substrate/Glints2/dict_0004_0111.uasset" 9214
"/Engine/EngineMaterials/Substrate/Glints2/dict_0004_0100" 9215
"../../../Engine/Content/EngineMaterials/Substrate/Glints2/dict_0004_0110.uasset" 9216
"../../../Engine/Content/EngineMaterials/Substrate/Glints2/dict_0004_0113.uasset" 9217
"../../../Engine/Content/EngineMaterials/Substrate/Glints2/dict_0004_0114.uasset" 9218
"../../../Engine/Content/EngineMaterials/Substrate/Glints2/dict_0004_0115.uasset" 9219
"../../../Engine/Content/EngineMaterials/Substrate/Glints2/dict_0004_0116.uasset" 9220
"../../../Engine/Content/EngineMaterials/Substrate/Glints2/dict_0004_0117.uasset" 9221
"../../../Engine/Content/EngineMaterials/Substrate/Glints2/dict_0004_0118.uasset" 9222
"../../../Engine/Content/EngineMaterials/Substrate/Glints2/dict_0004_0119.uasset" 9223
"../../../Engine/Content/EngineMaterials/Substrate/Glints2/dict_0004_0120.uasset" 9224
"../../../Engine/Content/EngineMaterials/Substrate/Glints2/dict_0004_0121.uasset" 9225
"../../../Engine/Content/EngineMaterials/Substrate/Glints2/dict_0004_0122.uasset" 9226
"../../../Engine/Content/EngineMaterials/Substrate/Glints2/dict_0004_0123.uasset" 9227
"../../../Engine/Content/EngineMaterials/Substrate/Glints2/dict_0004_0124.uasset" 9228
"../../../Engine/Content/EngineMaterials/Substrate/Glints2/dict_0004_0125.uasset" 9229
"/Engine/EngineMaterials/Substrate/Glints2/dict_0004_0111" 9230
"../../../Engine/Content/EngineMaterials/Substrate/Glints2/dict_0004_0128.uasset" 9231
"../../../Engine/Content/EngineMaterials/Substrate/Glints2/dict_0004_0126.uasset" 9232
"../../../Engine/Content/EngineMaterials/Substrate/Glints2/dict_0004_0127.uasset" 9233
"../../../Engine/Content/EngineMaterials/Substrate/Glints2/dict_0004_0129.uasset" 9234
"../../../Engine/Content/EngineMaterials/Substrate/Glints2/dict_0004_0130.uasset" 9235
"../../../Engine/Content/EngineMaterials/Substrate/Glints2/dict_0004_0131.uasset" 9236
"/Engine/EngineMaterials/Substrate/Glints2/dict_0004_0110" 9237
"/Engine/EngineMaterials/Substrate/Glints2/dict_0004_0109" 9238
"/Engine/EngineMaterials/Substrate/Glints2/dict_0004_0108" 9239
"/Engine/EngineMaterials/Substrate/Glints2/dict_0004_0107" 9240
"/Engine/EngineMaterials/Substrate/Glints2/dict_0004_0097" 9241
"/Engine/EngineMaterials/Substrate/Glints2/dict_0004_0120" 9242
"/Engine/EngineMaterials/Substrate/Glints2/dict_0004_0119" 9243
"/Engine/EngineMaterials/Substrate/Glints2/dict_0004_0118" 9244
"/Engine/EngineMaterials/Substrate/Glints2/dict_0004_0106" 9245
"/Engine/EngineMaterials/Substrate/Glints2/dict_0004_0105" 9246
"/Engine/EngineMaterials/Substrate/Glints2/dict_0004_0104" 9247
"/Engine/EngineMaterials/Substrate/Glints2/dict_0004_0103" 9248
"/Engine/EngineMaterials/Substrate/Glints2/dict_0004_0102" 9249
"/Engine/EngineMaterials/Substrate/Glints2/dict_0004_0101" 9250
"/Engine/EngineMaterials/Substrate/Glints2/dict_0004_0117" 9251
"/Engine/EngineMaterials/Substrate/Glints2/dict_0004_0116" 9252
"/Engine/EngineMaterials/Substrate/Glints2/dict_0004_0115" 9253
"/Engine/EngineMaterials/Substrate/Glints2/dict_0004_0114" 9254
"/Engine/EngineMaterials/Substrate/Glints2/dict_0004_0113" 9255
"/Engine/EngineMaterials/Substrate/Glints2/dict_0004_0112" 9256
"/Engine/EngineMaterials/Substrate/Glints2/dict_0004_0131" 9257
"../../../Engine/Content/EngineMaterials/Substrate/Glints2/dict_0004_0136.uasset" 9258
"../../../Engine/Content/EngineMaterials/Substrate/Glints2/dict_0004_0135.uasset" 9259
"../../../Engine/Content/EngineMaterials/Substrate/Glints2/dict_0004_0134.uasset" 9260
"../../../Engine/Content/EngineMaterials/Substrate/Glints2/dict_0004_0132.uasset" 9261
"../../../Engine/Content/EngineMaterials/Substrate/Glints2/dict_0004_0133.uasset" 9262
"/Engine/EngineMaterials/Substrate/Glints2/dict_0004_0130" 9263
"/Engine/EngineMaterials/Substrate/Glints2/dict_0004_0129" 9264
"/Engine/EngineMaterials/Substrate/Glints2/dict_0004_0127" 9265
"/Engine/EngineMaterials/Substrate/Glints2/dict_0004_0126" 9266
"/Engine/EngineMaterials/Substrate/Glints2/dict_0004_0125" 9267
"/Engine/EngineMaterials/Substrate/Glints2/dict_0004_0124" 9268
"/Engine/EngineMaterials/Substrate/Glints2/dict_0004_0123" 9269
"/Engine/EngineMaterials/Substrate/Glints2/dict_0004_0122" 9270
"/Engine/EngineMaterials/Substrate/Glints2/dict_0004_0121" 9271
"/Engine/EngineMaterials/Substrate/Glints2/dict_0004_0128" 9272
"../../../Engine/Content/EngineMaterials/Substrate/Glints2/dict_0004_0137.uasset" 9273
"../../../Engine/Content/EngineMaterials/Substrate/Glints2/dict_0004_0139.uasset" 9274
"../../../Engine/Content/EngineMaterials/Substrate/Glints2/dict_0004_0140.uasset" 9275
"../../../Engine/Content/EngineMaterials/Substrate/Glints2/dict_0004_0138.uasset" 9276
"../../../Engine/Content/EngineMaterials/Substrate/Glints2/dict_0004_0144.uasset" 9277
"../../../Engine/Content/EngineMaterials/Substrate/Glints2/dict_0004_0142.uasset" 9278
"../../../Engine/Content/EngineMaterials/Substrate/Glints2/dict_0004_0141.uasset" 9279
"../../../Engine/Content/EngineMaterials/Substrate/Glints2/dict_0004_0143.uasset" 9280
"../../../Engine/Content/EngineMaterials/Substrate/Glints2/dict_0004_0145.uasset" 9281
"/Engine/EngineMaterials/Substrate/Glints2/dict_0004_0135" 9282
"/Engine/EngineMaterials/Substrate/Glints2/dict_0004_0134" 9283
"/Engine/EngineMaterials/Substrate/Glints2/dict_0004_0133" 9284
"/Engine/EngineMaterials/Substrate/Glints2/dict_0004_0132" 9285
"../../../Engine/Content/EngineMaterials/Substrate/Glints2/dict_0004_0146.uasset" 9286
"../../../Engine/Content/EngineMaterials/Substrate/Glints2/dict_0004_0147.uasset" 9287
"../../../Engine/Content/EngineMaterials/Substrate/Glints2/dict_0004_0151.uasset" 9288
"../../../Engine/Content/EngineMaterials/Substrate/Glints2/dict_0004_0152.uasset" 9289
"../../../Engine/Content/EngineMaterials/Substrate/Glints2/dict_0004_0149.uasset" 9290
"../../../Engine/Content/EngineMaterials/Substrate/Glints2/dict_0004_0150.uasset" 9291
"../../../Engine/Content/EngineMaterials/Substrate/Glints2/dict_0004_0148.uasset" 9292
"../../../Engine/Content/EngineMaterials/Substrate/Glints2/dict_0004_0153.uasset" 9293
"../../../Engine/Content/EngineMaterials/Substrate/Glints2/dict_0004_0154.uasset" 9294
"../../../Engine/Content/EngineMaterials/Substrate/Glints2/dict_0004_0155.uasset" 9295
"/Engine/EngineMaterials/Substrate/Glints2/dict_0004_0145" 9296
"/Engine/EngineMaterials/Substrate/Glints2/dict_0004_0144" 9297
"/Engine/EngineMaterials/Substrate/Glints2/dict_0004_0143" 9298
"/Engine/EngineMaterials/Substrate/Glints2/dict_0004_0142" 9299
"/Engine/EngineMaterials/Substrate/Glints2/dict_0004_0141" 9300
"/Engine/EngineMaterials/Substrate/Glints2/dict_0004_0140" 9301
"/Engine/EngineMaterials/Substrate/Glints2/dict_0004_0139" 9302
"/Engine/EngineMaterials/Substrate/Glints2/dict_0004_0138" 9303
"/Engine/EngineMaterials/Substrate/Glints2/dict_0004_0137" 9304
"/Engine/EngineMaterials/Substrate/Glints2/dict_0004_0136" 9305
"../../../Engine/Content/EngineMaterials/Substrate/Glints2/dict_0004_0156.uasset" 9306
"../../../Engine/Content/EngineMaterials/Substrate/Glints2/dict_0004_0157.uasset" 9307
"../../../Engine/Content/EngineMaterials/Substrate/Glints2/dict_0004_0160.uasset" 9308
"../../../Engine/Content/EngineMaterials/Substrate/Glints2/dict_0004_0161.uasset" 9309
"../../../Engine/Content/EngineMaterials/Substrate/Glints2/dict_0004_0158.uasset" 9310
"../../../Engine/Content/EngineMaterials/Substrate/Glints2/dict_0004_0162.uasset" 9311
"../../../Engine/Content/EngineMaterials/Substrate/Glints2/dict_0004_0159.uasset" 9312
"../../../Engine/Content/EngineMaterials/Substrate/Glints2/dict_0004_0163.uasset" 9313
"../../../Engine/Content/EngineMaterials/Substrate/Glints2/dict_0004_0164.uasset" 9314
"../../../Engine/Content/EngineMaterials/Substrate/Glints2/dict_0004_0165.uasset" 9315
"../../../Engine/Content/EngineMaterials/Substrate/Glints2/dict_0004_0167.uasset" 9316
"../../../Engine/Content/EngineMaterials/Substrate/Glints2/dict_0004_0166.uasset" 9317
"../../../Engine/Content/EngineMaterials/Substrate/Glints2/dict_0004_0168.uasset" 9318
"../../../Engine/Content/EngineMaterials/Substrate/Glints2/dict_0004_0169.uasset" 9319
"../../../Engine/Content/EngineMaterials/Substrate/Glints2/dict_0004_0173.uasset" 9320
"../../../Engine/Content/EngineMaterials/Substrate/Glints2/dict_0004_0172.uasset" 9321
"../../../Engine/Content/EngineMaterials/Substrate/Glints2/dict_0004_0171.uasset" 9322
"../../../Engine/Content/EngineMaterials/Substrate/Glints2/dict_0004_0170.uasset" 9323
"../../../Engine/Content/EngineMaterials/Substrate/Glints2/dict_0004_0174.uasset" 9324
"../../../Engine/Content/EngineMaterials/Substrate/Glints2/dict_0004_0175.uasset" 9325
"../../../Engine/Content/EngineMaterials/Substrate/Glints2/dict_0004_0176.uasset" 9326
"../../../Engine/Content/EngineMaterials/Substrate/Glints2/dict_0004_0177.uasset" 9327
"/Engine/EngineMaterials/Substrate/Glints2/dict_0004_0152" 9328
"/Engine/EngineMaterials/Substrate/Glints2/dict_0004_0151" 9329
"/Engine/EngineMaterials/Substrate/Glints2/dict_0004_0150" 9330
"/Engine/EngineMaterials/Substrate/Glints2/dict_0004_0149" 9331
"/Engine/EngineMaterials/Substrate/Glints2/dict_0004_0148" 9332
"/Engine/EngineMaterials/Substrate/Glints2/dict_0004_0163" 9333
"/Engine/EngineMaterials/Substrate/Glints2/dict_0004_0162" 9334
"/Engine/EngineMaterials/Substrate/Glints2/dict_0004_0147" 9335
"/Engine/EngineMaterials/Substrate/Glints2/dict_0004_0161" 9336
"/Engine/EngineMaterials/Substrate/Glints2/dict_0004_0160" 9337
"/Engine/EngineMaterials/Substrate/Glints2/dict_0004_0159" 9338
"/Engine/EngineMaterials/Substrate/Glints2/dict_0004_0158" 9339
"/Engine/EngineMaterials/Substrate/Glints2/dict_0004_0157" 9340
"/Engine/EngineMaterials/Substrate/Glints2/dict_0004_0156" 9341
"/Engine/EngineMaterials/Substrate/Glints2/dict_0004_0155" 9342
"/Engine/EngineMaterials/Substrate/Glints2/dict_0004_0154" 9343
"/Engine/EngineMaterials/Substrate/Glints2/dict_0004_0146" 9344
"/Engine/EngineMaterials/Substrate/Glints2/dict_0004_0177" 9345
"/Engine/EngineMaterials/Substrate/Glints2/dict_0004_0176" 9346
"/Engine/EngineMaterials/Substrate/Glints2/dict_0004_0175" 9347
"/Engine/EngineMaterials/Substrate/Glints2/dict_0004_0174" 9348
"/Engine/EngineMaterials/Substrate/Glints2/dict_0004_0173" 9349
"/Engine/EngineMaterials/Substrate/Glints2/dict_0004_0172" 9350
"/Engine/EngineMaterials/Substrate/Glints2/dict_0004_0171" 9351
"/Engine/EngineMaterials/Substrate/Glints2/dict_0004_0170" 9352
"/Engine/EngineMaterials/Substrate/Glints2/dict_0004_0153" 9353
"/Engine/EngineMaterials/Substrate/Glints2/dict_0004_0169" 9354
"/Engine/EngineMaterials/Substrate/Glints2/dict_0004_0168" 9355
"/Engine/EngineMaterials/Substrate/Glints2/dict_0004_0167" 9356
"/Engine/EngineMaterials/Substrate/Glints2/dict_0004_0166" 9357
"/Engine/EngineMaterials/Substrate/Glints2/dict_0004_0165" 9358
"/Engine/EngineMaterials/Substrate/Glints2/dict_0004_0164" 9359
"../../../Engine/Content/EngineMaterials/Substrate/Glints2/dict_0004_0178.uasset" 9360
"../../../Engine/Content/EngineMaterials/Substrate/Glints2/dict_0004_0183.uasset" 9361
"../../../Engine/Content/EngineMaterials/Substrate/Glints2/dict_0004_0181.uasset" 9362
"../../../Engine/Content/EngineMaterials/Substrate/Glints2/dict_0004_0180.uasset" 9363
"../../../Engine/Content/EngineMaterials/Substrate/Glints2/dict_0004_0185.uasset" 9364
"../../../Engine/Content/EngineMaterials/Substrate/Glints2/dict_0004_0184.uasset" 9365
"../../../Engine/Content/EngineMaterials/Substrate/Glints2/dict_0004_0186.uasset" 9366
"../../../Engine/Content/EngineMaterials/Substrate/Glints2/dict_0004_0182.uasset" 9367
"../../../Engine/Content/EngineMaterials/Substrate/Glints2/dict_0004_0179.uasset" 9368
"../../../Engine/Content/EngineMaterials/Substrate/Glints2/dict_0004_0189.uasset" 9369
"../../../Engine/Content/EngineMaterials/Substrate/Glints2/dict_0004_0187.uasset" 9370
"../../../Engine/Content/EngineMaterials/Substrate/Glints2/dict_0004_0191.uasset" 9371
"../../../Engine/Content/EngineMaterials/Substrate/Glints2/dict_0004_0188.uasset" 9372
"../../../Engine/Content/EngineMaterials/Substrate/Glints2/dict_0004_0194.uasset" 9373
"../../../Engine/Content/EngineMaterials/Substrate/Glints2/dict_0004_0190.uasset" 9374
"../../../Engine/Content/EngineMaterials/Substrate/Glints2/dict_0004_0192.uasset" 9375
"../../../Engine/Content/EngineMaterials/Substrate/Glints2/dict_0004_0193.uasset" 9376
"../../../Engine/Content/EngineMaterials/Substrate/Glints2/dict_0004_0195.uasset" 9377
"../../../Engine/Content/EngineMaterials/Substrate/Glints2/dict_0004_0196.uasset" 9378
"../../../Engine/Content/EngineMaterials/Substrate/Glints2/dict_0004_0197.uasset" 9379
"../../../Engine/Content/EngineMaterials/Substrate/Glints2/dict_0004_0199.uasset" 9380
"../../../Engine/Content/EngineMaterials/Substrate/Glints2/dict_0004_0200.uasset" 9381
"../../../Engine/Content/EngineMaterials/Substrate/Glints2/dict_0004_0198.uasset" 9382
"../../../Engine/Content/EngineMaterials/Substrate/Glints2/dict_0004_0201.uasset" 9383
"../../../Engine/Content/EngineMaterials/Substrate/Glints2/dict_0004_0202.uasset" 9384
"/Engine/EngineMaterials/Substrate/Glints2/dict_0004_0197" 9385
"/Engine/EngineMaterials/Substrate/Glints2/dict_0004_0196" 9386
"/Engine/EngineMaterials/Substrate/Glints2/dict_0004_0195" 9387
"/Engine/EngineMaterials/Substrate/Glints2/dict_0004_0194" 9388
"/Engine/EngineMaterials/Substrate/Glints2/dict_0004_0193" 9389
"/Engine/EngineMaterials/Substrate/Glints2/dict_0004_0187" 9390
"/Engine/EngineMaterials/Substrate/Glints2/dict_0004_0186" 9391
"/Engine/EngineMaterials/Substrate/Glints2/dict_0004_0185" 9392
"/Engine/EngineMaterials/Substrate/Glints2/dict_0004_0184" 9393
"/Engine/EngineMaterials/Substrate/Glints2/dict_0004_0183" 9394
"/Engine/EngineMaterials/Substrate/Glints2/dict_0004_0182" 9395
"/Engine/EngineMaterials/Substrate/Glints2/dict_0004_0181" 9396
"/Engine/EngineMaterials/Substrate/Glints2/dict_0004_0180" 9397
"/Engine/EngineMaterials/Substrate/Glints2/dict_0004_0179" 9398
"/Engine/EngineMaterials/Substrate/Glints2/dict_0004_0178" 9399
"/Engine/EngineMaterials/Substrate/Glints2/dict_0004_0191" 9400
"../../../Engine/Content/EngineMaterials/Substrate/Glints2/dict_0004_0205.uasset" 9401
"../../../Engine/Content/EngineMaterials/Substrate/Glints2/dict_0004_0203.uasset" 9402
"../../../Engine/Content/EngineMaterials/Substrate/Glints2/dict_0004_0204.uasset" 9403
"../../../Engine/Content/EngineMaterials/Substrate/Glints2/dict_0004_0206.uasset" 9404
"../../../Engine/Content/EngineMaterials/Substrate/Glints2/dict_0004_0207.uasset" 9405
"../../../Engine/Content/EngineMaterials/Substrate/Glints2/dict_0004_0208.uasset" 9406
"/Engine/EngineMaterials/Substrate/Glints2/dict_0004_0189" 9407
"/Engine/EngineMaterials/Substrate/Glints2/dict_0004_0198" 9408
"/Engine/EngineMaterials/Substrate/Glints2/dict_0004_0192" 9409
"/Engine/EngineMaterials/Substrate/Glints2/dict_0004_0190" 9410
"/Engine/EngineMaterials/Substrate/Glints2/dict_0004_0188" 9411
"../../../Engine/Content/EngineMaterials/Substrate/Glints2/dict_0004_0209.uasset" 9412
"../../../Engine/Content/EngineMaterials/Substrate/Glints2/dict_0004_0210.uasset" 9413
"../../../Engine/Content/EngineMaterials/Substrate/Glints2/dict_0004_0212.uasset" 9414
"../../../Engine/Content/EngineMaterials/Substrate/Glints2/dict_0004_0211.uasset" 9415
"../../../Engine/Content/EngineMaterials/Substrate/Glints2/dict_0004_0213.uasset" 9416
"../../../Engine/Content/EngineMaterials/Substrate/Glints2/dict_0004_0215.uasset" 9417
"../../../Engine/Content/EngineMaterials/Substrate/Glints2/dict_0004_0214.uasset" 9418
"../../../Engine/Content/EngineMaterials/Substrate/Glints2/dict_0004_0216.uasset" 9419
"../../../Engine/Content/EngineMaterials/Substrate/Glints2/dict_0004_0218.uasset" 9420
"../../../Engine/Content/EngineMaterials/Substrate/Glints2/dict_0004_0217.uasset" 9421
"../../../Engine/Content/EngineMaterials/Substrate/Glints2/dict_0004_0221.uasset" 9422
"../../../Engine/Content/EngineMaterials/Substrate/Glints2/dict_0004_0220.uasset" 9423
"../../../Engine/Content/EngineMaterials/Substrate/Glints2/dict_0004_0219.uasset" 9424
"../../../Engine/Content/EngineMaterials/Substrate/Glints2/dict_0004_0222.uasset" 9425
"../../../Engine/Content/EngineMaterials/Substrate/Glints2/dict_0004_0223.uasset" 9426
"../../../Engine/Content/EngineMaterials/Substrate/Glints2/dict_0004_0226.uasset" 9427
"../../../Engine/Content/EngineMaterials/Substrate/Glints2/dict_0004_0227.uasset" 9428
"../../../Engine/Content/EngineMaterials/Substrate/Glints2/dict_0004_0224.uasset" 9429
"../../../Engine/Content/EngineMaterials/Substrate/Glints2/dict_0004_0225.uasset" 9430
"../../../Engine/Content/EngineMaterials/Substrate/Glints2/dict_0004_0229.uasset" 9431
"../../../Engine/Content/EngineMaterials/Substrate/Glints2/dict_0004_0230.uasset" 9432
"../../../Engine/Content/EngineMaterials/Substrate/Glints2/dict_0004_0228.uasset" 9433
"/Engine/EngineMaterials/Substrate/Glints2/dict_0004_0209" 9434
"/Engine/EngineMaterials/Substrate/Glints2/dict_0004_0208" 9435
"/Engine/EngineMaterials/Substrate/Glints2/dict_0004_0207" 9436
"/Engine/EngineMaterials/Substrate/Glints2/dict_0004_0206" 9437
"/Engine/EngineMaterials/Substrate/Glints2/dict_0004_0205" 9438
"/Engine/EngineMaterials/Substrate/Glints2/dict_0004_0204" 9439
"/Engine/EngineMaterials/Substrate/Glints2/dict_0004_0203" 9440
"/Engine/EngineMaterials/Substrate/Glints2/dict_0004_0202" 9441
"/Engine/EngineMaterials/Substrate/Glints2/dict_0004_0201" 9442
"/Engine/EngineMaterials/Substrate/Glints2/dict_0004_0200" 9443
"/Engine/EngineMaterials/Substrate/Glints2/dict_0004_0199" 9444
"/Engine/EngineMaterials/Substrate/Glints2/dict_0004_0230" 9445
"/Engine/EngineMaterials/Substrate/Glints2/dict_0004_0224" 9446
"/Engine/EngineMaterials/Substrate/Glints2/dict_0004_0223" 9447
"/Engine/EngineMaterials/Substrate/Glints2/dict_0004_0222" 9448
"/Engine/EngineMaterials/Substrate/Glints2/dict_0004_0221" 9449
"/Engine/EngineMaterials/Substrate/Glints2/dict_0004_0220" 9450
"/Engine/EngineMaterials/Substrate/Glints2/dict_0004_0229" 9451
"/Engine/EngineMaterials/Substrate/Glints2/dict_0004_0226" 9452
"/Engine/EngineMaterials/Substrate/Glints2/dict_0004_0228" 9453
"/Engine/EngineMaterials/Substrate/Glints2/dict_0004_0225" 9454
"/Engine/EngineMaterials/Substrate/Glints2/dict_0004_0227" 9455
"/Engine/EngineMaterials/Substrate/Glints2/dict_0004_0219" 9456
"/Engine/EngineMaterials/Substrate/Glints2/dict_0004_0218" 9457
"/Engine/EngineMaterials/Substrate/Glints2/dict_0004_0217" 9458
"/Engine/EngineMaterials/Substrate/Glints2/dict_0004_0216" 9459
"/Engine/EngineMaterials/Substrate/Glints2/dict_0004_0215" 9460
"/Engine/EngineMaterials/Substrate/Glints2/dict_0004_0214" 9461
"/Engine/EngineMaterials/Substrate/Glints2/dict_0004_0213" 9462
"/Engine/EngineMaterials/Substrate/Glints2/dict_0004_0212" 9463
"/Engine/EngineMaterials/Substrate/Glints2/dict_0004_0211" 9464
"/Engine/EngineMaterials/Substrate/Glints2/dict_0004_0210" 9465
"../../../Engine/Content/EngineMaterials/Substrate/Glints2/dict_0004_0234.uasset" 9466
"../../../Engine/Content/EngineMaterials/Substrate/Glints2/dict_0004_0233.uasset" 9467
"../../../Engine/Content/EngineMaterials/Substrate/Glints2/dict_0004_0231.uasset" 9468
"../../../Engine/Content/EngineMaterials/Substrate/Glints2/dict_0004_0235.uasset" 9469
"../../../Engine/Content/EngineMaterials/Substrate/Glints2/dict_0004_0239.uasset" 9470
"../../../Engine/Content/EngineMaterials/Substrate/Glints2/dict_0004_0237.uasset" 9471
"../../../Engine/Content/EngineMaterials/Substrate/Glints2/dict_0004_0232.uasset" 9472
"../../../Engine/Content/EngineMaterials/Substrate/Glints2/dict_0004_0240.uasset" 9473
"../../../Engine/Content/EngineMaterials/Substrate/Glints2/dict_0004_0238.uasset" 9474
"../../../Engine/Content/EngineMaterials/Substrate/Glints2/dict_0004_0236.uasset" 9475
"../../../Engine/Content/EngineMaterials/Substrate/Glints2/dict_0004_0242.uasset" 9476
"../../../Engine/Content/EngineMaterials/Substrate/Glints2/dict_0004_0241.uasset" 9477
"../../../Engine/Content/EngineMaterials/Substrate/Glints2/dict_0004_0243.uasset" 9478
"../../../Engine/Content/EngineMaterials/Substrate/Glints2/dict_0004_0244.uasset" 9479
"../../../Engine/Content/EngineMaterials/Substrate/Glints2/dict_0004_0245.uasset" 9480
"../../../Engine/Content/EngineMaterials/Substrate/Glints2/dict_0004_0246.uasset" 9481
"../../../Engine/Content/EngineMaterials/Substrate/Glints2/dict_0004_0247.uasset" 9482
"../../../Engine/Content/EngineMaterials/Substrate/Glints2/dict_0004_0249.uasset" 9483
"../../../Engine/Content/EngineMaterials/Substrate/Glints2/dict_0004_0248.uasset" 9484
"../../../Engine/Content/EngineMaterials/Substrate/Glints2/dict_0004_0250.uasset" 9485
"../../../Engine/Content/EngineMaterials/Substrate/Glints2/dict_0004_0252.uasset" 9486
"../../../Engine/Content/EngineMaterials/Substrate/Glints2/dict_0004_0251.uasset" 9487
"../../../Engine/Content/EngineMaterials/Substrate/Glints2/dict_0004_0253.uasset" 9488
"../../../Engine/Content/EngineMaterials/Substrate/Glints2/dict_0005_0000.uasset" 9489
"../../../Engine/Content/EngineMaterials/Substrate/Glints2/dict_0004_0254.uasset" 9490
"../../../Engine/Content/EngineMaterials/Substrate/Glints2/dict_0004_0255.uasset" 9491
"../../../Engine/Content/EngineMaterials/Substrate/Glints2/dict_0005_0002.uasset" 9492
"../../../Engine/Content/EngineMaterials/Substrate/Glints2/dict_0005_0003.uasset" 9493
"../../../Engine/Content/EngineMaterials/Substrate/Glints2/dict_0005_0005.uasset" 9494
"../../../Engine/Content/EngineMaterials/Substrate/Glints2/dict_0005_0004.uasset" 9495
"../../../Engine/Content/EngineMaterials/Substrate/Glints2/dict_0005_0006.uasset" 9496
"../../../Engine/Content/EngineMaterials/Substrate/Glints2/dict_0005_0001.uasset" 9497
"/Engine/EngineMaterials/Substrate/Glints2/dict_0005_0006" 9498
"/Engine/EngineMaterials/Substrate/Glints2/dict_0005_0005" 9499
"/Engine/EngineMaterials/Substrate/Glints2/dict_0005_0004" 9500
"/Engine/EngineMaterials/Substrate/Glints2/dict_0005_0003" 9501
"/Engine/EngineMaterials/Substrate/Glints2/dict_0005_0002" 9502
"/Engine/EngineMaterials/Substrate/Glints2/dict_0005_0001" 9503
"/Engine/EngineMaterials/Substrate/Glints2/dict_0005_0000" 9504
"/Engine/EngineMaterials/Substrate/Glints2/dict_0004_0255" 9505
"/Engine/EngineMaterials/Substrate/Glints2/dict_0004_0254" 9506
"/Engine/EngineMaterials/Substrate/Glints2/dict_0004_0253" 9507
"/Engine/EngineMaterials/Substrate/Glints2/dict_0004_0252" 9508
"/Engine/EngineMaterials/Substrate/Glints2/dict_0004_0251" 9509
"/Engine/EngineMaterials/Substrate/Glints2/dict_0004_0250" 9510
"/Engine/EngineMaterials/Substrate/Glints2/dict_0004_0249" 9511
"/Engine/EngineMaterials/Substrate/Glints2/dict_0004_0248" 9512
"/Engine/EngineMaterials/Substrate/Glints2/dict_0004_0247" 9513
"/Engine/EngineMaterials/Substrate/Glints2/dict_0004_0246" 9514
"/Engine/EngineMaterials/Substrate/Glints2/dict_0004_0245" 9515
"/Engine/EngineMaterials/Substrate/Glints2/dict_0004_0244" 9516
"/Engine/EngineMaterials/Substrate/Glints2/dict_0004_0243" 9517
"/Engine/EngineMaterials/Substrate/Glints2/dict_0004_0242" 9518
"/Engine/EngineMaterials/Substrate/Glints2/dict_0004_0241" 9519
"/Engine/EngineMaterials/Substrate/Glints2/dict_0004_0240" 9520
"/Engine/EngineMaterials/Substrate/Glints2/dict_0004_0239" 9521
"/Engine/EngineMaterials/Substrate/Glints2/dict_0004_0238" 9522
"/Engine/EngineMaterials/Substrate/Glints2/dict_0004_0237" 9523
"/Engine/EngineMaterials/Substrate/Glints2/dict_0004_0236" 9524
"/Engine/EngineMaterials/Substrate/Glints2/dict_0004_0235" 9525
"/Engine/EngineMaterials/Substrate/Glints2/dict_0004_0234" 9526
"/Engine/EngineMaterials/Substrate/Glints2/dict_0004_0233" 9527
"/Engine/EngineMaterials/Substrate/Glints2/dict_0004_0232" 9528
"/Engine/EngineMaterials/Substrate/Glints2/dict_0004_0231" 9529
"../../../Engine/Content/EngineMaterials/Substrate/Glints2/dict_0005_0008.uasset" 9530
"../../../Engine/Content/EngineMaterials/Substrate/Glints2/dict_0005_0009.uasset" 9531
"../../../Engine/Content/EngineMaterials/Substrate/Glints2/dict_0005_0011.uasset" 9532
"../../../Engine/Content/EngineMaterials/Substrate/Glints2/dict_0005_0014.uasset" 9533
"../../../Engine/Content/EngineMaterials/Substrate/Glints2/dict_0005_0013.uasset" 9534
"../../../Engine/Content/EngineMaterials/Substrate/Glints2/dict_0005_0010.uasset" 9535
"../../../Engine/Content/EngineMaterials/Substrate/Glints2/dict_0005_0016.uasset" 9536
"../../../Engine/Content/EngineMaterials/Substrate/Glints2/dict_0005_0012.uasset" 9537
"../../../Engine/Content/EngineMaterials/Substrate/Glints2/dict_0005_0007.uasset" 9538
"../../../Engine/Content/EngineMaterials/Substrate/Glints2/dict_0005_0015.uasset" 9539
"../../../Engine/Content/EngineMaterials/Substrate/Glints2/dict_0005_0017.uasset" 9540
"../../../Engine/Content/EngineMaterials/Substrate/Glints2/dict_0005_0018.uasset" 9541
"../../../Engine/Content/EngineMaterials/Substrate/Glints2/dict_0005_0019.uasset" 9542
"../../../Engine/Content/EngineMaterials/Substrate/Glints2/dict_0005_0022.uasset" 9543
"../../../Engine/Content/EngineMaterials/Substrate/Glints2/dict_0005_0021.uasset" 9544
"../../../Engine/Content/EngineMaterials/Substrate/Glints2/dict_0005_0023.uasset" 9545
"../../../Engine/Content/EngineMaterials/Substrate/Glints2/dict_0005_0020.uasset" 9546
"../../../Engine/Content/EngineMaterials/Substrate/Glints2/dict_0005_0025.uasset" 9547
"../../../Engine/Content/EngineMaterials/Substrate/Glints2/dict_0005_0026.uasset" 9548
"../../../Engine/Content/EngineMaterials/Substrate/Glints2/dict_0005_0028.uasset" 9549
"../../../Engine/Content/EngineMaterials/Substrate/Glints2/dict_0005_0027.uasset" 9550
"../../../Engine/Content/EngineMaterials/Substrate/Glints2/dict_0005_0024.uasset" 9551
"../../../Engine/Content/EngineMaterials/Substrate/Glints2/dict_0005_0029.uasset" 9552
"../../../Engine/Content/EngineMaterials/Substrate/Glints2/dict_0005_0031.uasset" 9553
"../../../Engine/Content/EngineMaterials/Substrate/Glints2/dict_0005_0030.uasset" 9554
"../../../Engine/Content/EngineMaterials/Substrate/Glints2/dict_0005_0032.uasset" 9555
"../../../Engine/Content/EngineMaterials/Substrate/Glints2/dict_0005_0035.uasset" 9556
"../../../Engine/Content/EngineMaterials/Substrate/Glints2/dict_0005_0034.uasset" 9557
"../../../Engine/Content/EngineMaterials/Substrate/Glints2/dict_0005_0033.uasset" 9558
"/Engine/EngineMaterials/Substrate/Glints2/dict_0005_0026" 9559
"../../../Engine/Content/EngineMaterials/Substrate/Glints2/dict_0005_0037.uasset" 9560
"../../../Engine/Content/EngineMaterials/Substrate/Glints2/dict_0005_0036.uasset" 9561
"../../../Engine/Content/EngineMaterials/Substrate/Glints2/dict_0005_0038.uasset" 9562
"/Engine/EngineMaterials/Substrate/Glints2/dict_0005_0025" 9563
"/Engine/EngineMaterials/Substrate/Glints2/dict_0005_0023" 9564
"/Engine/EngineMaterials/Substrate/Glints2/dict_0005_0022" 9565
"/Engine/EngineMaterials/Substrate/Glints2/dict_0005_0021" 9566
"/Engine/EngineMaterials/Substrate/Glints2/dict_0005_0020" 9567
"/Engine/EngineMaterials/Substrate/Glints2/dict_0005_0019" 9568
"/Engine/EngineMaterials/Substrate/Glints2/dict_0005_0018" 9569
"/Engine/EngineMaterials/Substrate/Glints2/dict_0005_0017" 9570
"/Engine/EngineMaterials/Substrate/Glints2/dict_0005_0016" 9571
"/Engine/EngineMaterials/Substrate/Glints2/dict_0005_0015" 9572
"/Engine/EngineMaterials/Substrate/Glints2/dict_0005_0014" 9573
"/Engine/EngineMaterials/Substrate/Glints2/dict_0005_0013" 9574
"/Engine/EngineMaterials/Substrate/Glints2/dict_0005_0012" 9575
"/Engine/EngineMaterials/Substrate/Glints2/dict_0005_0011" 9576
"/Engine/EngineMaterials/Substrate/Glints2/dict_0005_0010" 9577
"/Engine/EngineMaterials/Substrate/Glints2/dict_0005_0009" 9578
"/Engine/EngineMaterials/Substrate/Glints2/dict_0005_0008" 9579
"/Engine/EngineMaterials/Substrate/Glints2/dict_0005_0007" 9580
"/Engine/EngineMaterials/Substrate/Glints2/dict_0005_0038" 9581
"../../../Engine/Content/EngineMaterials/Substrate/Glints2/dict_0005_0041.uasset" 9582
"../../../Engine/Content/EngineMaterials/Substrate/Glints2/dict_0005_0040.uasset" 9583
"../../../Engine/Content/EngineMaterials/Substrate/Glints2/dict_0005_0044.uasset" 9584
"../../../Engine/Content/EngineMaterials/Substrate/Glints2/dict_0005_0039.uasset" 9585
"../../../Engine/Content/EngineMaterials/Substrate/Glints2/dict_0005_0043.uasset" 9586
"../../../Engine/Content/EngineMaterials/Substrate/Glints2/dict_0005_0045.uasset" 9587
"../../../Engine/Content/EngineMaterials/Substrate/Glints2/dict_0005_0042.uasset" 9588
"../../../Engine/Content/EngineMaterials/Substrate/Glints2/dict_0005_0046.uasset" 9589
"../../../Engine/Content/EngineMaterials/Substrate/Glints2/dict_0005_0047.uasset" 9590
"../../../Engine/Content/EngineMaterials/Substrate/Glints2/dict_0005_0048.uasset" 9591
"/Engine/EngineMaterials/Substrate/Glints2/dict_0005_0037" 9592
"../../../Engine/Content/EngineMaterials/Substrate/Glints2/dict_0005_0049.uasset" 9593
"../../../Engine/Content/EngineMaterials/Substrate/Glints2/dict_0005_0050.uasset" 9594
"../../../Engine/Content/EngineMaterials/Substrate/Glints2/dict_0005_0051.uasset" 9595
"../../../Engine/Content/EngineMaterials/Substrate/Glints2/dict_0005_0052.uasset" 9596
"/Engine/EngineMaterials/Substrate/Glints2/dict_0005_0036" 9597
"../../../Engine/Content/EngineMaterials/Substrate/Glints2/dict_0005_0057.uasset" 9598
"../../../Engine/Content/EngineMaterials/Substrate/Glints2/dict_0005_0056.uasset" 9599
"../../../Engine/Content/EngineMaterials/Substrate/Glints2/dict_0005_0054.uasset" 9600
"../../../Engine/Content/EngineMaterials/Substrate/Glints2/dict_0005_0053.uasset" 9601
"../../../Engine/Content/EngineMaterials/Substrate/Glints2/dict_0005_0055.uasset" 9602
"/Engine/EngineMaterials/Substrate/Glints2/dict_0005_0035" 9603
"/Engine/EngineMaterials/Substrate/Glints2/dict_0005_0034" 9604
"/Engine/EngineMaterials/Substrate/Glints2/dict_0005_0033" 9605
"/Engine/EngineMaterials/Substrate/Glints2/dict_0005_0032" 9606
"/Engine/EngineMaterials/Substrate/Glints2/dict_0005_0031" 9607
"/Engine/EngineMaterials/Substrate/Glints2/dict_0005_0030" 9608
"/Engine/EngineMaterials/Substrate/Glints2/dict_0005_0029" 9609
"/Engine/EngineMaterials/Substrate/Glints2/dict_0005_0028" 9610
"/Engine/EngineMaterials/Substrate/Glints2/dict_0005_0027" 9611
"/Engine/EngineMaterials/Substrate/Glints2/dict_0005_0024" 9612
"/Engine/EngineMaterials/Substrate/Glints2/dict_0005_0057" 9613
"../../../Engine/Content/EngineMaterials/Substrate/Glints2/dict_0005_0061.uasset" 9614
"../../../Engine/Content/EngineMaterials/Substrate/Glints2/dict_0005_0059.uasset" 9615
"../../../Engine/Content/EngineMaterials/Substrate/Glints2/dict_0005_0063.uasset" 9616
"../../../Engine/Content/EngineMaterials/Substrate/Glints2/dict_0005_0064.uasset" 9617
"../../../Engine/Content/EngineMaterials/Substrate/Glints2/dict_0005_0065.uasset" 9618
"../../../Engine/Content/EngineMaterials/Substrate/Glints2/dict_0005_0067.uasset" 9619
"../../../Engine/Content/EngineMaterials/Substrate/Glints2/dict_0005_0058.uasset" 9620
"../../../Engine/Content/EngineMaterials/Substrate/Glints2/dict_0005_0066.uasset" 9621
"../../../Engine/Content/EngineMaterials/Substrate/Glints2/dict_0005_0062.uasset" 9622
"../../../Engine/Content/EngineMaterials/Substrate/Glints2/dict_0005_0060.uasset" 9623
"../../../Engine/Content/EngineMaterials/Substrate/Glints2/dict_0005_0069.uasset" 9624
"../../../Engine/Content/EngineMaterials/Substrate/Glints2/dict_0005_0068.uasset" 9625
"/Engine/EngineMaterials/Substrate/Glints2/dict_0005_0056" 9626
"../../../Engine/Content/EngineMaterials/Substrate/Glints2/dict_0005_0070.uasset" 9627
"/Engine/EngineMaterials/Substrate/Glints2/dict_0005_0055" 9628
"/Engine/EngineMaterials/Substrate/Glints2/dict_0005_0054" 9629
"/Engine/EngineMaterials/Substrate/Glints2/dict_0005_0053" 9630
"/Engine/EngineMaterials/Substrate/Glints2/dict_0005_0052" 9631
"/Engine/EngineMaterials/Substrate/Glints2/dict_0005_0051" 9632
"/Engine/EngineMaterials/Substrate/Glints2/dict_0005_0050" 9633
"/Engine/EngineMaterials/Substrate/Glints2/dict_0005_0049" 9634
"/Engine/EngineMaterials/Substrate/Glints2/dict_0005_0048" 9635
"/Engine/EngineMaterials/Substrate/Glints2/dict_0005_0047" 9636
"/Engine/EngineMaterials/Substrate/Glints2/dict_0005_0046" 9637
"/Engine/EngineMaterials/Substrate/Glints2/dict_0005_0045" 9638
"/Engine/EngineMaterials/Substrate/Glints2/dict_0005_0044" 9639
"/Engine/EngineMaterials/Substrate/Glints2/dict_0005_0043" 9640
"/Engine/EngineMaterials/Substrate/Glints2/dict_0005_0042" 9641
"/Engine/EngineMaterials/Substrate/Glints2/dict_0005_0041" 9642
"/Engine/EngineMaterials/Substrate/Glints2/dict_0005_0040" 9643
"/Engine/EngineMaterials/Substrate/Glints2/dict_0005_0039" 9644
"/Engine/EngineMaterials/Substrate/Glints2/dict_0005_0070" 9645
"../../../Engine/Content/EngineMaterials/Substrate/Glints2/dict_0005_0073.uasset" 9646
"../../../Engine/Content/EngineMaterials/Substrate/Glints2/dict_0005_0075.uasset" 9647
"../../../Engine/Content/EngineMaterials/Substrate/Glints2/dict_0005_0072.uasset" 9648
"../../../Engine/Content/EngineMaterials/Substrate/Glints2/dict_0005_0077.uasset" 9649
"/Engine/EngineMaterials/Substrate/Glints2/dict_0005_0069" 9650
"../../../Engine/Content/EngineMaterials/Substrate/Glints2/dict_0005_0076.uasset" 9651
"../../../Engine/Content/EngineMaterials/Substrate/Glints2/dict_0005_0071.uasset" 9652
"../../../Engine/Content/EngineMaterials/Substrate/Glints2/dict_0005_0074.uasset" 9653
"../../../Engine/Content/EngineMaterials/Substrate/Glints2/dict_0005_0078.uasset" 9654
"../../../Engine/Content/EngineMaterials/Substrate/Glints2/dict_0005_0079.uasset" 9655
"../../../Engine/Content/EngineMaterials/Substrate/Glints2/dict_0005_0080.uasset" 9656
"/Engine/EngineMaterials/Substrate/Glints2/dict_0005_0068" 9657
"../../../Engine/Content/EngineMaterials/Substrate/Glints2/dict_0005_0081.uasset" 9658
"../../../Engine/Content/EngineMaterials/Substrate/Glints2/dict_0005_0082.uasset" 9659
"../../../Engine/Content/EngineMaterials/Substrate/Glints2/dict_0005_0083.uasset" 9660
"../../../Engine/Content/EngineMaterials/Substrate/Glints2/dict_0005_0084.uasset" 9661
"../../../Engine/Content/EngineMaterials/Substrate/Glints2/dict_0005_0085.uasset" 9662
"../../../Engine/Content/EngineMaterials/Substrate/Glints2/dict_0005_0087.uasset" 9663
"../../../Engine/Content/EngineMaterials/Substrate/Glints2/dict_0005_0086.uasset" 9664
"/Engine/EngineMaterials/Substrate/Glints2/dict_0005_0067" 9665
"/Engine/EngineMaterials/Substrate/Glints2/dict_0005_0066" 9666
"/Engine/EngineMaterials/Substrate/Glints2/dict_0005_0065" 9667
"/Engine/EngineMaterials/Substrate/Glints2/dict_0005_0064" 9668
"/Engine/EngineMaterials/Substrate/Glints2/dict_0005_0063" 9669
"/Engine/EngineMaterials/Substrate/Glints2/dict_0005_0062" 9670
"/Engine/EngineMaterials/Substrate/Glints2/dict_0005_0061" 9671
"/Engine/EngineMaterials/Substrate/Glints2/dict_0005_0060" 9672
"/Engine/EngineMaterials/Substrate/Glints2/dict_0005_0059" 9673
"/Engine/EngineMaterials/Substrate/Glints2/dict_0005_0058" 9674
"/Engine/EngineMaterials/Substrate/Glints2/dict_0005_0078" 9675
"/Engine/EngineMaterials/Substrate/Glints2/dict_0005_0076" 9676
"/Engine/EngineMaterials/Substrate/Glints2/dict_0005_0075" 9677
"/Engine/EngineMaterials/Substrate/Glints2/dict_0005_0074" 9678
"/Engine/EngineMaterials/Substrate/Glints2/dict_0005_0073" 9679
"/Engine/EngineMaterials/Substrate/Glints2/dict_0005_0072" 9680
"/Engine/EngineMaterials/Substrate/Glints2/dict_0005_0071" 9681
"../../../Engine/Content/EngineMaterials/Substrate/Glints2/dict_0005_0089.uasset" 9682
"../../../Engine/Content/EngineMaterials/Substrate/Glints2/dict_0005_0097.uasset" 9683
"../../../Engine/Content/EngineMaterials/Substrate/Glints2/dict_0005_0096.uasset" 9684
"../../../Engine/Content/EngineMaterials/Substrate/Glints2/dict_0005_0091.uasset" 9685
"../../../Engine/Content/EngineMaterials/Substrate/Glints2/dict_0005_0094.uasset" 9686
"../../../Engine/Content/EngineMaterials/Substrate/Glints2/dict_0005_0093.uasset" 9687
"../../../Engine/Content/EngineMaterials/Substrate/Glints2/dict_0005_0088.uasset" 9688
"../../../Engine/Content/EngineMaterials/Substrate/Glints2/dict_0005_0095.uasset" 9689
"../../../Engine/Content/EngineMaterials/Substrate/Glints2/dict_0005_0092.uasset" 9690
"../../../Engine/Content/EngineMaterials/Substrate/Glints2/dict_0005_0090.uasset" 9691
"../../../Engine/Content/EngineMaterials/Substrate/Glints2/dict_0005_0098.uasset" 9692
"/Engine/EngineMaterials/Substrate/Glints2/dict_0005_0097" 9693
"../../../Engine/Content/EngineMaterials/Substrate/Glints2/dict_0005_0099.uasset" 9694
"../../../Engine/Content/EngineMaterials/Substrate/Glints2/dict_0005_0100.uasset" 9695
"../../../Engine/Content/EngineMaterials/Substrate/Glints2/dict_0005_0104.uasset" 9696
"../../../Engine/Content/EngineMaterials/Substrate/Glints2/dict_0005_0102.uasset" 9697
"../../../Engine/Content/EngineMaterials/Substrate/Glints2/dict_0005_0103.uasset" 9698
"/Engine/EngineMaterials/Substrate/Glints2/dict_0005_0094" 9699
"../../../Engine/Content/EngineMaterials/Substrate/Glints2/dict_0005_0106.uasset" 9700
"../../../Engine/Content/EngineMaterials/Substrate/Glints2/dict_0005_0109.uasset" 9701
"../../../Engine/Content/EngineMaterials/Substrate/Glints2/dict_0005_0105.uasset" 9702
"../../../Engine/Content/EngineMaterials/Substrate/Glints2/dict_0005_0107.uasset" 9703
"../../../Engine/Content/EngineMaterials/Substrate/Glints2/dict_0005_0108.uasset" 9704
"../../../Engine/Content/EngineMaterials/Substrate/Glints2/dict_0005_0101.uasset" 9705
"/Engine/EngineMaterials/Substrate/Glints2/dict_0005_0091" 9706
"/Engine/EngineMaterials/Substrate/Glints2/dict_0005_0089" 9707
"/Engine/EngineMaterials/Substrate/Glints2/dict_0005_0087" 9708
"/Engine/EngineMaterials/Substrate/Glints2/dict_0005_0086" 9709
"/Engine/EngineMaterials/Substrate/Glints2/dict_0005_0085" 9710
"/Engine/EngineMaterials/Substrate/Glints2/dict_0005_0084" 9711
"/Engine/EngineMaterials/Substrate/Glints2/dict_0005_0083" 9712
"/Engine/EngineMaterials/Substrate/Glints2/dict_0005_0082" 9713
"/Engine/EngineMaterials/Substrate/Glints2/dict_0005_0081" 9714
"/Engine/EngineMaterials/Substrate/Glints2/dict_0005_0080" 9715
"/Engine/EngineMaterials/Substrate/Glints2/dict_0005_0079" 9716
"/Engine/EngineMaterials/Substrate/Glints2/dict_0005_0077" 9717
"/Engine/EngineMaterials/Substrate/Glints2/dict_0005_0102" 9718
"../../../Engine/Content/EngineMaterials/Substrate/Glints2/dict_0005_0111.uasset" 9719
"/Engine/EngineMaterials/Substrate/Glints2/dict_0005_0101" 9720
"../../../Engine/Content/EngineMaterials/Substrate/Glints2/dict_0005_0113.uasset" 9721
"../../../Engine/Content/EngineMaterials/Substrate/Glints2/dict_0005_0110.uasset" 9722
"../../../Engine/Content/EngineMaterials/Substrate/Glints2/dict_0005_0115.uasset" 9723
"../../../Engine/Content/EngineMaterials/Substrate/Glints2/dict_0005_0112.uasset" 9724
"../../../Engine/Content/EngineMaterials/Substrate/Glints2/dict_0005_0114.uasset" 9725
"../../../Engine/Content/EngineMaterials/Substrate/Glints2/dict_0005_0118.uasset" 9726
"../../../Engine/Content/EngineMaterials/Substrate/Glints2/dict_0005_0116.uasset" 9727
"../../../Engine/Content/EngineMaterials/Substrate/Glints2/dict_0005_0117.uasset" 9728
"../../../Engine/Content/EngineMaterials/Substrate/Glints2/dict_0005_0119.uasset" 9729
"/Engine/EngineMaterials/Substrate/Glints2/dict_0005_0100" 9730
"../../../Engine/Content/EngineMaterials/Substrate/Glints2/dict_0005_0120.uasset" 9731
"../../../Engine/Content/EngineMaterials/Substrate/Glints2/dict_0005_0121.uasset" 9732
"../../../Engine/Content/EngineMaterials/Substrate/Glints2/dict_0005_0122.uasset" 9733
"../../../Engine/Content/EngineMaterials/Substrate/Glints2/dict_0005_0123.uasset" 9734
"/Engine/EngineMaterials/Substrate/Glints2/dict_0005_0099" 9735
"/Engine/EngineMaterials/Substrate/Glints2/dict_0005_0098" 9736
"/Engine/EngineMaterials/Substrate/Glints2/dict_0005_0096" 9737
"/Engine/EngineMaterials/Substrate/Glints2/dict_0005_0095" 9738
"/Engine/EngineMaterials/Substrate/Glints2/dict_0005_0093" 9739
"/Engine/EngineMaterials/Substrate/Glints2/dict_0005_0092" 9740
"/Engine/EngineMaterials/Substrate/Glints2/dict_0005_0088" 9741
"/Engine/EngineMaterials/Substrate/Glints2/dict_0005_0090" 9742
"/Engine/EngineMaterials/Substrate/Glints2/dict_0005_0109" 9743
"/Engine/EngineMaterials/Substrate/Glints2/dict_0005_0108" 9744
"/Engine/EngineMaterials/Substrate/Glints2/dict_0005_0107" 9745
"/Engine/EngineMaterials/Substrate/Glints2/dict_0005_0106" 9746
"/Engine/EngineMaterials/Substrate/Glints2/dict_0005_0105" 9747
"/Engine/EngineMaterials/Substrate/Glints2/dict_0005_0104" 9748
"/Engine/EngineMaterials/Substrate/Glints2/dict_0005_0103" 9749
"/Engine/EngineMaterials/Substrate/Glints2/dict_0005_0123" 9750
"../../../Engine/Content/EngineMaterials/Substrate/Glints2/dict_0005_0126.uasset" 9751
"../../../Engine/Content/EngineMaterials/Substrate/Glints2/dict_0005_0125.uasset" 9752
"../../../Engine/Content/EngineMaterials/Substrate/Glints2/dict_0005_0132.uasset" 9753
"../../../Engine/Content/EngineMaterials/Substrate/Glints2/dict_0005_0130.uasset" 9754
"../../../Engine/Content/EngineMaterials/Substrate/Glints2/dict_0005_0133.uasset" 9755
"/Engine/EngineMaterials/Substrate/Glints2/dict_0005_0122" 9756
"../../../Engine/Content/EngineMaterials/Substrate/Glints2/dict_0005_0127.uasset" 9757
"../../../Engine/Content/EngineMaterials/Substrate/Glints2/dict_0005_0124.uasset" 9758
"../../../Engine/Content/EngineMaterials/Substrate/Glints2/dict_0005_0131.uasset" 9759
"../../../Engine/Content/EngineMaterials/Substrate/Glints2/dict_0005_0128.uasset" 9760
"../../../Engine/Content/EngineMaterials/Substrate/Glints2/dict_0005_0129.uasset" 9761
"/Engine/EngineMaterials/Substrate/Glints2/dict_0005_0121" 9762
"../../../Engine/Content/EngineMaterials/Substrate/Glints2/dict_0005_0134.uasset" 9763
"../../../Engine/Content/EngineMaterials/Substrate/Glints2/dict_0005_0136.uasset" 9764
"../../../Engine/Content/EngineMaterials/Substrate/Glints2/dict_0005_0135.uasset" 9765
"../../../Engine/Content/EngineMaterials/Substrate/Glints2/dict_0005_0140.uasset" 9766
"../../../Engine/Content/EngineMaterials/Substrate/Glints2/dict_0005_0138.uasset" 9767
"../../../Engine/Content/EngineMaterials/Substrate/Glints2/dict_0005_0137.uasset" 9768
"../../../Engine/Content/EngineMaterials/Substrate/Glints2/dict_0005_0141.uasset" 9769
"../../../Engine/Content/EngineMaterials/Substrate/Glints2/dict_0005_0139.uasset" 9770
"/Engine/EngineMaterials/Substrate/Glints2/dict_0005_0120" 9771
"/Engine/EngineMaterials/Substrate/Glints2/dict_0005_0119" 9772
"/Engine/EngineMaterials/Substrate/Glints2/dict_0005_0118" 9773
"/Engine/EngineMaterials/Substrate/Glints2/dict_0005_0117" 9774
"/Engine/EngineMaterials/Substrate/Glints2/dict_0005_0116" 9775
"/Engine/EngineMaterials/Substrate/Glints2/dict_0005_0115" 9776
"/Engine/EngineMaterials/Substrate/Glints2/dict_0005_0114" 9777
"/Engine/EngineMaterials/Substrate/Glints2/dict_0005_0113" 9778
"/Engine/EngineMaterials/Substrate/Glints2/dict_0005_0112" 9779
"/Engine/EngineMaterials/Substrate/Glints2/dict_0005_0111" 9780
"/Engine/EngineMaterials/Substrate/Glints2/dict_0005_0110" 9781
"/Engine/EngineMaterials/Substrate/Glints2/dict_0005_0141" 9782
"../../../Engine/Content/EngineMaterials/Substrate/Glints2/dict_0005_0143.uasset" 9783
"../../../Engine/Content/EngineMaterials/Substrate/Glints2/dict_0005_0144.uasset" 9784
"../../../Engine/Content/EngineMaterials/Substrate/Glints2/dict_0005_0147.uasset" 9785
"../../../Engine/Content/EngineMaterials/Substrate/Glints2/dict_0005_0149.uasset" 9786
"../../../Engine/Content/EngineMaterials/Substrate/Glints2/dict_0005_0148.uasset" 9787
"../../../Engine/Content/EngineMaterials/Substrate/Glints2/dict_0005_0142.uasset" 9788
"../../../Engine/Content/EngineMaterials/Substrate/Glints2/dict_0005_0146.uasset" 9789
"../../../Engine/Content/EngineMaterials/Substrate/Glints2/dict_0005_0145.uasset" 9790
"../../../Engine/Content/EngineMaterials/Substrate/Glints2/dict_0005_0151.uasset" 9791
"../../../Engine/Content/EngineMaterials/Substrate/Glints2/dict_0005_0150.uasset" 9792
"/Engine/EngineMaterials/Substrate/Glints2/dict_0005_0140" 9793
"../../../Engine/Content/EngineMaterials/Substrate/Glints2/dict_0005_0152.uasset" 9794
"../../../Engine/Content/EngineMaterials/Substrate/Glints2/dict_0005_0153.uasset" 9795
"../../../Engine/Content/EngineMaterials/Substrate/Glints2/dict_0005_0155.uasset" 9796
"../../../Engine/Content/EngineMaterials/Substrate/Glints2/dict_0005_0154.uasset" 9797
"/Engine/EngineMaterials/Substrate/Glints2/dict_0005_0139" 9798
"/Engine/EngineMaterials/Substrate/Glints2/dict_0005_0138" 9799
"/Engine/EngineMaterials/Substrate/Glints2/dict_0005_0137" 9800
"/Engine/EngineMaterials/Substrate/Glints2/dict_0005_0136" 9801
"/Engine/EngineMaterials/Substrate/Glints2/dict_0005_0135" 9802
"/Engine/EngineMaterials/Substrate/Glints2/dict_0005_0134" 9803
"/Engine/EngineMaterials/Substrate/Glints2/dict_0005_0133" 9804
"/Engine/EngineMaterials/Substrate/Glints2/dict_0005_0132" 9805
"/Engine/EngineMaterials/Substrate/Glints2/dict_0005_0131" 9806
"/Engine/EngineMaterials/Substrate/Glints2/dict_0005_0130" 9807
"/Engine/EngineMaterials/Substrate/Glints2/dict_0005_0129" 9808
"/Engine/EngineMaterials/Substrate/Glints2/dict_0005_0128" 9809
"/Engine/EngineMaterials/Substrate/Glints2/dict_0005_0127" 9810
"/Engine/EngineMaterials/Substrate/Glints2/dict_0005_0126" 9811
"/Engine/EngineMaterials/Substrate/Glints2/dict_0005_0125" 9812
"/Engine/EngineMaterials/Substrate/Glints2/dict_0005_0124" 9813
"/Engine/EngineMaterials/Substrate/Glints2/dict_0005_0155" 9814
"/Engine/EngineMaterials/Substrate/Glints2/dict_0005_0154" 9815
"../../../Engine/Content/EngineMaterials/Substrate/Glints2/dict_0005_0157.uasset" 9816
"../../../Engine/Content/EngineMaterials/Substrate/Glints2/dict_0005_0158.uasset" 9817
"../../../Engine/Content/EngineMaterials/Substrate/Glints2/dict_0005_0159.uasset" 9818
"../../../Engine/Content/EngineMaterials/Substrate/Glints2/dict_0005_0156.uasset" 9819
"../../../Engine/Content/EngineMaterials/Substrate/Glints2/dict_0005_0163.uasset" 9820
"../../../Engine/Content/EngineMaterials/Substrate/Glints2/dict_0005_0162.uasset" 9821
"../../../Engine/Content/EngineMaterials/Substrate/Glints2/dict_0005_0164.uasset" 9822
"../../../Engine/Content/EngineMaterials/Substrate/Glints2/dict_0005_0165.uasset" 9823
"../../../Engine/Content/EngineMaterials/Substrate/Glints2/dict_0005_0160.uasset" 9824
"../../../Engine/Content/EngineMaterials/Substrate/Glints2/dict_0005_0161.uasset" 9825
"../../../Engine/Content/EngineMaterials/Substrate/Glints2/dict_0005_0166.uasset" 9826
"../../../Engine/Content/EngineMaterials/Substrate/Glints2/dict_0005_0167.uasset" 9827
"../../../Engine/Content/EngineMaterials/Substrate/Glints2/dict_0005_0168.uasset" 9828
"/Engine/EngineMaterials/Substrate/Glints2/dict_0005_0153" 9829
"../../../Engine/Content/EngineMaterials/Substrate/Glints2/dict_0005_0170.uasset" 9830
"../../../Engine/Content/EngineMaterials/Substrate/Glints2/dict_0005_0169.uasset" 9831
"../../../Engine/Content/EngineMaterials/Substrate/Glints2/dict_0005_0171.uasset" 9832
"/Engine/EngineMaterials/Substrate/Glints2/dict_0005_0152" 9833
"/Engine/EngineMaterials/Substrate/Glints2/dict_0005_0151" 9834
"/Engine/EngineMaterials/Substrate/Glints2/dict_0005_0150" 9835
"/Engine/EngineMaterials/Substrate/Glints2/dict_0005_0149" 9836
"/Engine/EngineMaterials/Substrate/Glints2/dict_0005_0148" 9837
"/Engine/EngineMaterials/Substrate/Glints2/dict_0005_0147" 9838
"/Engine/EngineMaterials/Substrate/Glints2/dict_0005_0146" 9839
"/Engine/EngineMaterials/Substrate/Glints2/dict_0005_0145" 9840
"/Engine/EngineMaterials/Substrate/Glints2/dict_0005_0144" 9841
"/Engine/EngineMaterials/Substrate/Glints2/dict_0005_0143" 9842
"/Engine/EngineMaterials/Substrate/Glints2/dict_0005_0142" 9843
"/Engine/EngineMaterials/Substrate/Glints2/dict_0005_0163" 9844
"/Engine/EngineMaterials/Substrate/Glints2/dict_0005_0162" 9845
"/Engine/EngineMaterials/Substrate/Glints2/dict_0005_0159" 9846
"/Engine/EngineMaterials/Substrate/Glints2/dict_0005_0158" 9847
"/Engine/EngineMaterials/Substrate/Glints2/dict_0005_0157" 9848
"/Engine/EngineMaterials/Substrate/Glints2/dict_0005_0156" 9849
"../../../Engine/Content/EngineMaterials/Substrate/Glints2/dict_0005_0172.uasset" 9850
"../../../Engine/Content/EngineMaterials/Substrate/Glints2/dict_0005_0173.uasset" 9851
"../../../Engine/Content/EngineMaterials/Substrate/Glints2/dict_0005_0175.uasset" 9852
"../../../Engine/Content/EngineMaterials/Substrate/Glints2/dict_0005_0177.uasset" 9853
"../../../Engine/Content/EngineMaterials/Substrate/Glints2/dict_0005_0178.uasset" 9854
"../../../Engine/Content/EngineMaterials/Substrate/Glints2/dict_0005_0176.uasset" 9855
"../../../Engine/Content/EngineMaterials/Substrate/Glints2/dict_0005_0179.uasset" 9856
"../../../Engine/Content/EngineMaterials/Substrate/Glints2/dict_0005_0181.uasset" 9857
"../../../Engine/Content/EngineMaterials/Substrate/Glints2/dict_0005_0174.uasset" 9858
"../../../Engine/Content/EngineMaterials/Substrate/Glints2/dict_0005_0180.uasset" 9859
"/Engine/EngineMaterials/Substrate/Glints2/dict_0005_0172" 9860
"../../../Engine/Content/EngineMaterials/Substrate/Glints2/dict_0005_0182.uasset" 9861
"../../../Engine/Content/EngineMaterials/Substrate/Glints2/dict_0005_0183.uasset" 9862
"../../../Engine/Content/EngineMaterials/Substrate/Glints2/dict_0005_0185.uasset" 9863
"../../../Engine/Content/EngineMaterials/Substrate/Glints2/dict_0005_0184.uasset" 9864
"../../../Engine/Content/EngineMaterials/Substrate/Glints2/dict_0005_0186.uasset" 9865
"/Engine/EngineMaterials/Substrate/Glints2/dict_0005_0171" 9866
"../../../Engine/Content/EngineMaterials/Substrate/Glints2/dict_0005_0188.uasset" 9867
"../../../Engine/Content/EngineMaterials/Substrate/Glints2/dict_0005_0190.uasset" 9868
"../../../Engine/Content/EngineMaterials/Substrate/Glints2/dict_0005_0191.uasset" 9869
"../../../Engine/Content/EngineMaterials/Substrate/Glints2/dict_0005_0189.uasset" 9870
"../../../Engine/Content/EngineMaterials/Substrate/Glints2/dict_0005_0192.uasset" 9871
"../../../Engine/Content/EngineMaterials/Substrate/Glints2/dict_0005_0187.uasset" 9872
"../../../Engine/Content/EngineMaterials/Substrate/Glints2/dict_0005_0193.uasset" 9873
"/Engine/EngineMaterials/Substrate/Glints2/dict_0005_0170" 9874
"/Engine/EngineMaterials/Substrate/Glints2/dict_0005_0169" 9875
"/Engine/EngineMaterials/Substrate/Glints2/dict_0005_0168" 9876
"/Engine/EngineMaterials/Substrate/Glints2/dict_0005_0167" 9877
"/Engine/EngineMaterials/Substrate/Glints2/dict_0005_0166" 9878
"/Engine/EngineMaterials/Substrate/Glints2/dict_0005_0165" 9879
"/Engine/EngineMaterials/Substrate/Glints2/dict_0005_0164" 9880
"/Engine/EngineMaterials/Substrate/Glints2/dict_0005_0161" 9881
"/Engine/EngineMaterials/Substrate/Glints2/dict_0005_0160" 9882
"/Engine/EngineMaterials/Substrate/Glints2/dict_0005_0173" 9883
"../../../Engine/Content/EngineMaterials/Substrate/Glints2/dict_0005_0197.uasset" 9884
"../../../Engine/Content/EngineMaterials/Substrate/Glints2/dict_0005_0196.uasset" 9885
"../../../Engine/Content/EngineMaterials/Substrate/Glints2/dict_0005_0201.uasset" 9886
"../../../Engine/Content/EngineMaterials/Substrate/Glints2/dict_0005_0194.uasset" 9887
"../../../Engine/Content/EngineMaterials/Substrate/Glints2/dict_0005_0198.uasset" 9888
"../../../Engine/Content/EngineMaterials/Substrate/Glints2/dict_0005_0200.uasset" 9889
"/Engine/EngineMaterials/Substrate/Glints2/dict_0005_0187" 9890
"../../../Engine/Content/EngineMaterials/Substrate/Glints2/dict_0005_0202.uasset" 9891
"../../../Engine/Content/EngineMaterials/Substrate/Glints2/dict_0005_0199.uasset" 9892
"../../../Engine/Content/EngineMaterials/Substrate/Glints2/dict_0005_0204.uasset" 9893
"../../../Engine/Content/EngineMaterials/Substrate/Glints2/dict_0005_0203.uasset" 9894
"../../../Engine/Content/EngineMaterials/Substrate/Glints2/dict_0005_0195.uasset" 9895
"/Engine/EngineMaterials/Substrate/Glints2/dict_0005_0186" 9896
"/Engine/EngineMaterials/Substrate/Glints2/dict_0005_0185" 9897
"/Engine/EngineMaterials/Substrate/Glints2/dict_0005_0184" 9898
"/Engine/EngineMaterials/Substrate/Glints2/dict_0005_0193" 9899
"/Engine/EngineMaterials/Substrate/Glints2/dict_0005_0183" 9900
"/Engine/EngineMaterials/Substrate/Glints2/dict_0005_0182" 9901
"/Engine/EngineMaterials/Substrate/Glints2/dict_0005_0181" 9902
"/Engine/EngineMaterials/Substrate/Glints2/dict_0005_0180" 9903
"/Engine/EngineMaterials/Substrate/Glints2/dict_0005_0179" 9904
"/Engine/EngineMaterials/Substrate/Glints2/dict_0005_0178" 9905
"/Engine/EngineMaterials/Substrate/Glints2/dict_0005_0177" 9906
"/Engine/EngineMaterials/Substrate/Glints2/dict_0005_0176" 9907
"/Engine/EngineMaterials/Substrate/Glints2/dict_0005_0175" 9908
"/Engine/EngineMaterials/Substrate/Glints2/dict_0005_0192" 9909
"/Engine/EngineMaterials/Substrate/Glints2/dict_0005_0174" 9910
"/Engine/EngineMaterials/Substrate/Glints2/dict_0005_0191" 9911
"/Engine/EngineMaterials/Substrate/Glints2/dict_0005_0190" 9912
"/Engine/EngineMaterials/Substrate/Glints2/dict_0005_0189" 9913
"/Engine/EngineMaterials/Substrate/Glints2/dict_0005_0188" 9914
"/Engine/EngineMaterials/Substrate/Glints2/dict_0005_0204" 9915
"../../../Engine/Content/EngineMaterials/Substrate/Glints2/dict_0005_0207.uasset" 9916
"../../../Engine/Content/EngineMaterials/Substrate/Glints2/dict_0005_0205.uasset" 9917
"../../../Engine/Content/EngineMaterials/Substrate/Glints2/dict_0005_0208.uasset" 9918
"../../../Engine/Content/EngineMaterials/Substrate/Glints2/dict_0005_0209.uasset" 9919
"../../../Engine/Content/EngineMaterials/Substrate/Glints2/dict_0005_0210.uasset" 9920
"../../../Engine/Content/EngineMaterials/Substrate/Glints2/dict_0005_0211.uasset" 9921
"../../../Engine/Content/EngineMaterials/Substrate/Glints2/dict_0005_0212.uasset" 9922
"../../../Engine/Content/EngineMaterials/Substrate/Glints2/dict_0005_0213.uasset" 9923
"/Engine/EngineMaterials/Substrate/Glints2/dict_0005_0203" 9924
"../../../Engine/Content/EngineMaterials/Substrate/Glints2/dict_0005_0214.uasset" 9925
"../../../Engine/Content/EngineMaterials/Substrate/Glints2/dict_0005_0206.uasset" 9926
"/Engine/EngineMaterials/Substrate/Glints2/dict_0005_0202" 9927
"/Engine/EngineMaterials/Substrate/Glints2/dict_0005_0201" 9928
"/Engine/EngineMaterials/Substrate/Glints2/dict_0005_0200" 9929
"/Engine/EngineMaterials/Substrate/Glints2/dict_0005_0199" 9930
"/Engine/EngineMaterials/Substrate/Glints2/dict_0005_0198" 9931
"/Engine/EngineMaterials/Substrate/Glints2/dict_0005_0197" 9932
"/Engine/EngineMaterials/Substrate/Glints2/dict_0005_0196" 9933
"/Engine/EngineMaterials/Substrate/Glints2/dict_0005_0195" 9934
"/Engine/EngineMaterials/Substrate/Glints2/dict_0005_0194" 9935
"../../../Engine/Content/EngineMaterials/Substrate/Glints2/dict_0005_0216.uasset" 9936
"../../../Engine/Content/EngineMaterials/Substrate/Glints2/dict_0005_0218.uasset" 9937
"../../../Engine/Content/EngineMaterials/Substrate/Glints2/dict_0005_0217.uasset" 9938
"../../../Engine/Content/EngineMaterials/Substrate/Glints2/dict_0005_0215.uasset" 9939
"../../../Engine/Content/EngineMaterials/Substrate/Glints2/dict_0005_0221.uasset" 9940
"../../../Engine/Content/EngineMaterials/Substrate/Glints2/dict_0005_0220.uasset" 9941
"../../../Engine/Content/EngineMaterials/Substrate/Glints2/dict_0005_0219.uasset" 9942
"../../../Engine/Content/EngineMaterials/Substrate/Glints2/dict_0005_0223.uasset" 9943
"../../../Engine/Content/EngineMaterials/Substrate/Glints2/dict_0005_0225.uasset" 9944
"../../../Engine/Content/EngineMaterials/Substrate/Glints2/dict_0005_0222.uasset" 9945
"/Engine/EngineMaterials/Substrate/Glints2/dict_0005_0221" 9946
"../../../Engine/Content/EngineMaterials/Substrate/Glints2/dict_0005_0224.uasset" 9947
"../../../Engine/Content/EngineMaterials/Substrate/Glints2/dict_0005_0226.uasset" 9948
"/Engine/EngineMaterials/Substrate/Glints2/dict_0005_0220" 9949
"../../../Engine/Content/EngineMaterials/Substrate/Glints2/dict_0005_0230.uasset" 9950
"../../../Engine/Content/EngineMaterials/Substrate/Glints2/dict_0005_0228.uasset" 9951
"../../../Engine/Content/EngineMaterials/Substrate/Glints2/dict_0005_0227.uasset" 9952
"../../../Engine/Content/EngineMaterials/Substrate/Glints2/dict_0005_0231.uasset" 9953
"../../../Engine/Content/EngineMaterials/Substrate/Glints2/dict_0005_0229.uasset" 9954
"../../../Engine/Content/EngineMaterials/Substrate/Glints2/dict_0005_0232.uasset" 9955
"../../../Engine/Content/EngineMaterials/Substrate/Glints2/dict_0005_0235.uasset" 9956
"/Engine/EngineMaterials/Substrate/Glints2/dict_0005_0218" 9957
"../../../Engine/Content/EngineMaterials/Substrate/Glints2/dict_0005_0236.uasset" 9958
"../../../Engine/Content/EngineMaterials/Substrate/Glints2/dict_0005_0233.uasset" 9959
"../../../Engine/Content/EngineMaterials/Substrate/Glints2/dict_0005_0234.uasset" 9960
"/Engine/EngineMaterials/Substrate/Glints2/dict_0005_0217" 9961
"/Engine/EngineMaterials/Substrate/Glints2/dict_0005_0214" 9962
"/Engine/EngineMaterials/Substrate/Glints2/dict_0005_0213" 9963
"/Engine/EngineMaterials/Substrate/Glints2/dict_0005_0212" 9964
"/Engine/EngineMaterials/Substrate/Glints2/dict_0005_0211" 9965
"/Engine/EngineMaterials/Substrate/Glints2/dict_0005_0210" 9966
"/Engine/EngineMaterials/Substrate/Glints2/dict_0005_0209" 9967
"/Engine/EngineMaterials/Substrate/Glints2/dict_0005_0208" 9968
"/Engine/EngineMaterials/Substrate/Glints2/dict_0005_0207" 9969
"/Engine/EngineMaterials/Substrate/Glints2/dict_0005_0206" 9970
"/Engine/EngineMaterials/Substrate/Glints2/dict_0005_0205" 9971
"../../../Engine/Content/EngineMaterials/Substrate/Glints2/dict_0005_0240.uasset" 9972
"../../../Engine/Content/EngineMaterials/Substrate/Glints2/dict_0005_0242.uasset" 9973
"../../../Engine/Content/EngineMaterials/Substrate/Glints2/dict_0005_0238.uasset" 9974
"../../../Engine/Content/EngineMaterials/Substrate/Glints2/dict_0005_0243.uasset" 9975
"../../../Engine/Content/EngineMaterials/Substrate/Glints2/dict_0005_0245.uasset" 9976
"../../../Engine/Content/EngineMaterials/Substrate/Glints2/dict_0005_0239.uasset" 9977
"../../../Engine/Content/EngineMaterials/Substrate/Glints2/dict_0005_0246.uasset" 9978
"/Engine/EngineMaterials/Substrate/Glints2/dict_0005_0225" 9979
"../../../Engine/Content/EngineMaterials/Substrate/Glints2/dict_0005_0241.uasset" 9980
"../../../Engine/Content/EngineMaterials/Substrate/Glints2/dict_0005_0244.uasset" 9981
"../../../Engine/Content/EngineMaterials/Substrate/Glints2/dict_0005_0237.uasset" 9982
"/Engine/EngineMaterials/Substrate/Glints2/dict_0005_0236" 9983
"/Engine/EngineMaterials/Substrate/Glints2/dict_0005_0235" 9984
"/Engine/EngineMaterials/Substrate/Glints2/dict_0005_0234" 9985
"/Engine/EngineMaterials/Substrate/Glints2/dict_0005_0233" 9986
"/Engine/EngineMaterials/Substrate/Glints2/dict_0005_0224" 9987
"/Engine/EngineMaterials/Substrate/Glints2/dict_0005_0232" 9988
"/Engine/EngineMaterials/Substrate/Glints2/dict_0005_0231" 9989
"/Engine/EngineMaterials/Substrate/Glints2/dict_0005_0223" 9990
"/Engine/EngineMaterials/Substrate/Glints2/dict_0005_0230" 9991
"/Engine/EngineMaterials/Substrate/Glints2/dict_0005_0229" 9992
"/Engine/EngineMaterials/Substrate/Glints2/dict_0005_0222" 9993
"/Engine/EngineMaterials/Substrate/Glints2/dict_0005_0228" 9994
"/Engine/EngineMaterials/Substrate/Glints2/dict_0005_0219" 9995
"/Engine/EngineMaterials/Substrate/Glints2/dict_0005_0216" 9996
"/Engine/EngineMaterials/Substrate/Glints2/dict_0005_0215" 9997
"/Engine/EngineMaterials/Substrate/Glints2/dict_0005_0227" 9998
"/Engine/EngineMaterials/Substrate/Glints2/dict_0005_0226" 9999
"../../../Engine/Content/EngineMaterials/Substrate/Glints2/dict_0005_0251.uasset" 10000
"../../../Engine/Content/EngineMaterials/Substrate/Glints2/dict_0005_0250.uasset" 10001
"../../../Engine/Content/EngineMaterials/Substrate/Glints2/dict_0005_0248.uasset" 10002
"../../../Engine/Content/EngineMaterials/Substrate/Glints2/dict_0005_0247.uasset" 10003
"../../../Engine/Content/EngineMaterials/Substrate/Glints2/dict_0005_0249.uasset" 10004
"../../../Engine/Content/EngineMaterials/Substrate/Glints2/dict_0005_0252.uasset" 10005
"../../../Engine/Content/EngineMaterials/Substrate/Glints2/dict_0005_0254.uasset" 10006
"../../../Engine/Content/EngineMaterials/Substrate/Glints2/dict_0005_0255.uasset" 10007
"../../../Engine/Content/EngineMaterials/Substrate/Glints2/dict_0005_0253.uasset" 10008
"../../../Engine/Content/EngineMaterials/Substrate/Glints2/dict_0006_0000.uasset" 10009
"../../../Engine/Content/EngineMaterials/Substrate/Glints2/dict_0006_0001.uasset" 10010
"/Engine/EngineMaterials/Substrate/Glints2/dict_0005_0247" 10011
"/Engine/EngineMaterials/Substrate/Glints2/dict_0005_0246" 10012
"/Engine/EngineMaterials/Substrate/Glints2/dict_0005_0245" 10013
"/Engine/EngineMaterials/Substrate/Glints2/dict_0005_0244" 10014
"/Engine/EngineMaterials/Substrate/Glints2/dict_0005_0243" 10015
"/Engine/EngineMaterials/Substrate/Glints2/dict_0005_0242" 10016
"/Engine/EngineMaterials/Substrate/Glints2/dict_0005_0241" 10017
"/Engine/EngineMaterials/Substrate/Glints2/dict_0005_0240" 10018
"/Engine/EngineMaterials/Substrate/Glints2/dict_0005_0239" 10019
"/Engine/EngineMaterials/Substrate/Glints2/dict_0005_0238" 10020
"/Engine/EngineMaterials/Substrate/Glints2/dict_0005_0237" 10021
"../../../Engine/Content/EngineMaterials/Substrate/Glints2/dict_0006_0002.uasset" 10022
"../../../Engine/Content/EngineMaterials/Substrate/Glints2/dict_0006_0005.uasset" 10023
"../../../Engine/Content/EngineMaterials/Substrate/Glints2/dict_0006_0006.uasset" 10024
"../../../Engine/Content/EngineMaterials/Substrate/Glints2/dict_0006_0003.uasset" 10025
"../../../Engine/Content/EngineMaterials/Substrate/Glints2/dict_0006_0007.uasset" 10026
"../../../Engine/Content/EngineMaterials/Substrate/Glints2/dict_0006_0004.uasset" 10027
"../../../Engine/Content/EngineMaterials/Substrate/Glints2/dict_0006_0009.uasset" 10028
"../../../Engine/Content/EngineMaterials/Substrate/Glints2/dict_0006_0010.uasset" 10029
"../../../Engine/Content/EngineMaterials/Substrate/Glints2/dict_0006_0008.uasset" 10030
"../../../Engine/Content/EngineMaterials/Substrate/Glints2/dict_0006_0012.uasset" 10031
"../../../Engine/Content/EngineMaterials/Substrate/Glints2/dict_0006_0011.uasset" 10032
"/Engine/EngineMaterials/Substrate/Glints2/dict_0006_0002" 10033
"../../../Engine/Content/EngineMaterials/Substrate/Glints2/dict_0006_0013.uasset" 10034
"/Engine/EngineMaterials/Substrate/Glints2/dict_0006_0001" 10035
"/Engine/EngineMaterials/Substrate/Glints2/dict_0005_0250" 10036
"/Engine/EngineMaterials/Substrate/Glints2/dict_0006_0000" 10037
"/Engine/EngineMaterials/Substrate/Glints2/dict_0005_0249" 10038
"../../../Engine/Content/EngineMaterials/Substrate/Glints2/dict_0006_0014.uasset" 10039
"../../../Engine/Content/EngineMaterials/Substrate/Glints2/dict_0006_0018.uasset" 10040
"../../../Engine/Content/EngineMaterials/Substrate/Glints2/dict_0006_0015.uasset" 10041
"/Engine/EngineMaterials/Substrate/Glints2/dict_0005_0255" 10042
"../../../Engine/Content/EngineMaterials/Substrate/Glints2/dict_0006_0020.uasset" 10043
"../../../Engine/Content/EngineMaterials/Substrate/Glints2/dict_0006_0019.uasset" 10044
"../../../Engine/Content/EngineMaterials/Substrate/Glints2/dict_0006_0017.uasset" 10045
"../../../Engine/Content/EngineMaterials/Substrate/Glints2/dict_0006_0016.uasset" 10046
"../../../Engine/Content/EngineMaterials/Substrate/Glints2/dict_0006_0021.uasset" 10047
"../../../Engine/Content/EngineMaterials/Substrate/Glints2/dict_0006_0022.uasset" 10048
"../../../Engine/Content/EngineMaterials/Substrate/Glints2/dict_0006_0023.uasset" 10049
"/Engine/EngineMaterials/Substrate/Glints2/dict_0005_0248" 10050
"/Engine/EngineMaterials/Substrate/Glints2/dict_0005_0254" 10051
"/Engine/EngineMaterials/Substrate/Glints2/dict_0005_0253" 10052
"/Engine/EngineMaterials/Substrate/Glints2/dict_0005_0252" 10053
"/Engine/EngineMaterials/Substrate/Glints2/dict_0005_0251" 10054
"/Engine/EngineMaterials/Substrate/Glints2/dict_0006_0012" 10055
"/Engine/EngineMaterials/Substrate/Glints2/dict_0006_0011" 10056
"../../../Engine/Content/EngineMaterials/Substrate/Glints2/dict_0006_0029.uasset" 10057
"../../../Engine/Content/EngineMaterials/Substrate/Glints2/dict_0006_0030.uasset" 10058
"../../../Engine/Content/EngineMaterials/Substrate/Glints2/dict_0006_0031.uasset" 10059
"../../../Engine/Content/EngineMaterials/Substrate/Glints2/dict_0006_0032.uasset" 10060
"../../../Engine/Content/EngineMaterials/Substrate/Glints2/dict_0006_0024.uasset" 10061
"../../../Engine/Content/EngineMaterials/Substrate/Glints2/dict_0006_0025.uasset" 10062
"/Engine/EngineMaterials/Substrate/Glints2/dict_0006_0010" 10063
"../../../Engine/Content/EngineMaterials/Substrate/Glints2/dict_0006_0027.uasset" 10064
"../../../Engine/Content/EngineMaterials/Substrate/Glints2/dict_0006_0026.uasset" 10065
"../../../Engine/Content/EngineMaterials/Substrate/Glints2/dict_0006_0033.uasset" 10066
"/Engine/EngineMaterials/Substrate/Glints2/dict_0006_0009" 10067
"../../../Engine/Content/EngineMaterials/Substrate/Glints2/dict_0006_0028.uasset" 10068
"../../../Engine/Content/EngineMaterials/Substrate/Glints2/dict_0006_0034.uasset" 10069
"/Engine/EngineMaterials/Substrate/Glints2/dict_0006_0008" 10070
"/Engine/EngineMaterials/Substrate/Glints2/dict_0006_0007" 10071
"/Engine/EngineMaterials/Substrate/Glints2/dict_0006_0006" 10072
"/Engine/EngineMaterials/Substrate/Glints2/dict_0006_0005" 10073
"/Engine/EngineMaterials/Substrate/Glints2/dict_0006_0004" 10074
"/Engine/EngineMaterials/Substrate/Glints2/dict_0006_0003" 10075
"/Engine/EngineMaterials/Substrate/Glints2/dict_0006_0023" 10076
"/Engine/EngineMaterials/Substrate/Glints2/dict_0006_0022" 10077
"/Engine/EngineMaterials/Substrate/Glints2/dict_0006_0021" 10078
"/Engine/EngineMaterials/Substrate/Glints2/dict_0006_0020" 10079
"/Engine/EngineMaterials/Substrate/Glints2/dict_0006_0019" 10080
"/Engine/EngineMaterials/Substrate/Glints2/dict_0006_0018" 10081
"/Engine/EngineMaterials/Substrate/Glints2/dict_0006_0017" 10082
"/Engine/EngineMaterials/Substrate/Glints2/dict_0006_0016" 10083
"/Engine/EngineMaterials/Substrate/Glints2/dict_0006_0015" 10084
"/Engine/EngineMaterials/Substrate/Glints2/dict_0006_0014" 10085
"/Engine/EngineMaterials/Substrate/Glints2/dict_0006_0013" 10086
"/Engine/EngineMaterials/Substrate/Glints2/dict_0006_0034" 10087
"/Engine/EngineMaterials/Substrate/Glints2/dict_0006_0033" 10088
"../../../Engine/Content/EngineMaterials/Substrate/Glints2/dict_0006_0037.uasset" 10089
"../../../Engine/Content/EngineMaterials/Substrate/Glints2/dict_0006_0035.uasset" 10090
"../../../Engine/Content/EngineMaterials/Substrate/Glints2/dict_0006_0036.uasset" 10091
"../../../Engine/Content/EngineMaterials/Substrate/Glints2/dict_0006_0039.uasset" 10092
"../../../Engine/Content/EngineMaterials/Substrate/Glints2/dict_0006_0041.uasset" 10093
"../../../Engine/Content/EngineMaterials/Substrate/Glints2/dict_0006_0040.uasset" 10094
"../../../Engine/Content/EngineMaterials/Substrate/Glints2/dict_0006_0042.uasset" 10095
"../../../Engine/Content/EngineMaterials/Substrate/Glints2/dict_0006_0044.uasset" 10096
"../../../Engine/Content/EngineMaterials/Substrate/Glints2/dict_0006_0043.uasset" 10097
"/Engine/EngineMaterials/Substrate/Glints2/dict_0006_0032" 10098
"../../../Engine/Content/EngineMaterials/Substrate/Glints2/dict_0006_0038.uasset" 10099
"../../../Engine/Content/EngineMaterials/Substrate/Glints2/dict_0006_0045.uasset" 10100
"../../../Engine/Content/EngineMaterials/Substrate/Glints2/dict_0006_0046.uasset" 10101
"../../../Engine/Content/EngineMaterials/Substrate/Glints2/dict_0006_0047.uasset" 10102
"/Engine/EngineMaterials/Substrate/Glints2/dict_0006_0031" 10103
"../../../Engine/Content/EngineMaterials/Substrate/Glints2/dict_0006_0048.uasset" 10104
"../../../Engine/Content/EngineMaterials/Substrate/Glints2/dict_0006_0049.uasset" 10105
"../../../Engine/Content/EngineMaterials/Substrate/Glints2/dict_0006_0050.uasset" 10106
"../../../Engine/Content/EngineMaterials/Substrate/Glints2/dict_0006_0051.uasset" 10107
"../../../Engine/Content/EngineMaterials/Substrate/Glints2/dict_0006_0052.uasset" 10108
"../../../Engine/Content/EngineMaterials/Substrate/Glints2/dict_0006_0054.uasset" 10109
"../../../Engine/Content/EngineMaterials/Substrate/Glints2/dict_0006_0053.uasset" 10110
"../../../Engine/Content/EngineMaterials/Substrate/Glints2/dict_0006_0055.uasset" 10111
"/Engine/EngineMaterials/Substrate/Glints2/dict_0006_0030" 10112
"/Engine/EngineMaterials/Substrate/Glints2/dict_0006_0029" 10113
"/Engine/EngineMaterials/Substrate/Glints2/dict_0006_0028" 10114
"/Engine/EngineMaterials/Substrate/Glints2/dict_0006_0027" 10115
"/Engine/EngineMaterials/Substrate/Glints2/dict_0006_0026" 10116
"/Engine/EngineMaterials/Substrate/Glints2/dict_0006_0025" 10117
"/Engine/EngineMaterials/Substrate/Glints2/dict_0006_0024" 10118
"/Engine/EngineMaterials/Substrate/Glints2/dict_0006_0047" 10119
"../../../Engine/Content/EngineMaterials/Substrate/Glints2/dict_0006_0057.uasset" 10120
"../../../Engine/Content/EngineMaterials/Substrate/Glints2/dict_0006_0056.uasset" 10121
"/Engine/EngineMaterials/Substrate/Glints2/dict_0006_0046" 10122
"/Engine/EngineMaterials/Substrate/Glints2/dict_0006_0045" 10123
"/Engine/EngineMaterials/Substrate/Glints2/dict_0006_0044" 10124
"/Engine/EngineMaterials/Substrate/Glints2/dict_0006_0043" 10125
"/Engine/EngineMaterials/Substrate/Glints2/dict_0006_0042" 10126
"/Engine/EngineMaterials/Substrate/Glints2/dict_0006_0041" 10127
"/Engine/EngineMaterials/Substrate/Glints2/dict_0006_0040" 10128
"/Engine/EngineMaterials/Substrate/Glints2/dict_0006_0039" 10129
"/Engine/EngineMaterials/Substrate/Glints2/dict_0006_0038" 10130
"/Engine/EngineMaterials/Substrate/Glints2/dict_0006_0037" 10131
"/Engine/EngineMaterials/Substrate/Glints2/dict_0006_0036" 10132
"/Engine/EngineMaterials/Substrate/Glints2/dict_0006_0035" 10133
"../../../Engine/Content/EngineMaterials/Substrate/Glints2/dict_0006_0061.uasset" 10134
"../../../Engine/Content/EngineMaterials/Substrate/Glints2/dict_0006_0060.uasset" 10135
"../../../Engine/Content/EngineMaterials/Substrate/Glints2/dict_0006_0062.uasset" 10136
"../../../Engine/Content/EngineMaterials/Substrate/Glints2/dict_0006_0058.uasset" 10137
"../../../Engine/Content/EngineMaterials/Substrate/Glints2/dict_0006_0063.uasset" 10138
"../../../Engine/Content/EngineMaterials/Substrate/Glints2/dict_0006_0059.uasset" 10139
"../../../Engine/Content/EngineMaterials/Substrate/Glints2/dict_0006_0064.uasset" 10140
"../../../Engine/Content/EngineMaterials/Substrate/Glints2/dict_0006_0066.uasset" 10141
"../../../Engine/Content/EngineMaterials/Substrate/Glints2/dict_0006_0065.uasset" 10142
"../../../Engine/Content/EngineMaterials/Substrate/Glints2/dict_0006_0067.uasset" 10143
"../../../Engine/Content/EngineMaterials/Substrate/Glints2/dict_0006_0069.uasset" 10144
"../../../Engine/Content/EngineMaterials/Substrate/Glints2/dict_0006_0068.uasset" 10145
"../../../Engine/Content/EngineMaterials/Substrate/Glints2/dict_0006_0070.uasset" 10146
"../../../Engine/Content/EngineMaterials/Substrate/Glints2/dict_0006_0071.uasset" 10147
"../../../Engine/Content/EngineMaterials/Substrate/Glints2/dict_0006_0072.uasset" 10148
"../../../Engine/Content/EngineMaterials/Substrate/Glints2/dict_0006_0074.uasset" 10149
"../../../Engine/Content/EngineMaterials/Substrate/Glints2/dict_0006_0075.uasset" 10150
"../../../Engine/Content/EngineMaterials/Substrate/Glints2/dict_0006_0073.uasset" 10151
"/Engine/EngineMaterials/Substrate/Glints2/dict_0006_0055" 10152
"/Engine/EngineMaterials/Substrate/Glints2/dict_0006_0054" 10153
"/Engine/EngineMaterials/Substrate/Glints2/dict_0006_0053" 10154
"/Engine/EngineMaterials/Substrate/Glints2/dict_0006_0052" 10155
"/Engine/EngineMaterials/Substrate/Glints2/dict_0006_0051" 10156
"/Engine/EngineMaterials/Substrate/Glints2/dict_0006_0050" 10157
"/Engine/EngineMaterials/Substrate/Glints2/dict_0006_0049" 10158
"/Engine/EngineMaterials/Substrate/Glints2/dict_0006_0048" 10159
"/Engine/EngineMaterials/Substrate/Glints2/dict_0006_0066" 10160
"/Engine/EngineMaterials/Substrate/Glints2/dict_0006_0065" 10161
"/Engine/EngineMaterials/Substrate/Glints2/dict_0006_0064" 10162
"../../../Engine/Content/EngineMaterials/Substrate/Glints2/dict_0006_0078.uasset" 10163
"../../../Engine/Content/EngineMaterials/Substrate/Glints2/dict_0006_0079.uasset" 10164
"../../../Engine/Content/EngineMaterials/Substrate/Glints2/dict_0006_0076.uasset" 10165
"../../../Engine/Content/EngineMaterials/Substrate/Glints2/dict_0006_0077.uasset" 10166
"/Engine/EngineMaterials/Substrate/Glints2/dict_0006_0063" 10167
"/Engine/EngineMaterials/Substrate/Glints2/dict_0006_0062" 10168
"/Engine/EngineMaterials/Substrate/Glints2/dict_0006_0061" 10169
"/Engine/EngineMaterials/Substrate/Glints2/dict_0006_0060" 10170
"/Engine/EngineMaterials/Substrate/Glints2/dict_0006_0059" 10171
"/Engine/EngineMaterials/Substrate/Glints2/dict_0006_0058" 10172
"/Engine/EngineMaterials/Substrate/Glints2/dict_0006_0057" 10173
"/Engine/EngineMaterials/Substrate/Glints2/dict_0006_0079" 10174
"../../../Engine/Content/EngineMaterials/Substrate/Glints2/dict_0006_0084.uasset" 10175
"../../../Engine/Content/EngineMaterials/Substrate/Glints2/dict_0006_0083.uasset" 10176
"../../../Engine/Content/EngineMaterials/Substrate/Glints2/dict_0006_0082.uasset" 10177
"../../../Engine/Content/EngineMaterials/Substrate/Glints2/dict_0006_0080.uasset" 10178
"../../../Engine/Content/EngineMaterials/Substrate/Glints2/dict_0006_0085.uasset" 10179
"../../../Engine/Content/EngineMaterials/Substrate/Glints2/dict_0006_0089.uasset" 10180
"../../../Engine/Content/EngineMaterials/Substrate/Glints2/dict_0006_0081.uasset" 10181
"../../../Engine/Content/EngineMaterials/Substrate/Glints2/dict_0006_0087.uasset" 10182
"../../../Engine/Content/EngineMaterials/Substrate/Glints2/dict_0006_0088.uasset" 10183
"../../../Engine/Content/EngineMaterials/Substrate/Glints2/dict_0006_0086.uasset" 10184
"../../../Engine/Content/EngineMaterials/Substrate/Glints2/dict_0006_0090.uasset" 10185
"../../../Engine/Content/EngineMaterials/Substrate/Glints2/dict_0006_0091.uasset" 10186
"../../../Engine/Content/EngineMaterials/Substrate/Glints2/dict_0006_0092.uasset" 10187
"../../../Engine/Content/EngineMaterials/Substrate/Glints2/dict_0006_0093.uasset" 10188
"/Engine/EngineMaterials/Substrate/Glints2/dict_0006_0078" 10189
"../../../Engine/Content/EngineMaterials/Substrate/Glints2/dict_0006_0094.uasset" 10190
"../../../Engine/Content/EngineMaterials/Substrate/Glints2/dict_0006_0095.uasset" 10191
"../../../Engine/Content/EngineMaterials/Substrate/Glints2/dict_0006_0097.uasset" 10192
"../../../Engine/Content/EngineMaterials/Substrate/Glints2/dict_0006_0096.uasset" 10193
"/Engine/EngineMaterials/Substrate/Glints2/dict_0006_0077" 10194
"/Engine/EngineMaterials/Substrate/Glints2/dict_0006_0076" 10195
"/Engine/EngineMaterials/Substrate/Glints2/dict_0006_0075" 10196
"/Engine/EngineMaterials/Substrate/Glints2/dict_0006_0074" 10197
"/Engine/EngineMaterials/Substrate/Glints2/dict_0006_0073" 10198
"/Engine/EngineMaterials/Substrate/Glints2/dict_0006_0072" 10199
"/Engine/EngineMaterials/Substrate/Glints2/dict_0006_0071" 10200
"/Engine/EngineMaterials/Substrate/Glints2/dict_0006_0056" 10201
"/Engine/EngineMaterials/Substrate/Glints2/dict_0006_0070" 10202
"/Engine/EngineMaterials/Substrate/Glints2/dict_0006_0069" 10203
"/Engine/EngineMaterials/Substrate/Glints2/dict_0006_0068" 10204
"/Engine/EngineMaterials/Substrate/Glints2/dict_0006_0067" 10205
"/Engine/EngineMaterials/Substrate/Glints2/dict_0006_0088" 10206
"../../../Engine/Content/EngineMaterials/Substrate/Glints2/dict_0006_0098.uasset" 10207
"/Engine/EngineMaterials/Substrate/Glints2/dict_0006_0087" 10208
"/Engine/EngineMaterials/Substrate/Glints2/dict_0006_0086" 10209
"/Engine/EngineMaterials/Substrate/Glints2/dict_0006_0085" 10210
"/Engine/EngineMaterials/Substrate/Glints2/dict_0006_0084" 10211
"/Engine/EngineMaterials/Substrate/Glints2/dict_0006_0083" 10212
"/Engine/EngineMaterials/Substrate/Glints2/dict_0006_0082" 10213
"/Engine/EngineMaterials/Substrate/Glints2/dict_0006_0081" 10214
"../../../Engine/Content/EngineMaterials/Substrate/Glints2/dict_0006_0101.uasset" 10215
"../../../Engine/Content/EngineMaterials/Substrate/Glints2/dict_0006_0103.uasset" 10216
"../../../Engine/Content/EngineMaterials/Substrate/Glints2/dict_0006_0099.uasset" 10217
"../../../Engine/Content/EngineMaterials/Substrate/Glints2/dict_0006_0105.uasset" 10218
"../../../Engine/Content/EngineMaterials/Substrate/Glints2/dict_0006_0104.uasset" 10219
"../../../Engine/Content/EngineMaterials/Substrate/Glints2/dict_0006_0106.uasset" 10220
"../../../Engine/Content/EngineMaterials/Substrate/Glints2/dict_0006_0102.uasset" 10221
"../../../Engine/Content/EngineMaterials/Substrate/Glints2/dict_0006_0100.uasset" 10222
"../../../Engine/Content/EngineMaterials/Substrate/Glints2/dict_0006_0107.uasset" 10223
"../../../Engine/Content/EngineMaterials/Substrate/Glints2/dict_0006_0109.uasset" 10224
"../../../Engine/Content/EngineMaterials/Substrate/Glints2/dict_0006_0108.uasset" 10225
"../../../Engine/Content/EngineMaterials/Substrate/Glints2/dict_0006_0110.uasset" 10226
"../../../Engine/Content/EngineMaterials/Substrate/Glints2/dict_0006_0111.uasset" 10227
"/Engine/EngineMaterials/Substrate/Glints2/dict_0006_0080" 10228
"/Engine/EngineMaterials/Substrate/Glints2/dict_0006_0097" 10229
"../../../Engine/Content/EngineMaterials/Substrate/Glints2/dict_0006_0112.uasset" 10230
"../../../Engine/Content/EngineMaterials/Substrate/Glints2/dict_0006_0113.uasset" 10231
"../../../Engine/Content/EngineMaterials/Substrate/Glints2/dict_0006_0115.uasset" 10232
"../../../Engine/Content/EngineMaterials/Substrate/Glints2/dict_0006_0116.uasset" 10233
"../../../Engine/Content/EngineMaterials/Substrate/Glints2/dict_0006_0114.uasset" 10234
"/Engine/EngineMaterials/Substrate/Glints2/dict_0006_0096" 10235
"/Engine/EngineMaterials/Substrate/Glints2/dict_0006_0095" 10236
"/Engine/EngineMaterials/Substrate/Glints2/dict_0006_0094" 10237
"/Engine/EngineMaterials/Substrate/Glints2/dict_0006_0093" 10238
"/Engine/EngineMaterials/Substrate/Glints2/dict_0006_0092" 10239
"../../../Engine/Content/EngineMaterials/Substrate/Glints2/dict_0006_0117.uasset" 10240
"/Engine/EngineMaterials/Substrate/Glints2/dict_0006_0091" 10241
"/Engine/EngineMaterials/Substrate/Glints2/dict_0006_0090" 10242
"/Engine/EngineMaterials/Substrate/Glints2/dict_0006_0089" 10243
"/Engine/EngineMaterials/Substrate/Glints2/dict_0006_0107" 10244
"/Engine/EngineMaterials/Substrate/Glints2/dict_0006_0106" 10245
"/Engine/EngineMaterials/Substrate/Glints2/dict_0006_0105" 10246
"/Engine/EngineMaterials/Substrate/Glints2/dict_0006_0104" 10247
"/Engine/EngineMaterials/Substrate/Glints2/dict_0006_0103" 10248
"../../../Engine/Content/EngineMaterials/Substrate/Glints2/dict_0006_0120.uasset" 10249
"/Engine/EngineMaterials/Substrate/Glints2/dict_0006_0101" 10250
"../../../Engine/Content/EngineMaterials/Substrate/Glints2/dict_0006_0119.uasset" 10251
"../../../Engine/Content/EngineMaterials/Substrate/Glints2/dict_0006_0118.uasset" 10252
"/Engine/EngineMaterials/Substrate/Glints2/dict_0006_0100" 10253
"/Engine/EngineMaterials/Substrate/Glints2/dict_0006_0099" 10254
"/Engine/EngineMaterials/Substrate/Glints2/dict_0006_0098" 10255
"/Engine/EngineMaterials/Substrate/Glints2/dict_0006_0111" 10256
"../../../Engine/Content/EngineMaterials/Substrate/Glints2/dict_0006_0121.uasset" 10257
"../../../Engine/Content/EngineMaterials/Substrate/Glints2/dict_0006_0126.uasset" 10258
"../../../Engine/Content/EngineMaterials/Substrate/Glints2/dict_0006_0123.uasset" 10259
"../../../Engine/Content/EngineMaterials/Substrate/Glints2/dict_0006_0125.uasset" 10260
"/Engine/EngineMaterials/Substrate/Glints2/dict_0006_0110" 10261
"../../../Engine/Content/EngineMaterials/Substrate/Glints2/dict_0006_0128.uasset" 10262
"../../../Engine/Content/EngineMaterials/Substrate/Glints2/dict_0006_0127.uasset" 10263
"../../../Engine/Content/EngineMaterials/Substrate/Glints2/dict_0006_0129.uasset" 10264
"../../../Engine/Content/EngineMaterials/Substrate/Glints2/dict_0006_0130.uasset" 10265
"../../../Engine/Content/EngineMaterials/Substrate/Glints2/dict_0006_0122.uasset" 10266
"../../../Engine/Content/EngineMaterials/Substrate/Glints2/dict_0006_0131.uasset" 10267
"../../../Engine/Content/EngineMaterials/Substrate/Glints2/dict_0006_0124.uasset" 10268
"../../../Engine/Content/EngineMaterials/Substrate/Glints2/dict_0006_0132.uasset" 10269
"../../../Engine/Content/EngineMaterials/Substrate/Glints2/dict_0006_0133.uasset" 10270
"../../../Engine/Content/EngineMaterials/Substrate/Glints2/dict_0006_0134.uasset" 10271
"../../../Engine/Content/EngineMaterials/Substrate/Glints2/dict_0006_0135.uasset" 10272
"../../../Engine/Content/EngineMaterials/Substrate/Glints2/dict_0006_0136.uasset" 10273
"../../../Engine/Content/EngineMaterials/Substrate/Glints2/dict_0006_0138.uasset" 10274
"/Engine/EngineMaterials/Substrate/Glints2/dict_0006_0120" 10275
"../../../Engine/Content/EngineMaterials/Substrate/Glints2/dict_0006_0137.uasset" 10276
"/Engine/EngineMaterials/Substrate/Glints2/dict_0006_0119" 10277
"/Engine/EngineMaterials/Substrate/Glints2/dict_0006_0118" 10278
"/Engine/EngineMaterials/Substrate/Glints2/dict_0006_0117" 10279
"/Engine/EngineMaterials/Substrate/Glints2/dict_0006_0116" 10280
"/Engine/EngineMaterials/Substrate/Glints2/dict_0006_0115" 10281
"/Engine/EngineMaterials/Substrate/Glints2/dict_0006_0109" 10282
"/Engine/EngineMaterials/Substrate/Glints2/dict_0006_0114" 10283
"/Engine/EngineMaterials/Substrate/Glints2/dict_0006_0113" 10284
"/Engine/EngineMaterials/Substrate/Glints2/dict_0006_0108" 10285
"/Engine/EngineMaterials/Substrate/Glints2/dict_0006_0112" 10286
"/Engine/EngineMaterials/Substrate/Glints2/dict_0006_0102" 10287
"/Engine/EngineMaterials/Substrate/Glints2/dict_0006_0138" 10288
"../../../Engine/Content/EngineMaterials/Substrate/Glints2/dict_0006_0139.uasset" 10289
"../../../Engine/Content/EngineMaterials/Substrate/Glints2/dict_0006_0142.uasset" 10290
"../../../Engine/Content/EngineMaterials/Substrate/Glints2/dict_0006_0140.uasset" 10291
"../../../Engine/Content/EngineMaterials/Substrate/Glints2/dict_0006_0144.uasset" 10292
"../../../Engine/Content/EngineMaterials/Substrate/Glints2/dict_0006_0145.uasset" 10293
"../../../Engine/Content/EngineMaterials/Substrate/Glints2/dict_0006_0143.uasset" 10294
"../../../Engine/Content/EngineMaterials/Substrate/Glints2/dict_0006_0148.uasset" 10295
"../../../Engine/Content/EngineMaterials/Substrate/Glints2/dict_0006_0141.uasset" 10296
"../../../Engine/Content/EngineMaterials/Substrate/Glints2/dict_0006_0146.uasset" 10297
"../../../Engine/Content/EngineMaterials/Substrate/Glints2/dict_0006_0147.uasset" 10298
"/Engine/EngineMaterials/Substrate/Glints2/dict_0006_0137" 10299
"../../../Engine/Content/EngineMaterials/Substrate/Glints2/dict_0006_0149.uasset" 10300
"../../../Engine/Content/EngineMaterials/Substrate/Glints2/dict_0006_0151.uasset" 10301
"../../../Engine/Content/EngineMaterials/Substrate/Glints2/dict_0006_0152.uasset" 10302
"../../../Engine/Content/EngineMaterials/Substrate/Glints2/dict_0006_0150.uasset" 10303
"/Engine/EngineMaterials/Substrate/Glints2/dict_0006_0136" 10304
"/Engine/EngineMaterials/Substrate/Glints2/dict_0006_0135" 10305
"/Engine/EngineMaterials/Substrate/Glints2/dict_0006_0134" 10306
"/Engine/EngineMaterials/Substrate/Glints2/dict_0006_0133" 10307
"/Engine/EngineMaterials/Substrate/Glints2/dict_0006_0132" 10308
"/Engine/EngineMaterials/Substrate/Glints2/dict_0006_0131" 10309
"/Engine/EngineMaterials/Substrate/Glints2/dict_0006_0130" 10310
"/Engine/EngineMaterials/Substrate/Glints2/dict_0006_0129" 10311
"/Engine/EngineMaterials/Substrate/Glints2/dict_0006_0128" 10312
"/Engine/EngineMaterials/Substrate/Glints2/dict_0006_0127" 10313
"/Engine/EngineMaterials/Substrate/Glints2/dict_0006_0126" 10314
"/Engine/EngineMaterials/Substrate/Glints2/dict_0006_0125" 10315
"/Engine/EngineMaterials/Substrate/Glints2/dict_0006_0124" 10316
"/Engine/EngineMaterials/Substrate/Glints2/dict_0006_0123" 10317
"/Engine/EngineMaterials/Substrate/Glints2/dict_0006_0122" 10318
"/Engine/EngineMaterials/Substrate/Glints2/dict_0006_0121" 10319
"/Engine/EngineMaterials/Substrate/Glints2/dict_0006_0152" 10320
"../../../Engine/Content/EngineMaterials/Substrate/Glints2/dict_0006_0153.uasset" 10321
"../../../Engine/Content/EngineMaterials/Substrate/Glints2/dict_0006_0155.uasset" 10322
"/Engine/EngineMaterials/Substrate/Glints2/dict_0006_0151" 10323
"../../../Engine/Content/EngineMaterials/Substrate/Glints2/dict_0006_0158.uasset" 10324
"../../../Engine/Content/EngineMaterials/Substrate/Glints2/dict_0006_0160.uasset" 10325
"../../../Engine/Content/EngineMaterials/Substrate/Glints2/dict_0006_0159.uasset" 10326
"../../../Engine/Content/EngineMaterials/Substrate/Glints2/dict_0006_0162.uasset" 10327
"../../../Engine/Content/EngineMaterials/Substrate/Glints2/dict_0006_0157.uasset" 10328
"../../../Engine/Content/EngineMaterials/Substrate/Glints2/dict_0006_0161.uasset" 10329
"../../../Engine/Content/EngineMaterials/Substrate/Glints2/dict_0006_0156.uasset" 10330
"../../../Engine/Content/EngineMaterials/Substrate/Glints2/dict_0006_0154.uasset" 10331
"../../../Engine/Content/EngineMaterials/Substrate/Glints2/dict_0006_0164.uasset" 10332
"../../../Engine/Content/EngineMaterials/Substrate/Glints2/dict_0006_0163.uasset" 10333
"../../../Engine/Content/EngineMaterials/Substrate/Glints2/dict_0006_0169.uasset" 10334
"../../../Engine/Content/EngineMaterials/Substrate/Glints2/dict_0006_0170.uasset" 10335
"../../../Engine/Content/EngineMaterials/Substrate/Glints2/dict_0006_0165.uasset" 10336
"../../../Engine/Content/EngineMaterials/Substrate/Glints2/dict_0006_0167.uasset" 10337
"../../../Engine/Content/EngineMaterials/Substrate/Glints2/dict_0006_0166.uasset" 10338
"/Engine/EngineMaterials/Substrate/Glints2/dict_0006_0150" 10339
"../../../Engine/Content/EngineMaterials/Substrate/Glints2/dict_0006_0168.uasset" 10340
"/Engine/EngineMaterials/Substrate/Glints2/dict_0006_0149" 10341
"/Engine/EngineMaterials/Substrate/Glints2/dict_0006_0148" 10342
"/Engine/EngineMaterials/Substrate/Glints2/dict_0006_0147" 10343
"/Engine/EngineMaterials/Substrate/Glints2/dict_0006_0146" 10344
"/Engine/EngineMaterials/Substrate/Glints2/dict_0006_0145" 10345
"/Engine/EngineMaterials/Substrate/Glints2/dict_0006_0144" 10346
"/Engine/EngineMaterials/Substrate/Glints2/dict_0006_0143" 10347
"/Engine/EngineMaterials/Substrate/Glints2/dict_0006_0142" 10348
"/Engine/EngineMaterials/Substrate/Glints2/dict_0006_0141" 10349
"/Engine/EngineMaterials/Substrate/Glints2/dict_0006_0140" 10350
"/Engine/EngineMaterials/Substrate/Glints2/dict_0006_0139" 10351
"/Engine/EngineMaterials/Substrate/Glints2/dict_0006_0167" 10352
"../../../Engine/Content/EngineMaterials/Substrate/Glints2/dict_0006_0173.uasset" 10353
"../../../Engine/Content/EngineMaterials/Substrate/Glints2/dict_0006_0174.uasset" 10354
"../../../Engine/Content/EngineMaterials/Substrate/Glints2/dict_0006_0171.uasset" 10355
"../../../Engine/Content/EngineMaterials/Substrate/Glints2/dict_0006_0172.uasset" 10356
"../../../Engine/Content/EngineMaterials/Substrate/Glints2/dict_0006_0175.uasset" 10357
"../../../Engine/Content/EngineMaterials/Substrate/Glints2/dict_0006_0177.uasset" 10358
"../../../Engine/Content/EngineMaterials/Substrate/Glints2/dict_0006_0176.uasset" 10359
"/Engine/EngineMaterials/Substrate/Glints2/dict_0006_0166" 10360
"/Engine/EngineMaterials/Substrate/Glints2/dict_0006_0165" 10361
"/Engine/EngineMaterials/Substrate/Glints2/dict_0006_0164" 10362
"../../../Engine/Content/EngineMaterials/Substrate/Glints2/dict_0006_0178.uasset" 10363
"../../../Engine/Content/EngineMaterials/Substrate/Glints2/dict_0006_0179.uasset" 10364
"/Engine/EngineMaterials/Substrate/Glints2/dict_0006_0163" 10365
"../../../Engine/Content/EngineMaterials/Substrate/Glints2/dict_0006_0180.uasset" 10366
"../../../Engine/Content/EngineMaterials/Substrate/Glints2/dict_0006_0183.uasset" 10367
"../../../Engine/Content/EngineMaterials/Substrate/Glints2/dict_0006_0182.uasset" 10368
"/Engine/EngineMaterials/Substrate/Glints2/dict_0006_0162" 10369
"../../../Engine/Content/EngineMaterials/Substrate/Glints2/dict_0006_0181.uasset" 10370
"../../../Engine/Content/EngineMaterials/Substrate/Glints2/dict_0006_0184.uasset" 10371
"/Engine/EngineMaterials/Substrate/Glints2/dict_0006_0161" 10372
"/Engine/EngineMaterials/Substrate/Glints2/dict_0006_0160" 10373
"/Engine/EngineMaterials/Substrate/Glints2/dict_0006_0159" 10374
"/Engine/EngineMaterials/Substrate/Glints2/dict_0006_0158" 10375
"/Engine/EngineMaterials/Substrate/Glints2/dict_0006_0157" 10376
"/Engine/EngineMaterials/Substrate/Glints2/dict_0006_0156" 10377
"/Engine/EngineMaterials/Substrate/Glints2/dict_0006_0155" 10378
"/Engine/EngineMaterials/Substrate/Glints2/dict_0006_0154" 10379
"/Engine/EngineMaterials/Substrate/Glints2/dict_0006_0153" 10380
"/Engine/EngineMaterials/Substrate/Glints2/dict_0006_0170" 10381
"../../../Engine/Content/EngineMaterials/Substrate/Glints2/dict_0006_0188.uasset" 10382
"../../../Engine/Content/EngineMaterials/Substrate/Glints2/dict_0006_0190.uasset" 10383
"../../../Engine/Content/EngineMaterials/Substrate/Glints2/dict_0006_0189.uasset" 10384
"../../../Engine/Content/EngineMaterials/Substrate/Glints2/dict_0006_0192.uasset" 10385
"../../../Engine/Content/EngineMaterials/Substrate/Glints2/dict_0006_0186.uasset" 10386
"../../../Engine/Content/EngineMaterials/Substrate/Glints2/dict_0006_0193.uasset" 10387
"/Engine/EngineMaterials/Substrate/Glints2/dict_0006_0169" 10388
"../../../Engine/Content/EngineMaterials/Substrate/Glints2/dict_0006_0185.uasset" 10389
"../../../Engine/Content/EngineMaterials/Substrate/Glints2/dict_0006_0187.uasset" 10390
"../../../Engine/Content/EngineMaterials/Substrate/Glints2/dict_0006_0194.uasset" 10391
"../../../Engine/Content/EngineMaterials/Substrate/Glints2/dict_0006_0191.uasset" 10392
"/Engine/EngineMaterials/Substrate/Glints2/dict_0006_0168" 10393
"../../../Engine/Content/EngineMaterials/Substrate/Glints2/dict_0006_0197.uasset" 10394
"../../../Engine/Content/EngineMaterials/Substrate/Glints2/dict_0006_0196.uasset" 10395
"../../../Engine/Content/EngineMaterials/Substrate/Glints2/dict_0006_0198.uasset" 10396
"../../../Engine/Content/EngineMaterials/Substrate/Glints2/dict_0006_0199.uasset" 10397
"../../../Engine/Content/EngineMaterials/Substrate/Glints2/dict_0006_0195.uasset" 10398
"/Engine/EngineMaterials/Substrate/Glints2/dict_0006_0184" 10399
"/Engine/EngineMaterials/Substrate/Glints2/dict_0006_0183" 10400
"/Engine/EngineMaterials/Substrate/Glints2/dict_0006_0182" 10401
"/Engine/EngineMaterials/Substrate/Glints2/dict_0006_0181" 10402
"/Engine/EngineMaterials/Substrate/Glints2/dict_0006_0180" 10403
"/Engine/EngineMaterials/Substrate/Glints2/dict_0006_0179" 10404
"/Engine/EngineMaterials/Substrate/Glints2/dict_0006_0178" 10405
"/Engine/EngineMaterials/Substrate/Glints2/dict_0006_0177" 10406
"/Engine/EngineMaterials/Substrate/Glints2/dict_0006_0176" 10407
"/Engine/EngineMaterials/Substrate/Glints2/dict_0006_0175" 10408
"/Engine/EngineMaterials/Substrate/Glints2/dict_0006_0174" 10409
"/Engine/EngineMaterials/Substrate/Glints2/dict_0006_0173" 10410
"/Engine/EngineMaterials/Substrate/Glints2/dict_0006_0172" 10411
"/Engine/EngineMaterials/Substrate/Glints2/dict_0006_0171" 10412
"/Engine/EngineMaterials/Substrate/Glints2/dict_0006_0198" 10413
"../../../Engine/Content/EngineMaterials/Substrate/Glints2/dict_0006_0200.uasset" 10414
"../../../Engine/Content/EngineMaterials/Substrate/Glints2/dict_0006_0202.uasset" 10415
"/Engine/EngineMaterials/Substrate/Glints2/dict_0006_0197" 10416
"../../../Engine/Content/EngineMaterials/Substrate/Glints2/dict_0006_0208.uasset" 10417
"../../../Engine/Content/EngineMaterials/Substrate/Glints2/dict_0006_0203.uasset" 10418
"../../../Engine/Content/EngineMaterials/Substrate/Glints2/dict_0006_0207.uasset" 10419
"../../../Engine/Content/EngineMaterials/Substrate/Glints2/dict_0006_0204.uasset" 10420
"../../../Engine/Content/EngineMaterials/Substrate/Glints2/dict_0006_0205.uasset" 10421
"../../../Engine/Content/EngineMaterials/Substrate/Glints2/dict_0006_0201.uasset" 10422
"/Engine/EngineMaterials/Substrate/Glints2/dict_0006_0196" 10423
"/Engine/EngineMaterials/Substrate/Glints2/dict_0006_0195" 10424
"../../../Engine/Content/EngineMaterials/Substrate/Glints2/dict_0006_0206.uasset" 10425
"/Engine/EngineMaterials/Substrate/Glints2/dict_0006_0194" 10426
"/Engine/EngineMaterials/Substrate/Glints2/dict_0006_0193" 10427
"/Engine/EngineMaterials/Substrate/Glints2/dict_0006_0192" 10428
"/Engine/EngineMaterials/Substrate/Glints2/dict_0006_0191" 10429
"/Engine/EngineMaterials/Substrate/Glints2/dict_0006_0190" 10430
"/Engine/EngineMaterials/Substrate/Glints2/dict_0006_0189" 10431
"/Engine/EngineMaterials/Substrate/Glints2/dict_0006_0188" 10432
"/Engine/EngineMaterials/Substrate/Glints2/dict_0006_0187" 10433
"/Engine/EngineMaterials/Substrate/Glints2/dict_0006_0186" 10434
"/Engine/EngineMaterials/Substrate/Glints2/dict_0006_0185" 10435
"../../../Engine/Content/EngineMaterials/Substrate/Glints2/dict_0006_0209.uasset" 10436
"../../../Engine/Content/EngineMaterials/Substrate/Glints2/dict_0006_0210.uasset" 10437
"../../../Engine/Content/EngineMaterials/Substrate/Glints2/dict_0006_0211.uasset" 10438
"../../../Engine/Content/EngineMaterials/Substrate/Glints2/dict_0006_0213.uasset" 10439
"../../../Engine/Content/EngineMaterials/Substrate/Glints2/dict_0006_0214.uasset" 10440
"../../../Engine/Content/EngineMaterials/Substrate/Glints2/dict_0006_0218.uasset" 10441
"../../../Engine/Content/EngineMaterials/Substrate/Glints2/dict_0006_0212.uasset" 10442
"../../../Engine/Content/EngineMaterials/Substrate/Glints2/dict_0006_0215.uasset" 10443
"../../../Engine/Content/EngineMaterials/Substrate/Glints2/dict_0006_0217.uasset" 10444
"../../../Engine/Content/EngineMaterials/Substrate/Glints2/dict_0006_0216.uasset" 10445
"../../../Engine/Content/EngineMaterials/Substrate/Glints2/dict_0006_0221.uasset" 10446
"../../../Engine/Content/EngineMaterials/Substrate/Glints2/dict_0006_0220.uasset" 10447
"../../../Engine/Content/EngineMaterials/Substrate/Glints2/dict_0006_0219.uasset" 10448
"../../../Engine/Content/EngineMaterials/Substrate/Glints2/dict_0006_0222.uasset" 10449
"../../../Engine/Content/EngineMaterials/Substrate/Glints2/dict_0006_0223.uasset" 10450
"../../../Engine/Content/EngineMaterials/Substrate/Glints2/dict_0006_0228.uasset" 10451
"../../../Engine/Content/EngineMaterials/Substrate/Glints2/dict_0006_0225.uasset" 10452
"../../../Engine/Content/EngineMaterials/Substrate/Glints2/dict_0006_0229.uasset" 10453
"../../../Engine/Content/EngineMaterials/Substrate/Glints2/dict_0006_0226.uasset" 10454
"../../../Engine/Content/EngineMaterials/Substrate/Glints2/dict_0006_0227.uasset" 10455
"../../../Engine/Content/EngineMaterials/Substrate/Glints2/dict_0006_0224.uasset" 10456
"../../../Engine/Content/EngineMaterials/Substrate/Glints2/dict_0006_0230.uasset" 10457
"/Engine/EngineMaterials/Substrate/Glints2/dict_0006_0216" 10458
"/Engine/EngineMaterials/Substrate/Glints2/dict_0006_0215" 10459
"/Engine/EngineMaterials/Substrate/Glints2/dict_0006_0214" 10460
"/Engine/EngineMaterials/Substrate/Glints2/dict_0006_0199" 10461
"/Engine/EngineMaterials/Substrate/Glints2/dict_0006_0230" 10462
"/Engine/EngineMaterials/Substrate/Glints2/dict_0006_0229" 10463
"/Engine/EngineMaterials/Substrate/Glints2/dict_0006_0228" 10464
"/Engine/EngineMaterials/Substrate/Glints2/dict_0006_0227" 10465
"/Engine/EngineMaterials/Substrate/Glints2/dict_0006_0213" 10466
"/Engine/EngineMaterials/Substrate/Glints2/dict_0006_0212" 10467
"/Engine/EngineMaterials/Substrate/Glints2/dict_0006_0226" 10468
"/Engine/EngineMaterials/Substrate/Glints2/dict_0006_0211" 10469
"/Engine/EngineMaterials/Substrate/Glints2/dict_0006_0210" 10470
"/Engine/EngineMaterials/Substrate/Glints2/dict_0006_0209" 10471
"/Engine/EngineMaterials/Substrate/Glints2/dict_0006_0208" 10472
"/Engine/EngineMaterials/Substrate/Glints2/dict_0006_0207" 10473
"/Engine/EngineMaterials/Substrate/Glints2/dict_0006_0206" 10474
"/Engine/EngineMaterials/Substrate/Glints2/dict_0006_0205" 10475
"/Engine/EngineMaterials/Substrate/Glints2/dict_0006_0204" 10476
"/Engine/EngineMaterials/Substrate/Glints2/dict_0006_0203" 10477
"/Engine/EngineMaterials/Substrate/Glints2/dict_0006_0202" 10478
"/Engine/EngineMaterials/Substrate/Glints2/dict_0006_0225" 10479
"/Engine/EngineMaterials/Substrate/Glints2/dict_0006_0224" 10480
"/Engine/EngineMaterials/Substrate/Glints2/dict_0006_0223" 10481
"/Engine/EngineMaterials/Substrate/Glints2/dict_0006_0222" 10482
"/Engine/EngineMaterials/Substrate/Glints2/dict_0006_0221" 10483
"/Engine/EngineMaterials/Substrate/Glints2/dict_0006_0201" 10484
"/Engine/EngineMaterials/Substrate/Glints2/dict_0006_0200" 10485
"/Engine/EngineMaterials/Substrate/Glints2/dict_0006_0220" 10486
"/Engine/EngineMaterials/Substrate/Glints2/dict_0006_0219" 10487
"/Engine/EngineMaterials/Substrate/Glints2/dict_0006_0218" 10488
"/Engine/EngineMaterials/Substrate/Glints2/dict_0006_0217" 10489
"../../../Engine/Content/EngineMaterials/Substrate/Glints2/dict_0006_0237.uasset" 10490
"../../../Engine/Content/EngineMaterials/Substrate/Glints2/dict_0006_0235.uasset" 10491
"../../../Engine/Content/EngineMaterials/Substrate/Glints2/dict_0006_0232.uasset" 10492
"../../../Engine/Content/EngineMaterials/Substrate/Glints2/dict_0006_0234.uasset" 10493
"../../../Engine/Content/EngineMaterials/Substrate/Glints2/dict_0006_0239.uasset" 10494
"../../../Engine/Content/EngineMaterials/Substrate/Glints2/dict_0006_0231.uasset" 10495
"../../../Engine/Content/EngineMaterials/Substrate/Glints2/dict_0006_0233.uasset" 10496
"../../../Engine/Content/EngineMaterials/Substrate/Glints2/dict_0006_0236.uasset" 10497
"../../../Engine/Content/EngineMaterials/Substrate/Glints2/dict_0006_0238.uasset" 10498
"../../../Engine/Content/EngineMaterials/Substrate/Glints2/dict_0006_0241.uasset" 10499
"../../../Engine/Content/EngineMaterials/Substrate/Glints2/dict_0006_0242.uasset" 10500
"../../../Engine/Content/EngineMaterials/Substrate/Glints2/dict_0006_0240.uasset" 10501
"../../../Engine/Content/EngineMaterials/Substrate/Glints2/dict_0006_0243.uasset" 10502
"../../../Engine/Content/EngineMaterials/Substrate/Glints2/dict_0006_0244.uasset" 10503
"../../../Engine/Content/EngineMaterials/Substrate/Glints2/dict_0006_0245.uasset" 10504
"../../../Engine/Content/EngineMaterials/Substrate/Glints2/dict_0006_0246.uasset" 10505
"../../../Engine/Content/EngineMaterials/Substrate/Glints2/dict_0006_0247.uasset" 10506
"/Engine/EngineMaterials/Substrate/Glints2/dict_0006_0243" 10507
"../../../Engine/Content/EngineMaterials/Substrate/Glints2/dict_0006_0248.uasset" 10508
"../../../Engine/Content/EngineMaterials/Substrate/Glints2/dict_0006_0250.uasset" 10509
"../../../Engine/Content/EngineMaterials/Substrate/Glints2/dict_0006_0252.uasset" 10510
"../../../Engine/Content/EngineMaterials/Substrate/Glints2/dict_0006_0253.uasset" 10511
"../../../Engine/Content/EngineMaterials/Substrate/Glints2/dict_0006_0255.uasset" 10512
"../../../Engine/Content/EngineMaterials/Substrate/Glints2/dict_0006_0249.uasset" 10513
"../../../Engine/Content/EngineMaterials/Substrate/Glints2/dict_0007_0000.uasset" 10514
"../../../Engine/Content/EngineMaterials/Substrate/Glints2/dict_0006_0251.uasset" 10515
"../../../Engine/Content/EngineMaterials/Substrate/Glints2/dict_0006_0254.uasset" 10516
"../../../Engine/Content/EngineMaterials/Substrate/Glints2/dict_0007_0001.uasset" 10517
"../../../Engine/Content/EngineMaterials/Substrate/Glints2/dict_0007_0002.uasset" 10518
"/Engine/EngineMaterials/Substrate/Glints2/dict_0006_0242" 10519
"../../../Engine/Content/EngineMaterials/Substrate/Glints2/dict_0007_0003.uasset" 10520
"/Engine/EngineMaterials/Substrate/Glints2/dict_0006_0241" 10521
"/Engine/EngineMaterials/Substrate/Glints2/dict_0006_0240" 10522
"../../../Engine/Content/EngineMaterials/Substrate/Glints2/dict_0007_0004.uasset" 10523
"../../../Engine/Content/EngineMaterials/Substrate/Glints2/dict_0007_0006.uasset" 10524
"../../../Engine/Content/EngineMaterials/Substrate/Glints2/dict_0007_0005.uasset" 10525
"/Engine/EngineMaterials/Substrate/Glints2/dict_0006_0239" 10526
"/Engine/EngineMaterials/Substrate/Glints2/dict_0006_0238" 10527
"/Engine/EngineMaterials/Substrate/Glints2/dict_0006_0237" 10528
"/Engine/EngineMaterials/Substrate/Glints2/dict_0006_0236" 10529
"/Engine/EngineMaterials/Substrate/Glints2/dict_0006_0235" 10530
"/Engine/EngineMaterials/Substrate/Glints2/dict_0006_0234" 10531
"/Engine/EngineMaterials/Substrate/Glints2/dict_0006_0233" 10532
"/Engine/EngineMaterials/Substrate/Glints2/dict_0006_0232" 10533
"/Engine/EngineMaterials/Substrate/Glints2/dict_0006_0231" 10534
"/Engine/EngineMaterials/Substrate/Glints2/dict_0007_0006" 10535
"../../../Engine/Content/EngineMaterials/Substrate/Glints2/dict_0007_0010.uasset" 10536
"../../../Engine/Content/EngineMaterials/Substrate/Glints2/dict_0007_0012.uasset" 10537
"../../../Engine/Content/EngineMaterials/Substrate/Glints2/dict_0007_0007.uasset" 10538
"../../../Engine/Content/EngineMaterials/Substrate/Glints2/dict_0007_0011.uasset" 10539
"../../../Engine/Content/EngineMaterials/Substrate/Glints2/dict_0007_0009.uasset" 10540
"../../../Engine/Content/EngineMaterials/Substrate/Glints2/dict_0007_0008.uasset" 10541
"../../../Engine/Content/EngineMaterials/Substrate/Glints2/dict_0007_0014.uasset" 10542
"../../../Engine/Content/EngineMaterials/Substrate/Glints2/dict_0007_0013.uasset" 10543
"../../../Engine/Content/EngineMaterials/Substrate/Glints2/dict_0007_0015.uasset" 10544
"/Engine/EngineMaterials/Substrate/Glints2/dict_0007_0005" 10545
"../../../Engine/Content/EngineMaterials/Substrate/Glints2/dict_0007_0016.uasset" 10546
"../../../Engine/Content/EngineMaterials/Substrate/Glints2/dict_0007_0017.uasset" 10547
"../../../Engine/Content/EngineMaterials/Substrate/Glints2/dict_0007_0019.uasset" 10548
"../../../Engine/Content/EngineMaterials/Substrate/Glints2/dict_0007_0018.uasset" 10549
"/Engine/EngineMaterials/Substrate/Glints2/dict_0007_0004" 10550
"/Engine/EngineMaterials/Substrate/Glints2/dict_0007_0003" 10551
"/Engine/EngineMaterials/Substrate/Glints2/dict_0007_0002" 10552
"/Engine/EngineMaterials/Substrate/Glints2/dict_0007_0001" 10553
"/Engine/EngineMaterials/Substrate/Glints2/dict_0007_0000" 10554
"/Engine/EngineMaterials/Substrate/Glints2/dict_0006_0255" 10555
"/Engine/EngineMaterials/Substrate/Glints2/dict_0006_0254" 10556
"/Engine/EngineMaterials/Substrate/Glints2/dict_0006_0253" 10557
"/Engine/EngineMaterials/Substrate/Glints2/dict_0006_0252" 10558
"/Engine/EngineMaterials/Substrate/Glints2/dict_0006_0251" 10559
"/Engine/EngineMaterials/Substrate/Glints2/dict_0006_0250" 10560
"/Engine/EngineMaterials/Substrate/Glints2/dict_0006_0249" 10561
"/Engine/EngineMaterials/Substrate/Glints2/dict_0006_0248" 10562
"/Engine/EngineMaterials/Substrate/Glints2/dict_0006_0247" 10563
"/Engine/EngineMaterials/Substrate/Glints2/dict_0006_0246" 10564
"/Engine/EngineMaterials/Substrate/Glints2/dict_0006_0245" 10565
"/Engine/EngineMaterials/Substrate/Glints2/dict_0006_0244" 10566
"/Engine/EngineMaterials/Substrate/Glints2/dict_0007_0019" 10567
"../../../Engine/Content/EngineMaterials/Substrate/Glints2/dict_0007_0020.uasset" 10568
"../../../Engine/Content/EngineMaterials/Substrate/Glints2/dict_0007_0024.uasset" 10569
"../../../Engine/Content/EngineMaterials/Substrate/Glints2/dict_0007_0023.uasset" 10570
"/Engine/EngineMaterials/Substrate/Glints2/dict_0007_0018" 10571
"../../../Engine/Content/EngineMaterials/Substrate/Glints2/dict_0007_0025.uasset" 10572
"../../../Engine/Content/EngineMaterials/Substrate/Glints2/dict_0007_0029.uasset" 10573
"../../../Engine/Content/EngineMaterials/Substrate/Glints2/dict_0007_0022.uasset" 10574
"../../../Engine/Content/EngineMaterials/Substrate/Glints2/dict_0007_0021.uasset" 10575
"../../../Engine/Content/EngineMaterials/Substrate/Glints2/dict_0007_0027.uasset" 10576
"../../../Engine/Content/EngineMaterials/Substrate/Glints2/dict_0007_0026.uasset" 10577
"../../../Engine/Content/EngineMaterials/Substrate/Glints2/dict_0007_0028.uasset" 10578
"/Engine/EngineMaterials/Substrate/Glints2/dict_0007_0017" 10579
"../../../Engine/Content/EngineMaterials/Substrate/Glints2/dict_0007_0030.uasset" 10580
"../../../Engine/Content/EngineMaterials/Substrate/Glints2/dict_0007_0034.uasset" 10581
"../../../Engine/Content/EngineMaterials/Substrate/Glints2/dict_0007_0033.uasset" 10582
"../../../Engine/Content/EngineMaterials/Substrate/Glints2/dict_0007_0031.uasset" 10583
"../../../Engine/Content/EngineMaterials/Substrate/Glints2/dict_0007_0035.uasset" 10584
"../../../Engine/Content/EngineMaterials/Substrate/Glints2/dict_0007_0037.uasset" 10585
"../../../Engine/Content/EngineMaterials/Substrate/Glints2/dict_0007_0038.uasset" 10586
"../../../Engine/Content/EngineMaterials/Substrate/Glints2/dict_0007_0032.uasset" 10587
"../../../Engine/Content/EngineMaterials/Substrate/Glints2/dict_0007_0036.uasset" 10588
"/Engine/EngineMaterials/Substrate/Glints2/dict_0007_0016" 10589
"/Engine/EngineMaterials/Substrate/Glints2/dict_0007_0015" 10590
"/Engine/EngineMaterials/Substrate/Glints2/dict_0007_0014" 10591
"/Engine/EngineMaterials/Substrate/Glints2/dict_0007_0013" 10592
"/Engine/EngineMaterials/Substrate/Glints2/dict_0007_0012" 10593
"/Engine/EngineMaterials/Substrate/Glints2/dict_0007_0011" 10594
"/Engine/EngineMaterials/Substrate/Glints2/dict_0007_0010" 10595
"/Engine/EngineMaterials/Substrate/Glints2/dict_0007_0009" 10596
"/Engine/EngineMaterials/Substrate/Glints2/dict_0007_0008" 10597
"/Engine/EngineMaterials/Substrate/Glints2/dict_0007_0007" 10598
"/Engine/EngineMaterials/Substrate/Glints2/dict_0007_0038" 10599
"/Engine/EngineMaterials/Substrate/Glints2/dict_0007_0037" 10600
"../../../Engine/Content/EngineMaterials/Substrate/Glints2/dict_0007_0042.uasset" 10601
"../../../Engine/Content/EngineMaterials/Substrate/Glints2/dict_0007_0039.uasset" 10602
"../../../Engine/Content/EngineMaterials/Substrate/Glints2/dict_0007_0044.uasset" 10603
"../../../Engine/Content/EngineMaterials/Substrate/Glints2/dict_0007_0041.uasset" 10604
"../../../Engine/Content/EngineMaterials/Substrate/Glints2/dict_0007_0043.uasset" 10605
"../../../Engine/Content/EngineMaterials/Substrate/Glints2/dict_0007_0045.uasset" 10606
"../../../Engine/Content/EngineMaterials/Substrate/Glints2/dict_0007_0040.uasset" 10607
"../../../Engine/Content/EngineMaterials/Substrate/Glints2/dict_0007_0046.uasset" 10608
"../../../Engine/Content/EngineMaterials/Substrate/Glints2/dict_0007_0047.uasset" 10609
"../../../Engine/Content/EngineMaterials/Substrate/Glints2/dict_0007_0048.uasset" 10610
"/Engine/EngineMaterials/Substrate/Glints2/dict_0007_0036" 10611
"/Engine/EngineMaterials/Substrate/Glints2/dict_0007_0035" 10612
"/Engine/EngineMaterials/Substrate/Glints2/dict_0007_0034" 10613
"/Engine/EngineMaterials/Substrate/Glints2/dict_0007_0033" 10614
"/Engine/EngineMaterials/Substrate/Glints2/dict_0007_0032" 10615
"/Engine/EngineMaterials/Substrate/Glints2/dict_0007_0031" 10616
"/Engine/EngineMaterials/Substrate/Glints2/dict_0007_0030" 10617
"/Engine/EngineMaterials/Substrate/Glints2/dict_0007_0029" 10618
"/Engine/EngineMaterials/Substrate/Glints2/dict_0007_0028" 10619
"/Engine/EngineMaterials/Substrate/Glints2/dict_0007_0027" 10620
"/Engine/EngineMaterials/Substrate/Glints2/dict_0007_0026" 10621
"/Engine/EngineMaterials/Substrate/Glints2/dict_0007_0025" 10622
"/Engine/EngineMaterials/Substrate/Glints2/dict_0007_0024" 10623
"../../../Engine/Content/EngineMaterials/Substrate/Glints2/dict_0007_0050.uasset" 10624
"../../../Engine/Content/EngineMaterials/Substrate/Glints2/dict_0007_0051.uasset" 10625
"../../../Engine/Content/EngineMaterials/Substrate/Glints2/dict_0007_0049.uasset" 10626
"/Engine/EngineMaterials/Substrate/Glints2/dict_0007_0023" 10627
"/Engine/EngineMaterials/Substrate/Glints2/dict_0007_0022" 10628
"/Engine/EngineMaterials/Substrate/Glints2/dict_0007_0021" 10629
"/Engine/EngineMaterials/Substrate/Glints2/dict_0007_0020" 10630
"/Engine/EngineMaterials/Substrate/Glints2/dict_0007_0051" 10631
"../../../Engine/Content/EngineMaterials/Substrate/Glints2/dict_0007_0054.uasset" 10632
"../../../Engine/Content/EngineMaterials/Substrate/Glints2/dict_0007_0052.uasset" 10633
"../../../Engine/Content/EngineMaterials/Substrate/Glints2/dict_0007_0055.uasset" 10634
"../../../Engine/Content/EngineMaterials/Substrate/Glints2/dict_0007_0061.uasset" 10635
"../../../Engine/Content/EngineMaterials/Substrate/Glints2/dict_0007_0053.uasset" 10636
"../../../Engine/Content/EngineMaterials/Substrate/Glints2/dict_0007_0060.uasset" 10637
"../../../Engine/Content/EngineMaterials/Substrate/Glints2/dict_0007_0057.uasset" 10638
"../../../Engine/Content/EngineMaterials/Substrate/Glints2/dict_0007_0058.uasset" 10639
"../../../Engine/Content/EngineMaterials/Substrate/Glints2/dict_0007_0056.uasset" 10640
"../../../Engine/Content/EngineMaterials/Substrate/Glints2/dict_0007_0059.uasset" 10641
"/Engine/EngineMaterials/Substrate/Glints2/dict_0007_0050" 10642
"../../../Engine/Content/EngineMaterials/Substrate/Glints2/dict_0007_0063.uasset" 10643
"../../../Engine/Content/EngineMaterials/Substrate/Glints2/dict_0007_0064.uasset" 10644
"../../../Engine/Content/EngineMaterials/Substrate/Glints2/dict_0007_0065.uasset" 10645
"../../../Engine/Content/EngineMaterials/Substrate/Glints2/dict_0007_0066.uasset" 10646
"../../../Engine/Content/EngineMaterials/Substrate/Glints2/dict_0007_0062.uasset" 10647
"../../../Engine/Content/EngineMaterials/Substrate/Glints2/dict_0007_0068.uasset" 10648
"../../../Engine/Content/EngineMaterials/Substrate/Glints2/dict_0007_0067.uasset" 10649
"../../../Engine/Content/EngineMaterials/Substrate/Glints2/dict_0007_0069.uasset" 10650
"../../../Engine/Content/EngineMaterials/Substrate/Glints2/dict_0007_0070.uasset" 10651
"/Engine/EngineMaterials/Substrate/Glints2/dict_0007_0049" 10652
"/Engine/EngineMaterials/Substrate/Glints2/dict_0007_0048" 10653
"/Engine/EngineMaterials/Substrate/Glints2/dict_0007_0047" 10654
"/Engine/EngineMaterials/Substrate/Glints2/dict_0007_0046" 10655
"/Engine/EngineMaterials/Substrate/Glints2/dict_0007_0045" 10656
"/Engine/EngineMaterials/Substrate/Glints2/dict_0007_0044" 10657
"/Engine/EngineMaterials/Substrate/Glints2/dict_0007_0043" 10658
"/Engine/EngineMaterials/Substrate/Glints2/dict_0007_0042" 10659
"/Engine/EngineMaterials/Substrate/Glints2/dict_0007_0041" 10660
"/Engine/EngineMaterials/Substrate/Glints2/dict_0007_0040" 10661
"/Engine/EngineMaterials/Substrate/Glints2/dict_0007_0039" 10662
"/Engine/EngineMaterials/Substrate/Glints2/dict_0007_0070" 10663
"../../../Engine/Content/EngineMaterials/Substrate/Glints2/dict_0007_0075.uasset" 10664
"../../../Engine/Content/EngineMaterials/Substrate/Glints2/dict_0007_0074.uasset" 10665
"../../../Engine/Content/EngineMaterials/Substrate/Glints2/dict_0007_0071.uasset" 10666
"../../../Engine/Content/EngineMaterials/Substrate/Glints2/dict_0007_0076.uasset" 10667
"../../../Engine/Content/EngineMaterials/Substrate/Glints2/dict_0007_0073.uasset" 10668
"../../../Engine/Content/EngineMaterials/Substrate/Glints2/dict_0007_0079.uasset" 10669
"../../../Engine/Content/EngineMaterials/Substrate/Glints2/dict_0007_0077.uasset" 10670
"/Engine/EngineMaterials/Substrate/Glints2/dict_0007_0069" 10671
"../../../Engine/Content/EngineMaterials/Substrate/Glints2/dict_0007_0080.uasset" 10672
"../../../Engine/Content/EngineMaterials/Substrate/Glints2/dict_0007_0072.uasset" 10673
"../../../Engine/Content/EngineMaterials/Substrate/Glints2/dict_0007_0078.uasset" 10674
"../../../Engine/Content/EngineMaterials/Substrate/Glints2/dict_0007_0081.uasset" 10675
"../../../Engine/Content/EngineMaterials/Substrate/Glints2/dict_0007_0082.uasset" 10676
"../../../Engine/Content/EngineMaterials/Substrate/Glints2/dict_0007_0083.uasset" 10677
"/Engine/EngineMaterials/Substrate/Glints2/dict_0007_0068" 10678
"/Engine/EngineMaterials/Substrate/Glints2/dict_0007_0067" 10679
"/Engine/EngineMaterials/Substrate/Glints2/dict_0007_0066" 10680
"/Engine/EngineMaterials/Substrate/Glints2/dict_0007_0065" 10681
"/Engine/EngineMaterials/Substrate/Glints2/dict_0007_0064" 10682
"/Engine/EngineMaterials/Substrate/Glints2/dict_0007_0063" 10683
"/Engine/EngineMaterials/Substrate/Glints2/dict_0007_0062" 10684
"/Engine/EngineMaterials/Substrate/Glints2/dict_0007_0061" 10685
"/Engine/EngineMaterials/Substrate/Glints2/dict_0007_0060" 10686
"/Engine/EngineMaterials/Substrate/Glints2/dict_0007_0059" 10687
"/Engine/EngineMaterials/Substrate/Glints2/dict_0007_0058" 10688
"/Engine/EngineMaterials/Substrate/Glints2/dict_0007_0057" 10689
"/Engine/EngineMaterials/Substrate/Glints2/dict_0007_0056" 10690
"/Engine/EngineMaterials/Substrate/Glints2/dict_0007_0055" 10691
"/Engine/EngineMaterials/Substrate/Glints2/dict_0007_0054" 10692
"/Engine/EngineMaterials/Substrate/Glints2/dict_0007_0053" 10693
"/Engine/EngineMaterials/Substrate/Glints2/dict_0007_0052" 10694
"/Engine/EngineMaterials/Substrate/Glints2/dict_0007_0083" 10695
"../../../Engine/Content/EngineMaterials/Substrate/Glints2/dict_0007_0084.uasset" 10696
"../../../Engine/Content/EngineMaterials/Substrate/Glints2/dict_0007_0088.uasset" 10697
"../../../Engine/Content/EngineMaterials/Substrate/Glints2/dict_0007_0085.uasset" 10698
"../../../Engine/Content/EngineMaterials/Substrate/Glints2/dict_0007_0086.uasset" 10699
"../../../Engine/Content/EngineMaterials/Substrate/Glints2/dict_0007_0090.uasset" 10700
"../../../Engine/Content/EngineMaterials/Substrate/Glints2/dict_0007_0089.uasset" 10701
"../../../Engine/Content/EngineMaterials/Substrate/Glints2/dict_0007_0087.uasset" 10702
"../../../Engine/Content/EngineMaterials/Substrate/Glints2/dict_0007_0091.uasset" 10703
"/Engine/EngineMaterials/Substrate/Glints2/dict_0007_0082" 10704
"../../../Engine/Content/EngineMaterials/Substrate/Glints2/dict_0007_0092.uasset" 10705
"../../../Engine/Content/EngineMaterials/Substrate/Glints2/dict_0007_0093.uasset" 10706
"/Engine/EngineMaterials/Substrate/Glints2/dict_0007_0081" 10707
"../../../Engine/Content/EngineMaterials/Substrate/Glints2/dict_0007_0096.uasset" 10708
"../../../Engine/Content/EngineMaterials/Substrate/Glints2/dict_0007_0099.uasset" 10709
"../../../Engine/Content/EngineMaterials/Substrate/Glints2/dict_0007_0095.uasset" 10710
"../../../Engine/Content/EngineMaterials/Substrate/Glints2/dict_0007_0101.uasset" 10711
"../../../Engine/Content/EngineMaterials/Substrate/Glints2/dict_0007_0094.uasset" 10712
"../../../Engine/Content/EngineMaterials/Substrate/Glints2/dict_0007_0097.uasset" 10713
"/Engine/EngineMaterials/Substrate/Glints2/dict_0007_0080" 10714
"../../../Engine/Content/EngineMaterials/Substrate/Glints2/dict_0007_0100.uasset" 10715
"../../../Engine/Content/EngineMaterials/Substrate/Glints2/dict_0007_0098.uasset" 10716
"../../../Engine/Content/EngineMaterials/Substrate/Glints2/dict_0007_0102.uasset" 10717
"/Engine/EngineMaterials/Substrate/Glints2/dict_0007_0079" 10718
"/Engine/EngineMaterials/Substrate/Glints2/dict_0007_0078" 10719
"/Engine/EngineMaterials/Substrate/Glints2/dict_0007_0077" 10720
"/Engine/EngineMaterials/Substrate/Glints2/dict_0007_0076" 10721
"/Engine/EngineMaterials/Substrate/Glints2/dict_0007_0075" 10722
"/Engine/EngineMaterials/Substrate/Glints2/dict_0007_0074" 10723
"/Engine/EngineMaterials/Substrate/Glints2/dict_0007_0073" 10724
"/Engine/EngineMaterials/Substrate/Glints2/dict_0007_0072" 10725
"/Engine/EngineMaterials/Substrate/Glints2/dict_0007_0071" 10726
"/Engine/EngineMaterials/Substrate/Glints2/dict_0007_0102" 10727
"../../../Engine/Content/EngineMaterials/Substrate/Glints2/dict_0007_0103.uasset" 10728
"../../../Engine/Content/EngineMaterials/Substrate/Glints2/dict_0007_0104.uasset" 10729
"../../../Engine/Content/EngineMaterials/Substrate/Glints2/dict_0007_0107.uasset" 10730
"../../../Engine/Content/EngineMaterials/Substrate/Glints2/dict_0007_0105.uasset" 10731
"../../../Engine/Content/EngineMaterials/Substrate/Glints2/dict_0007_0109.uasset" 10732
"../../../Engine/Content/EngineMaterials/Substrate/Glints2/dict_0007_0108.uasset" 10733
"../../../Engine/Content/EngineMaterials/Substrate/Glints2/dict_0007_0112.uasset" 10734
"../../../Engine/Content/EngineMaterials/Substrate/Glints2/dict_0007_0106.uasset" 10735
"../../../Engine/Content/EngineMaterials/Substrate/Glints2/dict_0007_0110.uasset" 10736
"../../../Engine/Content/EngineMaterials/Substrate/Glints2/dict_0007_0111.uasset" 10737
"/Engine/EngineMaterials/Substrate/Glints2/dict_0007_0101" 10738
"../../../Engine/Content/EngineMaterials/Substrate/Glints2/dict_0007_0114.uasset" 10739
"../../../Engine/Content/EngineMaterials/Substrate/Glints2/dict_0007_0113.uasset" 10740
"../../../Engine/Content/EngineMaterials/Substrate/Glints2/dict_0007_0115.uasset" 10741
"/Engine/EngineMaterials/Substrate/Glints2/dict_0007_0100" 10742
"/Engine/EngineMaterials/Substrate/Glints2/dict_0007_0099" 10743
"/Engine/EngineMaterials/Substrate/Glints2/dict_0007_0098" 10744
"/Engine/EngineMaterials/Substrate/Glints2/dict_0007_0097" 10745
"/Engine/EngineMaterials/Substrate/Glints2/dict_0007_0096" 10746
"/Engine/EngineMaterials/Substrate/Glints2/dict_0007_0095" 10747
"/Engine/EngineMaterials/Substrate/Glints2/dict_0007_0094" 10748
"/Engine/EngineMaterials/Substrate/Glints2/dict_0007_0093" 10749
"/Engine/EngineMaterials/Substrate/Glints2/dict_0007_0092" 10750
"/Engine/EngineMaterials/Substrate/Glints2/dict_0007_0091" 10751
"/Engine/EngineMaterials/Substrate/Glints2/dict_0007_0090" 10752
"/Engine/EngineMaterials/Substrate/Glints2/dict_0007_0089" 10753
"/Engine/EngineMaterials/Substrate/Glints2/dict_0007_0088" 10754
"/Engine/EngineMaterials/Substrate/Glints2/dict_0007_0087" 10755
"/Engine/EngineMaterials/Substrate/Glints2/dict_0007_0086" 10756
"/Engine/EngineMaterials/Substrate/Glints2/dict_0007_0085" 10757
"/Engine/EngineMaterials/Substrate/Glints2/dict_0007_0084" 10758
"/Engine/EngineMaterials/Substrate/Glints2/dict_0007_0115" 10759
"../../../Engine/Content/EngineMaterials/Substrate/Glints2/dict_0007_0116.uasset" 10760
"../../../Engine/Content/EngineMaterials/Substrate/Glints2/dict_0007_0123.uasset" 10761
"../../../Engine/Content/EngineMaterials/Substrate/Glints2/dict_0007_0119.uasset" 10762
"../../../Engine/Content/EngineMaterials/Substrate/Glints2/dict_0007_0117.uasset" 10763
"../../../Engine/Content/EngineMaterials/Substrate/Glints2/dict_0007_0121.uasset" 10764
"../../../Engine/Content/EngineMaterials/Substrate/Glints2/dict_0007_0125.uasset" 10765
"../../../Engine/Content/EngineMaterials/Substrate/Glints2/dict_0007_0120.uasset" 10766
"../../../Engine/Content/EngineMaterials/Substrate/Glints2/dict_0007_0124.uasset" 10767
"../../../Engine/Content/EngineMaterials/Substrate/Glints2/dict_0007_0122.uasset" 10768
"/Engine/EngineMaterials/Substrate/Glints2/dict_0007_0114" 10769
"../../../Engine/Content/EngineMaterials/Substrate/Glints2/dict_0007_0118.uasset" 10770
"../../../Engine/Content/EngineMaterials/Substrate/Glints2/dict_0007_0126.uasset" 10771
"../../../Engine/Content/EngineMaterials/Substrate/Glints2/dict_0007_0127.uasset" 10772
"../../../Engine/Content/EngineMaterials/Substrate/Glints2/dict_0007_0129.uasset" 10773
"../../../Engine/Content/EngineMaterials/Substrate/Glints2/dict_0007_0128.uasset" 10774
"../../../Engine/Content/EngineMaterials/Substrate/Glints2/dict_0007_0130.uasset" 10775
"/Engine/EngineMaterials/Substrate/Glints2/dict_0007_0113" 10776
"/Engine/EngineMaterials/Substrate/Glints2/dict_0007_0112" 10777
"/Engine/EngineMaterials/Substrate/Glints2/dict_0007_0111" 10778
"/Engine/EngineMaterials/Substrate/Glints2/dict_0007_0110" 10779
"/Engine/EngineMaterials/Substrate/Glints2/dict_0007_0109" 10780
"/Engine/EngineMaterials/Substrate/Glints2/dict_0007_0108" 10781
"/Engine/EngineMaterials/Substrate/Glints2/dict_0007_0107" 10782
"/Engine/EngineMaterials/Substrate/Glints2/dict_0007_0106" 10783
"/Engine/EngineMaterials/Substrate/Glints2/dict_0007_0105" 10784
"/Engine/EngineMaterials/Substrate/Glints2/dict_0007_0104" 10785
"/Engine/EngineMaterials/Substrate/Glints2/dict_0007_0103" 10786
"/Engine/EngineMaterials/Substrate/Glints2/dict_0007_0123" 10787
"/Engine/EngineMaterials/Substrate/Glints2/dict_0007_0121" 10788
"../../../Engine/Content/EngineMaterials/Substrate/Glints2/dict_0007_0131.uasset" 10789
"../../../Engine/Content/EngineMaterials/Substrate/Glints2/dict_0007_0132.uasset" 10790
"../../../Engine/Content/EngineMaterials/Substrate/Glints2/dict_0007_0134.uasset" 10791
"../../../Engine/Content/EngineMaterials/Substrate/Glints2/dict_0007_0135.uasset" 10792
"../../../Engine/Content/EngineMaterials/Substrate/Glints2/dict_0007_0133.uasset" 10793
"/Engine/EngineMaterials/Substrate/Glints2/dict_0007_0119" 10794
"../../../Engine/Content/EngineMaterials/Substrate/Glints2/dict_0007_0137.uasset" 10795
"../../../Engine/Content/EngineMaterials/Substrate/Glints2/dict_0007_0136.uasset" 10796
"../../../Engine/Content/EngineMaterials/Substrate/Glints2/dict_0007_0138.uasset" 10797
"../../../Engine/Content/EngineMaterials/Substrate/Glints2/dict_0007_0139.uasset" 10798
"../../../Engine/Content/EngineMaterials/Substrate/Glints2/dict_0007_0141.uasset" 10799
"../../../Engine/Content/EngineMaterials/Substrate/Glints2/dict_0007_0140.uasset" 10800
"/Engine/EngineMaterials/Substrate/Glints2/dict_0007_0117" 10801
"../../../Engine/Content/EngineMaterials/Substrate/Glints2/dict_0007_0144.uasset" 10802
"../../../Engine/Content/EngineMaterials/Substrate/Glints2/dict_0007_0143.uasset" 10803
"../../../Engine/Content/EngineMaterials/Substrate/Glints2/dict_0007_0147.uasset" 10804
"../../../Engine/Content/EngineMaterials/Substrate/Glints2/dict_0007_0142.uasset" 10805
"../../../Engine/Content/EngineMaterials/Substrate/Glints2/dict_0007_0145.uasset" 10806
"../../../Engine/Content/EngineMaterials/Substrate/Glints2/dict_0007_0146.uasset" 10807
"/Engine/EngineMaterials/Substrate/Glints2/dict_0007_0116" 10808
"/Engine/EngineMaterials/Substrate/Glints2/dict_0007_0134" 10809
"../../../Engine/Content/EngineMaterials/Substrate/Glints2/dict_0007_0151.uasset" 10810
"../../../Engine/Content/EngineMaterials/Substrate/Glints2/dict_0007_0148.uasset" 10811
"../../../Engine/Content/EngineMaterials/Substrate/Glints2/dict_0007_0152.uasset" 10812
"../../../Engine/Content/EngineMaterials/Substrate/Glints2/dict_0007_0150.uasset" 10813
"../../../Engine/Content/EngineMaterials/Substrate/Glints2/dict_0007_0149.uasset" 10814
"/Engine/EngineMaterials/Substrate/Glints2/dict_0007_0133" 10815
"/Engine/EngineMaterials/Substrate/Glints2/dict_0007_0132" 10816
"/Engine/EngineMaterials/Substrate/Glints2/dict_0007_0131" 10817
"/Engine/EngineMaterials/Substrate/Glints2/dict_0007_0130" 10818
"/Engine/EngineMaterials/Substrate/Glints2/dict_0007_0129" 10819
"/Engine/EngineMaterials/Substrate/Glints2/dict_0007_0128" 10820
"/Engine/EngineMaterials/Substrate/Glints2/dict_0007_0127" 10821
"/Engine/EngineMaterials/Substrate/Glints2/dict_0007_0126" 10822
"/Engine/EngineMaterials/Substrate/Glints2/dict_0007_0125" 10823
"/Engine/EngineMaterials/Substrate/Glints2/dict_0007_0124" 10824
"/Engine/EngineMaterials/Substrate/Glints2/dict_0007_0122" 10825
"/Engine/EngineMaterials/Substrate/Glints2/dict_0007_0120" 10826
"/Engine/EngineMaterials/Substrate/Glints2/dict_0007_0118" 10827
"/Engine/EngineMaterials/Substrate/Glints2/dict_0007_0147" 10828
"/Engine/EngineMaterials/Substrate/Glints2/dict_0007_0146" 10829
"/Engine/EngineMaterials/Substrate/Glints2/dict_0007_0145" 10830
"/Engine/EngineMaterials/Substrate/Glints2/dict_0007_0144" 10831
"/Engine/EngineMaterials/Substrate/Glints2/dict_0007_0143" 10832
"/Engine/EngineMaterials/Substrate/Glints2/dict_0007_0142" 10833
"/Engine/EngineMaterials/Substrate/Glints2/dict_0007_0141" 10834
"/Engine/EngineMaterials/Substrate/Glints2/dict_0007_0140" 10835
"/Engine/EngineMaterials/Substrate/Glints2/dict_0007_0139" 10836
"/Engine/EngineMaterials/Substrate/Glints2/dict_0007_0138" 10837
"/Engine/EngineMaterials/Substrate/Glints2/dict_0007_0137" 10838
"/Engine/EngineMaterials/Substrate/Glints2/dict_0007_0136" 10839
"/Engine/EngineMaterials/Substrate/Glints2/dict_0007_0135" 10840
"/Engine/EngineMaterials/Substrate/Glints2/dict_0007_0152" 10841
"../../../Engine/Content/EngineMaterials/Substrate/Glints2/dict_0007_0155.uasset" 10842
"../../../Engine/Content/EngineMaterials/Substrate/Glints2/dict_0007_0158.uasset" 10843
"../../../Engine/Content/EngineMaterials/Substrate/Glints2/dict_0007_0156.uasset" 10844
"../../../Engine/Content/EngineMaterials/Substrate/Glints2/dict_0007_0161.uasset" 10845
"../../../Engine/Content/EngineMaterials/Substrate/Glints2/dict_0007_0154.uasset" 10846
"../../../Engine/Content/EngineMaterials/Substrate/Glints2/dict_0007_0153.uasset" 10847
"../../../Engine/Content/EngineMaterials/Substrate/Glints2/dict_0007_0162.uasset" 10848
"../../../Engine/Content/EngineMaterials/Substrate/Glints2/dict_0007_0159.uasset" 10849
"../../../Engine/Content/EngineMaterials/Substrate/Glints2/dict_0007_0160.uasset" 10850
"../../../Engine/Content/EngineMaterials/Substrate/Glints2/dict_0007_0163.uasset" 10851
"../../../Engine/Content/EngineMaterials/Substrate/Glints2/dict_0007_0164.uasset" 10852
"/Engine/EngineMaterials/Substrate/Glints2/dict_0007_0151" 10853
"../../../Engine/Content/EngineMaterials/Substrate/Glints2/dict_0007_0165.uasset" 10854
"../../../Engine/Content/EngineMaterials/Substrate/Glints2/dict_0007_0166.uasset" 10855
"../../../Engine/Content/EngineMaterials/Substrate/Glints2/dict_0007_0167.uasset" 10856
"../../../Engine/Content/EngineMaterials/Substrate/Glints2/dict_0007_0169.uasset" 10857
"/Engine/EngineMaterials/Substrate/Glints2/dict_0007_0150" 10858
"../../../Engine/Content/EngineMaterials/Substrate/Glints2/dict_0007_0157.uasset" 10859
"../../../Engine/Content/EngineMaterials/Substrate/Glints2/dict_0007_0172.uasset" 10860
"../../../Engine/Content/EngineMaterials/Substrate/Glints2/dict_0007_0170.uasset" 10861
"../../../Engine/Content/EngineMaterials/Substrate/Glints2/dict_0007_0171.uasset" 10862
"../../../Engine/Content/EngineMaterials/Substrate/Glints2/dict_0007_0168.uasset" 10863
"../../../Engine/Content/EngineMaterials/Substrate/Glints2/dict_0007_0173.uasset" 10864
"../../../Engine/Content/EngineMaterials/Substrate/Glints2/dict_0007_0174.uasset" 10865
"../../../Engine/Content/EngineMaterials/Substrate/Glints2/dict_0007_0175.uasset" 10866
"/Engine/EngineMaterials/Substrate/Glints2/dict_0007_0149" 10867
"/Engine/EngineMaterials/Substrate/Glints2/dict_0007_0148" 10868
"/Engine/EngineMaterials/Substrate/Glints2/dict_0007_0165" 10869
"/Engine/EngineMaterials/Substrate/Glints2/dict_0007_0164" 10870
"/Engine/EngineMaterials/Substrate/Glints2/dict_0007_0163" 10871
"/Engine/EngineMaterials/Substrate/Glints2/dict_0007_0162" 10872
"/Engine/EngineMaterials/Substrate/Glints2/dict_0007_0161" 10873
"/Engine/EngineMaterials/Substrate/Glints2/dict_0007_0160" 10874
"/Engine/EngineMaterials/Substrate/Glints2/dict_0007_0159" 10875
"/Engine/EngineMaterials/Substrate/Glints2/dict_0007_0158" 10876
"/Engine/EngineMaterials/Substrate/Glints2/dict_0007_0157" 10877
"/Engine/EngineMaterials/Substrate/Glints2/dict_0007_0156" 10878
"/Engine/EngineMaterials/Substrate/Glints2/dict_0007_0155" 10879
"../../../Engine/Content/EngineMaterials/Substrate/Glints2/dict_0007_0176.uasset" 10880
"/Engine/EngineMaterials/Substrate/Glints2/dict_0007_0154" 10881
"../../../Engine/Content/EngineMaterials/Substrate/Glints2/dict_0007_0177.uasset" 10882
"../../../Engine/Content/EngineMaterials/Substrate/Glints2/dict_0007_0181.uasset" 10883
"../../../Engine/Content/EngineMaterials/Substrate/Glints2/dict_0007_0180.uasset" 10884
"../../../Engine/Content/EngineMaterials/Substrate/Glints2/dict_0007_0178.uasset" 10885
"../../../Engine/Content/EngineMaterials/Substrate/Glints2/dict_0007_0179.uasset" 10886
"../../../Engine/Content/EngineMaterials/Substrate/Glints2/dict_0007_0182.uasset" 10887
"../../../Engine/Content/EngineMaterials/Substrate/Glints2/dict_0007_0183.uasset" 10888
"/Engine/EngineMaterials/Substrate/Glints2/dict_0007_0153" 10889
"../../../Engine/Content/EngineMaterials/Substrate/Glints2/dict_0007_0184.uasset" 10890
"/Engine/EngineMaterials/Substrate/Glints2/dict_0007_0179" 10891
"../../../Engine/Content/EngineMaterials/Substrate/Glints2/dict_0007_0186.uasset" 10892
"../../../Engine/Content/EngineMaterials/Substrate/Glints2/dict_0007_0187.uasset" 10893
"../../../Engine/Content/EngineMaterials/Substrate/Glints2/dict_0007_0185.uasset" 10894
"../../../Engine/Content/EngineMaterials/Substrate/Glints2/dict_0007_0194.uasset" 10895
"../../../Engine/Content/EngineMaterials/Substrate/Glints2/dict_0007_0190.uasset" 10896
"../../../Engine/Content/EngineMaterials/Substrate/Glints2/dict_0007_0188.uasset" 10897
"../../../Engine/Content/EngineMaterials/Substrate/Glints2/dict_0007_0189.uasset" 10898
"../../../Engine/Content/EngineMaterials/Substrate/Glints2/dict_0007_0191.uasset" 10899
"/Engine/EngineMaterials/Substrate/Glints2/dict_0007_0178" 10900
"../../../Engine/Content/EngineMaterials/Substrate/Glints2/dict_0007_0196.uasset" 10901
"../../../Engine/Content/EngineMaterials/Substrate/Glints2/dict_0007_0195.uasset" 10902
"../../../Engine/Content/EngineMaterials/Substrate/Glints2/dict_0007_0192.uasset" 10903
"/Engine/EngineMaterials/Substrate/Glints2/dict_0007_0177" 10904
"../../../Engine/Content/EngineMaterials/Substrate/Glints2/dict_0007_0197.uasset" 10905
"../../../Engine/Content/EngineMaterials/Substrate/Glints2/dict_0007_0193.uasset" 10906
"/Engine/EngineMaterials/Substrate/Glints2/dict_0007_0176" 10907
"/Engine/EngineMaterials/Substrate/Glints2/dict_0007_0175" 10908
"/Engine/EngineMaterials/Substrate/Glints2/dict_0007_0174" 10909
"/Engine/EngineMaterials/Substrate/Glints2/dict_0007_0173" 10910
"/Engine/EngineMaterials/Substrate/Glints2/dict_0007_0172" 10911
"/Engine/EngineMaterials/Substrate/Glints2/dict_0007_0171" 10912
"/Engine/EngineMaterials/Substrate/Glints2/dict_0007_0170" 10913
"/Engine/EngineMaterials/Substrate/Glints2/dict_0007_0169" 10914
"/Engine/EngineMaterials/Substrate/Glints2/dict_0007_0184" 10915
"/Engine/EngineMaterials/Substrate/Glints2/dict_0007_0168" 10916
"/Engine/EngineMaterials/Substrate/Glints2/dict_0007_0183" 10917
"/Engine/EngineMaterials/Substrate/Glints2/dict_0007_0167" 10918
"/Engine/EngineMaterials/Substrate/Glints2/dict_0007_0182" 10919
"/Engine/EngineMaterials/Substrate/Glints2/dict_0007_0166" 10920
"/Engine/EngineMaterials/Substrate/Glints2/dict_0007_0181" 10921
"/Engine/EngineMaterials/Substrate/Glints2/dict_0007_0180" 10922
"/Engine/EngineMaterials/Substrate/Glints2/dict_0007_0197" 10923
"/Engine/EngineMaterials/Substrate/Glints2/dict_0007_0196" 10924
"../../../Engine/Content/EngineMaterials/Substrate/Glints2/dict_0007_0200.uasset" 10925
"../../../Engine/Content/EngineMaterials/Substrate/Glints2/dict_0007_0203.uasset" 10926
"../../../Engine/Content/EngineMaterials/Substrate/Glints2/dict_0007_0201.uasset" 10927
"../../../Engine/Content/EngineMaterials/Substrate/Glints2/dict_0007_0204.uasset" 10928
"../../../Engine/Content/EngineMaterials/Substrate/Glints2/dict_0007_0199.uasset" 10929
"../../../Engine/Content/EngineMaterials/Substrate/Glints2/dict_0007_0205.uasset" 10930
"/Engine/EngineMaterials/Substrate/Glints2/dict_0007_0195" 10931
"../../../Engine/Content/EngineMaterials/Substrate/Glints2/dict_0007_0198.uasset" 10932
"../../../Engine/Content/EngineMaterials/Substrate/Glints2/dict_0007_0207.uasset" 10933
"../../../Engine/Content/EngineMaterials/Substrate/Glints2/dict_0007_0206.uasset" 10934
"/Engine/EngineMaterials/Substrate/Glints2/dict_0007_0194" 10935
"../../../Engine/Content/EngineMaterials/Substrate/Glints2/dict_0007_0202.uasset" 10936
"../../../Engine/Content/EngineMaterials/Substrate/Glints2/dict_0007_0208.uasset" 10937
"../../../Engine/Content/EngineMaterials/Substrate/Glints2/dict_0007_0209.uasset" 10938
"../../../Engine/Content/EngineMaterials/Substrate/Glints2/dict_0007_0214.uasset" 10939
"../../../Engine/Content/EngineMaterials/Substrate/Glints2/dict_0007_0211.uasset" 10940
"../../../Engine/Content/EngineMaterials/Substrate/Glints2/dict_0007_0212.uasset" 10941
"../../../Engine/Content/EngineMaterials/Substrate/Glints2/dict_0007_0210.uasset" 10942
"../../../Engine/Content/EngineMaterials/Substrate/Glints2/dict_0007_0215.uasset" 10943
"../../../Engine/Content/EngineMaterials/Substrate/Glints2/dict_0007_0216.uasset" 10944
"../../../Engine/Content/EngineMaterials/Substrate/Glints2/dict_0007_0213.uasset" 10945
"/Engine/EngineMaterials/Substrate/Glints2/dict_0007_0193" 10946
"/Engine/EngineMaterials/Substrate/Glints2/dict_0007_0192" 10947
"/Engine/EngineMaterials/Substrate/Glints2/dict_0007_0191" 10948
"/Engine/EngineMaterials/Substrate/Glints2/dict_0007_0190" 10949
"/Engine/EngineMaterials/Substrate/Glints2/dict_0007_0189" 10950
"/Engine/EngineMaterials/Substrate/Glints2/dict_0007_0188" 10951
"/Engine/EngineMaterials/Substrate/Glints2/dict_0007_0187" 10952
"/Engine/EngineMaterials/Substrate/Glints2/dict_0007_0186" 10953
"/Engine/EngineMaterials/Substrate/Glints2/dict_0007_0185" 10954
"/Engine/EngineMaterials/Substrate/Glints2/dict_0007_0207" 10955
"/Engine/EngineMaterials/Substrate/Glints2/dict_0007_0206" 10956
"/Engine/EngineMaterials/Substrate/Glints2/dict_0007_0205" 10957
"/Engine/EngineMaterials/Substrate/Glints2/dict_0007_0204" 10958
"/Engine/EngineMaterials/Substrate/Glints2/dict_0007_0203" 10959
"/Engine/EngineMaterials/Substrate/Glints2/dict_0007_0201" 10960
"/Engine/EngineMaterials/Substrate/Glints2/dict_0007_0200" 10961
"/Engine/EngineMaterials/Substrate/Glints2/dict_0007_0199" 10962
"/Engine/EngineMaterials/Substrate/Glints2/dict_0007_0198" 10963
"../../../Engine/Content/EngineMaterials/Substrate/Glints2/dict_0007_0217.uasset" 10964
"../../../Engine/Content/EngineMaterials/Substrate/Glints2/dict_0007_0218.uasset" 10965
"../../../Engine/Content/EngineMaterials/Substrate/Glints2/dict_0007_0221.uasset" 10966
"../../../Engine/Content/EngineMaterials/Substrate/Glints2/dict_0007_0219.uasset" 10967
"../../../Engine/Content/EngineMaterials/Substrate/Glints2/dict_0007_0220.uasset" 10968
"/Engine/EngineMaterials/Substrate/Glints2/dict_0007_0214" 10969
"/Engine/EngineMaterials/Substrate/Glints2/dict_0007_0211" 10970
"/Engine/EngineMaterials/Substrate/Glints2/dict_0007_0209" 10971
"/Engine/EngineMaterials/Substrate/Glints2/dict_0007_0208" 10972
"/Engine/EngineMaterials/Substrate/Glints2/dict_0007_0202" 10973
"../../../Engine/Content/EngineMaterials/Substrate/Glints2/dict_0007_0223.uasset" 10974
"../../../Engine/Content/EngineMaterials/Substrate/Glints2/dict_0007_0222.uasset" 10975
"../../../Engine/Content/EngineMaterials/Substrate/Glints2/dict_0007_0224.uasset" 10976
"../../../Engine/Content/EngineMaterials/Substrate/Glints2/dict_0007_0225.uasset" 10977
"../../../Engine/Content/EngineMaterials/Substrate/Glints2/dict_0007_0226.uasset" 10978
"../../../Engine/Content/EngineMaterials/Substrate/Glints2/dict_0007_0229.uasset" 10979
"../../../Engine/Content/EngineMaterials/Substrate/Glints2/dict_0007_0227.uasset" 10980
"../../../Engine/Content/EngineMaterials/Substrate/Glints2/dict_0007_0228.uasset" 10981
"../../../Engine/Content/EngineMaterials/Substrate/Glints2/dict_0007_0230.uasset" 10982
"../../../Engine/Content/EngineMaterials/Substrate/Glints2/dict_0007_0232.uasset" 10983
"../../../Engine/Content/EngineMaterials/Substrate/Glints2/dict_0007_0235.uasset" 10984
"../../../Engine/Content/EngineMaterials/Substrate/Glints2/dict_0007_0234.uasset" 10985
"../../../Engine/Content/EngineMaterials/Substrate/Glints2/dict_0007_0231.uasset" 10986
"../../../Engine/Content/EngineMaterials/Substrate/Glints2/dict_0007_0233.uasset" 10987
"../../../Engine/Content/EngineMaterials/Substrate/Glints2/dict_0007_0236.uasset" 10988
"../../../Engine/Content/EngineMaterials/Substrate/Glints2/dict_0007_0239.uasset" 10989
"../../../Engine/Content/EngineMaterials/Substrate/Glints2/dict_0007_0237.uasset" 10990
"../../../Engine/Content/EngineMaterials/Substrate/Glints2/dict_0007_0238.uasset" 10991
"/Engine/EngineMaterials/Substrate/Glints2/dict_0007_0216" 10992
"/Engine/EngineMaterials/Substrate/Glints2/dict_0007_0215" 10993
"/Engine/EngineMaterials/Substrate/Glints2/dict_0007_0213" 10994
"/Engine/EngineMaterials/Substrate/Glints2/dict_0007_0212" 10995
"/Engine/EngineMaterials/Substrate/Glints2/dict_0007_0210" 10996
"/Engine/EngineMaterials/Substrate/Glints2/dict_0007_0230" 10997
"/Engine/EngineMaterials/Substrate/Glints2/dict_0007_0229" 10998
"/Engine/EngineMaterials/Substrate/Glints2/dict_0007_0227" 10999
"/Engine/EngineMaterials/Substrate/Glints2/dict_0007_0226" 11000
"/Engine/EngineMaterials/Substrate/Glints2/dict_0007_0225" 11001
"../../../Engine/Content/EngineMaterials/Substrate/Glints2/dict_0007_0240.uasset" 11002
"../../../Engine/Content/EngineMaterials/Substrate/Glints2/dict_0007_0242.uasset" 11003
"../../../Engine/Content/EngineMaterials/Substrate/Glints2/dict_0007_0243.uasset" 11004
"/Engine/EngineMaterials/Substrate/Glints2/dict_0007_0224" 11005
"../../../Engine/Content/EngineMaterials/Substrate/Glints2/dict_0007_0241.uasset" 11006
"/Engine/EngineMaterials/Substrate/Glints2/dict_0007_0223" 11007
"/Engine/EngineMaterials/Substrate/Glints2/dict_0007_0222" 11008
"/Engine/EngineMaterials/Substrate/Glints2/dict_0007_0221" 11009
"/Engine/EngineMaterials/Substrate/Glints2/dict_0007_0220" 11010
"/Engine/EngineMaterials/Substrate/Glints2/dict_0007_0219" 11011
"/Engine/EngineMaterials/Substrate/Glints2/dict_0007_0218" 11012
"/Engine/EngineMaterials/Substrate/Glints2/dict_0007_0217" 11013
"/Engine/EngineMaterials/Substrate/Glints2/dict_0007_0243" 11014
"../../../Engine/Content/EngineMaterials/Substrate/Glints2/dict_0007_0245.uasset" 11015
"../../../Engine/Content/EngineMaterials/Substrate/Glints2/dict_0007_0247.uasset" 11016
"../../../Engine/Content/EngineMaterials/Substrate/Glints2/dict_0007_0250.uasset" 11017
"../../../Engine/Content/EngineMaterials/Substrate/Glints2/dict_0007_0246.uasset" 11018
"../../../Engine/Content/EngineMaterials/Substrate/Glints2/dict_0007_0248.uasset" 11019
"../../../Engine/Content/EngineMaterials/Substrate/Glints2/dict_0007_0244.uasset" 11020
"../../../Engine/Content/EngineMaterials/Substrate/Glints2/dict_0007_0249.uasset" 11021
"/Engine/EngineMaterials/Substrate/Glints2/dict_0007_0242" 11022
"../../../Engine/Content/EngineMaterials/Substrate/Glints2/dict_0007_0251.uasset" 11023
"../../../Engine/Content/EngineMaterials/Substrate/Glints2/dict_0007_0253.uasset" 11024
"../../../Engine/Content/EngineMaterials/Substrate/Glints2/dict_0007_0254.uasset" 11025
"../../../Engine/Content/EngineMaterials/Substrate/Glints2/dict_0007_0252.uasset" 11026
"../../../Engine/Content/EngineMaterials/Substrate/Glints2/dict_0007_0255.uasset" 11027
"../../../Engine/Content/EngineMaterials/Substrate/Volume/SubstrateSimpleVolumeLUT2D.uasset" 11028
"/Engine/EngineMaterials/Substrate/Glints2/dict_0007_0241" 11029
"../../../Engine/Content/EngineMaterials/Substrate/Volume/SubstrateSimpleVolumeEnvLUT2D.uasset" 11030
"/Engine/EngineMaterials/Substrate/Glints2/dict_0007_0240" 11031
"/Engine/EngineMaterials/Substrate/Glints2/dict_0007_0238" 11032
"/Engine/EngineMaterials/Substrate/Glints2/dict_0007_0237" 11033
"/Engine/EngineMaterials/Substrate/Glints2/dict_0007_0236" 11034
"/Engine/EngineMaterials/Substrate/Glints2/dict_0007_0235" 11035
"/Engine/EngineMaterials/Substrate/Glints2/dict_0007_0234" 11036
"/Engine/EngineMaterials/Substrate/Glints2/dict_0007_0239" 11037
"/Engine/EngineMaterials/Substrate/Glints2/dict_0007_0233" 11038
"/Engine/EngineMaterials/Substrate/Glints2/dict_0007_0232" 11039
"/Engine/EngineMaterials/Substrate/Glints2/dict_0007_0231" 11040
"/Engine/EngineMaterials/Substrate/Glints2/dict_0007_0228" 11041
"/Engine/EngineMaterials/Substrate/Volume/SubstrateSimpleVolumeEnvLUT2D" 11042
"../../../Engine/Content/Functions/MaterialLayerFunctions/MatLayerBlend_OverrideOpacity.uasset" 11043
"/Engine/EngineMaterials/Substrate/Glints2/dict_0007_0255" 11044
"../../../Engine/Content/Functions/Engine_MaterialFunctions03/Procedurals/HeightToNormalSmooth.uasset" 11045
"/Engine/EngineMaterials/Substrate/Glints2/dict_0007_0254" 11046
"/Engine/EngineMaterials/Substrate/Glints2/dict_0007_0253" 11047
"/Engine/EngineMaterials/Substrate/Glints2/dict_0007_0252" 11048
"/Engine/EngineMaterials/Substrate/Glints2/dict_0007_0251" 11049
"/Engine/EngineMaterials/Substrate/Glints2/dict_0007_0250" 11050
"/Engine/EngineMaterials/Substrate/Glints2/dict_0007_0249" 11051
"/Engine/EngineMaterials/Substrate/Glints2/dict_0007_0248" 11052
"/Engine/EngineMaterials/Substrate/Glints2/dict_0007_0247" 11053
"/Engine/EngineMaterials/Substrate/Glints2/dict_0007_0246" 11054
"/Engine/EngineMaterials/Substrate/Glints2/dict_0007_0245" 11055
"/Engine/EngineMaterials/Substrate/Glints2/dict_0007_0244" 11056
"/Engine/EngineMaterials/Substrate/Volume/SubstrateSimpleVolumeLUT2D" 11057
"../../../Engine/Content/EngineMaterials/Substrate/Volume/SubstrateSimpleVolumeEnvLUT3D.uasset" 11058
"../../../Engine/Content/EngineMaterials/Substrate/Volume/SubstrateSimpleVolumeLUT3D.uasset" 11059
"../../../Engine/Content/Functions/Engine_MaterialFunctions02/Utility/BlendAngleCorrectedNormals.uasset" 11060
"C:/Users/conor/OneDrive/Desktop/Documents/GitHub/3D-Platformer-Semester-2/3DPlatformer/Content/Characters/Mannequins/Meshes/Gooberman__1__PhysicsAsset.uasset" 11061
"C:/Users/conor/OneDrive/Desktop/Documents/GitHub/3D-Platformer-Semester-2/3DPlatformer/Content/Characters/Mannequins/Meshes/openPBR_shader1.uasset" 11062
"/Engine/EngineMaterials/Substrate/Volume/SubstrateSimpleVolumeEnvLUT3D" 11063
"C:/Users/conor/OneDrive/Desktop/Documents/GitHub/3D-Platformer-Semester-2/3DPlatformer/Content/Characters/Mannequins/Meshes/Gooberman__1_.uasset" 11064
"C:/Users/conor/OneDrive/Desktop/Documents/GitHub/3D-Platformer-Semester-2/3DPlatformer/Content/LevelPrototyping/Interactable/JumpPad/Assets/Materials/MI_GlowNT.uasset" 11065
"/Engine/EngineMaterials/Substrate/Volume/SubstrateSimpleVolumeLUT3D" 11066
"/Game/Characters/Mannequins/Meshes/openPBR_shader1" 11067
"C:/Users/conor/OneDrive/Desktop/Documents/GitHub/3D-Platformer-Semester-2/3DPlatformer/Content/LevelPrototyping/Interactable/Door/Assets/Meshes/SM_Door.uasset" 11068
"C:/Users/conor/OneDrive/Desktop/Documents/GitHub/3D-Platformer-Semester-2/3DPlatformer/Content/LeafPile.uasset" 11069
"/Game/Characters/Mannequins/Meshes/Gooberman__1__PhysicsAsset" 11070
"C:/Users/conor/OneDrive/Desktop/Documents/GitHub/3D-Platformer-Semester-2/3DPlatformer/Content/ThirdPerson/Blueprints/CharacterAnimations/Falling_Idle_PhysicsAsset.uasset" 11071
"C:/Users/conor/OneDrive/Desktop/Documents/GitHub/3D-Platformer-Semester-2/3DPlatformer/Content/ThirdPerson/Blueprints/CharacterAnimations/openPBR_shader1.uasset" 11072
"/Engine/Functions/MaterialLayerFunctions/MatLayerBlend_OverrideOpacity" 11073
"C:/Users/conor/OneDrive/Desktop/Documents/GitHub/3D-Platformer-Semester-2/3DPlatformer/Content/ThirdPerson/Blueprints/CharacterAnimations/Falling_Idle.uasset" 11074
"C:/Users/conor/OneDrive/Desktop/Documents/GitHub/3D-Platformer-Semester-2/3DPlatformer/Content/ThirdPerson/Blueprints/CharacterAnimations/Idle_PhysicsAsset.uasset" 11075
"/Game/LeafPile" 11076
"/Game/LevelPrototyping/Interactable/Door/Assets/Meshes/SM_Door" 11077
"/Game/LevelPrototyping/Interactable/JumpPad/Assets/Materials/MI_GlowNT" 11078
"C:/Users/conor/OneDrive/Desktop/Documents/GitHub/3D-Platformer-Semester-2/3DPlatformer/Content/ThirdPerson/Blueprints/CharacterAnimations/Idle.uasset" 11079
"/Game/Characters/Mannequins/Meshes/Gooberman__1_" 11080
"C:/Users/conor/OneDrive/Desktop/Documents/GitHub/3D-Platformer-Semester-2/3DPlatformer/Content/ThirdPerson/Blueprints/CharacterAnimations/Jumping_Up_PhysicsAsset.uasset" 11081
"../../../Engine/Content/EngineMaterials/DefaultCalibrationColor.uasset" 11082
"C:/Users/conor/OneDrive/Desktop/Documents/GitHub/3D-Platformer-Semester-2/3DPlatformer/Content/ThirdPerson/Blueprints/CharacterAnimations/Jumping_Up.uasset" 11083
"C:/Users/conor/OneDrive/Desktop/Documents/GitHub/3D-Platformer-Semester-2/3DPlatformer/Content/ThirdPerson/Blueprints/CharacterAnimations/Running_PhysicsAsset.uasset" 11084
"C:/Users/conor/OneDrive/Desktop/Documents/GitHub/3D-Platformer-Semester-2/3DPlatformer/Content/ThirdPerson/Blueprints/CharacterAnimations/Sucking_PhysicsAsset.uasset" 11085
"C:/Users/conor/OneDrive/Desktop/Documents/GitHub/3D-Platformer-Semester-2/3DPlatformer/Content/ThirdPerson/Blueprints/CharacterAnimations/Running.uasset" 11086
"C:/Users/conor/OneDrive/Desktop/Documents/GitHub/3D-Platformer-Semester-2/3DPlatformer/Content/ThirdPerson/Blueprints/CharacterAnimations/Sucking.uasset" 11087
"C:/Users/conor/OneDrive/Desktop/Documents/GitHub/3D-Platformer-Semester-2/3DPlatformer/Content/ThirdPerson/Blueprints/CharacterAnimations/SuckingWalking_PhysicsAsset.uasset" 11088
"C:/Users/conor/OneDrive/Desktop/Documents/GitHub/3D-Platformer-Semester-2/3DPlatformer/Content/ThirdPerson/Blueprints/CharacterAnimations/SuckingWalking.uasset" 11089
"C:/Users/conor/OneDrive/Desktop/Documents/GitHub/3D-Platformer-Semester-2/3DPlatformer/Content/Characters/Mannequins/Rigs/CR_Mannequin_Body.uasset" 11090
"C:/Users/conor/OneDrive/Desktop/Documents/GitHub/3D-Platformer-Semester-2/3DPlatformer/Content/Characters/Mannequins/Rigs/CR_Mannequin_FootIK.uasset" 11091
"/Engine/Functions/Engine_MaterialFunctions03/Procedurals/HeightToNormalSmooth" 11092
"../../../Engine/Plugins/Interchange/Assets/Content/Functions/MX_Surface.uasset" 11093
"/Game/ThirdPerson/Blueprints/CharacterAnimations/openPBR_shader1" 11094
"/Game/ThirdPerson/Blueprints/CharacterAnimations/Falling_Idle_PhysicsAsset" 11095
"/Engine/EngineMaterials/DefaultCalibrationColor" 11096
"../../../Engine/Plugins/Interchange/Assets/Content/Functions/MX_Displacement.uasset" 11097
"/Game/ThirdPerson/Blueprints/CharacterAnimations/SuckingWalking" 11098
"../../../Engine/Content/EngineMaterials/PPM_DefaultCalibrationGrayscale.uasset" 11099
"../../../Engine/Content/EngineMaterials/PPM_DefaultCalibrationColor.uasset" 11100
"/Game/Characters/Mannequins/Rigs/CR_Mannequin_Body" 11101
"../../../Engine/Content/EngineMaterials/DefaultCalibrationGrayscale.uasset" 11102
"../../../Engine/Plugins/NNE/NNEDenoiser/Content/NNEDIM_ColorAlbedoNormal_Alpha.uasset" 11103
"../../../Engine/Plugins/NNE/NNEDenoiser/Content/NNEDOM_Output_Alpha.uasset" 11104
"../../../Engine/Plugins/NNE/NNEDenoiser/Content/NNEDIM_HighQuality_Default.uasset" 11105
"../../../Engine/Plugins/NNE/NNEDenoiser/Content/NNEDOM_Output_Default.uasset" 11106
"../../../Engine/Plugins/NNE/NNEDenoiser/Content/NNEDIM_ColorAlbedoNormal_Default.uasset" 11107
"../../../Engine/Plugins/NNE/NNEDenoiser/Content/NNEDTOM_Output_Default.uasset" 11108
"../../../Engine/Plugins/NNE/NNEDenoiser/Content/NNEDIM_HighQuality_Alpha.uasset" 11109
"../../../Engine/Plugins/NNE/NNEDenoiser/Content/NNEDTOM_Output_Alpha.uasset" 11110
"../../../Engine/Plugins/NNE/NNEDenoiser/Content/NNEDTIM_ColorAlbedoNormal_Alpha.uasset" 11111
"../../../Engine/Plugins/NNE/NNEDenoiser/Content/NNEDTIM_ColorAlbedoNormal_Default.uasset" 11112
"../../../Engine/Plugins/NNE/NNEDenoiser/Content/NNEDT_Oidn2-3_Balanced.uasset" 11113
"../../../Engine/Content/EngineMaterials/Substrate/Glints2/AGlintTex2dArray2.uasset" 11114
"/Engine/Functions/Engine_MaterialFunctions02/Utility/BlendAngleCorrectedNormals" 11115
"/InterchangeAssets/Functions/MX_Surface" 11116
"/Game/Characters/Mannequins/Rigs/CR_Mannequin_FootIK" 11117
"/Game/ThirdPerson/Blueprints/CharacterAnimations/Sucking" 11118
"/Game/ThirdPerson/Blueprints/CharacterAnimations/Running" 11119
"/Game/ThirdPerson/Blueprints/CharacterAnimations/Jumping_Up" 11120
"/Game/ThirdPerson/Blueprints/CharacterAnimations/Idle" 11121
"/Game/ThirdPerson/Blueprints/CharacterAnimations/Falling_Idle" 11122
"/NNEDenoiser/NNEDIM_HighQuality_Default" 11123
"../../../Engine/Plugins/NNE/NNEDenoiser/Content/NNEDT_Oidn2-3_Balanced_Alpha.uasset" 11124
"../../../Engine/Plugins/NNE/NNEDenoiser/Content/NNED_Oidn2-3_Fast.uasset" 11125
"../../../Engine/Plugins/NNE/NNEDenoiser/Content/NNED_Oidn2-3_Fast_Alpha.uasset" 11126
"../../../Engine/Plugins/NNE/NNEDenoiser/Content/NNED_Oidn2-3_HighQuality.uasset" 11127
"../../../Engine/Plugins/NNE/NNEDenoiser/Content/NNED_Oidn2-3_HighQuality_Alpha.uasset" 11128
"C:/Users/conor/OneDrive/Desktop/Documents/GitHub/3D-Platformer-Semester-2/3DPlatformer/Content/ThirdPerson/Blueprints/Gooberman_Physics.uasset" 11129
"C:/Users/conor/OneDrive/Desktop/Documents/GitHub/3D-Platformer-Semester-2/3DPlatformer/Content/Fab/MoneyCollectible/Black.uasset" 11130
"../../../Engine/Content/EditorResources/BSPVertex.uasset" 11131
"../../../Engine/Plugins/NNE/NNEDenoiser/Content/NNED_Oidn2-3_Balanced_Alpha.uasset" 11132
"../../../Engine/Plugins/NNE/NNEDenoiser/Content/NNED_Oidn2-3_Balanced.uasset" 11133
"../../../Engine/Plugins/NNE/NNEDenoiser/Content/NNE_oidn2-3-0_rt_hdr_alb_nrm__dyn__fp16_opset11_DenoiseAlpha.uasset" 11134
"../../../Engine/Plugins/NNE/NNEDenoiser/Content/NNE_oidn2-3-0_rt_hdr_calb_cnrm_large__dyn__fp16_opset11_ForwardAlpha.uasset" 11135
"../../../Engine/Plugins/NNE/NNEDenoiser/Content/NNE_oidn2-3-0_rt_hdr_alb_nrm_small__dyn__fp16_opset11_DenoiseAlpha.uasset" 11136
"../../../Engine/Plugins/NNE/NNEDenoiser/Content/NNE_oidn2-3-0_rt_hdr_alb_nrm__dyn__fp16_opset11_ForwardAlpha.uasset" 11137
"../../../Engine/Plugins/NNE/NNEDenoiser/Content/NNE_oidn2-3-0_rt_hdr_alb_nrm_small__dyn__fp16_opset11_ForwardAlpha.uasset" 11138
"../../../Engine/Plugins/NNE/NNEDenoiser/Content/NNE_oidn2-3-0_rt_hdr_calb_cnrm_large__dyn__fp16_opset11_DenoiseAlpha.uasset" 11139
"/NNEDenoiser/NNEDT_Oidn2-3_Balanced" 11140
"/NNEDenoiser/NNEDIM_HighQuality_Alpha" 11141
"/NNEDenoiser/NNEDTOM_Output_Default" 11142
"/NNEDenoiser/NNEDTOM_Output_Alpha" 11143
"/NNEDenoiser/NNEDTIM_ColorAlbedoNormal_Default" 11144
"/NNEDenoiser/NNEDIM_ColorAlbedoNormal_Default" 11145
"/NNEDenoiser/NNEDIM_ColorAlbedoNormal_Alpha" 11146
"/InterchangeAssets/Functions/MX_Displacement" 11147
"/NNEDenoiser/NNEDTIM_ColorAlbedoNormal_Alpha" 11148
"/Engine/EngineMaterials/PPM_DefaultCalibrationGrayscale" 11149
"/Engine/EngineMaterials/Substrate/Glints2/AGlintTex2dArray2" 11150
"/Engine/EngineMaterials/PPM_DefaultCalibrationColor" 11151
"/NNEDenoiser/NNEDOM_Output_Default" 11152
"/NNEDenoiser/NNEDOM_Output_Alpha" 11153
"/Engine/EditorResources/BSPVertex" 11154
"../../../Engine/Content/EngineDebugMaterials/DebugEditorMaterial.uasset" 11155
"../../../Engine/Content/EngineMaterials/DefaultBloomKernel.uasset" 11156
"../../../Engine/Content/EngineMaterials/FastBlueNoise_scalar_128x128x64.uasset" 11157
"../../../Engine/Content/EngineMaterials/FastBlueNoise_vec2_128x128x64.uasset" 11158
"/Game/ThirdPerson/Blueprints/Gooberman_Physics" 11159
"../../../Engine/Content/EngineSounds/Master.uasset" 11160
"/Game/Fab/MoneyCollectible/Black" 11161
"/NNEDenoiser/NNE_oidn2-3-0_rt_hdr_calb_cnrm_large__dyn__fp16_opset11_ForwardAlpha" 11162
"../../../Engine/Content/EngineMaterials/LTC/Sheen_LTC.uasset" 11163
"../../../Engine/Content/EngineMaterials/EnergyConservation/Sheen_Energy.uasset" 11164
"../../../Engine/Content/EngineResources/Development/ZenLogo_64.uasset" 11165
"../../../Engine/Plugins/Interchange/Runtime/Content/Pipelines/DefaultGLTFPipeline.uasset" 11166
"../../../Engine/Plugins/Interchange/Runtime/Content/Pipelines/DefaultMaterialXPipeline.uasset" 11167
"../../../Engine/Content/EngineMaterials/EnergyConservation/Diffuse_Energy.uasset" 11168
"../../../Engine/Plugins/Interchange/Runtime/Content/Pipelines/DefaultGLTFAssetsPipeline.uasset" 11169
"../../../Engine/Plugins/Interchange/Runtime/Content/Pipelines/DefaultAssetsPipeline.uasset" 11170
"../../../Engine/Content/EngineMaterials/FastBlueNoise_scalar_128x128x8.uasset" 11171
"../../../Engine/Content/EngineResources/FilmGrains/Marcie_Grain_v3_128_M2_000.uasset" 11172
"/NNEDenoiser/NNE_oidn2-3-0_rt_hdr_calb_cnrm_large__dyn__fp16_opset11_DenoiseAlpha" 11173
"../../../Engine/Plugins/Interchange/Runtime/Content/Pipelines/DefaultMaterialPipeline.uasset" 11174
"/NNEDenoiser/NNE_oidn2-3-0_rt_hdr_alb_nrm__dyn__fp16_opset11_ForwardAlpha" 11175
"/NNEDenoiser/NNE_oidn2-3-0_rt_hdr_alb_nrm__dyn__fp16_opset11_DenoiseAlpha" 11176
"C:/Users/conor/OneDrive/Desktop/Documents/GitHub/3D-Platformer-Semester-2/3DPlatformer/Intermediate/ORTOptimizerPass_Optimized0DA11AF345DE4E5B4ECD3B8D4B153B0B.onnx" 11177
"C:/Users/conor/OneDrive/Desktop/Documents/GitHub/3D-Platformer-Semester-2/3DPlatformer/Intermediate/ORTOptimizerPass_OptimizedA463698D4F78D8A1D325768EB7CC4290.onnx" 11178
"C:/Users/conor/OneDrive/Desktop/Documents/GitHub/3D-Platformer-Semester-2/3DPlatformer/Intermediate/ORTOptimizerPass_Optimized2C06F1A8478ED2AF6A9D249586F4C399.onnx" 11179
"C:/Users/conor/OneDrive/Desktop/Documents/GitHub/3D-Platformer-Semester-2/3DPlatformer/Intermediate/ORTOptimizerPass_Optimized4D0F14D14CF5017E5FEE80AD32A96E09.onnx" 11180
"C:/Users/conor/OneDrive/Desktop/Documents/GitHub/3D-Platformer-Semester-2/3DPlatformer/Intermediate/ORTOptimizerPass_Optimized057446E8420F2D0A1BCD8781248FEF6F.onnx" 11181
"C:/Users/conor/OneDrive/Desktop/Documents/GitHub/3D-Platformer-Semester-2/3DPlatformer/Intermediate/ORTOptimizerPass_OptimizedBE4EED7C439AAF34ECD2D9B817966941.onnx" 11182
"C:/Users/conor/OneDrive/Desktop/Documents/GitHub/3D-Platformer-Semester-2/3DPlatformer/Intermediate/ORTOptimizerPass_Optimized3D2766954B9528854FD4F2BFB6F50421.onnx" 11183
"C:/Users/conor/OneDrive/Desktop/Documents/GitHub/3D-Platformer-Semester-2/3DPlatformer/Intermediate/ORTOptimizerPass_Optimized75439D874F1CDE6103B22A93411F40A3.onnx" 11184
"/NNEDenoiser/NNE_oidn2-3-0_rt_hdr_alb_nrm_small__dyn__fp16_opset11_ForwardAlpha" 11185
"/NNEDenoiser/NNE_oidn2-3-0_rt_hdr_alb_nrm_small__dyn__fp16_opset11_DenoiseAlpha" 11186
"/NNEDenoiser/NNED_Oidn2-3_HighQuality_Alpha" 11187
"/NNEDenoiser/NNED_Oidn2-3_HighQuality" 11188
"/NNEDenoiser/NNED_Oidn2-3_Fast_Alpha" 11189
"/NNEDenoiser/NNED_Oidn2-3_Fast" 11190
"/NNEDenoiser/NNED_Oidn2-3_Balanced_Alpha" 11191
"/NNEDenoiser/NNED_Oidn2-3_Balanced" 11192
"/NNEDenoiser/NNEDT_Oidn2-3_Balanced_Alpha" 11193
"/Interchange/Pipelines/DefaultMaterialPipeline" 11194
"/Interchange/Pipelines/DefaultGLTFPipeline" 11195
"/Interchange/Pipelines/DefaultGLTFAssetsPipeline" 11196
"/Interchange/Pipelines/DefaultMaterialXPipeline" 11197
"/Interchange/Pipelines/DefaultAssetsPipeline" 11198
"/Engine/EngineSounds/Master" 11199
"/Engine/EngineMaterials/EnergyConservation/Diffuse_Energy" 11200
"../../../Engine/Plugins/Interchange/Assets/Content/Functions/MX_DielectricBSDF.uasset" 11201
"../../../Engine/Plugins/Interchange/Assets/Content/Functions/MX_UsdPreviewSurface.uasset" 11202
"../../../Engine/Plugins/Interchange/Assets/Content/Functions/MX_SurfaceUnlit.uasset" 11203
"../../../Engine/Plugins/Interchange/Assets/Content/Functions/MX_BurleyDiffuseBSDF.uasset" 11204
"../../../Engine/Plugins/Interchange/Assets/Content/Functions/MX_TranslucentBSDF.uasset" 11205
"../../../Engine/Plugins/Interchange/Runtime/Content/Pipelines/DefaultTexturePipeline.uasset" 11206
"../../../Engine/Plugins/Interchange/Assets/Content/Functions/MX_OrenNayarBSDF.uasset" 11207
"../../../Engine/Plugins/Interchange/Runtime/Content/Pipelines/DefaultSceneLevelPipeline.uasset" 11208
"../../../Engine/Plugins/Interchange/Assets/Content/Functions/MX_ThinFilmBSDF.uasset" 11209
"../../../Engine/Plugins/Interchange/Runtime/Content/Pipelines/DefaultSceneAssetsPipeline.uasset" 11210
"../../../Engine/Plugins/Interchange/Assets/Content/Functions/MX_ConductorBSDF.uasset" 11211
"../../../Engine/Plugins/Interchange/Assets/Content/Functions/MX_SheenBSDF.uasset" 11212
"../../../Engine/Plugins/Interchange/Runtime/Content/Pipelines/DefaultGLTFSceneAssetsPipeline.uasset" 11213
"../../../Engine/Plugins/Interchange/Assets/Content/Functions/MX_GeneralizedSchlickBSDF.uasset" 11214
"../../../Engine/Plugins/Interchange/Assets/Content/Functions/MX_SubsurfaceBSDF.uasset" 11215
"../../../Engine/Plugins/Interchange/Assets/Content/Functions/MX_UniformEDF.uasset" 11216
"C:/Users/conor/OneDrive/Desktop/Documents/GitHub/3D-Platformer-Semester-2/3DPlatformer/Intermediate/ORTOptimizerPass_Optimized7C6043014E66C360E6896EAC170A61A4.onnx" 11217
"C:/Users/conor/OneDrive/Desktop/Documents/GitHub/3D-Platformer-Semester-2/3DPlatformer/Intermediate/ORTOptimizerPass_OptimizedA4C078534A2E03FD9019DDB5F76E6EF1.onnx" 11218
"C:/Users/conor/OneDrive/Desktop/Documents/GitHub/3D-Platformer-Semester-2/3DPlatformer/Intermediate/ORTOptimizerPass_OptimizedE0134DF14FEEF386E9709783F1D64777.onnx" 11219
"C:/Users/conor/OneDrive/Desktop/Documents/GitHub/3D-Platformer-Semester-2/3DPlatformer/Intermediate/ORTOptimizerPass_OptimizedCAA8C9F340C6343854DC4BACA67088A9.onnx" 11220
"/Engine/EngineMaterials/EnergyConservation/Sheen_Energy" 11221
"/Engine/EngineMaterials/LTC/Sheen_LTC" 11222
"/Engine/EngineMaterials/FastBlueNoise_vec2_128x128x64" 11223
"/Engine/EngineMaterials/FastBlueNoise_scalar_128x128x8" 11224
"/Engine/EngineMaterials/FastBlueNoise_scalar_128x128x64" 11225
"/Engine/EngineDebugMaterials/DebugEditorMaterial" 11226
"/Engine/EngineResources/Development/ZenLogo_64" 11227
"/Engine/EngineResources/FilmGrains/Marcie_Grain_v3_128_M2_000" 11228
"/Engine/EngineMaterials/DefaultBloomKernel" 11229
"/InterchangeAssets/Functions/MX_UniformEDF" 11230
"/InterchangeAssets/Functions/MX_ThinFilmBSDF" 11231
"/InterchangeAssets/Functions/MX_SheenBSDF" 11232
"/InterchangeAssets/Functions/MX_SubsurfaceBSDF" 11233
"/InterchangeAssets/Functions/MX_GeneralizedSchlickBSDF" 11234
"/InterchangeAssets/Functions/MX_ConductorBSDF" 11235
"/InterchangeAssets/Functions/MX_DielectricBSDF" 11236
"../../../Engine/Plugins/Interchange/Assets/Content/Functions/MX_AnisotropicVDF.uasset" 11237
"../../../Engine/Plugins/Interchange/Assets/Content/Functions/MX_MeasuredEDF.uasset" 11238
"../../../Engine/Plugins/Interchange/Assets/Content/Functions/MX_ConicalEDF.uasset" 11239
"../../../Engine/Plugins/Animation/ControlRig/Content/Controls/ControlRigGizmoMaterial.uasset" 11240
"../../../Engine/Plugins/Interchange/Assets/Content/Functions/MX_AbsorptionVDF.uasset" 11241
"/InterchangeAssets/Functions/MX_TranslucentBSDF" 11242
"/InterchangeAssets/Functions/MX_BurleyDiffuseBSDF" 11243
"/InterchangeAssets/Functions/MX_OrenNayarBSDF" 11244
"/InterchangeAssets/Functions/MX_UsdPreviewSurface" 11245
"/InterchangeAssets/Functions/MX_SurfaceUnlit" 11246
"/Interchange/Pipelines/DefaultGLTFSceneAssetsPipeline" 11247
"/Interchange/Pipelines/DefaultSceneLevelPipeline" 11248
"/Interchange/Pipelines/DefaultSceneAssetsPipeline" 11249
"/Interchange/Pipelines/DefaultTexturePipeline" 11250
"/ControlRig/Controls/ControlRigGizmoMaterial" 11251
"/InterchangeAssets/Functions/MX_AnisotropicVDF" 11252
"/InterchangeAssets/Functions/MX_AbsorptionVDF" 11253
"/InterchangeAssets/Functions/MX_MeasuredEDF" 11254
"/InterchangeAssets/Functions/MX_ConicalEDF" 11255
"C:/Users/conor/OneDrive/Desktop/Documents/GitHub/3D-Platformer-Semester-2/3DPlatformer/Saved/Cooked/Windows/MyProject/Metadata/CookedSettings.txt" 11256
